{"label": "A", "timestamp": 1746080313312, "left_hand": [[0.14906080584866316, 0.024489920608486863, -2.839607495783229e-07], [0.11578813035588667, -0.025965587612537533, -0.003589243623397242], [0.08132373199488033, -0.07208997296634011, -0.014932005521290148], [0.04548605501916234, -0.09568873859485229, -0.02696159140467865], [0.018670950139553714, -0.11484953675672697, -0.038460027726893775], [0.10113064580372641, -0.14726212889057097, -0.017771353316493845], [0.05339579309105485, -0.17779002267512659, -0.0380372056299638], [0.020660369425643116, -0.19718835772257085, -0.0505300948409321], [-0.005750804380417068, -0.21221988540803896, -0.05962513692376632], [0.11302862226592814, -0.12382385645310023, -0.026803754967789348], [0.04146289804520572, -0.10941062791576575, -0.04907195240521993], [0.0527292067290439, -0.07936609366796055, -0.05101224458627498], [0.07231901955321875, -0.07725148273003057, -0.05069982683470079], [0.11680623510183372, -0.08882652321824089, -0.03663500081566288], [0.0480886905887667, -0.06342455914504509, -0.05528573699446856], [0.06201473003381617, -0.04126166795716485, -0.044812324728768706], [0.08068725986502791, -0.04731817966343523, -0.036081173105307965], [0.11522149539332907, -0.04943233801752929, -0.047219587689593084], [0.06021651001132755, -0.030415983727591894, -0.05975269593721011], [0.07087677412474287, -0.014005259023404094, -0.0525282394211657], [0.08786238474295828, -0.01831190754934563, -0.045453231309859496]], "right_hand": [[-0.14906080584866316, -0.024489920608486863, 2.839607495783229e-07], [-0.10741532068804188, -0.07019260226964627, -0.01596806348468952], [-0.0764437206735897, -0.13312414095375139, -0.026164765340349692], [-0.05017185565363632, -0.180057815834441, -0.03659548241360628], [-0.020987578835469742, -0.20981927629995598, -0.047517514054882894], [-0.12251616332868646, -0.2164926249604286, -0.014710758389987541], [-0.12116669758657185, -0.2879523053069835, -0.029034727820992017], [-0.1217133318249964, -0.32985780858486957, -0.041457059647118925], [-0.12281373720079639, -0.3660177426588251, -0.05059553237112977], [-0.15241257210911996, -0.21276002680912529, -0.019498644965948664], [-0.15569628542701963, -0.2912338862587332, -0.03125844845340101], [-0.15766532973695785, -0.3388523727043644, -0.04205578019258185], [-0.1607241785166934, -0.37608454751386994, -0.050315944354729567], [-0.17970054876543534, -0.19468849349785897, -0.02674129839843396], [-0.1890632028000888, -0.267786979914239, -0.03823916681497037], [-0.1923196305348044, -0.312020261116768, -0.046555111934893825], [-0.1951986207574428, -0.34819206681288084, -0.05268352789809419], [-0.20560234816771567, -0.16453311102439738, -0.03586572579234485], [-0.22226761646546084, -0.21830804316868174, -0.047131168474420095], [-0.2325120343654939, -0.2552661436514033, -0.05183328388582505], [-0.24154706122062605, -0.29034804043529516, -0.05481163366751601]]}