{"label": "A", "timestamp": 1746080301504, "left_hand": [[0.11933828758836666, 0.045168302060783795, -1.7444457905565417e-07], [0.10104860257123621, -0.015585100845181665, 0.00371798312009103], [0.06967203178627823, -0.06517046755213014, -0.0028219659421668164], [0.03262679397470833, -0.0859189772575392, -0.01129984594006632], [0.0018652895326389354, -0.0901425335427414, -0.02114678326180841], [0.06788122733592553, -0.11567892571404224, -0.017013076418948885], [0.03922624781329327, -0.1714115474040779, -0.03579550586266947], [0.020733110206736127, -0.2095346622762115, -0.045822373764349326], [0.008338911985604366, -0.24216724533798514, -0.05275737064404122], [0.071960539600472, -0.09396111727299668, -0.027021325246220716], [-0.006097454778879049, -0.09088553958823838, -0.048434828876211214], [-0.008180348978732523, -0.06282022118877874, -0.04816542549597619], [0.005622767208833237, -0.056638460084306945, -0.045642947203941714], [0.0696453967149854, -0.05803061693067937, -0.03665921085961617], [0.0005627361582938166, -0.040302447004920014, -0.056411206970923944], [0.0115491057101025, -0.018910268122806596, -0.04716147569216205], [0.031618631929243496, -0.021205417135515332, -0.03754682988124192], [0.06492529664028604, -0.020256147411273153, -0.04580187038163249], [0.012939540764267338, -0.003125966460792471, -0.0599790415339687], [0.024357658496781693, 0.011462357250664305, -0.05455791727581337], [0.042611150738936406, 0.007553959216682841, -0.0475957626379085]], "right_hand": [[-0.11933828758836666, -0.045168302060783795, 1.7444457905565417e-07], [-0.08045110107015552, -0.09233346141896662, -0.015731249337918904], [-0.05360140310786627, -0.15392991001155132, -0.024033295424425567], [-0.03428458119237109, -0.20186913795220057, -0.03275185819947502], [-0.01259576210992259, -0.23463730336566727, -0.041175678259479376], [-0.10676502297764622, -0.2349612462710083, -0.006029964326696194], [-0.11147943059647562, -0.30152654120436345, -0.01616384633582895], [-0.11725618400738401, -0.33851601403157755, -0.026438048370430053], [-0.12325366063771966, -0.36931502894674073, -0.034261560306467966], [-0.13504983474495627, -0.22942046623908008, -0.00928710159569069], [-0.1453909011743942, -0.3028928360290057, -0.017163840849125412], [-0.15306061577842056, -0.3468431633653148, -0.02642141902018028], [-0.16102393109245636, -0.37992710195579066, -0.033668020758501234], [-0.15924238566754648, -0.21074459025751194, -0.015421801111876382], [-0.17532185170800346, -0.27622014884724094, -0.023816942570423175], [-0.1840437131206751, -0.3145341015454845, -0.031389331991450456], [-0.19173072470866437, -0.3455353391984975, -0.03706943663772704], [-0.18059034260081816, -0.18018731145443184, -0.0236368395916483], [-0.20228251742114065, -0.22479058456219642, -0.03192431303505111], [-0.21668049524711824, -0.2546034517751203, -0.035648310198229324], [-0.2294707056759942, -0.28242928293395164, -0.038124021187890725]]}