{"label": "A", "timestamp": 1746080302472, "left_hand": [[0.15931748443966406, 0.02055065608652197, -3.550653705243555e-07], [0.10293159209731607, -0.01100930671089592, -0.008488757094329964], [0.06578504035056279, -0.04932337010705428, -0.01967266064358406], [0.04419639986862423, -0.0842624409262803, -0.03263678318429922], [0.045132099069938, -0.11543704511988762, -0.04385534934116854], [0.0870005228838535, -0.14357874853937827, -0.0067242344961222925], [0.04586381060090464, -0.1672621504630872, -0.02935823724167635], [0.017813084007074972, -0.1800039319971536, -0.04377615434220946], [-0.007299651983843992, -0.1910624601571611, -0.0538806322408432], [0.11464236364033498, -0.14773607626123594, -0.015431159782311936], [0.05896086792933564, -0.12416859877150574, -0.042280923079671025], [0.07183252270611902, -0.07694528919674772, -0.045743154893499956], [0.09003000019055138, -0.06904775048013213, -0.04280502316360789], [0.13845895301458122, -0.13243179294434076, -0.02715216758396269], [0.08488897188378461, -0.08356805975812491, -0.05006497749334041], [0.09817228040774413, -0.04795747944669029, -0.039885797896734736], [0.11448969156140351, -0.05279771607886379, -0.028731804162562335], [0.15575736968305406, -0.1029103957352125, -0.040890485429517], [0.11272300027397825, -0.05595327896219831, -0.053877349900405776], [0.12055593014803075, -0.029498215964319133, -0.046562888688485564], [0.13431921608807754, -0.03505960236627365, -0.03835060493605519]], "right_hand": [[-0.15931748443966406, -0.02055065608652197, 3.550653705243555e-07], [-0.11514007753124086, -0.05869613192223811, -0.021158905304148174], [-0.08140202463828466, -0.11381406662431913, -0.03413902754731457], [-0.056530752359988716, -0.1594687361438154, -0.04647012728938288], [-0.02572923327529694, -0.18850735160716228, -0.05846200101685377], [-0.11971667075230155, -0.20977744572975587, -0.0167072857156855], [-0.11131906906341295, -0.28418776656248973, -0.031116053462967398], [-0.10900094458249976, -0.3275707469304234, -0.043349613974741505], [-0.10864246383991329, -0.3629333625831259, -0.051904267231467], [-0.15216597026141496, -0.21054366508390657, -0.018771280337398655], [-0.14907958691384626, -0.29229142351162263, -0.029588451768140015], [-0.14858187302294038, -0.33967498049747286, -0.03953207449916507], [-0.1496858684257671, -0.3749248038246862, -0.04685487130795204], [-0.18230508482043745, -0.1961564704167188, -0.023761755746195986], [-0.18646521687198922, -0.27158037433454385, -0.03421698654706594], [-0.18766574313006593, -0.31465923061013085, -0.04166312378507793], [-0.18827843453843046, -0.34790632549735334, -0.04712514313470548], [-0.21156352149094335, -0.1678338331021586, -0.03108565880841748], [-0.22706101219780309, -0.2210560227210859, -0.040986565588923274], [-0.2368512458337817, -0.25629051328464697, -0.04446384335995844], [-0.2443389335865959, -0.28893957575963325, -0.046380152010041226]]}