{"label": "A", "timestamp": 1746080333286, "left_hand": [[0.12293875069895706, 0.05246261543067158, -3.1359175178383835e-07], [0.07560303550687959, 0.01718683298787023, -0.01225249132751831], [0.04692192714945447, -0.02857795703915728, -0.02518877429767433], [0.033262579165636956, -0.06740971455550279, -0.039784167831310745], [0.03411576178000768, -0.10340016607482005, -0.05239307831962399], [0.0759937465932145, -0.12044910712635165, -0.009516787442235747], [0.04945674906558982, -0.16540433024539353, -0.03371526071169051], [0.02602268270646883, -0.18763514873628337, -0.04798844882608737], [0.005300594695593677, -0.20211950006573823, -0.057209458384147246], [0.10369265548824458, -0.12014593825354503, -0.016341376388408], [0.04545529290545202, -0.10614612530595025, -0.044032671744034205], [0.04842406174671415, -0.05797860368497504, -0.04693370328674181], [0.06414550369361428, -0.047012724137588294, -0.04374941570313123], [0.12384366437284075, -0.10153318592098194, -0.026854795861345], [0.06451770486813414, -0.06348585498463445, -0.051212695890498316], [0.07283076181156457, -0.02376206475915714, -0.039820207769217436], [0.08999521714485242, -0.023507864272458243, -0.02775655404419865], [0.13601928407096095, -0.0707704376861322, -0.0398015813071181], [0.08656397677555448, -0.034580590213792325, -0.054281728192984394], [0.0914240027632032, -0.00508124706057266, -0.046691196678566], [0.10642614815563366, -0.005907873476835592, -0.037954198867748354]], "right_hand": [[-0.12293875069895706, -0.05246261543067158, 3.1359175178383835e-07], [-0.08301295724743096, -0.09103754792058323, -0.015763774762886353], [-0.05242177103104611, -0.14112744129717145, -0.026571841987845717], [-0.025083684549448093, -0.17898166136249324, -0.0378812945065906], [0.003512454334057369, -0.19900493113551498, -0.04973043959172472], [-0.0916099306833753, -0.23375426889424064, -0.01235853913618445], [-0.08940963398319597, -0.3012294415427386, -0.02627272215824863], [-0.08994778549582635, -0.34052746926305216, -0.03926898967471575], [-0.09146268019087646, -0.3760388732139022, -0.04903191057124344], [-0.11831843842933855, -0.23261202430813874, -0.017156676922878783], [-0.12166296538712978, -0.3079481596640098, -0.028638369178408285], [-0.12377944948287789, -0.3543953472888383, -0.040274365376974375], [-0.12647661299498816, -0.39231821978828013, -0.0491933283982985], [-0.1428667427729159, -0.21662933705735637, -0.024341455889273934], [-0.15159256038979674, -0.28490532239248717, -0.03483556578594538], [-0.15354535608628486, -0.32873934904343327, -0.04319669108828825], [-0.15492203077752945, -0.36683488863070207, -0.04939328120267935], [-0.1666926080210251, -0.18875230479452398, -0.033551358636909334], [-0.17650447572027453, -0.24322464426054025, -0.04320530717597081], [-0.1808139699650957, -0.2798611642223798, -0.04691600059356235], [-0.1842724744675615, -0.31449914897616577, -0.04929182633854941]]}