{"label": "A", "timestamp": 1746067986045, "left_hand": [[0.17023192248232805, 0.0016389592901428723, -2.793193159316083e-07], [0.1196189659125349, -0.022517545635713263, -0.0001195252298232965], [0.08016613072708537, -0.053586497927762614, -0.008086315660985733], [0.05025069485536601, -0.07195442322309942, -0.018120994087429544], [0.02440756233625056, -0.08706268865890644, -0.027614504544556884], [0.08816705868920165, -0.1395729002078223, -0.008930229251158084], [0.035480954797003396, -0.14851652157525425, -0.025711046491105935], [0.0023128147688993767, -0.15848497885483132, -0.0372187465352688], [-0.02445959969040504, -0.16950707300488885, -0.0462089520942723], [0.10235156327419115, -0.1336888535516361, -0.01867323887815105], [0.04427209410955075, -0.08217769834008376, -0.03874495822474363], [0.05947560920530135, -0.05716842420863506, -0.04197444772188143], [0.07732581282091743, -0.06020597977211201, -0.042876510039372], [0.11301756889636283, -0.11103708458179422, -0.029156002478521747], [0.05924585363578888, -0.05408030937792197, -0.045353232148986136], [0.0758409006188668, -0.03597461409115645, -0.03698232870633763], [0.09166082143270962, -0.04539107111645072, -0.030185125929558694], [0.12054485694744062, -0.0787727947042548, -0.04046066663470697], [0.07802316553436106, -0.036756043866366814, -0.05095601842752742], [0.08915498590153297, -0.02125543330002997, -0.04504501298751078], [0.1028094659068638, -0.027928995736332736, -0.03918365387869248]], "right_hand": [[-0.17023192248232805, -0.0016389592901428723, 2.793193159316083e-07], [-0.12781839225315522, -0.04010560618904736, -0.014126142217639475], [-0.09460882231819305, -0.09538783933387494, -0.023048601673373827], [-0.06774937462328523, -0.1369261899513845, -0.03252975217206086], [-0.04068208182377209, -0.1625601731715549, -0.04241251029816121], [-0.13553370165487474, -0.1841783029174586, -0.01206592679723408], [-0.13228814883078616, -0.2531371004251028, -0.025570522268073582], [-0.13199677007872232, -0.2937201721619185, -0.037324288462209934], [-0.132416894548688, -0.3291605230418122, -0.04612233728768622], [-0.1633045855640898, -0.18386034033743698, -0.017411583010486658], [-0.16540092580916943, -0.2613043566386769, -0.02881052139793222], [-0.16595073066964705, -0.30809854523550606, -0.03913864287154319], [-0.16779951309247715, -0.3447665125107977, -0.04700652670857967], [-0.18883340724733483, -0.16889803598481598, -0.02510648720493276], [-0.19814308336106523, -0.23997956193634662, -0.03638610539565244], [-0.2019235840984449, -0.284584703807115, -0.04484988377771764], [-0.20517520142621315, -0.3218029541474755, -0.05095349698513731], [-0.2132080060716492, -0.1415931624497521, -0.03456400733242715], [-0.22899063779566242, -0.19532040468334189, -0.04578031232209693], [-0.2379040235909854, -0.23296564825052388, -0.050916876294906835], [-0.24546749216670402, -0.2683811324916738, -0.05417735671004203]]}