{"label": "A", "timestamp": 1746080322864, "left_hand": [[0.1535853963870642, 0.02931964002651984, -3.250677517176888e-07], [0.10492131491488031, -0.01580970273220527, -0.0010846925047663736], [0.07160550371540611, -0.06164999749511026, -0.01067807113366153], [0.04455753528507518, -0.08710312476240321, -0.022126689471529314], [0.02607786851736454, -0.10455569490222653, -0.032438740771277334], [0.09964305104831375, -0.1468583704438527, -0.01266804640143857], [0.06099584661581415, -0.19013771594560275, -0.03709369919645423], [0.02847459327095134, -0.2053682765777644, -0.05227257071606711], [0.002048850091577563, -0.21357039812898812, -0.06190252176473105], [0.11781012937481085, -0.12852799221723585, -0.02389934420449025], [0.04570710683805231, -0.12085268354065803, -0.048022052480693], [0.05198910321352131, -0.08354647996478204, -0.049614622132163], [0.0716397141909974, -0.07708987502886272, -0.04815204428652929], [0.12701925512283135, -0.09626121929163632, -0.0368853535772071], [0.05485844462054701, -0.07004489969932813, -0.05638341543876531], [0.06599587476405822, -0.042930217285411694, -0.0447718883808521], [0.08614844090054787, -0.04935975967255247, -0.03481606432674586], [0.12936032562038868, -0.05709701704817398, -0.05075879717820564], [0.06998978776112896, -0.03561746141408667, -0.06163556359014232], [0.07756296287648207, -0.016871543263057964, -0.05224634387017463], [0.09565308541381123, -0.022234373149329405, -0.043695329699702794]], "right_hand": [[-0.1535853963870642, -0.02931964002651984, 3.250677517176888e-07], [-0.11065185407102071, -0.07100894521159866, -0.013253817447912191], [-0.07650647440028269, -0.13357058786993187, -0.020222611569278296], [-0.04852988003532044, -0.17864569884562506, -0.02813018341498876], [-0.021811391913049066, -0.20663089917222252, -0.03672391178244041], [-0.11410864126421325, -0.21457605097643725, -0.007467970763535471], [-0.10231001010961177, -0.2799182371649236, -0.021383605135903015], [-0.0961655846539192, -0.3198724453494051, -0.03425034014777456], [-0.0909713533796834, -0.35607809934798235, -0.04388701238135196], [-0.14086718978227838, -0.21690083415817252, -0.013294627975950745], [-0.13221610019120017, -0.29158571630915014, -0.025544963208312954], [-0.12742097927825444, -0.33879098059868756, -0.03735013996131726], [-0.12456095506936274, -0.37946677377300575, -0.0461413920401643], [-0.16709247984492742, -0.20431056121860464, -0.021876576488891363], [-0.16748423779891133, -0.2757311878966093, -0.03433557961953921], [-0.1660405877346014, -0.32125249308981174, -0.04317113061918991], [-0.16434037688426925, -0.3618809179133112, -0.049506216354064665], [-0.19466933262620692, -0.1797256403453717, -0.032217137259170144], [-0.1977728842122807, -0.2351196015972184, -0.043591057983753616], [-0.19666437767665185, -0.2734490433429758, -0.048301755124294236], [-0.1939372568980133, -0.31134496866181477, -0.051574629894586776]]}