{"label": "A", "timestamp": 1746067997817, "left_hand": [[0.1846174483897964, 0.045794030286170094, -3.7346842111464063e-07], [0.12902908282138809, 0.013795921062965568, -0.005294001899114312], [0.09434112677958119, -0.02806122708093497, -0.01627022502458098], [0.07266451493292045, -0.05830203278654737, -0.028841184454787394], [0.06048034436869626, -0.08931460012983332, -0.03980325629901336], [0.1306776378888158, -0.12739880936758652, -0.00721467207305897], [0.07404445698429632, -0.1278257664984916, -0.02970391371247472], [0.039557200479011186, -0.1282340920706912, -0.045785796704228825], [0.011762535011939005, -0.1315239860966698, -0.05689913230898777], [0.15065245474770647, -0.1217228691201359, -0.016585006656958737], [0.07916514299452274, -0.0905043892653536, -0.039831710454083], [0.09354532753508037, -0.0503775385325796, -0.043339433224862146], [0.11419561079947502, -0.045827962891791744, -0.04298363863254251], [0.16491732635109466, -0.1004692564048625, -0.028437278447598087], [0.09442419650116703, -0.054988704507326513, -0.04844495394272904], [0.11002692020983994, -0.02038304589451664, -0.03791268102479361], [0.12930899061655154, -0.023346139484703838, -0.02847297887922385], [0.17246865847979792, -0.06720429772625866, -0.04187276211240727], [0.11614584265941383, -0.032330798389985746, -0.05555188598838425], [0.12585829079309285, -0.006304248536749284, -0.048806516595321495], [0.142448100966862, -0.008023082229760397, -0.04143148438416169]], "right_hand": [[-0.1846174483897964, -0.045794030286170094, 3.7346842111464063e-07], [-0.13026793667044237, -0.06284876059841392, -0.016698821768853355], [-0.08277626246916714, -0.107084762989053, -0.023142835655189056], [-0.04153559688429883, -0.1343211333168325, -0.0295378315878936], [-0.008778951534004452, -0.1319301395959633, -0.0360795721627793], [-0.10987229275307046, -0.20302840895752475, -0.005124071132852729], [-0.09112554178113391, -0.2636494433151765, -0.01329281837897309], [-0.0816994693930498, -0.30008002931538774, -0.022803182279652723], [-0.07367800415089726, -0.3312865989704017, -0.03036782589682555], [-0.1382997795942573, -0.21652393233757947, -0.006532996404973109], [-0.12185590858563329, -0.2864154221266664, -0.012426618329787921], [-0.11075340619449342, -0.3285430657498041, -0.02066962746644078], [-0.10180024234634967, -0.3630777941151587, -0.027105966695175003], [-0.16737657142950155, -0.21740029135275246, -0.01076843072237531], [-0.15651929606945808, -0.2831911729707382, -0.017624182145433907], [-0.14790900599661072, -0.31926452538032957, -0.024520456303646555], [-0.14048498147434713, -0.34807546755894136, -0.02927122170574401], [-0.19867085662870604, -0.20748444065849075, -0.017316369246963153], [-0.19625326708180907, -0.26130126356470046, -0.023931295103328084], [-0.194002372063382, -0.29585046034902396, -0.02660965406967163], [-0.19088216519965504, -0.32663816987824384, -0.028163482624250884]]}