{"label": "A", "timestamp": 1746080333798, "left_hand": [[0.14587876884950507, 0.039152944026881874, -2.4319211010254946e-07], [0.1301411898604077, -0.025538640927590388, -0.0007231883034964853], [0.09397478988973298, -0.07906300458707295, -0.01031224313842735], [0.05025098433938833, -0.10068315613892677, -0.021153061191728464], [0.022790025940973384, -0.10503888252776122, -0.032509036073907815], [0.10363920983243727, -0.12586531173764381, -0.018455980130096625], [0.05515602371269169, -0.1701159838060163, -0.03593195281526747], [0.02370411137853575, -0.19215500865964585, -0.04662517927101942], [-0.0026953828092366257, -0.20968681084938975, -0.05465553294100832], [0.10282384020162272, -0.09552922506420328, -0.02750255543764693], [0.03616794620559209, -0.09298290625037253, -0.045993785535234075], [0.047926628416618836, -0.06515550754996449, -0.04681454527147691], [0.06906946246150514, -0.05973951571688409, -0.04723785748360535], [0.09601411738492335, -0.057179645630743715, -0.036636167266291014], [0.03386422991295573, -0.04896972891593926, -0.05107028325010627], [0.04893654567220671, -0.027633181170729455, -0.04188886626804043], [0.06990095463168294, -0.028040553264468047, -0.03533918672059932], [0.08707899912044145, -0.01790277695593292, -0.04623671380816666], [0.03910009406487434, -0.016217658870804924, -0.055654904526991136], [0.05031835848556362, -0.001039677934390936, -0.048970917537885156], [0.06763181145686216, 0.0006232716591125919, -0.04327207329883689]], "right_hand": [[-0.14587876884950507, -0.039152944026881874, 2.4319211010254946e-07], [-0.10443216774366283, -0.08064138034262358, -0.016180331693063744], [-0.07350521085067055, -0.13691755569911415, -0.02720644710761208], [-0.04583844684740967, -0.17977262045385556, -0.03847242547123643], [-0.014666142431909012, -0.20398401849927433, -0.05037572408060333], [-0.11242628913364952, -0.22189466561720247, -0.016326274986817556], [-0.10996944346391438, -0.2914589406256954, -0.03205271435230721], [-0.11009590463204484, -0.33303742340859194, -0.04540457882122545], [-0.11069106608782799, -0.36990494536045543, -0.05519464338103642], [-0.14172259363214287, -0.22044784144361143, -0.021409414779631902], [-0.14499835311160433, -0.29789426611127623, -0.034902622927760404], [-0.14592800513889673, -0.34550440282576117, -0.046475941541353157], [-0.14723537282168087, -0.3842729250547006, -0.05503747468238382], [-0.16857268499763634, -0.20389346820276438, -0.028851851712495505], [-0.1775157081709655, -0.2747011940596477, -0.04144658227467851], [-0.1792321071096749, -0.3207971324543663, -0.04994365131839524], [-0.17978394792763233, -0.3602189128757599, -0.055962835473444834], [-0.1942376481059489, -0.17564059429868617, -0.038225622924297376], [-0.20535023866276217, -0.2317197028836279, -0.04978435871840949], [-0.21078058963246296, -0.27014588175248894, -0.05433302134675225], [-0.21495167124936573, -0.306770801183158, -0.057135081335218586]]}