{"label": "A", "timestamp": 1746067986928, "left_hand": [[0.16841574818440544, 0.00792036038344525, -2.895597234679927e-07], [0.12136469712280953, -0.0294718506768663, 6.364197898645448e-05], [0.08180627394172509, -0.06543615311059935, -0.008709101386626493], [0.049294192321862586, -0.08494162022416286, -0.01958465371233854], [0.021872646474782063, -0.10027412211926623, -0.029867184683443584], [0.09347796514817029, -0.1465977684319397, -0.009112173180779993], [0.03818127805554926, -0.1544758313039725, -0.026897482029543358], [0.003582475957016218, -0.1623015196501152, -0.03965934239691954], [-0.023891941779329875, -0.17002656759844934, -0.049341261140052044], [0.10483207902710866, -0.13538776018493007, -0.019381749728096427], [0.04263847563086288, -0.08855861968678747, -0.039513982544304736], [0.05925387229184335, -0.06491344582743881, -0.04334580243921988], [0.07866985724680525, -0.06801020319928583, -0.04513830815372316], [0.11314591871406164, -0.10930204586647599, -0.03043592781251832], [0.05587824543780048, -0.05853473891210047, -0.046365563095027526], [0.07323557850806597, -0.03968964061423925, -0.037958400198621886], [0.0899166703836022, -0.04797921761826545, -0.03154368309367229], [0.11913261679152419, -0.07490980094023938, -0.042343253027294206], [0.07318696664423406, -0.03868725879214663, -0.052598196549429696], [0.08538352758329851, -0.023909814424106154, -0.04648455728261695], [0.1001249455433568, -0.030328137413528154, -0.04082381332125195]], "right_hand": [[-0.16841574818440544, -0.00792036038344525, 2.895597234679927e-07], [-0.12656378785841899, -0.04768512449188025, -0.01348796129162756], [-0.09499738863584162, -0.10367171945980963, -0.02239614615771555], [-0.0667657243480428, -0.14517187088335778, -0.032073099376278474], [-0.037957399663088524, -0.16889314133915861, -0.04225524944350999], [-0.1340556588816199, -0.18825143214256201, -0.011971489547467391], [-0.13032301162194326, -0.2564671545384041, -0.025426456863819905], [-0.13003077820209255, -0.2966240356071878, -0.03712382445452553], [-0.1305144316480287, -0.33186170096155626, -0.04591437342159035], [-0.16135788076756857, -0.18829303767014768, -0.017468215771981616], [-0.16281621505803118, -0.26497875022835654, -0.028958426110666017], [-0.16336554209402848, -0.3120738071364373, -0.03918236821674901], [-0.16536939750944107, -0.3494354411614026, -0.046971724708923496], [-0.1866688975674381, -0.173753873607963, -0.025228800874107907], [-0.19532246887660246, -0.24414670686984985, -0.036550848330635356], [-0.198427605740102, -0.2881803624547336, -0.04488339320540622], [-0.201246077491107, -0.3246402118064257, -0.050833983783031875], [-0.21085005614962377, -0.14725991045619813, -0.03469533965115242], [-0.22672768992877454, -0.19983556577042386, -0.04579240045987154], [-0.23596226815850638, -0.23706600398672895, -0.050804806933710166], [-0.24411731918170593, -0.27170429241237815, -0.053975076774906185]]}