{"label": "A", "timestamp": 1746067995236, "left_hand": [[0.1696156750959523, 0.01845842651522589, -3.6750210289131454e-07], [0.11074500532081587, -0.006981352839401331, 0.003072670650288122], [0.07056002786754072, -0.04426899213954908, -0.004230180508248783], [0.039429927931197144, -0.06892442363857518, -0.013937776504304845], [0.011076312089289156, -0.08511520677867912, -0.022714269705854565], [0.09536449598998262, -0.14020264304763852, -0.00262403132190736], [0.031306128135315754, -0.13684891784548447, -0.017994295011717173], [-0.0065191863587297765, -0.13383955149023363, -0.030299519871054593], [-0.035824640743388536, -0.13364515698462415, -0.03979731372269078], [0.1015366782521843, -0.13117870617560853, -0.013766626659646824], [0.03173523526404018, -0.0830683351850471, -0.032009413616440566], [0.04877495548281372, -0.05317510884108262, -0.0365865605017438], [0.06899123186251384, -0.05090696399683746, -0.038974402891515394], [0.10332160744931149, -0.10809485383524309, -0.025462701304119997], [0.0406416779205038, -0.050537255885756374, -0.038478268146110904], [0.06038045540109045, -0.026196095086241315, -0.03144564949140817], [0.07877800356475954, -0.031517635274754506, -0.026853389580404414], [0.10246855832383162, -0.07582682016452827, -0.03804845896061399], [0.05496599298404782, -0.030975497005660227, -0.04684447184778437], [0.06953482439206542, -0.010232778340422058, -0.04226257354253879], [0.08590728979550563, -0.013294598365959899, -0.038024770812906714]], "right_hand": [[-0.1696156750959523, -0.01845842651522589, 3.6750210289131454e-07], [-0.12906540245988024, -0.042819244904370495, -0.018265093039519585], [-0.09971867716638193, -0.08743520353026342, -0.027534494346084185], [-0.07435371700493652, -0.12298876260237673, -0.03586513135019451], [-0.04665512013175572, -0.13223685617247824, -0.04401319911745689], [-0.12765762819031373, -0.1743948388175377, -0.014027161808424692], [-0.11898023155587287, -0.23796655596159264, -0.0247368247482843], [-0.11572998450729166, -0.27594108259324707, -0.034292737304208655], [-0.11327454094553036, -0.3074408530304875, -0.04133022961195251], [-0.15518306777525268, -0.1781507924034125, -0.01479404600181028], [-0.1498930950680451, -0.24787979817671005, -0.023525101399524816], [-0.14592095814315767, -0.2919034966946446, -0.031772278270624135], [-0.1424126049368641, -0.32643092457340467, -0.03783096553351701], [-0.18174180025793793, -0.16951566961605763, -0.01800095828269173], [-0.1792480695286201, -0.2338635606690055, -0.02722006380329012], [-0.17486247131165217, -0.27208145026615016, -0.034906591926284945], [-0.17011212952792285, -0.3019582033494174, -0.04000385631780984], [-0.20865968492666084, -0.15047726898639183, -0.023152607000627937], [-0.21468378335678082, -0.19881367718423684, -0.032310624179474196], [-0.21806734597176541, -0.2300939420495234, -0.036625565396982904], [-0.21960327067576635, -0.2589349231955439, -0.03906797702990499]]}