{"label": "A", "timestamp": 1746080556580, "left_hand": [[0.17422882102100223, -0.026928147916524443, -3.321040921968614e-07], [0.1340526469112423, -0.07426185982873183, -0.0013321988628959007], [0.0809654956041818, -0.1115890792495082, -0.011260107341805811], [0.031112947091453035, -0.120877157319796, -0.022243965112510835], [-0.0081169822894333, -0.12060207270559486, -0.033411384605623685], [0.0875385199800039, -0.17331421019519072, -0.01788429112495087], [0.02688376941942295, -0.17302156038563332, -0.0369911233166617], [-0.012497729597717713, -0.17299876080343946, -0.04817120981902881], [-0.04453534250313672, -0.1726850493108754, -0.056883174308762684], [0.09904461257722066, -0.15088951768313202, -0.027794675463786663], [0.02987043192971539, -0.10725823447502743, -0.05003712907402422], [0.05160824047731276, -0.08741738426880147, -0.05123792948295026], [0.07313667355140564, -0.09471416089898461, -0.05093775912155305], [0.10809128817469717, -0.11706102035458839, -0.03810153486473726], [0.044637402701832134, -0.06872491301834029, -0.05841537036894627], [0.06914682942458306, -0.05481737477284172, -0.04863423064444006], [0.089415161452306, -0.06727376719703552, -0.0404078641525939], [0.11542278141007208, -0.07914047387559449, -0.048600889876104836], [0.06445371542667704, -0.04159183782265953, -0.06343084397680024], [0.08235821490995526, -0.03120838672181629, -0.057582787350306384], [0.10050788231428369, -0.04150796349760151, -0.0516644595977495]], "right_hand": [[-0.17422882102100223, 0.026928147916524443, 3.321040921968614e-07], [-0.13275565688569663, -0.018548204928648265, -0.019198766174908153], [-0.10121578658319962, -0.08225305131985415, -0.03002523803663267], [-0.07454817871982161, -0.13063376473524016, -0.04012459434356022], [-0.0445032534360018, -0.15047353909911215, -0.05066726235431333], [-0.1508716007700831, -0.16440846994608502, -0.0172464536754971], [-0.1506277362734233, -0.23644523951548288, -0.030267082742719272], [-0.1527376286437777, -0.27879424277330483, -0.04202026994981727], [-0.15543983429782382, -0.31529173946785355, -0.050757353806820775], [-0.18029437883416446, -0.16061922903972678, -0.01943340325445502], [-0.18296521954573697, -0.23952864508052898, -0.029232106881237733], [-0.18478831717165273, -0.28691881802704405, -0.03874999367127703], [-0.18684445880286046, -0.3257735887655335, -0.04628240305241637], [-0.20768209763932083, -0.14344249553036098, -0.024077422893402634], [-0.2156638444759318, -0.21750807619732038, -0.03342481711809135], [-0.21810664798701354, -0.2622180982580459, -0.041294578075827676], [-0.21945783357114074, -0.2986052176649319, -0.04735445409655799], [-0.23540427928090737, -0.11411826048804857, -0.030928208558513304], [-0.2516735501093328, -0.1670923242122854, -0.03987161622080568], [-0.26066668186042297, -0.20163956699038887, -0.043395654228430405], [-0.2677895030576787, -0.2338651833471651, -0.04576987796176522]]}