{"label": "A", "timestamp": 1746067994632, "left_hand": [[0.17530465032964887, 0.004435608383047822, -3.4897954380973536e-07], [0.11547128765008594, -0.014797722353477918, -0.005028077889888063], [0.0783039519199524, -0.046490362461197546, -0.014025188437679666], [0.054063426525322825, -0.07274561721664219, -0.024852851457509772], [0.035569237719203166, -0.099968693820552, -0.03418806740842013], [0.10152542006472927, -0.14484686916610476, -0.0022146404780498887], [0.04959103763256401, -0.1441850974848644, -0.02151662997920428], [0.01556977249713365, -0.14480133499598932, -0.037015733065918426], [-0.013931778480642275, -0.14583921135437727, -0.04884243911276724], [0.1185764910117769, -0.15089380695743784, -0.010832532823678825], [0.05480953102135321, -0.10877611229511192, -0.03235192407186537], [0.07443236180584721, -0.06826750186592426, -0.03677487496468858], [0.09577096048299101, -0.064588290467221, -0.037137152263999856], [0.1334594291140914, -0.14010876757870544, -0.02191960896139404], [0.07495515966815901, -0.083762338489192, -0.039550047039782994], [0.0941723957783503, -0.05093971938868466, -0.02935347058973941], [0.11214908432643753, -0.05495558092599778, -0.02049331257257693], [0.14418939863500552, -0.1146774416488237, -0.03487375083564287], [0.09871405715373352, -0.07196919024278423, -0.04725401238298258], [0.1112799240510037, -0.047855328043805476, -0.040732711968463294], [0.12696880435101832, -0.052024794878533016, -0.03377469030116418]], "right_hand": [[-0.17530465032964887, -0.004435608383047822, 3.4897954380973536e-07], [-0.12588012144492258, -0.03159385240125307, -0.01616192667038583], [-0.0870216642953818, -0.0829699934758089, -0.021172271511034353], [-0.056391168618987, -0.12432296634706556, -0.025928146876124533], [-0.0287568970162506, -0.1425667802842678, -0.03042160951257321], [-0.1228343269312216, -0.16790524677913846, -0.0026082217309815747], [-0.11049191802779228, -0.22927269475125617, -0.009915213226008964], [-0.10510665101095139, -0.26606948828873545, -0.018573940088790354], [-0.10113733271123551, -0.2972382079465698, -0.02513431506487375], [-0.1516906549344584, -0.17458890615147665, -0.002908897628448415], [-0.142985959529544, -0.2443582031505386, -0.007731103216702934], [-0.13745238481956804, -0.28667232541153714, -0.01518032947412639], [-0.13308201264921748, -0.31959301325793027, -0.02117435271271553], [-0.1796651084119909, -0.16970295095130905, -0.006160999733386306], [-0.17588695794669884, -0.23390668580122254, -0.012131138029348053], [-0.17044321546928862, -0.2694022868209426, -0.018180684417788338], [-0.165544798285721, -0.29606231638336095, -0.02258348864767057], [-0.20929291895842494, -0.15498338087429522, -0.011623061515594708], [-0.21370226636025935, -0.20436146742817243, -0.017487686827990605], [-0.21554512630223974, -0.23602121193598594, -0.01961217277413281], [-0.21626998992777857, -0.2641159084173164, -0.020892854418656865]]}