{"label": "A", "timestamp": 1746080332576, "left_hand": [[0.12828267079680356, 0.04931589972585852, -2.8741171880377544e-07], [0.08369113104832389, 0.02512127262160858, -0.01377001624077483], [0.05147813615087428, -0.021061184230685794, -0.025909683042794226], [0.036027053565214656, -0.06627993945092542, -0.03965409799611547], [0.040985813400007065, -0.10251308948941015, -0.05148812768000318], [0.06677194690082179, -0.11316472926847505, -0.009982227680513748], [0.04070742457201413, -0.16609756923719737, -0.03334341609846203], [0.019182778925531347, -0.1958026728474308, -0.045851382203210604], [0.0006705631531701405, -0.21925697493618515, -0.05425754795631116], [0.09747496578689395, -0.12167720170047579, -0.015610776138483088], [0.0504656965419601, -0.1060037824266395, -0.04496902463584131], [0.05715999285429235, -0.05121560623071433, -0.04611540268738545], [0.07313585796603654, -0.03962248462270059, -0.04002548675274762], [0.12368220095405884, -0.10985616245529935, -0.024970746871865016], [0.07630160794801676, -0.07248966380129611, -0.050306868697296316], [0.08449191056712166, -0.02717100612777848, -0.03713244932300591], [0.09999779737853859, -0.0262789902255568, -0.022644359918190464], [0.14369288419703127, -0.08431749724523815, -0.037009161480226635], [0.10420416902859848, -0.04643072242147448, -0.05154876417077228], [0.10767291947695727, -0.015379639505782468, -0.043408369447957104], [0.12085220918250568, -0.01776305136561443, -0.03355159676153202]], "right_hand": [[-0.12828267079680356, -0.04931589972585852, 2.8741171880377544e-07], [-0.0892547652267924, -0.09040970968838732, -0.014149825167528971], [-0.06047129814554194, -0.14092014048293425, -0.024336204238043422], [-0.03777603978316805, -0.1784682106325205, -0.035272403086837364], [-0.013348226071284126, -0.20423954248602444, -0.046661386753368055], [-0.10350185339548294, -0.23315527112538809, -0.010393054637793156], [-0.10298292913261975, -0.2994618674071847, -0.023975691399078153], [-0.10428647936007268, -0.33767157465799136, -0.03687827782722024], [-0.10590039621328015, -0.37298948372704543, -0.04651509049512615], [-0.1294152914624543, -0.23044351921092418, -0.01587194115264101], [-0.13500502784332338, -0.3042601662925587, -0.026803772302228496], [-0.1380467663656915, -0.3499414989894702, -0.038341847034529024], [-0.14123448483475184, -0.38779017777015523, -0.04729267527795943], [-0.1521212004246789, -0.2133859552599919, -0.02366752812158401], [-0.16287100077698113, -0.2807932810703762, -0.03378889325279431], [-0.16595694492167498, -0.3246473382742724, -0.041715158055584664], [-0.16831892559075776, -0.3633595215873592, -0.047747297302505244], [-0.17297815138711325, -0.18431097892098938, -0.03337201412898055], [-0.18370943234813727, -0.23813947454127213, -0.042848892311211674], [-0.18855919902237472, -0.27491122082118885, -0.046238785856933126], [-0.19257583573904907, -0.30981182396248885, -0.048398942425183895]]}