{"label": "A", "timestamp": 1746067987100, "left_hand": [[0.16980662740279087, 0.0085243845656054, -3.268227081339099e-07], [0.11296920904507057, -0.024014439841734177, -0.0011040874283701919], [0.07748941673753364, -0.0593217650354473, -0.010631056948552584], [0.05236316291605731, -0.0850048263733704, -0.022623693492509228], [0.033094888718118456, -0.1053299932796513, -0.034229480636606385], [0.09604885717349858, -0.1465025023095075, -0.009118328266064483], [0.043329818089412976, -0.15245559055910055, -0.02919098019695873], [0.009175622600746534, -0.15781157544041355, -0.04288677966987023], [-0.017791676431871396, -0.1633583851580334, -0.052541238290240766], [0.11498278646834267, -0.14166348478095475, -0.019619502930595677], [0.05312377153127525, -0.09655270179260446, -0.041985583124094256], [0.06757485783283382, -0.06269424791117313, -0.044917518634240136], [0.08637346944753128, -0.060411727683581426, -0.044643289304932436], [0.12958906713302, -0.11976554278534954, -0.03146037769089607], [0.06963890814321641, -0.06684495934379091, -0.05044984669105369], [0.08405249782012883, -0.03982595055623562, -0.040233239780659395], [0.1011904950303587, -0.042958698067904394, -0.03092598297895241], [0.1398187452409092, -0.08651111439214161, -0.04433172338431583], [0.0913917243138023, -0.04684762750993706, -0.05590603414091978], [0.09928081450454362, -0.025950550280060252, -0.04828459021322341], [0.11329873667347122, -0.02826466488582603, -0.04059386812507514]], "right_hand": [[-0.16980662740279087, -0.0085243845656054, 3.268227081339099e-07], [-0.12644005589439966, -0.04753693177990776, -0.015322712254008697], [-0.09372268853127973, -0.10203107149047085, -0.02394782153083532], [-0.06448588893240555, -0.1429557295673709, -0.032965537339018205], [-0.03475549227286828, -0.16399988557146736, -0.04220832783010853], [-0.1337545016326646, -0.19080725976401464, -0.009629088902147464], [-0.12738148590613166, -0.25805522102500933, -0.021056419210099136], [-0.1260869192801107, -0.2973844932007325, -0.03208143994846281], [-0.12597798811360397, -0.3318445422336046, -0.04057776443146084], [-0.1628254090466894, -0.19212352582559472, -0.013597997716899478], [-0.16205349502554517, -0.2679913057697838, -0.022839235342132596], [-0.1619222785387192, -0.31374287309019466, -0.03236793217129086], [-0.16309194321366194, -0.3493000455849354, -0.03986888184575693], [-0.1902176481258614, -0.1792311967779893, -0.020197805094178473], [-0.19621887657324233, -0.2490947429029725, -0.030048870094217604], [-0.1978576504958197, -0.2899987648166559, -0.03827681595822055], [-0.19931817440499675, -0.32285138476161573, -0.04421699033122648], [-0.21714773262649545, -0.1541946701225499, -0.02874728912565215], [-0.23220972313734964, -0.20656482568171614, -0.0386299335855034], [-0.2414731145300739, -0.2419090182164442, -0.043151740627764744], [-0.24936266040896196, -0.27510589970654936, -0.04607866899315536]]}