{"label": "A", "timestamp": 1746080310365, "left_hand": [[0.14946717278385252, 0.018284294006674594, -2.7720660165909347e-07], [0.1181139959718084, -0.031855943574802155, -0.002036890772064306], [0.08191973706143539, -0.07644335790612075, -0.01275425063551115], [0.044445803915651345, -0.09756236932249943, -0.02443676777855558], [0.015532170609813139, -0.11609483576905849, -0.03578668270519059], [0.09943003625276896, -0.1503238581157423, -0.016906135067087016], [0.04913981436585298, -0.17889085010919664, -0.03576379158744566], [0.01619625647694742, -0.1987709294002754, -0.04699242548141406], [-0.00891993844693127, -0.21479658048439854, -0.05534292626425451], [0.10912627244439185, -0.12766664780832068, -0.026331558830043036], [0.038028026720601744, -0.11305914500482693, -0.047730762177343664], [0.04860676298550159, -0.08433985261698648, -0.04934598418546685], [0.06833415586736975, -0.08189272918331802, -0.048942076696564814], [0.11239816918894897, -0.09326054993397043, -0.03627130896446405], [0.045733549370119725, -0.06756413963664012, -0.054472949740112714], [0.059447006747858876, -0.04568520539988558, -0.04477212523591701], [0.07846760648610246, -0.05165769694876805, -0.036722889284189486], [0.11112853133897443, -0.05431818130360415, -0.0466960889191114], [0.057887541949212695, -0.03421333610790719, -0.05918943239424407], [0.06861275329387466, -0.01813652051341194, -0.05276256191815869], [0.08602953162091352, -0.022663316360099786, -0.046402480779772694]], "right_hand": [[-0.14946717278385252, -0.018284294006674594, 2.7720660165909347e-07], [-0.10688993942408256, -0.06409502440903002, -0.0170998761268206], [-0.07453056233364373, -0.12812074161093734, -0.02664015574955506], [-0.051619950840078754, -0.17896229794398238, -0.035984774108130745], [-0.0276519394654902, -0.2151200258150568, -0.045310659781388866], [-0.11954808491007601, -0.21220599990505026, -0.013793752368948494], [-0.11490474767865169, -0.28439214068099794, -0.027694846947009123], [-0.11491836347427883, -0.32690023352186487, -0.039984966776648874], [-0.11650032240951522, -0.3632891140882898, -0.048868207496061876], [-0.15037133355262136, -0.21036877989406166, -0.017709007519851504], [-0.15124545534959424, -0.29093463575661166, -0.028753496989680164], [-0.1527490269562684, -0.3392071406098374, -0.03934353734779236], [-0.15621912476706812, -0.3769625312010532, -0.047442663522318], [-0.1785701726802912, -0.19365535566948383, -0.02423013360435773], [-0.18550305156635385, -0.2681364423076125, -0.03524511048624199], [-0.18699022631605178, -0.3117250783728435, -0.043056034922237696], [-0.18865675759010625, -0.346832810829073, -0.048829834113282795], [-0.206082633584713, -0.16443206828989837, -0.03272461133693143], [-0.22210089774878583, -0.21865139470617864, -0.04363115753192541], [-0.23145101901187642, -0.25526721689714155, -0.04777677689903463], [-0.2394534309267412, -0.28957344220872155, -0.05024484163693118]]}