{"label": "A", "timestamp": 1746067995513, "left_hand": [[0.16381763922436154, 0.02676724860429054, -3.6047250217866166e-07], [0.1375484697300238, -0.03554946510927217, 0.006890600465759665], [0.08674539082551153, -0.07990805016342636, 0.0034027336502449428], [0.03560786986004631, -0.09021239774883792, -0.0026925517154785215], [-0.0017518831561437944, -0.08529321812035286, -0.008552495718586147], [0.0825440213818538, -0.14345944549569611, -0.0007863386990740017], [0.012246346811596493, -0.1367326423675751, -0.015086483001145769], [-0.026919355607618763, -0.13119939938648162, -0.02450599242288733], [-0.05585015008253263, -0.12794776145531148, -0.03173902998723242], [0.07690783324860856, -0.12407027075878078, -0.011470741583376569], [0.004749789346062187, -0.07357341006109283, -0.028094727980232843], [0.024102251851667325, -0.04930728537217064, -0.029172669356400057], [0.04538836667922889, -0.05353041807176884, -0.029104927390726208], [0.07157765111275809, -0.09210042504344353, -0.02232479338034426], [0.015357667152190555, -0.03457160405795795, -0.034968660032147485], [0.03815957035612138, -0.015314588637994205, -0.027925311171631276], [0.05724790285842738, -0.026911456701074823, -0.023332718907853052], [0.06704933767465777, -0.053762245084127094, -0.03339599363395548], [0.02738527319958368, -0.009587857814812462, -0.04265874070800831], [0.04672316399102716, 0.00694033297188793, -0.039422278698403375], [0.06357155522807592, -0.0006729396798926486, -0.036309578996517315]], "right_hand": [[-0.16381763922436154, -0.02676724860429054, 3.6047250217866166e-07], [-0.1294194338491622, -0.04956203100291907, -0.020760768621699576], [-0.104634740050924, -0.08668960332436836, -0.033695161771954], [-0.08279657418183033, -0.11680570535738326, -0.04564417664658812], [-0.0571514183044638, -0.12211459581380335, -0.05763770244906797], [-0.12994460502961944, -0.18355243238551888, -0.0204396368077438], [-0.12503304136177226, -0.2470372882722155, -0.03461795742365613], [-0.1230201877649469, -0.28641937357308367, -0.04685437460236212], [-0.121377427413237, -0.3206916208624391, -0.05580586939034548], [-0.1555483093317494, -0.18692370927729782, -0.021847058375771906], [-0.15340989848911366, -0.2578478025047278, -0.032692410322966804], [-0.1515500950486367, -0.3024916088215947, -0.04247264482771564], [-0.1497598019857464, -0.33953018286617803, -0.05002767188579423], [-0.17992579681352838, -0.17655513297121256, -0.025615762266132155], [-0.1817567869292391, -0.24182122765180583, -0.03559583321173629], [-0.17972610774033249, -0.282134711928332, -0.043509234838654695], [-0.17716561234234432, -0.3149382813346757, -0.0492530720997398], [-0.20476894252019176, -0.1545876844018788, -0.03170214680943732], [-0.21534788910742633, -0.2030513665551567, -0.040684683121197086], [-0.22057161284612492, -0.23460148559769198, -0.04419433529780119], [-0.2241583058877111, -0.2631655114418865, -0.046438290858100535]]}