{"label": "A", "timestamp": 1746080319724, "left_hand": [[0.15465729189748417, 0.02017256709227934, -3.2667481934064114e-07], [0.10964355775726851, -0.02770321678592597, -0.0022858643530521273], [0.07809509218873761, -0.07423478882098544, -0.011861117350834754], [0.05111563201488968, -0.1029307864316204, -0.02274094233035993], [0.03146864654275031, -0.13064870810269016, -0.032451534420325494], [0.10772797107853488, -0.15913047949123008, -0.011534202488262663], [0.06036729530536711, -0.18931091864638225, -0.03438807468613905], [0.0256067302954232, -0.20363749832649028, -0.04964537655409914], [-0.0026838601012470387, -0.211217036080615, -0.0594132407621248], [0.12392995690698358, -0.13932112830750285, -0.020695997249111215], [0.0501578736455232, -0.12270202031497486, -0.042350997296513135], [0.06000591532183296, -0.08876307546306605, -0.044526218742785895], [0.08056963935293765, -0.08469879208331905, -0.044146387712821304], [0.1315035847310505, -0.10712162624260507, -0.03157668555051983], [0.059314698295073146, -0.07841884445190377, -0.049344297964904714], [0.07287973627773359, -0.0544158558571645, -0.039125478117468894], [0.09359033431027465, -0.06167269044813333, -0.0305988085028316], [0.13244840420029044, -0.0677004694070825, -0.043431526594580265], [0.0743463431220764, -0.04595115745438326, -0.05452118687553254], [0.08365948367315505, -0.02799409724877066, -0.046654300628597656], [0.10205555726306102, -0.03251946008302683, -0.039066518696892295]], "right_hand": [[-0.15465729189748417, -0.02017256709227934, 3.2667481934064114e-07], [-0.10915243907246558, -0.06035222323521971, -0.015538833604301295], [-0.07257820744978477, -0.12150017134322127, -0.024282581681686524], [-0.04532112044322176, -0.16710185609918685, -0.03325568050631471], [-0.01934591125419499, -0.19890102160016948, -0.042723755643908554], [-0.10601860249181795, -0.20638565077336607, -0.012910647929223728], [-0.09852958458357847, -0.27660382032507064, -0.02827090366381566], [-0.09620934254588746, -0.31975478997206924, -0.04160185683543685], [-0.09479671189707252, -0.35896423842552133, -0.051380893958571774], [-0.1338269041287716, -0.2099109765078423, -0.017924088151065595], [-0.12435669582115691, -0.28830153022946936, -0.03104065227152765], [-0.118947273893255, -0.33764406083201887, -0.04297717012263685], [-0.11524526223205087, -0.38036320342979435, -0.05182938858420787], [-0.1621580334983383, -0.19839738365524412, -0.02553006650388641], [-0.1601074363907843, -0.2745954407504295, -0.038183010380751954], [-0.15731697024349472, -0.3213472188776425, -0.046549661645074326], [-0.1545182599186245, -0.3624331925194463, -0.052581942991567536], [-0.19209621797612134, -0.17507116947712342, -0.0349692083374473], [-0.19294139917188685, -0.2337543620210207, -0.04608444261677468], [-0.19074054471536342, -0.2727950452528224, -0.050088887954686495], [-0.1875236893539039, -0.3099539752812213, -0.052729643159261985]]}