{"label": "A", "timestamp": 1746080557735, "left_hand": [[0.15849724267484405, 0.10145891013352334, -2.980518930327179e-07], [0.13657699756293595, 0.040075770185766864, -0.002431303769318617], [0.10467313195725186, -0.018064158564345536, -0.011297527127398684], [0.07241415651743786, -0.05161014224998089, -0.020476652509674228], [0.054711565420170326, -0.06752950699067917, -0.029663543795349998], [0.12732326952633904, -0.06875765681111608, -0.019556687223883377], [0.0786535094762787, -0.10514156025438415, -0.03753840975524047], [0.046772195604233756, -0.12820586600970235, -0.04798018731108037], [0.02160082219670186, -0.14746132790060454, -0.05626627003904717], [0.13317872320385105, -0.03888828545949842, -0.02875681115911802], [0.05752341473395071, -0.04018580985061604, -0.049534452593563705], [0.06786798292198304, -0.01093777074903157, -0.049913243747281885], [0.08943843625042437, -0.005556143390001654, -0.04910802390143357], [0.13204433901352727, -0.0005459798705243628, -0.038266210479146495], [0.0615034758385136, 0.003804785352067852, -0.05723354048508352], [0.07454657487732393, 0.026144956539646762, -0.04681960772270632], [0.09553700081539386, 0.02502804594435898, -0.038043104758774725], [0.12740120096049276, 0.03964124945977996, -0.04809342580339609], [0.07047654675026443, 0.038467119838184335, -0.06147860945074598], [0.0815961908334408, 0.05403605302992252, -0.054570426652161684], [0.10067243841552974, 0.05518755094719233, -0.04789841728396679]], "right_hand": [[-0.15849724267484405, -0.10145891013352334, 2.980518930327179e-07], [-0.10917934020204653, -0.10540878230387071, -0.015521203934378619], [-0.060053087479838424, -0.1284217868636942, -0.023456758898652938], [-0.018780935828911778, -0.14254025172607054, -0.031153295225451398], [0.013067630046944398, -0.14631450826850453, -0.03901975926507426], [-0.06043326812423739, -0.22617035702609947, -0.01112769063113875], [-0.028233510977897818, -0.2803538160242147, -0.022759129615374723], [-0.011671581769857166, -0.3136102458461127, -0.03329740929826202], [0.0019720971257971244, -0.34360209230435573, -0.04093697400806451], [-0.08251275486596449, -0.24612648208820515, -0.014230250884529186], [-0.04816998324375592, -0.3066772871291664, -0.023300133809738232], [-0.027280940143703823, -0.34422074553638565, -0.03236757762900404], [-0.011182521035565652, -0.3750095898542544, -0.03938636988357999], [-0.11000733669909023, -0.25473540647823306, -0.01983702071735684], [-0.08263077160680836, -0.3168571956733583, -0.029195862724321217], [-0.06420838435155303, -0.35111114985169106, -0.03649446241519742], [-0.04890881242516966, -0.37767917131646017, -0.04176533787045007], [-0.14277512563280167, -0.2550488715772829, -0.027272432759526836], [-0.12935252570042902, -0.30808257202056333, -0.03646278402694279], [-0.11867579926533925, -0.3410360528887077, -0.03985459325582771], [-0.10738197902660947, -0.3705163268643634, -0.041925736576141716]]}