{"label": "A", "timestamp": 1746080301938, "left_hand": [[0.10391712161903716, 0.05151317436844278, -5.083467373687647e-08], [0.10351446519985512, -0.020476230017069066, -0.0007722531731359522], [0.0758129304617496, -0.07872990668818107, -0.0072434110592154545], [0.040344050803263046, -0.10036254436459524, -0.013084813501972329], [0.009410917136267362, -0.09613674968290552, -0.020197095860798306], [0.06896607905756014, -0.09521043896076307, -0.026815866518483993], [0.036079122190631016, -0.16956931472534736, -0.039330260826060406], [0.015839758223143815, -0.211484786762809, -0.044286242656837914], [-0.0001928139354265449, -0.24375653003069017, -0.0471122060519833], [0.04466538868572182, -0.0623218250715328, -0.031000418532074216], [0.002692537844108315, -0.10057922647231723, -0.04270569457906035], [0.013372769318858379, -0.08124664151729497, -0.03771381353640717], [0.0317979759129238, -0.06467084809029305, -0.033014991871426536], [0.024252002120819106, -0.02478194958294456, -0.03370684495539027], [-0.00295521113463592, -0.057338312872895314, -0.040733203436393625], [0.011103917974839386, -0.04331828243856867, -0.028169122698140515], [0.02543853585583106, -0.029128460102063523, -0.019481788860114427], [0.008135168615445046, 0.010404213866329068, -0.03641661627212807], [-0.007038854456362245, -0.02389498432650627, -0.03814026320932316], [0.0071242087327688395, -0.011895357658405447, -0.02700831908202571], [0.018600181097909254, 0.0011612377030740214, -0.018558009944652877]], "right_hand": [[-0.10391712161903716, -0.05151317436844278, 5.083467373687647e-08], [-0.06744930430350622, -0.09965524263255514, -0.013592128948066903], [-0.04497810757532384, -0.16397446706496255, -0.020284514804620044], [-0.030058208264086034, -0.21544820782821705, -0.027652314629607908], [-0.012689229991732788, -0.25208597569699787, -0.034764029590504966], [-0.09604834578034892, -0.23894459015181008, -0.004493034708458465], [-0.1024943740666257, -0.3042373856977367, -0.01480639467000872], [-0.10909018659218933, -0.3411891592925874, -0.024979163065028332], [-0.11585022060453606, -0.371843525399258, -0.03267669490353745], [-0.12337548161787625, -0.23344142518279054, -0.008397204281113317], [-0.13584179804036087, -0.305509784918163, -0.016711385290517727], [-0.1443547236707285, -0.34890256284869664, -0.025784156397762534], [-0.15291534157594494, -0.3820288889265562, -0.032845050132125055], [-0.1463944652397668, -0.21481011321909563, -0.015026810586626074], [-0.16399975428295205, -0.27931291456899543, -0.023959651448906907], [-0.17326863464058537, -0.31665948254104614, -0.031042914984335097], [-0.18150837193997174, -0.3460492762134789, -0.036239733548453376], [-0.16678653967741308, -0.18466584556273016, -0.02351876232500753], [-0.18891490025427501, -0.22911130860771498, -0.032530564045866746], [-0.20361891071314778, -0.2592416325976951, -0.03647774100435439], [-0.21710719563987324, -0.28683946241880354, -0.03895413879856797]]}