{"label": "A", "timestamp": 1746080304800, "left_hand": [[0.17599106962907918, 0.011981406643857651, -2.5986391850647157e-07], [0.15299485098691684, -0.051271491580492726, -0.0007099867116246801], [0.10628744281678632, -0.09939490684284816, -0.009386004670746097], [0.05613672206812223, -0.11367703946486253, -0.01890616346945845], [0.01971565816939046, -0.11238297985371948, -0.02906795821539191], [0.10154131386137484, -0.15000703299995152, -0.019834454403589025], [0.03631094756961563, -0.17154978082170147, -0.038167434730555026], [-0.003338412235963848, -0.1856883024856638, -0.04701632259279024], [-0.034385962987274345, -0.19904187528373016, -0.05380295881067808], [0.10609228115958196, -0.1247336364648804, -0.029397402971495967], [0.027449176791704152, -0.0938160856118384, -0.05159832881823806], [0.04188310604408797, -0.06409817359158072, -0.05019983049837111], [0.06423977620444794, -0.06390232662227537, -0.047115264527370776], [0.1075500542170728, -0.08515461633188873, -0.03912179132008231], [0.042328482763942965, -0.047452399533249236, -0.058415727934881485], [0.06153347871763544, -0.027847752405995654, -0.04807710957933493], [0.08215174051514886, -0.037534105932977006, -0.0391109952749358], [0.10755374728783924, -0.04169714850912886, -0.04905148537270122], [0.05899272217610671, -0.011877962589502546, -0.0628781757533773], [0.07471705604176163, 0.001700164140321819, -0.05745744745766485], [0.09211781559801793, -0.006791994977788643, -0.051606462140325514]], "right_hand": [[-0.17599106962907918, -0.011981406643857651, 2.5986391850647157e-07], [-0.13049576916468156, -0.048415491472508246, -0.016454786617101123], [-0.0945116298032259, -0.10538377314761738, -0.02620090269066714], [-0.06468842719322988, -0.1483341100156441, -0.0360994626338091], [-0.032784940664229184, -0.17054518942743802, -0.04626815214298083], [-0.12721422831487633, -0.2014721062125269, -0.012850441161948127], [-0.11717678559126796, -0.27272427186279735, -0.026464462302839838], [-0.11391647038014617, -0.3139604147288792, -0.03878694735162704], [-0.1127208292012843, -0.3496991362123912, -0.04776598264459694], [-0.15599863103490108, -0.2049197971739279, -0.017225104783507656], [-0.14736347012505055, -0.2847309017992609, -0.027716537029573576], [-0.14406091303748159, -0.3329051253393259, -0.03762066751309199], [-0.14367824237486726, -0.3713672200028334, -0.04525764993184633], [-0.18486193031055242, -0.19349212270767077, -0.024278597488276255], [-0.18255127682515496, -0.2692555075542909, -0.03468899038862206], [-0.17967774414925347, -0.31464561261118645, -0.042414765936016924], [-0.17756354679947337, -0.3512822452385743, -0.04813413325707153], [-0.21576431863335999, -0.16936527235400442, -0.033341521645163956], [-0.22534769449894387, -0.22735499267919304, -0.043473987174775325], [-0.230760413209476, -0.2662971103965501, -0.047200919021770996], [-0.23535721075443686, -0.30216965810422775, -0.0495011024611811]]}