{"label": "A", "timestamp": 1746080334345, "left_hand": [[0.14035618803544156, 0.04339890810644006, -1.7348137680319383e-07], [0.13690522046421807, -0.02207472519145588, -0.0033969193852515385], [0.10166828512379798, -0.07888597250476263, -0.01220154187515045], [0.05575097343333828, -0.10126792180502568, -0.019896784572916052], [0.018919754012267958, -0.10127709010176016, -0.028802821920792913], [0.10976857869054599, -0.09904064610960644, -0.02948930675560667], [0.05592096606301651, -0.15252011370923785, -0.04248279094746782], [0.024759924564845034, -0.18050837306078707, -0.04732055387639253], [-0.0014280053004950557, -0.20196167041023488, -0.05091835637290148], [0.09513980297051644, -0.06373453493630632, -0.035527638323223816], [0.03847404205012775, -0.08695462510759243, -0.05173200824080482], [0.049093101107345445, -0.06568824382277257, -0.04965069286341679], [0.06841135720521405, -0.052353335362575006, -0.046892970022484715], [0.07945477742557011, -0.02373608260084775, -0.040150790727271894], [0.03369218935932485, -0.0481268884371077, -0.054734017935517215], [0.04843239779868727, -0.03097572816210801, -0.04336549801276783], [0.06595466728774729, -0.02003157371090711, -0.033940641918290874], [0.06430092714744684, 0.014404169683675484, -0.044489932736237116], [0.03376739696637228, -0.011918251511957486, -0.053639388793255194], [0.04737235657286526, 0.0014355794854852813, -0.04405472299641764], [0.061279042756852815, 0.012815055695168769, -0.03576375212300728]], "right_hand": [[-0.14035618803544156, -0.04339890810644006, 1.7348137680319383e-07], [-0.09652757633731485, -0.08317125507882296, -0.012496171424075551], [-0.06114732604267695, -0.13613464408069031, -0.020737995186149306], [-0.03435421965829986, -0.17636009792852944, -0.029783472073341387], [-0.011069606737062894, -0.2050334289563732, -0.03958837948708187], [-0.1023348306365783, -0.22579700154659732, -0.012091537393772216], [-0.0964390988270991, -0.29547571205576745, -0.026064799285132622], [-0.09430498819210571, -0.33574421553752143, -0.038413221851274736], [-0.0931258969778594, -0.3714611594661844, -0.04735362092406033], [-0.1308878880875238, -0.2248193371222617, -0.018243828563257368], [-0.13266060066486637, -0.3026200555851825, -0.02980622909559302], [-0.13320825990880697, -0.3500069832010722, -0.04112598643260898], [-0.13480078615812838, -0.3874932705303643, -0.049748653184305734], [-0.15682274194243961, -0.2092418150266192, -0.026433276060609894], [-0.16489086891923482, -0.2802308681559186, -0.03745536318825885], [-0.16644111243164267, -0.32543162230892986, -0.045689510440602044], [-0.1673876270508137, -0.3635187949807798, -0.051787224824897386], [-0.18175267637060336, -0.1816985627395014, -0.03622052976388539], [-0.19207716942794523, -0.2378074185678329, -0.04718177998644079], [-0.1970137543597828, -0.27631984855212616, -0.05148604110707787], [-0.20110602016048584, -0.3123791732161721, -0.05407015225383127]]}