{"label": "A", "timestamp": 1746067996604, "left_hand": [[0.177696005565295, -0.010771863295391919, -3.4011925395228716e-07], [0.11545684795176593, -0.03781705433901835, 0.0014638663362997652], [0.07632774847598295, -0.0748046178750275, -0.0072842358898861995], [0.05288998796528941, -0.09978872978658085, -0.018226112568212407], [0.03292742066116579, -0.11822634799337096, -0.02807799883737344], [0.0974746232033411, -0.17642727794481783, -0.005084574729643947], [0.03570468428346175, -0.15977467713147878, -0.025105593651021798], [-0.0014084021307452625, -0.15083991483092987, -0.04253970493985681], [-0.03396554895247228, -0.1451640612382433, -0.05574975222520634], [0.112196750227041, -0.16701979984219986, -0.016635307090828867], [0.042771874117807245, -0.12339094764920747, -0.03683482243303277], [0.06276992541535902, -0.09377041602341725, -0.042236324955965805], [0.08420803933187905, -0.09244531501522046, -0.04529535060360726], [0.12197135477152035, -0.14238073596135384, -0.029368761155149425], [0.054822676590260785, -0.09169905539259134, -0.044436932885456165], [0.0751718375731134, -0.06668258357113112, -0.03510034408475505], [0.09554860239842258, -0.07233733794302105, -0.02856481672914344], [0.1281165669421934, -0.10742606486355795, -0.04323454541169369], [0.07702917516867624, -0.06634210509542504, -0.05343829761585125], [0.0909694886341505, -0.046610510145370175, -0.04695966821422216], [0.10750157909135938, -0.05215039616271315, -0.04114859309598812]], "right_hand": [[-0.177696005565295, 0.010771863295391919, 3.4011925395228716e-07], [-0.13643928864124713, -0.027795274171460688, -0.0184771189821384], [-0.10342651522059354, -0.0804918020989927, -0.030348181738866394], [-0.07251823170452498, -0.11732759112960289, -0.04203345769656041], [-0.04227038877047517, -0.1334165746360264, -0.05450387237973545], [-0.14712248858118093, -0.16694018234051974, -0.02001159769991458], [-0.14348994880979726, -0.2382784663503063, -0.035908158644078425], [-0.14294831665781127, -0.2808371683958992, -0.04925105816402133], [-0.14292903593339268, -0.3186198811302397, -0.05901715890652767], [-0.17507191529176575, -0.16555388193498466, -0.0237355373140945], [-0.17714243661657103, -0.24431911497924136, -0.03685628593595642], [-0.17760018479460532, -0.2933958559240922, -0.04829880719846555], [-0.17817480633601368, -0.3336590093751239, -0.056943682525108064], [-0.2010901454769714, -0.1497838813445164, -0.02978076132654485], [-0.20769832817425166, -0.22190143768041057, -0.04214240719510765], [-0.20948108410425823, -0.2682988573527628, -0.051716315601658604], [-0.21071036434176535, -0.30785045415371326, -0.05850215140664085], [-0.22614837277295846, -0.12239536751033617, -0.0378806647626609], [-0.23862581081554232, -0.1752598498982206, -0.04963416639135905], [-0.24675003664071482, -0.21177952364177938, -0.05497503779707193], [-0.25394109405527304, -0.24578132595153207, -0.058317929563624527]]}