{"label": "A", "timestamp": 1746080312785, "left_hand": [[0.14652757130290536, 0.023263816268623207, -2.8408939564328846e-07], [0.11332293596237995, -0.026298377160854387, -0.0020553682268427713], [0.07776027595734891, -0.07181599266034931, -0.013020104700314833], [0.04082296593899347, -0.09425634063312413, -0.025064213137589088], [0.013652067963266802, -0.10996341514059331, -0.036596138604721246], [0.0955885076612225, -0.1481901056590053, -0.015730554498793146], [0.04814695106903661, -0.1775151169082741, -0.03530610548761083], [0.01567883201662736, -0.1953130637117885, -0.046997171948547564], [-0.010151273978707936, -0.20887951959203827, -0.05548669210982458], [0.10726394383531149, -0.12531445994315285, -0.025500074603038825], [0.03596805010810623, -0.10957741275079215, -0.047490368315565], [0.04751020496812888, -0.08018791166215604, -0.0492121325476681], [0.06720479135622125, -0.07772848635188886, -0.048667385937885804], [0.11144607002408463, -0.0905218620437034, -0.03598083563558272], [0.0436424103740343, -0.06253105155939846, -0.0542530724250198], [0.05768492546118992, -0.040408087954763375, -0.0438796181141666], [0.07600975321161725, -0.04649132881648368, -0.03528090926574128], [0.11049787164892196, -0.05126805201803581, -0.04710205032771233], [0.055953898836880754, -0.030233402152309862, -0.05938563453314022], [0.06666247308896489, -0.013527307529670941, -0.05247223876097333], [0.08339403061751861, -0.01849663298413725, -0.045734876140307044]], "right_hand": [[-0.14652757130290536, -0.023263816268623207, 2.8408939564328846e-07], [-0.10557845730601549, -0.06873241393970175, -0.016432092897802463], [-0.07577060483607202, -0.13227606698711145, -0.026419841857181332], [-0.05164297509506239, -0.18157450772766495, -0.03639841948719885], [-0.025550434653888524, -0.2151312874250585, -0.046715172000071456], [-0.12202327961816754, -0.2165801753384615, -0.014800037492647437], [-0.12111539172893539, -0.2880511525617867, -0.02913503884848155], [-0.12175787912538658, -0.3302965938528877, -0.041672792462507956], [-0.12302661871397269, -0.3669387041466082, -0.05080588843804689], [-0.1518842694261696, -0.2130070774551929, -0.01923079451771328], [-0.15552447628967278, -0.2920631560113143, -0.030684796207718554], [-0.15767320384639844, -0.3402319664994103, -0.04143413842811979], [-0.16092544830077596, -0.3782380420993411, -0.04970348163983545], [-0.17908907747074057, -0.19474167471543596, -0.026143858560945823], [-0.18897773054159456, -0.2675204531514073, -0.03736699425794968], [-0.19200254337311448, -0.3111597110164838, -0.04538089751756666], [-0.19449648583785747, -0.3467412600573059, -0.05136024434611038], [-0.20500200729151402, -0.16415881672834026, -0.03499236146509703], [-0.22267498985411344, -0.21761170055287124, -0.046070607503495405], [-0.2328441338320167, -0.25396443914401906, -0.050454849844293256], [-0.24155877869075165, -0.28845089243216315, -0.053210554624354235]]}