{"label": "A", "timestamp": 1746080322202, "left_hand": [[0.14989545281622702, 0.03169318397785517, -2.773413223806469e-07], [0.10080914967823074, -0.00968382292599376, -0.0022441725125005047], [0.06478650575370927, -0.0495691166167611, -0.014363502256613545], [0.03299210357512821, -0.06822271729672166, -0.028469214378871604], [0.013199394506139708, -0.07639248981161212, -0.04228663426697192], [0.08402864458519987, -0.13476088340951345, -0.018293752430077328], [0.04590442339295152, -0.17745952856199904, -0.04200645678733776], [0.016586842118443072, -0.201271868753942, -0.05557327957181798], [-0.008459366569465067, -0.22035218265838255, -0.06519658891707102], [0.10363115924370961, -0.11711896796036639, -0.0303409238708089], [0.031101514360518275, -0.10018304280802637, -0.05636868962877549], [0.041253211987886645, -0.062439387856894596, -0.056207201800027556], [0.06130431577648457, -0.059579516829479005, -0.05300837842979557], [0.11490223613842192, -0.08429921919872661, -0.043750425982526375], [0.04547460531568857, -0.04872555472864319, -0.06477888863666972], [0.05991689013288005, -0.024653329487754963, -0.05129761785287315], [0.08013019143086202, -0.03508623806718384, -0.03966097115598616], [0.11971642570157055, -0.04444103530825886, -0.05810867574139391], [0.06237398191526866, -0.015868902573925446, -0.06997598195153015], [0.07191407677043327, 0.00039804212678091214, -0.05982542868418752], [0.08981899986332448, -0.007498113018855463, -0.05056773349614892]], "right_hand": [[-0.14989545281622702, -0.03169318397785517, 2.773413223806469e-07], [-0.10746359435687287, -0.07398702729550087, -0.017132393335355208], [-0.0741142464205324, -0.13539686371156776, -0.025556946742990857], [-0.04863060833053898, -0.1824436866374972, -0.03369251265122058], [-0.02279906705070615, -0.21192907189841498, -0.04162903975404394], [-0.1209600523062823, -0.2185623858361168, -0.010394267329831184], [-0.11473336763105839, -0.2863012606171513, -0.02179361456401728], [-0.11306441167910711, -0.3263140129501648, -0.0327272538405209], [-0.11288660119572853, -0.3605023275925044, -0.04082799660703726], [-0.15104703384243465, -0.21844906758054516, -0.012765707312696698], [-0.14998109352699016, -0.2933175714521484, -0.02125288892759349], [-0.1504627715167372, -0.33893201046617544, -0.03055780892646156], [-0.1527664480876137, -0.3746215125580887, -0.03778528079923065], [-0.17876948369316367, -0.20416733026525877, -0.017874764744647085], [-0.18660937890637205, -0.2714794740797974, -0.026601652083151604], [-0.1898899308728606, -0.3120330385415623, -0.034203917388612885], [-0.19289724692343702, -0.3454926176227073, -0.03995410474273339], [-0.20562017959250511, -0.17691339382847687, -0.025080420591111607], [-0.22228006559042032, -0.22467506031714887, -0.03354076740695531], [-0.23302406267669012, -0.25650727073161894, -0.03688820455564571], [-0.24215363389688616, -0.2866103620182111, -0.03903053523390149]]}