{"label": "A", "timestamp": 1746067987374, "left_hand": [[0.2129971283300011, -0.024965810403559344, -3.293577774225623e-07], [0.15684827178831148, -0.05453424377434723, -0.0006822760152980462], [0.10245219087490245, -0.07860127477253717, -0.010343784681466553], [0.060573497748727716, -0.08316683419208219, -0.021459490538487457], [0.02966993959250207, -0.0885571854331014, -0.03158772983814388], [0.09754296819640985, -0.16789126746335115, -0.010578831719992231], [0.036529904677805654, -0.14534153998090035, -0.02966991795166339], [-0.0016534318343797703, -0.13334838980098893, -0.04475169516754224], [-0.033705378670995274, -0.12348816075818987, -0.05657161279028354], [0.11233090518771933, -0.15460768267281236, -0.020827634363090725], [0.052876603343900506, -0.08460873175729582, -0.041680245481544184], [0.077179827263903, -0.06975294568685177, -0.04657548504147457], [0.09717819220139161, -0.08141852293090028, -0.04979845871832778], [0.12697756356188636, -0.12750643992564767, -0.031764993695552156], [0.0738548503557172, -0.05466747722994734, -0.04669164578070917], [0.09748474540883173, -0.04682744405501991, -0.03737992062186487], [0.1130915682359745, -0.06540428010218245, -0.031326076072721885], [0.1415313072958129, -0.0922557275590309, -0.04376740104291746], [0.09800163541197143, -0.03898457414683188, -0.0533395795872282], [0.11568657461970831, -0.03126126557000437, -0.046306634809297205], [0.129878518603349, -0.04654618892780543, -0.040481400152174885]], "right_hand": [[-0.2129971283300011, 0.024965810403559344, 3.293577774225623e-07], [-0.1591154727170627, 0.0005148903387100969, -0.017662047858229144], [-0.11380024000906004, -0.04711786043555139, -0.0263075984728504], [-0.08009180371164043, -0.08967495134542401, -0.03459090319112487], [-0.046570940588099734, -0.11213601928752522, -0.04310144593861365], [-0.13407676756947084, -0.14826118955958859, -0.011853380915009185], [-0.11328253618900132, -0.21473098852789232, -0.02482213845055705], [-0.10328714378190847, -0.2555968748723865, -0.03678116644964941], [-0.09588408378867264, -0.29210688753950004, -0.0458860832904359], [-0.16429148783352313, -0.16024224874527448, -0.015156628184834816], [-0.14520076127986528, -0.23798708584414344, -0.025917815046506167], [-0.13369729636608624, -0.28486219631870613, -0.03644283369152143], [-0.12578095041606638, -0.32390114506168477, -0.04466451503009186], [-0.19576894968104405, -0.15608243518964254, -0.021327855651835426], [-0.1849548574534137, -0.23073230329355368, -0.033063415337941965], [-0.17545140574791449, -0.2752734100962693, -0.0419548854398026], [-0.16672482367331495, -0.3124944894834015, -0.04839090713358594], [-0.23009074816437558, -0.14003340750061447, -0.029482725527843034], [-0.2327687406219378, -0.2005410442086812, -0.041445790640151546], [-0.23269476466399858, -0.24073994945825583, -0.046648170518299344], [-0.23152543763687786, -0.2790627974422738, -0.049946974493071554]]}