{"label": "A", "timestamp": 1746080312947, "left_hand": [[0.14856860795508786, 0.021706403235871852, -2.788165367899238e-07], [0.11328815704620453, -0.028363802949454144, -0.0026350636958694506], [0.07724792389979662, -0.07513086995052658, -0.013491512099147292], [0.0413461035459107, -0.09975104979720284, -0.025332190556877375], [0.01681983290984511, -0.11335181362520907, -0.036617249366356186], [0.09777118312875778, -0.1508240746968799, -0.01677908947326261], [0.04929505252965896, -0.18207490308752378, -0.037221855562074704], [0.016719516023790088, -0.2016212544208706, -0.049076072641436104], [-0.0092546791749796, -0.21662071225598115, -0.05754387701673229], [0.109552167130568, -0.12812563724959064, -0.02627235717413269], [0.038166005736036665, -0.11329614037954504, -0.05007651036163298], [0.050247870366772134, -0.08215340212057719, -0.05120368787543786], [0.07066846673014399, -0.07992258567120496, -0.049431317844606075], [0.11403820521939287, -0.09301542742273157, -0.03659013929688739], [0.04624822036317948, -0.06664924355401915, -0.0571751249239303], [0.06081745356340067, -0.044347346677261514, -0.046640818956865615], [0.080539263157139, -0.05134701430050797, -0.03686525354238305], [0.11336102247024658, -0.05287757336621026, -0.04742621876568513], [0.05851646781571979, -0.033192599152621974, -0.06072601005138886], [0.0695890010128001, -0.017059402939300066, -0.05355928329970287], [0.08757208962544448, -0.022502285546528267, -0.046142018188873715]], "right_hand": [[-0.14856860795508786, -0.021706403235871852, 2.788165367899238e-07], [-0.10607567056311779, -0.0680422301780774, -0.01579372554693892], [-0.07284415266046086, -0.1308024699274337, -0.02582186345114032], [-0.04497748728455268, -0.1763459860502141, -0.036219750270604395], [-0.015512807177676932, -0.2031361269368512, -0.047144709975227586], [-0.12034868007886237, -0.21649634032604487, -0.013580734821723782], [-0.11849775474825243, -0.28799059185225223, -0.02760096066582317], [-0.11912495412747078, -0.3297243072406164, -0.04016672953219067], [-0.12030653998379529, -0.36602462898374916, -0.049403608149771246], [-0.15043695305910526, -0.21265180508867343, -0.018413634300662843], [-0.15313973157030494, -0.2914303755907221, -0.029569112755493093], [-0.15533823827915108, -0.3391645288865229, -0.04028875985942017], [-0.15845235979145122, -0.3766212434669517, -0.04863006516662027], [-0.1776745720345946, -0.19454931662212063, -0.025743170281296242], [-0.18635094099341148, -0.2670609529445635, -0.036457026842454957], [-0.1888667239269578, -0.3105806065289763, -0.04442847709632577], [-0.1911183915824891, -0.3459213000914225, -0.05043920930201725], [-0.20379702788773724, -0.16425638318847752, -0.035077991356018884], [-0.2207735949899746, -0.2180919565555483, -0.045426538199195954], [-0.23095091815335606, -0.2549567664936325, -0.04955413162395616], [-0.23997181346482158, -0.29001576743886665, -0.05226866191696464]]}