{"label": "A", "timestamp": 1746080556467, "left_hand": [[0.1672473163009692, -0.04457256328852876, -3.5429441087969304e-07], [0.12417627062929948, -0.08841543719761244, 0.002819804839850542], [0.07556566227929883, -0.12280848593521344, -0.005082117114702345], [0.03143998613284456, -0.1316824409769684, -0.014739492913223006], [-0.00292822634269228, -0.12985912819129808, -0.024381962103672737], [0.07374061095528399, -0.1873847748998848, -0.012921707489417253], [0.013261415265142039, -0.1822231580395153, -0.031108193622097408], [-0.024600679770040896, -0.17889712721765283, -0.04293085974852633], [-0.055270793521109064, -0.17713395957994787, -0.052017847828136655], [0.08611503016613206, -0.16888161478388874, -0.02372299656756599], [0.01768570559548175, -0.11741467072142905, -0.04362026264121484], [0.03166926622546688, -0.09548363041222241, -0.04583332364354831], [0.047191433290326844, -0.09902246660620463, -0.0470661542986432], [0.09603206682081174, -0.13787035427648428, -0.034685308704986026], [0.03401364378924335, -0.08232301932573328, -0.05255963536240256], [0.05789139171280912, -0.06909584705691221, -0.04458071194056356], [0.07841458850690874, -0.08162532733058087, -0.038158266713843064], [0.10462040484882885, -0.10231053934087904, -0.045572786080273986], [0.054843609813605476, -0.05924292935212818, -0.0585507678530513], [0.07211317348975967, -0.04897168620664345, -0.05378775747614779], [0.08992946608148628, -0.06084234323529011, -0.049014010590122795]], "right_hand": [[-0.1672473163009692, 0.04457256328852876, 3.5429441087969304e-07], [-0.13041611241341447, -0.007223833790212052, -0.020102555142928566], [-0.10540502376120583, -0.07301413994146473, -0.03191627504079313], [-0.08308771748624631, -0.12375632048312207, -0.042976504141401126], [-0.055404060763968345, -0.1503788479087087, -0.05435297905851549], [-0.16244077520057698, -0.14886872038766744, -0.018349951971488077], [-0.1687200652476039, -0.2202420526758633, -0.032342299722733725], [-0.1747939180135901, -0.2621210819497636, -0.044701302341327596], [-0.180994621988069, -0.29825223439726983, -0.0538006516355361], [-0.19199768629215933, -0.14104525644368632, -0.020797080514667804], [-0.20127587219589357, -0.21950644398729294, -0.03148713030343073], [-0.20710127955369795, -0.2670676788713126, -0.04141355558259278], [-0.21273981473635453, -0.3059743456951441, -0.04910746220036047], [-0.21840568015572423, -0.11934059866319449, -0.02584400558651353], [-0.23329788578176924, -0.19218877028341547, -0.03611073422394597], [-0.23974752154122875, -0.23596079875496112, -0.04409988708122265], [-0.24438738027784285, -0.2720830722387794, -0.05005352199037577], [-0.24333733416309766, -0.0853031638045822, -0.033159107465590115], [-0.2651069180720022, -0.1357671368173508, -0.04295374791628483], [-0.27783161136549517, -0.16894484376772712, -0.0466787189588848], [-0.2883567431999308, -0.20024664714751217, -0.04902555945198263]]}