{"label": "A", "timestamp": 1746080334652, "left_hand": [[0.13326229717735188, 0.04003056561086401, -1.0870022020358545e-07], [0.1279461202799407, -0.025750784699272264, -0.011206385670425669], [0.09253624537323114, -0.07772904540918692, -0.021819921845467025], [0.04720295379732929, -0.09664275941571925, -0.02930876102894217], [0.01012759626151047, -0.08753543549103811, -0.03774532397229701], [0.09648390286168228, -0.08678416442320981, -0.037427189436432286], [0.04756213192432156, -0.1429500792314925, -0.051779573232678656], [0.018885995353902535, -0.1765762979430222, -0.058668240589780894], [-0.005449938947123752, -0.2014115155606968, -0.0635133220417447], [0.07819424955479636, -0.05048235714811672, -0.03852052084263821], [0.03298062609300659, -0.07619303234878737, -0.05498528320009514], [0.0454913834774525, -0.06129951354611479, -0.053534611439634006], [0.06431035008954115, -0.048137724083413415, -0.0509748416600526], [0.061832354679834056, -0.011313172563113864, -0.03859603027566421], [0.02865446562381754, -0.03690946270321441, -0.0503594354362743], [0.042094797133133584, -0.02642715458037052, -0.03928533407978424], [0.056026313594129, -0.014332959016323515, -0.030924341394085], [0.04754360647999343, 0.025470226750648157, -0.03943657886588902], [0.02914606765867128, -0.0010146243355097788, -0.04619555507884516], [0.043057251314916306, 0.007242962135261281, -0.03745399137500176], [0.05360132250449769, 0.0189065540787057, -0.03030194251021145]], "right_hand": [[-0.13326229717735188, -0.04003056561086401, 1.0870022020358545e-07], [-0.0889739901163606, -0.0816168862190476, -0.013483756470183612], [-0.0540718270821147, -0.14104658113754456, -0.020732924889971797], [-0.0282597832916073, -0.18576404940649374, -0.028654040371363394], [-0.00568166340741574, -0.21426059691341665, -0.03728837459784692], [-0.09510692013997568, -0.22571665522068235, -0.010476479253742666], [-0.0876953868884078, -0.2942831305630501, -0.024079259228704103], [-0.08438117447102635, -0.33569912482990166, -0.0366907943351564], [-0.08246900452274468, -0.37194476490418, -0.045980053416189486], [-0.12473449294498791, -0.2246548657295379, -0.01607790845779778], [-0.1253124398861684, -0.3026851147044801, -0.027478723881387782], [-0.12519048650383008, -0.35127250658525777, -0.03924700152929009], [-0.12632486584577993, -0.38992555074198165, -0.04827083496061906], [-0.1515381346040869, -0.20897194750551368, -0.023972062335967218], [-0.15782562001150333, -0.28036025119945723, -0.035280303759467474], [-0.1586954035254814, -0.326250557354726, -0.044301593417894455], [-0.15925373886823382, -0.3644781071597333, -0.050948856509366265], [-0.17771297993166388, -0.18105813470704368, -0.033599701865287414], [-0.18826739130827644, -0.2366901830521368, -0.04496070213803688], [-0.19407894136757625, -0.2752331867646902, -0.04993317208745497], [-0.1989728389294066, -0.31169209536879483, -0.0531017616523528]]}