{"label": "A", "timestamp": 1746080557850, "left_hand": [[0.16125956305736855, 0.09988651077596422, -2.784303910660105e-07], [0.14409787723860878, 0.040901054876921035, -0.0006447712230647859], [0.11018148775113834, -0.014025472372039759, -0.00965902230582657], [0.07456139331280293, -0.04411945803732193, -0.0195236163726604], [0.052330624835959724, -0.061331819290591304, -0.029700064532654624], [0.12674461933331505, -0.06279726287219266, -0.018949413182099462], [0.07622018498915704, -0.10233238982803879, -0.03579222165853083], [0.04362261973811415, -0.1270678824292726, -0.044592337449301724], [0.018997121245897662, -0.14722336556902973, -0.05154847324005985], [0.1286111250375695, -0.033480655737701516, -0.028649743138771847], [0.05664494346790478, -0.03532482320524848, -0.049959597087252276], [0.06694902741855638, -0.008944036590123373, -0.05065390776696536], [0.08793398533018916, -0.002325998497305931, -0.04976370338071923], [0.12407985713498637, 0.004434949056850513, -0.03820451195516744], [0.05660744996106356, 0.007718669852853738, -0.058079210662211216], [0.06959397725853315, 0.028811530130490617, -0.04828442666843594], [0.09020719691654758, 0.029165824036715478, -0.03941069040363985], [0.11616979279642053, 0.04325544977230303, -0.047665843005829794], [0.06140586896660271, 0.03947042105640806, -0.06149070044948822], [0.07174421014245239, 0.054591315564375645, -0.054867482332699294], [0.08981489643444052, 0.05619734006320692, -0.048114729083130116]], "right_hand": [[-0.16125956305736855, -0.09988651077596422, 2.784303910660105e-07], [-0.1121501928616721, -0.10447934696346557, -0.015168548218806335], [-0.06320871464292573, -0.12984157313168734, -0.023298363974311013], [-0.021402684911405588, -0.14429216267103256, -0.03128417753008651], [0.011046011384053022, -0.14755315056183524, -0.03949702413649792], [-0.0650282153296561, -0.2259596115350407, -0.011970617253144173], [-0.03294365991932433, -0.281348473190203, -0.02408986917047571], [-0.016007685011748696, -0.31456847012165945, -0.03471616787890019], [-0.0017812277096153524, -0.34440009990617637, -0.042389204187243235], [-0.08719617231582794, -0.24463558116141867, -0.015380874934719388], [-0.053351395426424225, -0.30589785986353185, -0.02488631758951605], [-0.03228424780111056, -0.34314247888631094, -0.033947032986258056], [-0.01526416903766268, -0.37393715899418156, -0.04085911637315584], [-0.11423617371492029, -0.25210438639131266, -0.021201537137537786], [-0.08687126147891179, -0.31437859510964566, -0.030937466192284675], [-0.06850056793191996, -0.3483510275231314, -0.03799488871843189], [-0.052899934137206645, -0.3751952536162386, -0.043026440869502885], [-0.14604858546585875, -0.25129363863943294, -0.02879626875017856], [-0.1331922790376761, -0.3049063736752528, -0.038332626281372656], [-0.12284274901004803, -0.3386112405838648, -0.04165203250918324], [-0.11159392735412099, -0.3691183356275509, -0.043593337759585946]]}