{"label": "A", "timestamp": 1746080300268, "left_hand": [[0.1890114663689287, 0.0004247410732343284, -3.209623649573254e-07], [0.15115747911695734, -0.04014303713674242, 0.001924905846179419], [0.1005647931146138, -0.0689425673283906, -0.007094112416708552], [0.057940063966988586, -0.07252589793889211, -0.017959234635924973], [0.02796022402513732, -0.0742381646192466, -0.029554808182431336], [0.10103248981388277, -0.1316352989185463, -0.017569888652126837], [0.046324931970493116, -0.1420820725285338, -0.03496508660230961], [0.009185497700954224, -0.1494989156295546, -0.044433677900587706], [-0.019829919153151857, -0.15643936698119784, -0.0521469321420644], [0.11424685283932064, -0.1089331119927101, -0.029803784100569036], [0.04426115663096656, -0.07262213239786323, -0.051430634087324276], [0.06112387261373415, -0.050208129224431915, -0.051723368884382635], [0.08214531674606386, -0.05493903324110205, -0.050077549188050456], [0.12569386898650478, -0.07330107378064764, -0.04174898591505739], [0.061537112664514046, -0.03055929055207805, -0.061476465426565985], [0.08070980207892763, -0.016360862632474327, -0.05030571197952128], [0.10025776431336791, -0.028283820187795357, -0.04058564623526053], [0.1356738465797047, -0.03385384850239838, -0.05351243606709097], [0.08468309356222897, -0.0002170644780104642, -0.06781897186568465], [0.09933155094781322, 0.007836630420607598, -0.060444101434336595], [0.11778040342190943, -0.0027690790057080207, -0.05302988243708363]], "right_hand": [[-0.1890114663689287, -0.0004247410732343284, 3.209623649573254e-07], [-0.13965216109992137, -0.03922108469215728, -0.018787616779696027], [-0.09722262023849945, -0.09494114821114377, -0.028603897497008837], [-0.06269797113728291, -0.13152718237914784, -0.038383871616893495], [-0.03157280949546644, -0.14328597323142203, -0.048789222493146385], [-0.1456623460148437, -0.19155957505240415, -0.013641159300632184], [-0.13795442658498747, -0.2653444885337176, -0.026820697741042128], [-0.13446339860800957, -0.309207413601791, -0.03917687057929], [-0.1316260755835207, -0.3459502011631876, -0.048202752621850836], [-0.17931872854360995, -0.19152482949360355, -0.016860665068559502], [-0.1789436982150205, -0.27347046320146573, -0.026940430053307297], [-0.17850673730542835, -0.32264706849329033, -0.038075946463370466], [-0.17802080178591162, -0.3602412781326539, -0.04667085626879941], [-0.2113396795360094, -0.17760034761487228, -0.022851898844637047], [-0.21475596818785045, -0.25303486106081713, -0.03331402735885023], [-0.21455750626724368, -0.29782398217362827, -0.043115135040515326], [-0.21392081035699897, -0.33275901339082803, -0.05023976296898627], [-0.24341771994107425, -0.1504476114155097, -0.03106116932109504], [-0.2583619216156618, -0.2040134849304935, -0.04083865573864533], [-0.2682136039177172, -0.23914931637858824, -0.04502963091916308], [-0.27633552551429913, -0.27144962616715684, -0.04777613657018173]]}