{"label": "A", "timestamp": 1746067997878, "left_hand": [[0.18500590942688494, 0.043872242634978964, -3.6574389195799836e-07], [0.1282410661103681, 0.010258695060566262, -0.004928642375310174], [0.09369131094126143, -0.030687406984108094, -0.015044751048777874], [0.07140923428528163, -0.05997678874710836, -0.02680762544313198], [0.057546691824576696, -0.09060941966923064, -0.03698091735317766], [0.12958217989081436, -0.1296096638938826, -0.0051953247795906285], [0.07289675346662033, -0.12885510744474035, -0.027356657692988], [0.03817568814307711, -0.12937983476652293, -0.04409779257893386], [0.009990417120533703, -0.13253220553136288, -0.055657880977275566], [0.1486440575177256, -0.12393176397412001, -0.01417192551201083], [0.0771721174777353, -0.09176756268808962, -0.03639712221816628], [0.09103360424561177, -0.0516344640864241, -0.040768935165845066], [0.11116902550699218, -0.04584499662910829, -0.04137965046798219], [0.16202501210450188, -0.10284972214787401, -0.02565493483780181], [0.09205450719677087, -0.055666970760955455, -0.0442324324032182], [0.1074846095496269, -0.022418500961039506, -0.034620844056097416], [0.1263168260003103, -0.025172851536530972, -0.026141120373963534], [0.16835744157791005, -0.06941952922334986, -0.038821595776909974], [0.11240519382308192, -0.03422695309378599, -0.05115611884049346], [0.12161054737103276, -0.009078430478347268, -0.044636861727721286], [0.1374942137518256, -0.010266084910365486, -0.03762206480057158]], "right_hand": [[-0.18500590942688494, -0.043872242634978964, 3.6574389195799836e-07], [-0.13050216820478014, -0.06294712447809533, -0.016004978654446667], [-0.0830324363196521, -0.1074934029910276, -0.02213283015324867], [-0.042996533437261446, -0.13574914150987075, -0.028307303086762096], [-0.010399666042694001, -0.13468054043728028, -0.034698464471135455], [-0.11189431047316346, -0.20441152303804486, -0.005030405765544543], [-0.09245048797951892, -0.26576800633987596, -0.013381775419436283], [-0.08325482761117486, -0.3020169590989371, -0.022962073870877148], [-0.07551626327629478, -0.3335925516505536, -0.030642171717562845], [-0.14020585675380207, -0.21696126348052133, -0.007071473507642834], [-0.12324955847325555, -0.28769066757380257, -0.013545467790394753], [-0.1127130002616347, -0.33038809204183667, -0.022451484435439338], [-0.10483256520642079, -0.3652098440688943, -0.029495473368685132], [-0.1692054748284087, -0.2165985370218698, -0.011831772418813072], [-0.1578702370060197, -0.2831924324107883, -0.019230069260228907], [-0.14922190538319483, -0.3191195788048101, -0.026807190569665712], [-0.14214658006779515, -0.34828190553660326, -0.03217899655259442], [-0.20065307662108378, -0.20547117471461224, -0.018753992282812434], [-0.19802996785858504, -0.2596000969965758, -0.025874192041240085], [-0.1955077737332796, -0.29437726999464986, -0.028991649964556998], [-0.19235290769448146, -0.32629520693542297, -0.0310476567348944]]}