{"label": "A", "timestamp": 1746080310491, "left_hand": [[0.14974994252907983, 0.014234713525865875, -2.629696447023043e-07], [0.11649992204689891, -0.03464206658113862, -0.0016450632903067348], [0.07758003046383408, -0.07937096261590461, -0.01267889235564124], [0.03803434165317536, -0.10037739074432492, -0.024501552878870805], [0.009161980141932154, -0.1179379792421208, -0.035890016248732906], [0.09633374534288915, -0.15610751272833256, -0.018515048743106076], [0.04453249265327784, -0.18663461693151057, -0.03866429696227409], [0.011054977562910464, -0.20574177684004247, -0.051210940815918184], [-0.014804265072042633, -0.22131459334242373, -0.0606357689763693], [0.10551330420875459, -0.13324827729922126, -0.02836595942935778], [0.03130766278824783, -0.11848122282724513, -0.050031981630207965], [0.04232691728435595, -0.0873921339012911, -0.05140102886157218], [0.06295378393102051, -0.08560574006178404, -0.051055457960272194], [0.10772468719257615, -0.09828027169291587, -0.03873151654178385], [0.03932826400100612, -0.07072688009560446, -0.05624315005263404], [0.05354844067485319, -0.047432002289939365, -0.045695706369122804], [0.0733498065263616, -0.05495810112728343, -0.03760638913620576], [0.10519434857328314, -0.058728632749200434, -0.049681311251101125], [0.05096779314612255, -0.03705151417371642, -0.062470396304651996], [0.06253577817640132, -0.019291827810525713, -0.055951687060395466], [0.0806400378137927, -0.024669536689463038, -0.04956239766381494]], "right_hand": [[-0.14974994252907983, -0.014234713525865875, 2.629696447023043e-07], [-0.1065630127871003, -0.059394050024453415, -0.01627749920296604], [-0.07334748169892477, -0.12352971476340362, -0.024935910365164946], [-0.05035221268891198, -0.1739348595865814, -0.03345391998763351], [-0.028686976564771764, -0.2108695801305977, -0.04205424275318159], [-0.11885666464352372, -0.20859637989615692, -0.013624393439031065], [-0.11383678322739244, -0.28107477251233115, -0.027542923752949304], [-0.11318408569765591, -0.32371324784906935, -0.039734470257233284], [-0.11424810844340004, -0.36015464179246703, -0.048439345678898856], [-0.1495364770519777, -0.20701264687597087, -0.01769716932908264], [-0.1495719997026217, -0.28784051916705927, -0.02868767412727581], [-0.15049542828643886, -0.3361948098955594, -0.03911214690971743], [-0.15351605608812838, -0.3739816465005604, -0.04706689137284273], [-0.1775313898998211, -0.1905591037925777, -0.024285493125941176], [-0.18421638220381234, -0.26546140959427006, -0.03523855684548573], [-0.18571632345503952, -0.3101031023316928, -0.043126691884961134], [-0.18731305234967133, -0.3464336705932168, -0.04897252391918175], [-0.20493371225066256, -0.16148443775740612, -0.03277493899215281], [-0.22113669950658207, -0.21606796553843047, -0.043859448989418875], [-0.23075057354866377, -0.25285300638800806, -0.04821471034123816], [-0.23898750841643476, -0.2873453220156294, -0.0508000342469969]]}