{"label": "A", "timestamp": 1746080304454, "left_hand": [[0.1960607215879519, 0.0034283035839391207, -3.7765278883443746e-07], [0.1432755760102618, -0.037244217971497566, -0.002948902337023178], [0.09968609366442631, -0.0763997635701087, -0.013627435480610904], [0.06319409834259873, -0.10053810173333932, -0.024758323682926003], [0.03937964127131975, -0.12425200698430582, -0.03469160483407077], [0.1170395214798262, -0.17483198676485334, -0.012802391556824326], [0.05153123678795493, -0.16040613439466422, -0.03554926750587436], [0.01120236947206182, -0.15294932022924237, -0.052226957103332514], [-0.020850381775135426, -0.14941966010386784, -0.0640321058065273], [0.13299825262903206, -0.1563040493105138, -0.02256591846358985], [0.053459655158917346, -0.11862049192595123, -0.04501538170012287], [0.06946935197924195, -0.08707151526173343, -0.04886127806678123], [0.09077970851623747, -0.08465815661407343, -0.05007899835601806], [0.1444545307754043, -0.12216459871148498, -0.033687355982717236], [0.07299629138081992, -0.07138738561571326, -0.05300403030767957], [0.09023778632002592, -0.046620445295315734, -0.043828829984379425], [0.10833335861103245, -0.0541986957101927, -0.03602183040530024], [0.1518589231076754, -0.07954074339310918, -0.04562653865294631], [0.09371805189647409, -0.03642301922557664, -0.05797840434904342], [0.10527189289898792, -0.018117453041539472, -0.0515030194431321], [0.12085125551881361, -0.026037863213874583, -0.045312486654710424]], "right_hand": [[-0.1960607215879519, -0.0034283035839391207, 3.7765278883443746e-07], [-0.15015858569498278, -0.038070436644423424, -0.02015639661128381], [-0.11250612503381333, -0.09181519300117799, -0.032638512169134784], [-0.0757743228173533, -0.12911846217507705, -0.044747596376448644], [-0.03758837037173629, -0.1398458545843442, -0.057045095496681304], [-0.13834133264489729, -0.1877821530358338, -0.01693415312738602], [-0.1231075785873423, -0.2570120046808711, -0.03205219379597171], [-0.11661593160873847, -0.299480395542308, -0.0453240880508993], [-0.11224254054600105, -0.33664743692611143, -0.055158134633569715], [-0.16764159277120075, -0.19625506173913893, -0.020101871965198775], [-0.1532219865697277, -0.27712206218293983, -0.032480283878339136], [-0.14465795277926435, -0.3257024440931993, -0.042934267496084935], [-0.13816919896469773, -0.3657809281797015, -0.050596587318274426], [-0.19885306556445737, -0.18867813336610675, -0.026185872609962878], [-0.19148584368405477, -0.26837401549570034, -0.03851816394374545], [-0.18435722161660026, -0.3142284620821227, -0.047323111120385244], [-0.17750412073361477, -0.3513775313608474, -0.05341875866640172], [-0.231922122109832, -0.16755573669139506, -0.03451070783664265], [-0.2391576858665156, -0.22662431723714482, -0.04614337558415327], [-0.24358187016013114, -0.2663833653578982, -0.05084704718777228], [-0.246441302970254, -0.30332291974426073, -0.053692148297896335]]}