{"label": "A", "timestamp": 1746067993339, "left_hand": [[0.17622355851204655, 0.004019628432355818, -3.332434226912961e-07], [0.12534777149759083, -0.03671484669190061, 0.005673980940429126], [0.07653109703212627, -0.07110576119234675, -0.0013976675811833274], [0.03536035593028759, -0.08325383648769191, -0.011421960572898912], [0.0030374290654712793, -0.09080239813254506, -0.02087295640822756], [0.083277179814528, -0.15680066252535976, -0.0011410140404204071], [0.0210027769693944, -0.1489979128522459, -0.015319700292996511], [-0.01503233977968497, -0.14548427991931834, -0.027343459372324286], [-0.044961027126081084, -0.1465068100835583, -0.037607447956513794], [0.08762116492888156, -0.1411547399329574, -0.014061083290383386], [0.02075339627972962, -0.08566765204356772, -0.03071940712327727], [0.04156159159701208, -0.06517193373502185, -0.034646794746323345], [0.062147632401870274, -0.0709764715187615, -0.03783270817145648], [0.090419914255505, -0.11240227891264286, -0.027178998701102585], [0.033139365498959815, -0.053037286630658646, -0.03881625093524433], [0.05593969419575721, -0.03531281412503824, -0.02994385975745531], [0.07385696871372084, -0.04575074805148942, -0.02518455987916003], [0.09280897664005262, -0.07634488199814765, -0.04107238636297818], [0.04961536292633071, -0.03182814078471032, -0.04954172091244002], [0.06792864196113553, -0.016065293548284416, -0.04357330604064956], [0.08406965109230613, -0.02286619848044379, -0.0389356832534874]], "right_hand": [[-0.17622355851204655, -0.004019628432355818, 3.332434226912961e-07], [-0.13588483367037862, -0.03322758478463641, -0.015927960076048613], [-0.10449552431798202, -0.07912058845659725, -0.024659831937750915], [-0.07843115138776496, -0.11446723884944543, -0.03295270769268037], [-0.05321333229453044, -0.13327770763365424, -0.041506788919049374], [-0.13707421084098467, -0.16505079514655904, -0.014089424631504926], [-0.12727937401276543, -0.2288501181514139, -0.026496486626629963], [-0.1232636746552236, -0.2668295722405062, -0.03730774621897388], [-0.12113899278124829, -0.3000190565555492, -0.045126587764671565], [-0.16376111100717217, -0.16833099481112565, -0.016890412952967226], [-0.1574006322494569, -0.24025446580887927, -0.02642652598273605], [-0.1537293278554642, -0.2828363110179597, -0.03532125799547847], [-0.15195329359071902, -0.3174971529581273, -0.04220171513651886], [-0.1899133796521988, -0.15860822183743606, -0.021919160692734647], [-0.1890486596222527, -0.22559940966015704, -0.03124167650390204], [-0.18558030349850527, -0.26537988230737053, -0.038352735668216786], [-0.18229379420203146, -0.2981766093703451, -0.04366905123801031], [-0.21659956334003783, -0.1382308842418154, -0.02876687939569254], [-0.22568656578441337, -0.18818019541513095, -0.03777930164424212], [-0.23004612852479417, -0.22055866090805332, -0.04107898200841962], [-0.23295789653283197, -0.2505074096482056, -0.04311770670376198]]}