{"label": "A", "timestamp": 1746068003079, "left_hand": [[0.16936047057057288, -0.04922399189746394, -3.7794512505210186e-07], [0.1072461987286284, -0.0698155379476454, 0.0053093922970845545], [0.06303580277892283, -0.10534084051216877, -0.0012717374517167033], [0.026574856599908683, -0.12365454660267214, -0.01083531778262198], [-0.004033021677131778, -0.13551242426326982, -0.018015888457832207], [0.08689698960876466, -0.2135064178110145, 0.0034676435502924495], [0.015986924245725766, -0.17859982285542506, -0.01633979551815816], [0.013610466754452877, -0.1472335043409782, -0.029767884349016737], [0.021815191012521596, -0.14039296481125746, -0.03728364945918249], [0.0928273470444287, -0.2038893740770337, -0.00936805410052584], [0.010161250102528408, -0.16422399404773214, -0.02981408380089945], [0.026301163599277328, -0.12948648217644695, -0.03419935375076068], [0.046772274945695726, -0.12563883308660606, -0.03410161673284085], [0.09653435853340897, -0.18098332445609758, -0.023324532920178706], [0.026228521221093672, -0.12669332158850236, -0.03806193488500599], [0.04773687767660719, -0.09995779570162786, -0.030292328077304267], [0.06724940313555963, -0.10649321278426406, -0.023315649821280867], [0.09786877700780088, -0.14717834994272766, -0.03777701533501898], [0.04559869696926198, -0.10163867184840074, -0.047116156112360065], [0.061721831788760395, -0.08160573834883764, -0.04179024685583835], [0.07974110388984461, -0.08837940775668832, -0.03582785156323043]], "right_hand": [[-0.16936047057057288, 0.04922399189746394, 3.7794512505210186e-07], [-0.12615060720145954, 0.008046525301135423, -0.013127030418689324], [-0.09193000577479839, -0.05115764884508803, -0.021061543985417566], [-0.06073100931730587, -0.08953544883576257, -0.029901447267086233], [-0.030918870815291367, -0.10437839014801831, -0.039422466093070735], [-0.14069975045083913, -0.14020830152664918, -0.009236168897314436], [-0.13605479622832792, -0.21060275275686324, -0.021546087909139196], [-0.1337802092775045, -0.25197982691156107, -0.03343910968325628], [-0.13205256807110632, -0.2885650478123096, -0.04239127387247279], [-0.16683163529610667, -0.14021130994837191, -0.014668183109007185], [-0.1672014754983003, -0.21837257663564455, -0.024466528583201797], [-0.1660016288638971, -0.2671244175336279, -0.03472805940982212], [-0.1659626905924936, -0.3070123351649174, -0.04269085336367994], [-0.19104644620129507, -0.12636090321749424, -0.022411475398652226], [-0.1976438172044495, -0.19856781847146035, -0.0317311088235522], [-0.19810043692105245, -0.24388247640441027, -0.04014642871689224], [-0.19863889549199965, -0.2824064416651271, -0.04631960919979873], [-0.21459030568616896, -0.1003679438631638, -0.03204057880690683], [-0.22670627168838076, -0.15614415597922762, -0.04098578754955903], [-0.2334390705864857, -0.19395387789727805, -0.04483811131095897], [-0.23935218462934854, -0.2291578418878698, -0.04740918678310975]]}