{"label": "A", "timestamp": 1746080302521, "left_hand": [[0.16016848732928765, 0.017520169170622525, -3.6017813581148064e-07], [0.10433068896091917, -0.012861765399289122, -0.008955092151246829], [0.06667046288178684, -0.04916908758408072, -0.02124870711715808], [0.044765584819734625, -0.08433930761296123, -0.03535441702038778], [0.04689304394942466, -0.1148560044499091, -0.04778709435337633], [0.08873319490744311, -0.14503197128466133, -0.007634154458508402], [0.04630551688738104, -0.16557469420485194, -0.03112157746418312], [0.017674726922019345, -0.17745996129052624, -0.04575094121238263], [-0.006867230172525851, -0.18795353480229401, -0.055692426496113855], [0.11584885634673993, -0.148338673095387, -0.016437501829039657], [0.06038839232607289, -0.12517322150303106, -0.044184917166615115], [0.07307476645592607, -0.07662744582622723, -0.04718791217634579], [0.09132500110265879, -0.0674274079668356, -0.04330983201172436], [0.13948870754129775, -0.13292245250219187, -0.0283569295559349], [0.08587372171210601, -0.08295788510913689, -0.05240422262765059], [0.09881636268273404, -0.04676715049644879, -0.04209580609689961], [0.11531242967946707, -0.05042303226773566, -0.03015568257353883], [0.1567240366283103, -0.10333984028697672, -0.04233181762260539], [0.11361788522707233, -0.054563074800025924, -0.05622273878079787], [0.12025175814421951, -0.026921694830350482, -0.0492252171705003], [0.13315171225620795, -0.031021964282747894, -0.040788675845558287]], "right_hand": [[-0.16016848732928765, -0.017520169170622525, 3.6017813581148064e-07], [-0.11624516667852944, -0.055885821084338004, -0.022370311612360007], [-0.08344490501553552, -0.10954815581816407, -0.03669343949066792], [-0.05794739239211762, -0.15358001472723795, -0.05019660271297046], [-0.02501387998481233, -0.18029386607736078, -0.0636763532677651], [-0.12254726946312715, -0.2060327852699452, -0.020355934414718817], [-0.11503802456599384, -0.2798059662803451, -0.03610946587286152], [-0.11279383217526297, -0.32386149964173616, -0.049346749060914664], [-0.112236462723248, -0.36138829286538543, -0.05875217189971637], [-0.15517913292567728, -0.20664675487411538, -0.022562848648608726], [-0.15180876504933558, -0.288133728049669, -0.03471696190424102], [-0.15100465317082412, -0.337283766805193, -0.045273741650916334], [-0.15188425012999301, -0.3754927666890374, -0.053055711685964214], [-0.18551505710806637, -0.19141295504158265, -0.027643493106187886], [-0.18958798256803744, -0.26645681675231403, -0.038975322064765665], [-0.1902434917304657, -0.31026828472143214, -0.04658496940362025], [-0.19042921780889394, -0.34556627394835676, -0.05209950966243209], [-0.21450364999796784, -0.16223958305134564, -0.03518370145528449], [-0.22998008565007588, -0.2168482402776407, -0.04545337155787291], [-0.2396134206202233, -0.25290284678950503, -0.04879049503982617], [-0.2473461887694651, -0.2870151101776825, -0.05069943442184939]]}