{"label": "A", "timestamp": 1746080304859, "left_hand": [[0.17523234089791292, 0.0140662448964567, -2.8216353042007014e-07], [0.15188394634874586, -0.04998415727473946, 0.0007342072774081113], [0.10697441326083966, -0.09804715696882946, -0.007272578012183947], [0.058397373026614886, -0.11486813047646419, -0.015796311648176745], [0.022201350072715, -0.11646608720696232, -0.025449608602547157], [0.10104794231432247, -0.14888240030693006, -0.023567355884457103], [0.037922052419046094, -0.17240313060802834, -0.04280586034077894], [-0.001857458772318662, -0.1882940007217707, -0.05287758900479971], [-0.03449657982523567, -0.20311312578631452, -0.06048531292916206], [0.10634455670555798, -0.12137558323952291, -0.03343619495330601], [0.026164730053788166, -0.09945642297645607, -0.05606810152190406], [0.03449005685426763, -0.06669555247707429, -0.05636145455008937], [0.05259759605266069, -0.057446169818468715, -0.05452257578545519], [0.10766797813315616, -0.08049808297582292, -0.042742665493762], [0.04028899706226674, -0.04789520910268752, -0.06365851009621859], [0.05923383470317011, -0.026457569611955584, -0.054824971591177836], [0.08133324195992535, -0.030884936315123023, -0.046037944911924526], [0.10721342404546466, -0.03688082080109607, -0.05157551937211223], [0.05573923383102489, -0.011629582435251072, -0.06591849608210097], [0.07204156458577188, 0.0023480223221908976, -0.060104940996], [0.09108084267515136, -0.0035341380635229643, -0.0535752188480912]], "right_hand": [[-0.17523234089791292, -0.0140662448964567, 2.8216353042007014e-07], [-0.12984664994674758, -0.051033499817231376, -0.01635533667851333], [-0.0944603882284725, -0.10755723025725994, -0.026163698012523315], [-0.06456949183317354, -0.14969931208798923, -0.03615528494176068], [-0.032672677269456704, -0.1714136548661411, -0.04634556099616241], [-0.12762206962033967, -0.20324858678399785, -0.012541086457173865], [-0.11789301087798201, -0.2730625187493666, -0.026091381941160757], [-0.1144592657116611, -0.3142288744242433, -0.03843372019064707], [-0.11290006645880983, -0.35044705265854487, -0.04756680664455197], [-0.15614504385315642, -0.2069365756788079, -0.016914469870358318], [-0.1473283072281456, -0.285327016370446, -0.027565647072394953], [-0.14372834991529204, -0.3331251225875276, -0.037369955321309996], [-0.14293096901232086, -0.3716230886838645, -0.044908249065984424], [-0.18489611287836594, -0.195643981714559, -0.023982962320421044], [-0.18219999591885994, -0.2710073645114552, -0.034621718777811894], [-0.17900265615225844, -0.3159464126166862, -0.042177829456672], [-0.1767421424333021, -0.35226635300157083, -0.04769128033472279], [-0.21514546839837817, -0.17124067252233546, -0.03307611934890676], [-0.2244867241553704, -0.22833266213290668, -0.043485609066132525], [-0.22994639380339893, -0.2674079396860276, -0.047367394857880926], [-0.23482678369290824, -0.30365123991638976, -0.049723471052389515]]}