{"label": "A", "timestamp": 1746080304969, "left_hand": [[0.1686852390334809, 0.019438624282820904, -2.6612352228014034e-07], [0.14959420459265374, -0.04956169403867461, 0.0013778069608452357], [0.10678052181468671, -0.09927549164180752, -0.006365638187228776], [0.06002384083128536, -0.11613431573637303, -0.01502661018107309], [0.025545674819862804, -0.1125900612502652, -0.025073170623332024], [0.09613802553899459, -0.14531051062419512, -0.022897079588845515], [0.030321168427198366, -0.16531763706881827, -0.04074357716378433], [-0.011112453661637172, -0.175719793114063, -0.05000146699649642], [-0.04503079405387291, -0.18441116130013507, -0.05651880482695314], [0.09617695680846904, -0.11317188001877722, -0.033189826317914596], [0.018570677659515946, -0.09260968119135657, -0.05326145153965397], [0.020102087431139195, -0.061461496787539066, -0.053184414215355996], [0.033473280911187134, -0.04965317497711989, -0.051353946654237904], [0.0947120923462963, -0.06974325671396622, -0.042777825588557736], [0.03163921069867871, -0.04211416482267181, -0.06107443295820881], [0.05163588756806503, -0.023561566437279538, -0.053112200860131714], [0.07491999326214246, -0.027489512727480982, -0.04535417873732841], [0.09333931240814208, -0.024364108905108407, -0.05198647132641498], [0.04530680241928938, -0.006038194626568804, -0.06430418635206879], [0.06269402795913454, 0.005391377236637723, -0.0580575377891643], [0.08293470429650604, 6.450820814079953e-05, -0.05140224764663456]], "right_hand": [[-0.1686852390334809, -0.019438624282820904, 2.6612352228014034e-07], [-0.1252547672478518, -0.05517647338561047, -0.01440678438349566], [-0.09048601250700904, -0.11109788454090302, -0.021521739127517297], [-0.0645221000400088, -0.15421011583303748, -0.028927656305308216], [-0.04276414160583786, -0.18428455922614645, -0.03651732285054231], [-0.1267549037419612, -0.20471662877638483, -0.010330816983601837], [-0.11681039759558202, -0.274999943682014, -0.02300210583634668], [-0.11335894439136096, -0.3162666932218959, -0.034816484722303635], [-0.11250777556078735, -0.35231108834769836, -0.043328333355457556], [-0.15477227091529605, -0.2077799953190571, -0.014538751531593348], [-0.1476559592826127, -0.2862299362030165, -0.024264396606010603], [-0.145289620904746, -0.33376248871672887, -0.03431338200046518], [-0.14618387065561014, -0.3712329490695738, -0.04213806260501398], [-0.18201218214619014, -0.1966002701590766, -0.02115212548536845], [-0.1810456341608805, -0.2711844152048299, -0.03069412493361294], [-0.1792527492327216, -0.3157160722827011, -0.03841362839426726], [-0.17907421050636, -0.35139852354709605, -0.04424399624763508], [-0.21078906745321085, -0.17281292499330428, -0.029592925494833958], [-0.22041420138314557, -0.22954721501936756, -0.03954331424279614], [-0.22655810836425389, -0.2675813299873796, -0.04347749915575857], [-0.23255093033155874, -0.301812855843934, -0.045799134477106616]]}