{"label": "A", "timestamp": 1746080320508, "left_hand": [[0.1585700642817977, 0.025651473990482124, -3.154134118832265e-07], [0.10701465237960911, -0.017427005918963602, 0.0030456348496494872], [0.07279400940405346, -0.06295610402152713, -0.005216258477934386], [0.04540174408007924, -0.08432096854843768, -0.016357423384224738], [0.024325635163069036, -0.09984497506452254, -0.027146634518042636], [0.10151518169337233, -0.1426232332943123, -0.010654196562190459], [0.056039767238502486, -0.18670473132412227, -0.036115487639931526], [0.021527423240632226, -0.1961529831893423, -0.05005711516698419], [-0.0028601006475702778, -0.20452514265477703, -0.05784450069182888], [0.12365360268780097, -0.1306662965340929, -0.02531368289566818], [0.060809511999100396, -0.16371463030433, -0.05268861762338336], [0.05231697633344853, -0.11809895811544663, -0.05567012010585072], [0.06496980184097605, -0.09732307087809237, -0.05215327576792468], [0.1370698861059976, -0.1023491717120335, -0.041135202363920854], [0.06575783991953102, -0.0915933320570389, -0.06279381479945179], [0.06731669943979084, -0.05327456848020911, -0.051551578855115035], [0.08655297753087864, -0.05497540389172411, -0.0399366605792876], [0.14169162389277773, -0.0648889958539675, -0.05716009992954733], [0.08308026616557079, -0.04514340686624308, -0.06668541903655359], [0.0849699235515015, -0.0186984422777962, -0.05524393821494225], [0.10217537484737399, -0.0219207234590229, -0.04511386282330317]], "right_hand": [[-0.1585700642817977, -0.025651473990482124, 3.154134118832265e-07], [-0.11258218313127594, -0.06418255271217488, -0.01423384677933879], [-0.0773404463198851, -0.12313848862741955, -0.021780730833601526], [-0.04924589298948841, -0.16732020080818216, -0.03000190284837073], [-0.020092200912905336, -0.1920710272919132, -0.038732284949530224], [-0.11758130188363622, -0.2128545936402047, -0.007392847575341485], [-0.10632653040432201, -0.2790952357446438, -0.020299946657591182], [-0.10109542535990336, -0.31927984795705544, -0.03262091140880723], [-0.09691658643270443, -0.35485061188022526, -0.0419649890336158], [-0.14765531261416578, -0.21472089811342215, -0.01254156161078088], [-0.1442163332338882, -0.2913832859504356, -0.023690745314708037], [-0.1423187512859857, -0.338702616237731, -0.03503466373315041], [-0.1421061205612212, -0.37720017336099454, -0.04346112704844644], [-0.17527234095689667, -0.20063519959521248, -0.020383404392383415], [-0.18072040718361748, -0.270888510276478, -0.03188946075134542], [-0.1812539914343468, -0.3169979598179559, -0.040455473937403626], [-0.18124209582528078, -0.3575871279319129, -0.0465754536050246], [-0.20162868018966376, -0.17385873585242462, -0.030079160753014148], [-0.20629308262590915, -0.22943872070661403, -0.04037687262665161], [-0.2065386826842752, -0.2669190060172942, -0.044173513611717875], [-0.2051393137398055, -0.3034556898901817, -0.04668840052839318]]}