{"label": "A", "timestamp": 1746068006667, "left_hand": [[0.15491766658315623, 0.010134426158912014, -2.4697747634733016e-07], [0.13776425168072776, -0.05411612305504866, 0.0012538536550140442], [0.09381856474130888, -0.10447900034131644, -0.004129222447758702], [0.046315574210929474, -0.12642471631029847, -0.010039528766670086], [0.012289141935714978, -0.14064425599910244, -0.01703795207386354], [0.09289757408829491, -0.14000560741339368, -0.017528337164861144], [0.036734236980564765, -0.16940123127461498, -0.030562147000521477], [0.0017733223218860377, -0.1847318941879028, -0.03545761659307148], [-0.02573237897759703, -0.1955171883111698, -0.03893966537615131], [0.08622396884297759, -0.1111322479577693, -0.025090351554437156], [0.022424792433155396, -0.09847417201216174, -0.041276300453462776], [0.03502952562954501, -0.07432786358151829, -0.0389531030916665], [0.05533938128475169, -0.06910337101443792, -0.03569733787577148], [0.07935893466774854, -0.07137562328996772, -0.03200792875776203], [0.025425142026880922, -0.05528726287406215, -0.046794664275657503], [0.04057654737562764, -0.036861112061400414, -0.036930462833615174], [0.0588856898355944, -0.03600364297203661, -0.028309991281669923], [0.07241635905238722, -0.028700247590363114, -0.03848681316295768], [0.030726911961077647, -0.02011888285141338, -0.04768126842083572], [0.04137644854751862, -0.007372990624690063, -0.04099599294871212], [0.0544625148320359, -0.006748001815896253, -0.03439814965149928]], "right_hand": [[-0.15491766658315623, -0.010134426158912014, 2.4697747634733016e-07], [-0.10731454436646358, -0.04883043756818588, -0.01648311666241542], [-0.07594763944795971, -0.10976317340999707, -0.021969127038914085], [-0.05536698891823532, -0.15919857825104167, -0.026963026847322415], [-0.03157261779791364, -0.18171934922216887, -0.031904985293995075], [-0.12731250578321865, -0.19203560165586786, -0.005786078816922824], [-0.12759645629525726, -0.2599897749182523, -0.015292316907448884], [-0.12901654494837966, -0.30091086555975566, -0.02530677589555561], [-0.13088046832136765, -0.3354490953464811, -0.032792009555335], [-0.15609682461919888, -0.19062451549192488, -0.006964582296981384], [-0.15775148213038093, -0.26665226509026274, -0.01427427792066563], [-0.15716487993544825, -0.3124811287261947, -0.022843672349836433], [-0.15683937393335734, -0.3489250054224251, -0.029319323361001792], [-0.18214143392817686, -0.1780844801844382, -0.010887747798402011], [-0.18604160032036632, -0.2472756914866297, -0.018614422966522097], [-0.18399486640044108, -0.28771333645587793, -0.024654517046622398], [-0.18202673021271185, -0.31995862024527977, -0.028832012620058967], [-0.208606327445327, -0.15549713880665875, -0.016958376071176694], [-0.2140828056861995, -0.2100419723997515, -0.024102296858280907], [-0.2146413081115734, -0.24374172234762229, -0.025994127947725165], [-0.21448867390836562, -0.27338267004064293, -0.026884540145826284]]}