{"label": "A", "timestamp": 1746080309087, "left_hand": [[0.15055511862734414, 0.019349827597392844, -2.419453947003159e-07], [0.12289305139406544, -0.03206079786267011, -0.001696605253040462], [0.08311347060230012, -0.07326856899638905, -0.012724771041276174], [0.04035888014863404, -0.08615606222979628, -0.025142198248620823], [0.007438264719706526, -0.09226846882575192, -0.0380384894803047], [0.09358542284689056, -0.13618762582068447, -0.02048374369422433], [0.04440605463325318, -0.16653499024098603, -0.03896591066610355], [0.012114962723642948, -0.1863470689553151, -0.049152342639769725], [-0.01443026326544463, -0.20326961046355826, -0.05695444995323246], [0.10239788595949093, -0.11107719029630396, -0.03025289979688239], [0.03302176101088717, -0.0919199269102686, -0.05210743933289076], [0.044643208650299235, -0.06495660653101254, -0.05325036925127262], [0.06348508664302996, -0.06364877748273576, -0.05265966259562925], [0.10443758373765534, -0.07327234544457867, -0.04009717776914747], [0.03831256492455937, -0.047708458966933175, -0.059826005722525555], [0.05227042137237432, -0.025987888064294095, -0.04969363932133569], [0.07059554959677167, -0.02933420226975696, -0.04077932903892392], [0.10205658512356387, -0.03261444595505813, -0.050174508501078366], [0.050079665666624695, -0.01193787242212669, -0.06390914741151955], [0.059121764546205526, 0.0035372153937643642, -0.05751883840285704], [0.07436350943955382, 0.001533515135499273, -0.050849604915234506]], "right_hand": [[-0.15055511862734414, -0.019349827597392844, 2.419453947003159e-07], [-0.10763797633153402, -0.06353364778242253, -0.017302963079275396], [-0.07630577312211008, -0.1290979160088289, -0.026180792958791117], [-0.05454031792011627, -0.18199559589776457, -0.03467222116356464], [-0.03226843755126166, -0.21965901449710387, -0.04323541920709796], [-0.11935556749137016, -0.21354955283780988, -0.014466274493898264], [-0.11442298913785104, -0.28561445692796, -0.028459606601512942], [-0.11442818608490099, -0.32856329193919637, -0.040662272137413004], [-0.11638811072584866, -0.36499751129912467, -0.04945753335527804], [-0.1505563485714793, -0.21203246005498844, -0.018125122267972103], [-0.15033429168561332, -0.29281695781395634, -0.02923498893597089], [-0.15184505285461225, -0.3409800803551328, -0.03959602317275316], [-0.15562114591952755, -0.3784503630789391, -0.04747251179086832], [-0.17944413308964552, -0.1953606192724349, -0.024388487183361163], [-0.1850048577715137, -0.2708511603031869, -0.03563697375233895], [-0.18604931420487744, -0.31505608009323943, -0.043366122425404205], [-0.18746325625033577, -0.350505703188241, -0.0490835956918773], [-0.20786032064776405, -0.16577090043938872, -0.032601670843080355], [-0.2239790763405267, -0.22024942232829187, -0.04387834218822571], [-0.2334141077249758, -0.2564314165247292, -0.04807356470193029], [-0.2414146517999625, -0.2901452419818906, -0.05054136965491276]]}