{"label": "A", "timestamp": 1746080329916, "left_hand": [[0.15500629706412647, 0.028800140478112624, -3.049436207164084e-07], [0.10903352940363491, -0.013684183819896176, -0.005409822259321479], [0.07659015931024814, -0.05767488707252913, -0.018692369005291545], [0.05038636884894828, -0.08723377318268814, -0.03248613167509962], [0.02978132435311173, -0.10890684996896495, -0.044845804581130494], [0.11012632320681394, -0.14298773141488547, -0.020928679972002474], [0.06270827642832641, -0.1735396863901947, -0.04686636903224457], [0.027796294280668248, -0.19154720174956427, -0.062324654497347226], [-0.00015009210598610206, -0.20255142524989334, -0.07224134556931801], [0.1264300463967227, -0.1218683049026166, -0.030360370992106638], [0.050452721127672566, -0.1053162162364491, -0.05448561691974939], [0.05997732811643859, -0.0681559387553671, -0.0539716904722744], [0.08008006763957404, -0.06694687660810146, -0.05136107042782809], [0.1333267172543021, -0.08842614900030153, -0.041636303411394536], [0.05978084390496588, -0.058670421369683666, -0.06117208290078869], [0.07209439045406857, -0.03216041710727066, -0.047377343214221664], [0.09173859535530378, -0.03978714168531024, -0.036276487731774984], [0.13349772533506377, -0.04805977371757645, -0.05422037752662067], [0.07365822469366237, -0.026141582966814684, -0.06689397987468391], [0.08289409029073701, -0.00889481416981384, -0.05781657634659548], [0.10126323807496843, -0.014963921684618266, -0.04925815518813577]], "right_hand": [[-0.15500629706412647, -0.028800140478112624, 3.049436207164084e-07], [-0.11074174327179906, -0.06621289248879386, -0.01718364744362708], [-0.07354121493342955, -0.12089867550695647, -0.026764848826024305], [-0.04438808890791941, -0.1626055669129443, -0.03598084581028896], [-0.01689780744205961, -0.1901473008728068, -0.04528229770494885], [-0.1145152477434161, -0.21438235455143068, -0.013195654853998732], [-0.10794587191713148, -0.28556069855867156, -0.02617917473413448], [-0.10595198058183199, -0.32697484671232335, -0.0380018993280778], [-0.10515325207423767, -0.3620438304284869, -0.046296054760396], [-0.14451598214582306, -0.21592689410577348, -0.01626409490237302], [-0.14171391148024615, -0.2951927483595668, -0.025801872077049672], [-0.14025690369478047, -0.34298091365133676, -0.03560281736932607], [-0.14062030479912366, -0.37926255047007656, -0.043150029532045976], [-0.1732014979011853, -0.20333471800928685, -0.02191641600053473], [-0.1759682843043819, -0.2771621865705919, -0.031282592184850855], [-0.17465143990145027, -0.31920952197856406, -0.038460889518935344], [-0.17351957436063795, -0.35159641938669306, -0.04370049082335272], [-0.20255214433422794, -0.178814388836137, -0.029613860959654025], [-0.21390868342760552, -0.23546937313865757, -0.038940005138436644], [-0.2199792916401517, -0.2719621974336493, -0.04210525805660277], [-0.22463778794133937, -0.3052636271917772, -0.04377198835147727]]}