{"label": "A", "timestamp": 1746080310163, "left_hand": [[0.15153758204700662, 0.023224848215912777, -2.629118671135682e-07], [0.12307808444240854, -0.026919976793379173, -0.001365152302318617], [0.08396030689598823, -0.07076371143261334, -0.011606854416042577], [0.0428414744615464, -0.08772969921984276, -0.023096754008783943], [0.011675917042492944, -0.09777161357609539, -0.03474535655105182], [0.09713831247795397, -0.13810401130848818, -0.017535187188631413], [0.04751017297817918, -0.16703655391411504, -0.03442933074389732], [0.01538898246103796, -0.185902279558885, -0.04350268833392095], [-0.009750005328504683, -0.2011428825496216, -0.05048465161339833], [0.10550865256094964, -0.1139309659470513, -0.02711144351839412], [0.03490464867157129, -0.09787756283932095, -0.04820527529010615], [0.045980804767298954, -0.07028227268653611, -0.049105003782298144], [0.06550702410957368, -0.06762521701848387, -0.04791980088641505], [0.10794252516563917, -0.07822648218584845, -0.03684245190368362], [0.0422694111320001, -0.05356391779264454, -0.05561305134030602], [0.05674249146865988, -0.03281781911293546, -0.0461844202192629], [0.07577839071636214, -0.03757285826846901, -0.03776820187624622], [0.10633945917665726, -0.0392309886181214, -0.046789618815180414], [0.054345676725926974, -0.02063400213017211, -0.05972877707305506], [0.0652879508466911, -0.005980856806373552, -0.053658710603928586], [0.08220817356755682, -0.00979144291427806, -0.04729684830071147]], "right_hand": [[-0.15153758204700662, -0.023224848215912777, 2.629118671135682e-07], [-0.10880053308791454, -0.06856395814002186, -0.01713097372684128], [-0.07728440620502253, -0.1317830685123822, -0.026931278398404663], [-0.054238194994725764, -0.18265546752193124, -0.03651599921925162], [-0.0310105430589939, -0.22057112842790766, -0.04624265400233757], [-0.12198360626284521, -0.2148523062309613, -0.014649041707426792], [-0.11955898070923604, -0.2872656671961345, -0.028765168022616514], [-0.12022440268443524, -0.3292456421464383, -0.04096125127958836], [-0.12179401559408508, -0.3652071625817387, -0.0497205639514601], [-0.15244509913354076, -0.2125251839523028, -0.018483642285086074], [-0.15404788649198164, -0.2920971556063624, -0.029800472041029216], [-0.1558081784709425, -0.3404310039998398, -0.040533892980083606], [-0.1590700191427029, -0.37821896504598174, -0.048742862443802555], [-0.18056783690048994, -0.19553094999397677, -0.02490772191739411], [-0.18868154084079083, -0.2690911194372, -0.036203036171247316], [-0.19069031031191702, -0.3120410769584544, -0.04413992073485218], [-0.1923885286306597, -0.3466317525463102, -0.05001594715376648], [-0.2075341882645413, -0.1663113134446391, -0.03326984239942949], [-0.22497248964762934, -0.21959787194809993, -0.044464007236486545], [-0.23522173124801934, -0.25590273486758097, -0.048880575588705205], [-0.24390320586609385, -0.29023696587123893, -0.05159121539267872]]}