{"label": "A", "timestamp": 1746068006793, "left_hand": [[0.14977174892454884, 0.00983340917591368, -2.717278299044045e-07], [0.1304579292794024, -0.04997868977367411, 0.0010309376347848883], [0.08938418232284384, -0.0984939942987076, -0.006841150909624234], [0.04268738710050672, -0.1184066365367867, -0.01573285806626235], [0.0078042277997266655, -0.12678637974924573, -0.025276790153663926], [0.09283512557155563, -0.14589447054457105, -0.01804998669875698], [0.03799366488459919, -0.17735945037864217, -0.035518337666465935], [0.0024269556595846497, -0.19147827627142197, -0.04345858172810424], [-0.025641671308907744, -0.20230071226616236, -0.04902951719266145], [0.09205199476470313, -0.12219028023073446, -0.027452981688365755], [0.017145678759138295, -0.1045611446445934, -0.048238741702344184], [0.02707515841245539, -0.07651138311909099, -0.04692340839063665], [0.04691472690933279, -0.07395724094132324, -0.04405595359235126], [0.088542305959339, -0.08534726408667868, -0.03685536325257351], [0.023936903911225674, -0.06062945023720566, -0.05638934142339768], [0.03894295487160902, -0.03962079740233135, -0.046538060822297125], [0.05806272313734207, -0.0444261839364935, -0.03734623790011902], [0.08340670253192942, -0.045590922058510445, -0.04602475062577809], [0.03655750318660233, -0.025315108102720398, -0.059632287193068005], [0.048810059161521265, -0.010424494549189674, -0.05446596772003074], [0.06457860834300604, -0.0143544767680015, -0.04859768362057462]], "right_hand": [[-0.14977174892454884, -0.00983340917591368, 2.717278299044045e-07], [-0.10438598258847755, -0.05199791306159933, -0.014246714884495826], [-0.07696267317178045, -0.11595398566624354, -0.018803113391651593], [-0.05730134729069701, -0.16697564787357266, -0.023327327214263373], [-0.03445837638950689, -0.1925602691276664, -0.027875916860839744], [-0.12715079324295095, -0.19383994317007675, -0.002201935495773205], [-0.12990256884626944, -0.26098618606463453, -0.010791355271400557], [-0.133033229409688, -0.3004615643339437, -0.020357155750470587], [-0.1363217149259177, -0.3327102481022493, -0.027517297326761666], [-0.15534049337088537, -0.19064690724325334, -0.00450054569599741], [-0.1587659563314069, -0.26477923859976965, -0.01070379513861177], [-0.15966927672632086, -0.30986708615859854, -0.018841902473761295], [-0.16043602564217194, -0.3455498059178477, -0.02529329443124171], [-0.1813594496592852, -0.1767353624202875, -0.009690067872889282], [-0.18666317045207384, -0.2455363673484501, -0.016624702480863836], [-0.18568517633535014, -0.2866595584818577, -0.02281999754227447], [-0.18388830259132333, -0.31935723979332487, -0.02744090123776758], [-0.20827420404571056, -0.15278883474510618, -0.016885233651547798], [-0.217034527720108, -0.20647164678847915, -0.023338730061133902], [-0.21904453320930647, -0.24058129904636236, -0.025312180769500828], [-0.2196619585618457, -0.27183906945154224, -0.026700232602834786]]}