{"label": "A", "timestamp": 1746068006390, "left_hand": [[0.16714685503686658, 0.005241803931228165, -3.564750976975317e-07], [0.11343488658951184, -0.029110763004428625, 0.00089221816121107], [0.07539516694196993, -0.07105895965781855, -0.008478066553190203], [0.04337912920195158, -0.09718548418474321, -0.019507921625229796], [0.012325502605397982, -0.11136395615584599, -0.02964158732363654], [0.10416939113883034, -0.1604579510492251, -0.009648300289804691], [0.03993826072557143, -0.16212349263445686, -0.030156590313806884], [0.001962874786835828, -0.16149589063947367, -0.04563682893771914], [-0.027598007971851166, -0.160373413961365, -0.056712433642744704], [0.11424782636023839, -0.14686278258205293, -0.02044249606776873], [0.03946375758279984, -0.11258975594133927, -0.04207570110873092], [0.054878815685644615, -0.08219755578413006, -0.04689122815574936], [0.07502468357482617, -0.07925780798202164, -0.04942297460351153], [0.1188889821505837, -0.12101482926025076, -0.032081403592095284], [0.04678059988802466, -0.0815328862339982, -0.049238648798449074], [0.0658903539382158, -0.05432544489313025, -0.040535818054992324], [0.08540273418691097, -0.05734264298545209, -0.03404346459835389], [0.1215008154175143, -0.08644747229829178, -0.044461894942623086], [0.0661377432336928, -0.05458129029969756, -0.05616544096811238], [0.07880422890958998, -0.03361820653815857, -0.05027360953138172], [0.09532098375846072, -0.03609618341021658, -0.044723013407100394]], "right_hand": [[-0.16714685503686658, -0.005241803931228165, 3.564750976975317e-07], [-0.12078997357898597, -0.038249657019184334, -0.018778509974562832], [-0.08679568630469489, -0.09188833116274217, -0.02791442963632318], [-0.060804003117400494, -0.1367855485127884, -0.03623029720522723], [-0.032500582514709664, -0.15677718846674346, -0.04496600948861252], [-0.13202038577514727, -0.17763735751262663, -0.0143476729216655], [-0.1321224837073455, -0.24400146987928506, -0.02747804505682583], [-0.1349048085095257, -0.28536764826153793, -0.03962058216196388], [-0.1378600751973282, -0.32261618100367223, -0.04888538995304322], [-0.16012266143988615, -0.1797375960585941, -0.016227510559380407], [-0.16023638652483355, -0.2551427806094409, -0.027738286680238377], [-0.15990385956542466, -0.3036643544373096, -0.03886725557211966], [-0.1599986785156332, -0.34514708061204713, -0.047070722326314554], [-0.18624048962529183, -0.16790401330204857, -0.0205644085060143], [-0.189073142702285, -0.23845889745132237, -0.03200329567108329], [-0.18600225310914836, -0.28156955713767834, -0.03993020314999606], [-0.1826595427859357, -0.319597949920507, -0.045212684098564146], [-0.21279700259654966, -0.14496556277138128, -0.027033723864540244], [-0.21577357772337805, -0.2005305005844408, -0.037382454352802005], [-0.21387695848877813, -0.23587541137497856, -0.04115878660558193], [-0.2107100487932894, -0.2695356222035956, -0.043288978883128125]]}