{"label": "A", "timestamp": 1746068003360, "left_hand": [[0.1684013695600379, -0.03157652324933865, -4.2283087694631467e-07], [0.10827790103626388, -0.0611514506962297, 0.010134554046208345], [0.06617188967171804, -0.09991646516873004, 0.0037839195915728746], [0.03711140414836346, -0.12082829784943751, -0.008389633586239925], [0.014789644801235983, -0.14362499602403075, -0.019920678867530236], [0.10587852051008886, -0.20380929103009504, 0.006373063785661118], [0.0362883458098736, -0.1901549642351478, -0.013446277386880512], [0.0031279701713162696, -0.1627790262231366, -0.030100419278865576], [-0.01840153399181448, -0.1485769199133977, -0.04107563927481384], [0.1187771464974157, -0.200927855757853, -0.011272912569840457], [0.041628793980952615, -0.16990308426553893, -0.03240979988420399], [0.05405845168895516, -0.1256429478707191, -0.03828884328301015], [0.07705378634477748, -0.11306950961563628, -0.04046558024127093], [0.12582872939625586, -0.18355385310118552, -0.030046742223354937], [0.051089846413847645, -0.15854454289411615, -0.04700894764535069], [0.06579835268432026, -0.11499290342222274, -0.03686862046724414], [0.09011788180916794, -0.10453808371316028, -0.028356288134028733], [0.12922862757343578, -0.15565289676607297, -0.04925489422288402], [0.07331032576882839, -0.15161429615526123, -0.062088937765747955], [0.07497642550489385, -0.11956337020931034, -0.05448602348521153], [0.08987316244412041, -0.1034676740945238, -0.04631552940267955]], "right_hand": [[-0.1684013695600379, 0.03157652324933865, 4.2283087694631467e-07], [-0.1250693975205821, -0.009732651449371299, -0.014481503418254764], [-0.09233700052063905, -0.0675405220776249, -0.02262927743276983], [-0.06267463500545577, -0.10803541148817532, -0.03145028710489925], [-0.03311769231174188, -0.12286340183023009, -0.04068415104241724], [-0.13720308662785746, -0.15330252347382653, -0.009238487129659367], [-0.1317524879359644, -0.22213022262199966, -0.021316588453708936], [-0.12937362659972862, -0.2629504947214681, -0.03310410761670029], [-0.12790287345101836, -0.2993263517083867, -0.04214154965895801], [-0.16491378961872324, -0.1543622104753926, -0.013690395127816845], [-0.16479627948346542, -0.23045811375681213, -0.02374410823419866], [-0.16380945753880952, -0.2779180862269041, -0.034238076157261155], [-0.16377960479810216, -0.3172100685892459, -0.042357905874135515], [-0.19065311509161256, -0.14163417157782207, -0.02060591197609111], [-0.19708997522772376, -0.2109798218696638, -0.0304695118633356], [-0.19702658993908717, -0.25426478498109967, -0.03909726159376129], [-0.19692116711761778, -0.29050582942794223, -0.045291135651504826], [-0.21583286617093272, -0.1169545574760831, -0.029530716276842152], [-0.22773738370791263, -0.17069168401189802, -0.03882195535428085], [-0.23444469749004032, -0.20699656458468585, -0.043034737568525896], [-0.24007879915134267, -0.24081389547547893, -0.04583101942099924]]}