{"label": "A", "timestamp": 1746080334094, "left_hand": [[0.1439475815176013, 0.03811829331792773, -2.018729627747134e-07], [0.13730257517292524, -0.02831677738347429, 0.0014829644169756602], [0.1014537783865256, -0.08258913057020643, -0.006075780560848397], [0.054832607496832775, -0.09979228442341083, -0.013982576939199253], [0.020408537022828327, -0.09815942556517251, -0.02322236698923859], [0.10638479884669308, -0.10980054789258885, -0.02438875626682235], [0.05192408414783538, -0.16230534988980172, -0.03685628875973104], [0.0213741321494175, -0.18839103017501027, -0.041011733290617434], [-0.00373121995342809, -0.20973391301106503, -0.04407433912655577], [0.09364550120336244, -0.07520383578265462, -0.03246252709693617], [0.033694844807438264, -0.09178276512471943, -0.04817502378034169], [0.04334795680053691, -0.06910611658148158, -0.04574092300553127], [0.06282623379293859, -0.057240137698965375, -0.042818804906773165], [0.07931714567841826, -0.035572019626992364, -0.03894782434700211], [0.03115518454459407, -0.05315823293031531, -0.05287917509112763], [0.04657153555373106, -0.03550131480938936, -0.041718534761542025], [0.0654278733033388, -0.026627098444096622, -0.032436575451101964], [0.0655082731987718, 0.0030311487709078055, -0.04482440921045643], [0.03295961165514528, -0.017774730629199327, -0.0526355862606491], [0.046787147159614476, -0.004393376456577515, -0.0431161494812912], [0.06123662190687762, 0.0045432346596068094, -0.034916065637163776]], "right_hand": [[-0.1439475815176013, -0.03811829331792773, 2.018729627747134e-07], [-0.10098585238011666, -0.07975685208328633, -0.013912416387684246], [-0.06758864646205913, -0.1381353823585215, -0.022404102420387324], [-0.040600908435325815, -0.18123751699815116, -0.03145519985408059], [-0.013699889417253974, -0.2052390325521353, -0.04132931201194583], [-0.10902024994102538, -0.22463549001270744, -0.01284987372891497], [-0.1061024123922556, -0.2947311104752125, -0.026818011666797644], [-0.10607220183723179, -0.3359263964320727, -0.0393242530563905], [-0.1067469619415602, -0.3722423574687661, -0.04860701740454323], [-0.13845092251660973, -0.22286977396292026, -0.018435946018009585], [-0.14141659488688715, -0.3006887184891032, -0.03019289639245597], [-0.14288430848187494, -0.34815452109681705, -0.04153670444247248], [-0.14507876337973502, -0.3860356485733286, -0.05012607595859228], [-0.16514652707315863, -0.20638717214415203, -0.02618605057011292], [-0.17350944927139222, -0.27733393387693545, -0.03738174466547759], [-0.17569111878536398, -0.322427766442986, -0.04583920685703281], [-0.1774796615496491, -0.360554491016098, -0.05206501361771513], [-0.19082589703409564, -0.17781951730918774, -0.035691730293719644], [-0.2007682685993077, -0.23422686513519583, -0.04659647034243056], [-0.20593029160141368, -0.272284685405159, -0.05100864832494266], [-0.21039168941655198, -0.3085494356557432, -0.05378034555990456]]}