{"label": "A", "timestamp": 1746080334711, "left_hand": [[0.13169566857907583, 0.04182415280480142, -1.0538057571696899e-07], [0.1297074208602297, -0.021202243501548222, -0.012147129640778706], [0.09445989830063474, -0.07529137885718608, -0.023048056885622552], [0.04825049985425709, -0.0968373964678434, -0.030709755009897723], [0.010126780672966828, -0.09285414711838087, -0.039224229742648976], [0.09749382473875064, -0.08610487649769165, -0.038085472594436856], [0.04760943240319669, -0.14383655233056333, -0.05228135522610042], [0.01843939137353683, -0.1779371914006687, -0.058395225620413424], [-0.006224786077417958, -0.20286342062831172, -0.0625459373463348], [0.07851727224908134, -0.04979553510146807, -0.03882340239680321], [0.03186942370475277, -0.08107837291010765, -0.055789064245473356], [0.04488168329866845, -0.06766396116457588, -0.05458915821915615], [0.06309189193279922, -0.05319777486145854, -0.051751164493269365], [0.06160083602658331, -0.01125106453460961, -0.03848656836498119], [0.027691142164630513, -0.0418012587756723, -0.05148099503416486], [0.042739931287688805, -0.030819467508028442, -0.040503745339243474], [0.055840441995403285, -0.01758602596249616, -0.03160152247055551], [0.04631735712836778, 0.02460392909441907, -0.0388107647888176], [0.02854944312658026, -0.0071027426543915735, -0.046597353998245536], [0.043662342458289094, 0.0021469300100035514, -0.03774217905212682], [0.05305228867483693, 0.014986912900608707, -0.030172974883659994]], "right_hand": [[-0.13169566857907583, -0.04182415280480142, 1.0538057571696899e-07], [-0.0874016621930373, -0.08493724637666143, -0.012391898330423952], [-0.053132158010951544, -0.14350741169695658, -0.019466544062436416], [-0.0276421330099895, -0.1876543386659046, -0.027470693654765656], [-0.005142030114301376, -0.21549600647440073, -0.036329200097748], [-0.0947937666724807, -0.22659604315119258, -0.010192974023365522], [-0.08751135264727623, -0.29532329515880856, -0.023953107039428625], [-0.08460905821779154, -0.3367593404849316, -0.03653187373345557], [-0.08305461944726958, -0.3730973080764279, -0.04582543383606588], [-0.12447603129789031, -0.22514613415360812, -0.016442428114109967], [-0.12493176448288426, -0.3033628919643554, -0.02821615017226835], [-0.12472439341495183, -0.3519697039588029, -0.04014334621654592], [-0.12570278412349453, -0.3907397032256224, -0.04928754962155857], [-0.1514822748558433, -0.2090311274924093, -0.02487796650304565], [-0.15842990266990997, -0.2808451596271745, -0.03666496476020639], [-0.1591848168286064, -0.32711090994252806, -0.045889111101654216], [-0.15951380160271075, -0.36546720613683203, -0.05264652538134341], [-0.1778364022557886, -0.1807719986656177, -0.03489964375351756], [-0.18808509969507087, -0.23673290273864742, -0.046583157795236], [-0.19351011871254847, -0.2757240146861936, -0.05172410555188188], [-0.19808232648610505, -0.3124650176331528, -0.05503996451210225]]}