{"label": "A", "timestamp": 1746080321589, "left_hand": [[0.16427874530125416, 0.02072877468446403, -3.9185147621175354e-07], [0.11425019777228511, -0.026018707338410867, -0.0006867572143482656], [0.08063119823448535, -0.06980050409354097, -0.01277271242364867], [0.053504962649701324, -0.09202238398511432, -0.02696302855176525], [0.03861467229304651, -0.11703654953265785, -0.03958913868802455], [0.11145398023412573, -0.16118466063302847, -0.017734180734724957], [0.061577802158066165, -0.20093303163601012, -0.04509517606408293], [0.025581348571412487, -0.19690411492306945, -0.059871410273976806], [0.002457552621341015, -0.180710026861405, -0.06713152251937352], [0.13112792832247722, -0.14246522203649473, -0.02888018184213157], [0.05521143559212306, -0.13335101090501336, -0.052164934710283765], [0.0603776041378946, -0.09135933878768784, -0.0525087354227598], [0.08061561499498324, -0.08256472835525434, -0.05072026560234448], [0.14290694555344624, -0.11092662104453994, -0.04169309696373022], [0.06675522526570034, -0.08488298773738844, -0.05990188236094302], [0.07733552344135795, -0.052642888461643195, -0.04688841193894088], [0.09767735041716666, -0.05694018318823126, -0.03704478255289445], [0.14798838023442507, -0.07150773455454962, -0.05525600283127946], [0.08557245590457253, -0.04718125159466388, -0.06560605142883072], [0.09202294310597608, -0.024880697986993085, -0.0551039445020753], [0.11037772668369777, -0.02850618194393475, -0.04599782258693271]], "right_hand": [[-0.16427874530125416, -0.02072877468446403, 3.9185147621175354e-07], [-0.11703638720724638, -0.057416085222377795, -0.016049546196446326], [-0.0776175908980402, -0.11240576626626196, -0.024364575218739748], [-0.04487426481054924, -0.15083554991563242, -0.03293323544195151], [-0.01354831010763364, -0.16866677993285972, -0.04198810987197801], [-0.12033703997965917, -0.2053529361567363, -0.009791838457332445], [-0.1052074819664824, -0.2723301324045575, -0.02259270542616789], [-0.09759057846665202, -0.3132624508504058, -0.0351774158189409], [-0.09161139407940307, -0.34970499270396416, -0.04459823485299287], [-0.15022738874344313, -0.2096329883173938, -0.013788321651251507], [-0.14323116350864287, -0.2868944733349599, -0.023770297378271216], [-0.1383008537857522, -0.334644693533019, -0.03459364403982651], [-0.13524318411816855, -0.3738772665229436, -0.04303315185300967], [-0.17841066937162992, -0.19849750116215992, -0.02046576232310053], [-0.17933550938546045, -0.2699242714086945, -0.03038471520911302], [-0.1754754291366161, -0.31548495627592343, -0.03877364287498284], [-0.1718010401404268, -0.3548610068934398, -0.0450093284666059], [-0.20686401439412785, -0.1747935902637716, -0.029257937874361834], [-0.2131804298237271, -0.23143706063597372, -0.03886519891609693], [-0.21462867910879735, -0.269834289022264, -0.04255495471790637], [-0.21448086378548772, -0.30690501218209415, -0.04494993991120015]]}