{"label": "A", "timestamp": 1746080330837, "left_hand": [[0.12457286486688114, 0.04171883137360578, -8.151502373761343e-08], [0.128566613560672, -0.03258840863527656, -0.006232655366362841], [0.09856413476662929, -0.0914004872789282, -0.012929357323801466], [0.056934697798331796, -0.12049940318187688, -0.016946351915262683], [0.022923952659076163, -0.1284289014792946, -0.020795366597139164], [0.09661176095469633, -0.09617475640434676, -0.032834417335844225], [0.04976415800198144, -0.16423568749448006, -0.04156247362102072], [0.024677870891224734, -0.19515649713537372, -0.04145996952617397], [0.0035895518901894476, -0.21679963357351437, -0.040656094806159476], [0.07001921387225712, -0.06502656315411094, -0.03216306758683913], [0.03745891083800949, -0.11890721730781205, -0.04005187355096051], [0.04898195695553394, -0.11047678852080883, -0.0336755851668932], [0.06454019501315016, -0.09456408376726419, -0.028709232047928586], [0.04868724148011357, -0.0354566817662361, -0.030105422923215122], [0.03173427191087748, -0.08211863041800674, -0.032580803173124485], [0.04511339618693679, -0.07196310415512634, -0.02188611466836835], [0.055907806385674455, -0.05573730443642996, -0.015707031459841193], [0.030999878992388846, -0.01096790686055998, -0.028589863698520433], [0.02899951826368639, -0.050146041962017905, -0.027443445261385514], [0.04144211099197398, -0.041387750254106015, -0.020128725698433683], [0.04786334688303029, -0.027313530840131585, -0.015476236336506459]], "right_hand": [[-0.12457286486688114, -0.04171883137360578, 8.151502373761343e-08], [-0.08471456349319459, -0.08513304552276427, -0.009708366274967352], [-0.05523895744515786, -0.14035322120336685, -0.016576894894994133], [-0.03092115827907437, -0.1789769679608649, -0.024905868853982913], [-0.009131164711893283, -0.20862490854345495, -0.033855489172716], [-0.10082559867435618, -0.22672605985447067, -0.0038960018243311455], [-0.09884020256910234, -0.28945432860586773, -0.01692739583161706], [-0.09767028010795174, -0.32725396621970976, -0.029975293722267985], [-0.09613702302586614, -0.36221273902725976, -0.03979014461109891], [-0.1233350205365773, -0.22541256997839498, -0.01089903606015994], [-0.1252768458086839, -0.2962169796096774, -0.02126825853149973], [-0.12410091604349657, -0.3404112135817939, -0.032553303219191525], [-0.12212955485987613, -0.37855793391368586, -0.04153467196096984], [-0.14395897135979815, -0.2102180598770971, -0.020283880863146878], [-0.14863009722037204, -0.27848314991007345, -0.030519654248812395], [-0.14808234194128606, -0.3212685816911745, -0.0379048747095106], [-0.14664790143482823, -0.3593279458101992, -0.043713016950641094], [-0.16343973758849614, -0.18284570751827267, -0.031265201354223365], [-0.16862771508224092, -0.23632389018039482, -0.041181957395385466], [-0.16923813583944802, -0.2738541109355187, -0.04481129873537763], [-0.16926718902117321, -0.3096165036890281, -0.04732105560384829]]}