{"label": "A", "timestamp": 1746080310990, "left_hand": [[0.14691877735269154, 0.009217612072927895, -3.045691197348115e-07], [0.1161620596195959, -0.043126721562807065, -0.0019218445989449265], [0.07860947991834712, -0.09079783584011722, -0.013638231974147116], [0.038739136632085475, -0.11482208792193722, -0.026248731630942858], [0.009576938868971971, -0.1339851637058563, -0.03830177637637921], [0.09741482191418455, -0.16588560715570289, -0.019641026853266776], [0.044510829481074383, -0.19963379584124222, -0.04011274742826142], [0.010053797252481034, -0.21981693672381214, -0.05191768343356139], [-0.01740593400109484, -0.23705123086698948, -0.06074390605018454], [0.10626042612768385, -0.14385871705741374, -0.02939501235718127], [0.03129429942012153, -0.12674005549220946, -0.052756393125732944], [0.04364927317470726, -0.09574462056591976, -0.05404884908589093], [0.06539680187664805, -0.09392131945240749, -0.053453775111497986], [0.10766112112885935, -0.10922679595466313, -0.039623275481705245], [0.03879198489624003, -0.08228231727650424, -0.05932865347624507], [0.054009080956738564, -0.05769099036024103, -0.04867096670530785], [0.07432401849807542, -0.06362313601123053, -0.039985572292594515], [0.10426691616340676, -0.07056620271516569, -0.05032717298362026], [0.05001885701216956, -0.049328904563540006, -0.06408102823031692], [0.061510438451211125, -0.03026626928165855, -0.057660216136797435], [0.07908558229807741, -0.03436150575111779, -0.05119863383949387]], "right_hand": [[-0.14691877735269154, -0.009217612072927895, 3.045691197348115e-07], [-0.1018027398465706, -0.05382453503431192, -0.017575031651682494], [-0.0659248885162143, -0.11382430693467034, -0.028273003748980216], [-0.0376603192397696, -0.15768087814552745, -0.03885000511662289], [-0.009961438790840351, -0.18805275395504528, -0.049715264425082034], [-0.11294679354854402, -0.20613337632847434, -0.01588333932099808], [-0.10752775846226496, -0.28007364190841516, -0.03021784596999849], [-0.1063473665622433, -0.3235599692686609, -0.04292687249426682], [-0.10623738601252111, -0.36132496803165626, -0.052148966589597466], [-0.1444657070913674, -0.204547028399339, -0.019972926012217698], [-0.14505254602459866, -0.28644673576342183, -0.031045339356106934], [-0.1456823871727704, -0.33655360421550407, -0.041936471543888], [-0.1475055622856529, -0.37497530026090775, -0.050366188178632185], [-0.17324270292910368, -0.18759342765916787, -0.026603405403729456], [-0.18007855209712717, -0.2630672289042694, -0.03750281538288589], [-0.1819901976522166, -0.3091617873013884, -0.04607642473685744], [-0.18388021609920602, -0.34601097748684434, -0.052472918708826234], [-0.20076850351291772, -0.15778239865296334, -0.035266360454282816], [-0.21685381591307262, -0.21307935904698477, -0.04614571158317793], [-0.226584529550666, -0.25085261985127677, -0.05053710353292837], [-0.23479326358085995, -0.2862736108980817, -0.05322338745993795]]}