{"label": "A", "timestamp": 1746067988726, "left_hand": [[0.17120826878007478, -0.06527513844946164, -4.069486350494718e-07], [0.12428575667892643, -0.07011824190648795, -0.008842301939151115], [0.0823573288773862, -0.09614648186312212, -0.01784642938050255], [0.05455604039494986, -0.12247823141576657, -0.027244983854468253], [0.046614995797446525, -0.14115177540361182, -0.035385021321564465], [0.0894873872613054, -0.20311197942590786, -0.008694969105689657], [0.04588907323838957, -0.18441285918807324, -0.030972999128326153], [0.01686784049668183, -0.17305998094440347, -0.046922863004403445], [-0.006925882989741642, -0.1655418732182334, -0.05758411979802787], [0.11231283297811118, -0.20906191058033435, -0.014938351412374746], [0.06043238624912747, -0.1396433958185753, -0.037575919450167306], [0.07938691177666082, -0.09470944906111008, -0.04023271195284981], [0.09765273604749611, -0.08816607270208761, -0.03835687321657462], [0.13579702192322893, -0.19502052552213536, -0.02406158910500077], [0.08837936886325395, -0.11830287288397588, -0.04393299283178786], [0.10674111597855603, -0.08573142326641042, -0.03492382426155408], [0.12172265445698958, -0.08888154090942638, -0.02552930030929295], [0.15675725888382377, -0.16788557693816614, -0.035067851412332436], [0.11794308482168306, -0.10997570787927675, -0.04902505988798947], [0.12824516974060168, -0.08376109945670485, -0.043942232668841764], [0.14089769774513927, -0.08647565880148401, -0.037076093084277895]], "right_hand": [[-0.17120826878007478, 0.06527513844946164, 4.069486350494718e-07], [-0.12025112705711007, 0.017663639323458928, -0.016669856392453882], [-0.0809058052484481, -0.052588746918401784, -0.026449646424193524], [-0.04795935636776977, -0.1067114734858425, -0.03699975428877296], [-0.01530198579120822, -0.1435400589559283, -0.047648755795944124], [-0.12318694239690935, -0.1568387087618743, -0.011230785678014608], [-0.11469169808827608, -0.24199530938187472, -0.028488006869113014], [-0.10991539293778636, -0.2927314451569561, -0.04362815858130305], [-0.10683566951727386, -0.3370659217645298, -0.05452041130127503], [-0.15401875454894745, -0.16143474183376083, -0.01762550975841642], [-0.1501803643014679, -0.2566434040499249, -0.03232286668916154], [-0.145021784706886, -0.315322310938454, -0.04532563631352034], [-0.14181789502245842, -0.36331003574924037, -0.05472259822536496], [-0.18309773627224207, -0.14776237872140532, -0.02718987227482394], [-0.1868227122826876, -0.23845064117105194, -0.04114769396131639], [-0.18555084156801405, -0.294312076457512, -0.050057284236083945], [-0.18381565732292246, -0.3416384504055602, -0.05606608363070951], [-0.21182311562312725, -0.11955544234109225, -0.03904942043637631], [-0.21910619094774195, -0.19153529708782427, -0.05237203011617763], [-0.22176081042173587, -0.24022168931975993, -0.057556858706616906], [-0.22280455479863145, -0.2849599325181814, -0.06039225035348757]]}