{"label": "A", "timestamp": 1746080321370, "left_hand": [[0.16818017421777648, 0.020182422266885276, -3.84611455844057e-07], [0.11550565284758837, -0.0283985336319799, -0.0007203227623535467], [0.0799871106314216, -0.07180072035942384, -0.011584806396909357], [0.05232581811798197, -0.09473396647982449, -0.024155329479930918], [0.03889175834863883, -0.11929345600864212, -0.03557755943483275], [0.11252113618231914, -0.16291761050703504, -0.01422759782526004], [0.06101664101263083, -0.18484792572514425, -0.040132731054151806], [0.025246971046545538, -0.1856480654929026, -0.05727425590825289], [-0.003077280052800807, -0.1813981422033121, -0.06780115645037817], [0.1344538215465022, -0.14533952988403873, -0.02607025264012439], [0.056497921611480185, -0.13119435446992417, -0.05002028020393574], [0.06485642129752817, -0.09022138791168342, -0.05272638999487178], [0.08475695778249076, -0.07962130462061419, -0.05228543509121821], [0.14798336947357926, -0.112436874796045, -0.03949530989440851], [0.07190936552121559, -0.0869059844899793, -0.058936765244947995], [0.08169853565328154, -0.05440801388844801, -0.04663128554220294], [0.10049189072000622, -0.05572800569507675, -0.036198737462817855], [0.15340633551321814, -0.06930323280103216, -0.05374235670056957], [0.09352707283670206, -0.04857989651539276, -0.06501627970270288], [0.0976341050470811, -0.027180027170878075, -0.055212713626585926], [0.11244565062099657, -0.029255592816815484, -0.04631186795853084]], "right_hand": [[-0.16818017421777648, -0.020182422266885276, 3.84611455844057e-07], [-0.12035392130909435, -0.05904972950631121, -0.01584627517078398], [-0.08179250655841513, -0.1131365706460968, -0.024601922458335986], [-0.050210974483130874, -0.1534147971142584, -0.03371904620008886], [-0.019444018519873162, -0.17524851092420504, -0.04339381862832959], [-0.12290520400110219, -0.20308260863321279, -0.010522645409564314], [-0.1075951736142854, -0.26972310800980864, -0.024728626517201993], [-0.09936701400664857, -0.31147700178808774, -0.03804084372047838], [-0.09254523084777247, -0.3485925735667457, -0.04788029865617989], [-0.15348270987931842, -0.20807848153259986, -0.015040669029197064], [-0.14630057473895264, -0.2862965698992185, -0.026472771226055288], [-0.14117938934373536, -0.3342072772174346, -0.037798684818771244], [-0.13761562334253225, -0.3739734982666825, -0.046401426262167055], [-0.18211516974652914, -0.19688758546566054, -0.022239167379744285], [-0.18328133548183284, -0.26881598846698845, -0.03348307077606499], [-0.17946583123854068, -0.31432431931585325, -0.04162929425437137], [-0.17536103450684495, -0.3543775435078652, -0.04760018150598657], [-0.2104202262538075, -0.17264630600291297, -0.03149705445593775], [-0.2149095612303377, -0.22872487784909862, -0.04172194541907747], [-0.21452695321810128, -0.2662814763540185, -0.04510416631106504], [-0.2126609569653552, -0.30248579878987913, -0.04727430886539358]]}