{"label": "A", "timestamp": 1746080302973, "left_hand": [[0.15400565515350506, 0.012946761942290127, -2.591456779142965e-07], [0.09569090033197242, -0.01898832094314587, -0.004119716364179689], [0.060922057204695554, -0.05958810677723585, -0.015182465384219046], [0.03783901770312404, -0.09503516157687925, -0.0274753341562047], [0.019623315466909753, -0.12864561508692166, -0.038845121238726125], [0.09213332133722868, -0.15303799721877037, -0.01357773590483544], [0.03591721014458401, -0.1801604940067838, -0.034960671820198595], [0.0019867135755999017, -0.199001111488607, -0.049279058680202985], [-0.026051363302285593, -0.21749338458313577, -0.060088725539312854], [0.10767328223036175, -0.14650099493705943, -0.023318255377778947], [0.031692377268157684, -0.13048418122174874, -0.04677677632973739], [0.04215763415361097, -0.08956352104804449, -0.0483592466159978], [0.06191619331812605, -0.07870741110454009, -0.04675796860452036], [0.11529998011736431, -0.12290070992972014, -0.034698766453295164], [0.04561950251455312, -0.08022967494345207, -0.05300348893085249], [0.05956869448425694, -0.049455475517268255, -0.04112841781019566], [0.0784604546201861, -0.051808453246479334, -0.031566411138502184], [0.11703845250211624, -0.08886388500561655, -0.04760288983722348], [0.06462545038650612, -0.04878474537095489, -0.059763194138657896], [0.07437758181134466, -0.02393769049669229, -0.05274835188897065], [0.090192583250645, -0.026361440439527668, -0.04595694465915201]], "right_hand": [[-0.15400565515350506, -0.012946761942290127, 2.591456779142965e-07], [-0.11578837640524518, -0.061190967055902566, -0.011544785884212736], [-0.09116990482319838, -0.12284055543741373, -0.02405420799459004], [-0.06850331804584481, -0.16986632979794067, -0.03721518057519456], [-0.04500953142830803, -0.2099092709378602, -0.05218679345553182], [-0.11622665024711824, -0.18819085423129217, -0.030555545501536104], [-0.11151748302246113, -0.2648849224395961, -0.05369928030016975], [-0.11011129619382883, -0.30985784917919695, -0.0693819616937757], [-0.10986939351810926, -0.35049054617082387, -0.08037258796429692], [-0.13803881274226174, -0.17852657405935082, -0.04158075729890356], [-0.13764344431873912, -0.2638054667007712, -0.06306469145439186], [-0.13886110046937972, -0.3186981790626751, -0.07788832456704653], [-0.1421002045028141, -0.36602704969206873, -0.08877897044394795], [-0.15981156497642812, -0.15110009304357047, -0.053690381818424684], [-0.16433768041843552, -0.2328721337040168, -0.07474762338322831], [-0.16712456776598864, -0.28234448044038984, -0.08632728758123977], [-0.16942950125087333, -0.32768513552115014, -0.09447994997470086], [-0.18084194578449914, -0.11123795544993621, -0.0663400270448679], [-0.19161462537686502, -0.16560903918979877, -0.08765318970036953], [-0.19731254428332343, -0.2053951334946349, -0.09660248347655412], [-0.2028478533545805, -0.24431068800785852, -0.10217418941635019]]}