{"label": "A", "timestamp": 1746080559912, "left_hand": [[0.13801652745815984, -0.04255808601939365, -2.660371151245463e-07], [0.11360322365538832, -0.10125892219771501, 0.0012194232558341777], [0.06897606937536299, -0.14082079107316361, -0.006669693199649951], [0.02024513538595049, -0.14850523771628873, -0.01522636329933752], [-0.014396757189268378, -0.14201155775301416, -0.02512089775842913], [0.06820623427066395, -0.18539580383869447, -0.020699911204686415], [0.008826588329226162, -0.2020255517010227, -0.0375570405319671], [-0.029615854775738363, -0.21066079279798774, -0.04578190214225173], [-0.06041079491528936, -0.21744488887106295, -0.05170528934321533], [0.07164761464707792, -0.1598060015379457, -0.0292330923604898], [0.004819331051321793, -0.12846256500173578, -0.04946200678400962], [0.011990123147008324, -0.1000207431174753, -0.05006999604241006], [0.02821045907110824, -0.09397374212837006, -0.04913728438705615], [0.07205233789097959, -0.12146917531466649, -0.03716319273476594], [0.0133202976435189, -0.08436090826430165, -0.05634129143587123], [0.020191538759423613, -0.061393581623952836, -0.050557301946622994], [0.03272522709009216, -0.060361179636962255, -0.0443301196891164], [0.0701045491762709, -0.08042895303407419, -0.04438844542974859], [0.02358777024305437, -0.054783048080520494, -0.05705412454768977], [0.03129610497537812, -0.04137225055254181, -0.05339384075490105], [0.043193707248992755, -0.044293711315822104, -0.04898762510402894]], "right_hand": [[-0.13801652745815984, 0.04255808601939365, 2.660371151245463e-07], [-0.10627212671746529, -0.01840132655189067, -0.015672294507601305], [-0.09054903491066073, -0.09288649050171359, -0.02262903356035442], [-0.08241410983417057, -0.1485893512757174, -0.029384979783816628], [-0.06997753002177565, -0.190107375760061, -0.03616491514592416], [-0.1550534641708891, -0.1515375295127038, -0.008795335887690797], [-0.16690569524293783, -0.21909500612569832, -0.020093354322192877], [-0.17540749044059784, -0.2588714433962585, -0.03137972365016818], [-0.18388242669532637, -0.2929673051813178, -0.03981851199157786], [-0.18346786123531664, -0.13830195172529375, -0.012057484228943292], [-0.2010626919432474, -0.21180083265559754, -0.020522484796825582], [-0.21101066640222355, -0.25719519475470787, -0.030284251651023088], [-0.21986227457445132, -0.29301987110348837, -0.03818804380185226], [-0.2064441004368639, -0.11282411221148271, -0.01803970999648106], [-0.22826796164335997, -0.17858143335138954, -0.027057469984554702], [-0.23777298585274978, -0.21986306276013554, -0.034889183565056534], [-0.24507273725230813, -0.25394156425025266, -0.04097761987977895], [-0.2265687848823543, -0.07584704776270629, -0.025980348564929374], [-0.25201791624835934, -0.12265201971789616, -0.03548510499328546], [-0.26664986602480967, -0.1545324330138418, -0.0396309616922763], [-0.2795492421981218, -0.18532230047116874, -0.042449867372106126]]}