{"label": "A", "timestamp": 1746080330669, "left_hand": [[0.13632827668195557, 0.03747659455374467, -2.136255052539144e-07], [0.1326559079694868, -0.029517906338179307, 0.0015259328657681957], [0.09824033068233937, -0.09043633055628021, -0.006014151973911551], [0.054105947759523695, -0.11705437900275133, -0.013456913690587819], [0.01981831599760175, -0.12448688041522363, -0.02225154734393243], [0.10734150312230836, -0.1176517950725684, -0.02631343192960511], [0.057112920316396705, -0.1731474445989232, -0.04107694297752087], [0.024463886607221777, -0.19716271859812198, -0.047022217554537324], [-0.0032662301198035076, -0.21210692923411195, -0.0505676200088155], [0.09223252291037899, -0.08372182592870772, -0.03420048021807697], [0.032920710363718735, -0.10540714837401148, -0.04936139317211607], [0.03995865290339488, -0.07978598474358213, -0.0456575525319906], [0.05854429282885184, -0.06638412420033603, -0.04216893402748361], [0.07521753705390087, -0.044756456665806854, -0.04071237584995075], [0.027974410006601957, -0.06633791362689115, -0.053125614424809155], [0.039474994268675304, -0.0459946834220666, -0.040460889244781195], [0.05636434512860016, -0.035993632268279584, -0.030924637937976823], [0.05872256455671967, -0.006703024188232275, -0.04670944327378623], [0.026837810409910443, -0.029994272366777108, -0.05328019872103517], [0.038738188336303006, -0.014247441833266393, -0.04259262722275635], [0.052727067570341096, -0.004295669923817081, -0.033890219539807205]], "right_hand": [[-0.13632827668195557, -0.03747659455374467, 2.136255052539144e-07], [-0.09582169453964173, -0.08278021329074729, -0.008935103029350515], [-0.06535361938701259, -0.13647029296577495, -0.01622492252718478], [-0.039375009750585, -0.17308715424138185, -0.02523081386411942], [-0.015010051677646293, -0.20041547364250495, -0.034896290061146536], [-0.11102657974247447, -0.2231887662763516, -0.0030780377920140295], [-0.10890537001331249, -0.2862221545757973, -0.016147414895196582], [-0.10580651783970728, -0.32311738040339383, -0.029058701012335982], [-0.10110307570724965, -0.3577680359319369, -0.03873687834793347], [-0.13394301684796872, -0.22192902272183157, -0.010443899687894564], [-0.1350054990170959, -0.29172785558567066, -0.020420530087951406], [-0.13136758967365303, -0.33427699922726395, -0.030929631297304628], [-0.12566904977467358, -0.3717254161618104, -0.03938907470593877], [-0.15519973622457123, -0.20675498668697434, -0.02026505677971674], [-0.1599360131355821, -0.27486633937584426, -0.03015769810871212], [-0.15786547257816222, -0.31651430463124136, -0.03684849274088623], [-0.15375085423702176, -0.353862700945687, -0.04222452661090817], [-0.17509262995037123, -0.17942024112798155, -0.031677870285128355], [-0.1800619814411947, -0.23198440740142684, -0.04103885986919066], [-0.1790543382260228, -0.26839299617843726, -0.044163664875596795], [-0.17670862814454286, -0.3034084083701055, -0.04640077108397864]]}