{"label": "A", "timestamp": 1746080309987, "left_hand": [[0.14754718723215463, 0.025720707529612783, -2.6760541556124677e-07], [0.12252408577346735, -0.02489251217415846, -0.0017007463112810783], [0.0811592572086463, -0.06764053181744335, -0.011269648315672013], [0.03764996179242586, -0.0808834454410614, -0.021891970120883703], [0.005063829270662097, -0.08811219309610936, -0.03275410602530319], [0.08761107375239402, -0.13322644025432584, -0.018202194915843826], [0.03617685735322008, -0.15947705303162257, -0.03655718477610409], [0.0033079153372921033, -0.17735251406817368, -0.04765362658171857], [-0.023460039977549915, -0.19356040200926988, -0.05626617248376628], [0.09503107512813402, -0.1087487596018804, -0.02754731040502958], [0.026077137300785577, -0.08707569088353001, -0.04955388937435198], [0.039389206983831644, -0.06095500343667967, -0.05186815374609535], [0.059466095143064425, -0.059634328876819534, -0.05200650954614103], [0.09643834327832394, -0.07114299443712588, -0.037001802501028296], [0.03156248131517463, -0.0436774155788825, -0.05678031319011143], [0.04724007961411815, -0.02184531238531386, -0.0473898664543536], [0.06632026786076578, -0.025672763055870868, -0.0389646429659309], [0.09439532162172978, -0.030267674755815554, -0.046712296945113044], [0.04517811779369883, -0.007962172301473086, -0.06071363395998356], [0.05714613474419282, 0.007838606952237369, -0.0547576775447193], [0.07359350043933667, 0.004881704918603486, -0.04834361902129093]], "right_hand": [[-0.14754718723215463, -0.025720707529612783, 2.6760541556124677e-07], [-0.10427399738214208, -0.06950337730303656, -0.016948142906412958], [-0.07100694500389286, -0.1325010180018416, -0.02551090208054596], [-0.04783119094471678, -0.1820927967672192, -0.0338320726071423], [-0.027799871002509836, -0.21886012770566926, -0.04220985832362283], [-0.1169906400330537, -0.21677412375847557, -0.01336822370924227], [-0.11319764508487973, -0.28802976324742874, -0.02671134634999891], [-0.11264189804540851, -0.3302530669683582, -0.038573429863452816], [-0.11300254741949992, -0.3662677185919926, -0.04706370774759693], [-0.14783892516147995, -0.2144796382293983, -0.016893983691415915], [-0.14894893407997484, -0.29341600337877694, -0.027293131746610754], [-0.15012436868430304, -0.34205605638441616, -0.037824463449756034], [-0.15235859164416168, -0.3792880154007616, -0.04596332179517834], [-0.17567589896646463, -0.197597941729489, -0.023040580106657865], [-0.18291156572195058, -0.26984058390692867, -0.03361757612544618], [-0.18439033124333287, -0.3127545221809181, -0.041718702659262925], [-0.18558448760553806, -0.3465934661663271, -0.04774185821665961], [-0.2025346237933654, -0.16828978545764242, -0.03117642008187648], [-0.2190271645748284, -0.22076211153717423, -0.04184858867663863], [-0.22862877928563227, -0.25674842280497434, -0.04625089253901262], [-0.23645902565817375, -0.290609469472338, -0.0489800364817776]]}