{"label": "A", "timestamp": 1746080300911, "left_hand": [[0.18464644467948912, 0.015540441711894516, -2.9763750331973424e-07], [0.15240970749409222, -0.03196872559130092, 0.00340468194517943], [0.1046939534063732, -0.0669017643919719, -0.0037253119409931586], [0.06114557158055528, -0.07486350109817069, -0.012765835031528184], [0.029804804509750017, -0.0772608417225851, -0.022750812845382416], [0.10063489525566435, -0.12355889224601493, -0.015107134733562464], [0.044515194986716904, -0.139381705510345, -0.03070009869528248], [0.009083419735645273, -0.1507319359556932, -0.038412820469877006], [-0.01889041108848128, -0.16159101369392032, -0.04464089064091241], [0.11040321302876673, -0.09953657787970197, -0.026777095883352857], [0.03896965293336373, -0.06726308060535262, -0.04734323555161241], [0.055762272479493655, -0.04441055863991602, -0.04709459146856552], [0.07810914133977924, -0.046565711018299906, -0.04482413810439383], [0.1180209778233446, -0.062447122743433836, -0.037940398906458075], [0.05509251559615379, -0.023650552950961527, -0.05697009544659692], [0.0744819352369358, -0.008285221977988042, -0.046823380482773465], [0.09439375541594458, -0.01800248992364356, -0.03758818055176867], [0.1239413534102759, -0.02172568655484993, -0.048659502160796786], [0.07355745586520053, 0.008828477810233677, -0.061793233287685496], [0.08906680774064099, 0.018389401270592885, -0.05483926546708773], [0.10762988024332869, 0.009786873367191546, -0.04776496277555072]], "right_hand": [[-0.18464644467948912, -0.015540441711894516, 2.9763750331973424e-07], [-0.13755011740107623, -0.05504710968876339, -0.016591114859852048], [-0.09849120626700633, -0.1103888091830239, -0.026412918211281], [-0.06173719133116958, -0.14307713019278218, -0.036734537643230265], [-0.028929882793751496, -0.1532174375957328, -0.04799487132615516], [-0.14412934824038298, -0.20517447033240632, -0.013556102335420244], [-0.1377969752668113, -0.2768141607833392, -0.02595130392090951], [-0.13669468169211554, -0.3171811096384863, -0.03777916975318134], [-0.1366982102393359, -0.35204403392374367, -0.04662474170697635], [-0.17631270078848074, -0.2050874679442266, -0.017305866206176954], [-0.17705851454163268, -0.28481186760523214, -0.026561613122192865], [-0.1785218697827704, -0.3320225830114455, -0.036894430425078395], [-0.18095050212569377, -0.367600573535146, -0.045070816031775644], [-0.20601276362166213, -0.1905660390706428, -0.023420826470031225], [-0.21085033164093547, -0.26316068430611966, -0.03205728153050597], [-0.21295453952164026, -0.30685614159766994, -0.040686749716385175], [-0.2151282036067101, -0.34131997139283904, -0.04731085103676283], [-0.23480964125115947, -0.16279721508452322, -0.03165328481747596], [-0.24929891821313088, -0.21484005647200835, -0.03997135871115807], [-0.2588090815029046, -0.24955223630462264, -0.04346809195291421], [-0.26675953036899047, -0.28124175023652115, -0.04577729350540504]]}