{"label": "A", "timestamp": 1746080304037, "left_hand": [[0.17620059407836003, -0.002997003884181545, -4.253015630843213e-07], [0.12324836398094047, -0.022011501428113724, -0.008100871669227381], [0.08486656150690977, -0.0572145495969742, -0.018874085233655472], [0.06221858865514821, -0.08715028505903746, -0.0308876246887657], [0.060685400055319194, -0.11930585163295257, -0.0411748968630828], [0.10551332501006695, -0.16420602448807226, -0.005931026594347886], [0.060234090226735953, -0.1545694577236102, -0.03321500599899281], [0.027625489073300355, -0.14225538760414452, -0.05356467396674458], [-0.0003170667139664403, -0.1318760664305008, -0.06599746923336654], [0.13271111417872525, -0.16831001185158637, -0.013351766903040544], [0.07947947442946944, -0.12926092240382878, -0.03611181622664398], [0.09279646805505297, -0.08378360955730303, -0.04024022079335741], [0.11019590882133415, -0.07775867125546507, -0.039167713168870744], [0.15801470521248653, -0.15245318832359123, -0.024123237750375778], [0.1038364454932648, -0.09075405632294735, -0.04303069533475162], [0.11740893222435456, -0.05457771203629132, -0.0329221935950816], [0.13343934235223534, -0.05888510502700639, -0.022976551462662424], [0.17738515302207072, -0.12081270903513941, -0.037056840801992945], [0.13250402908285813, -0.06692167783866952, -0.04905170982820732], [0.14011133055013633, -0.03866657801767176, -0.04163344585462771], [0.1533433514462108, -0.041645644492105796, -0.03317705189642342]], "right_hand": [[-0.17620059407836003, 0.002997003884181545, 4.253015630843213e-07], [-0.13292207038225154, -0.02581308246062812, -0.03038528618731367], [-0.09601010065695446, -0.07453645322667586, -0.0499356686384276], [-0.06154137478158242, -0.11575458945313262, -0.06692218965740408], [-0.021284691383152032, -0.13518885304739547, -0.08480355458140487], [-0.1298907247905192, -0.17157097928476603, -0.03944010164709989], [-0.1204178560539025, -0.24549947696995678, -0.06260869296476103], [-0.11885412019858467, -0.293530532709788, -0.08039685426450219], [-0.11997516998000557, -0.33742847195916476, -0.09313354585529467], [-0.16241034795949144, -0.17678858083677151, -0.04040753121622135], [-0.15538175792336212, -0.261913510034083, -0.06034475134768875], [-0.1532367426743888, -0.3184276382754356, -0.07507567183676453], [-0.1538050289443169, -0.3680637855652803, -0.08595711591799314], [-0.19517393714853923, -0.16384708465412898, -0.044249385183120785], [-0.19425682000155012, -0.2461591558756604, -0.0630180290628961], [-0.1931932619180379, -0.2983444083951794, -0.07531464566107166], [-0.19242020938405832, -0.3438332770729848, -0.08350242163823465], [-0.2285367623048893, -0.13688244348438974, -0.050774688104782584], [-0.24108228441818574, -0.1999975576767261, -0.06795638385620942], [-0.2491538600919256, -0.2408892560424573, -0.0756348600454986], [-0.25596280309619474, -0.2798781325186052, -0.08032906676169302]]}