{"label": "A", "timestamp": 1746080309371, "left_hand": [[0.15070107948182562, 0.013149742049056853, -2.551170487672672e-07], [0.11805468838917722, -0.03475570055336955, -0.0028956331754101334], [0.08101193263615315, -0.0770142380036041, -0.0151363209324841], [0.04235979055405035, -0.09543016541342474, -0.02847965917202736], [0.0120272365726538, -0.11199000218786402, -0.04179297479157013], [0.09921611169548049, -0.15140231272715718, -0.020354522402771906], [0.05095570725088145, -0.1859989636815944, -0.04028011898136832], [0.017959827218232586, -0.20952209747133907, -0.05152806283464468], [-0.007660028357237249, -0.2276260694573464, -0.059703788639946374], [0.1090497870093773, -0.1280345740500557, -0.029719370820714994], [0.036874247743321625, -0.11159775399282813, -0.0526640431258313], [0.04713028986872436, -0.08194143886563335, -0.05341367624634023], [0.06709014063583542, -0.08059987165252788, -0.051826896534137155], [0.11243419440359684, -0.09287756853128148, -0.03953699596626578], [0.044886011578628406, -0.06559850556244308, -0.05858699440177782], [0.05850400454482167, -0.04397672860540052, -0.04756068543195093], [0.07779778546305731, -0.05138167117147633, -0.03826279399981656], [0.11099722214746438, -0.053518433415673985, -0.049920172726401715], [0.05703797294360734, -0.032525757736060035, -0.06289970751790429], [0.06767432880640602, -0.016502583155909203, -0.055561913930576294], [0.08553071375995393, -0.022268868193546766, -0.04814683325458963]], "right_hand": [[-0.15070107948182562, -0.013149742049056853, 2.551170487672672e-07], [-0.10622148826668054, -0.05644364666312589, -0.016796643871033322], [-0.07060066311607704, -0.11936952224062398, -0.02591481887808928], [-0.045848421425603324, -0.1688429689698983, -0.03477837814566231], [-0.022169645359891604, -0.20396131108300466, -0.043588744335026526], [-0.11673569248390116, -0.20700353850980205, -0.013333831636159064], [-0.10851067966363451, -0.2791481823603697, -0.02724570069106667], [-0.10612809583929105, -0.32145364553309974, -0.03951245617910673], [-0.10579394867989576, -0.3570724757225889, -0.048117919559323624], [-0.14757373077172797, -0.20729180156356683, -0.01698309549668812], [-0.14550366731593817, -0.2897186868518711, -0.02773658470686345], [-0.14419933349212655, -0.3383231779523909, -0.037874526899747844], [-0.14529036536740889, -0.3753425414622598, -0.04548274805884247], [-0.17621604070808283, -0.19269705445035062, -0.023271899248766808], [-0.18185508959747917, -0.26952491365320785, -0.03413606687129718], [-0.18189110482467663, -0.3143668021648886, -0.04220120915730568], [-0.18229249806269698, -0.3501371434719309, -0.048064925094500104], [-0.20401114538818685, -0.16477473127652853, -0.031461678054484764], [-0.21957764159111692, -0.2204343935307536, -0.04235602608431614], [-0.2292830038308612, -0.25737983755225197, -0.04657534235942233], [-0.23784042483999424, -0.29110703855128695, -0.04898839789069856]]}