{"label": "A", "timestamp": 1746080559419, "left_hand": [[0.1409328130733559, -0.019999242085376474, -2.5574408564294135e-07], [0.1187871017723937, -0.08200803942951414, -0.0008594881990209746], [0.07270911678968785, -0.12764804510754207, -0.009006465179841406], [0.02138766709786028, -0.13989418334256068, -0.017601053059587764], [-0.014684472798506413, -0.133540462044318, -0.027205563150025466], [0.07737815665467766, -0.16791116191740735, -0.018770280699829223], [0.019136980400559892, -0.18619635475191595, -0.035274902299133805], [-0.01790534488897807, -0.19629082699703834, -0.04342535040543087], [-0.04709421621337222, -0.20420636025840258, -0.049346827986146445], [0.0784592468515445, -0.14146203806650837, -0.026791767477737136], [0.010476979005416422, -0.11590623569107229, -0.04651251130572233], [0.021399470624007322, -0.09112334271037041, -0.047105366570373945], [0.040369388830260804, -0.08849635315389082, -0.0462122868053441], [0.07679555394089438, -0.10344598229744782, -0.03462020693087778], [0.018484080235832628, -0.07300194897932212, -0.05402898567776297], [0.03123349987752351, -0.052981718371342884, -0.0475775831507659], [0.048131395681569177, -0.05513298151051735, -0.040732127154662866], [0.07278440958958143, -0.06276909751128135, -0.04203002909215424], [0.02770509154607401, -0.04159594842274868, -0.0551284811169794], [0.039764629326781716, -0.029035425484482624, -0.051094832517223146], [0.05508044977640219, -0.0325963438691767, -0.04632558857083404]], "right_hand": [[-0.1409328130733559, 0.019999242085376474, 2.5574408564294135e-07], [-0.10529353627750099, -0.03320686413797671, -0.015561336767446648], [-0.08587899172966086, -0.10498084354728485, -0.02135886725235026], [-0.07495684253418344, -0.1603079185355375, -0.026860619701716867], [-0.06400981730663845, -0.200484140444723, -0.03227147643917343], [-0.14362266748496333, -0.17237772900964962, -0.007963975635568485], [-0.15169752820677654, -0.24024367370987468, -0.018755356339497188], [-0.15816126803712696, -0.2798562470317349, -0.02926345304535117], [-0.1645776930502088, -0.31315830479525925, -0.03695261693271756], [-0.1723330931496806, -0.16318117073821797, -0.010987248817571436], [-0.1839546314831743, -0.23866272633747038, -0.019209568010444284], [-0.19087212222395883, -0.2850781390847073, -0.0283570011541765], [-0.19715239376435992, -0.32129588937444764, -0.035474056589060984], [-0.19642056507197536, -0.1410032313795164, -0.016794693206955414], [-0.21162448366236394, -0.20977627504988794, -0.025712580750530532], [-0.2175249374710386, -0.25070093317246184, -0.03294888503468467], [-0.22190856767094225, -0.2838756498228435, -0.038335140182127844], [-0.21862200069902252, -0.10705608875526659, -0.02455493632744766], [-0.23948551872282428, -0.15664092955580874, -0.03366703694506609], [-0.2509281611220604, -0.19004301515354163, -0.037203857303148964], [-0.2604255078848807, -0.22173558357102624, -0.03946891318213049]]}