{"label": "A", "timestamp": 1746068002908, "left_hand": [[0.17742947546798843, -0.05051053087614465, -3.80454872626664e-07], [0.1131687574720477, -0.06511942325607696, 0.0024503911508557234], [0.06810556812113519, -0.09543826071345557, -0.006616865585935415], [0.03668197874847987, -0.11434213961160693, -0.01768966551535791], [0.011927884306382643, -0.13029642775706612, -0.027653636328347008], [0.08930106374938936, -0.20815233078115214, -0.005686127490441326], [0.021216230717292704, -0.17184772091839023, -0.02754854325529454], [-0.01070339455299601, -0.13748483532668512, -0.045591201060176625], [-0.03175788184100447, -0.11103691287755295, -0.05748783366912778], [0.09690524392597374, -0.19978326432124327, -0.01757163582755538], [0.01649588283027588, -0.15646766331972034, -0.03964573065884006], [0.031522640795644624, -0.12220555707509108, -0.04664624473676646], [0.052385206825251704, -0.11404291670112697, -0.04938300269906619], [0.1024362072422111, -0.1762798948742974, -0.030122024559895204], [0.03368858146964994, -0.11816272578871286, -0.04587508256014875], [0.055356992884520326, -0.09325594126606651, -0.037961473160918274], [0.07578397602256415, -0.0987364784033275, -0.03160555082027013], [0.10597820825003974, -0.14145670004072014, -0.04342298488050804], [0.054745940518816316, -0.09217625641852419, -0.05401135992331356], [0.07090100857574032, -0.07443833688744761, -0.04790589226949852], [0.08798165985603754, -0.08222567701720582, -0.04195993208686278]], "right_hand": [[-0.17742947546798843, 0.05051053087614465, 3.80454872626664e-07], [-0.13326439291377717, 0.009657343382743907, -0.014537994344956243], [-0.09879067681094351, -0.0484415486466576, -0.023317345427583822], [-0.06779429841596735, -0.08579145523394369, -0.03280745587573684], [-0.036670394356012326, -0.09606926938551123, -0.04310753530263788], [-0.14578344629038908, -0.13773404578649112, -0.0110095687970505], [-0.13980799275560712, -0.20743543698090747, -0.02389339364099587], [-0.13715528856533424, -0.24860777935418085, -0.03609050859805345], [-0.13521283418550845, -0.28497033551623946, -0.04522858949795133], [-0.1738504336086144, -0.13752126775425635, -0.0159688478208303], [-0.17242144038904125, -0.21488597793554312, -0.02630201030132497], [-0.17064542647158007, -0.2634352176256227, -0.036719144416609985], [-0.17012074597324436, -0.3036184573126231, -0.044781549982955096], [-0.2002953139378759, -0.12336730614826483, -0.023338453176306527], [-0.20544248341122842, -0.1956731413433256, -0.03328967142279774], [-0.20509334539791038, -0.2408528560537646, -0.04202955100010326], [-0.20462914224260376, -0.2789294398987995, -0.04831743632984368], [-0.22624437740213468, -0.09716506529988866, -0.032684493390564014], [-0.23800942311607964, -0.15294374467240301, -0.04213145897365113], [-0.24474416543362407, -0.1906222002057224, -0.04628850360845412], [-0.25051650270888054, -0.2259767925383098, -0.049035884653342264]]}