{"label": "A", "timestamp": 1746080332308, "left_hand": [[0.12977163244942197, 0.05138419370826691, -2.9279482722229035e-07], [0.08166804236843454, 0.026042879785374753, -0.014035128863112502], [0.04848263191094567, -0.01665049996805783, -0.028568408904435023], [0.031912229434206255, -0.05868959569325846, -0.04477258051435319], [0.03701107585141651, -0.09625197808188454, -0.05913887635294324], [0.06903905219544018, -0.11349821516761684, -0.012219228955414416], [0.043542825980974344, -0.16493192973151213, -0.03550552029786134], [0.0224636641741912, -0.19354777743466753, -0.04808455667945307], [0.0040032477769511386, -0.21476159538649744, -0.05665396494778478], [0.10031926536871048, -0.12034752150101712, -0.017998708353115105], [0.048974062118654696, -0.10005460604491759, -0.044729881676985155], [0.05541905016982438, -0.048751174537440614, -0.04493885846327218], [0.07113502109798561, -0.04264469853082085, -0.03961970458713862], [0.12571281146218066, -0.10604507275640222, -0.02742638118220781], [0.07397532466979974, -0.06382538596320174, -0.05129318364099714], [0.08324438338779479, -0.022528385885892042, -0.03826830212755919], [0.09966704543831115, -0.023822750150490794, -0.024966413874585952], [0.14319414579257764, -0.07824090528739344, -0.03948099458893329], [0.09919835529146998, -0.03980883801705321, -0.054753215094701324], [0.10377725896311381, -0.009195853214355044, -0.04719230666041619], [0.11778688569316868, -0.009623471312797947, -0.037965212100899606]], "right_hand": [[-0.12977163244942197, -0.05138419370826691, 2.9279482722229035e-07], [-0.08901976410817848, -0.08999244397326954, -0.016026787575876025], [-0.05819508683115501, -0.13846274377428303, -0.026353520416272244], [-0.03559277825508791, -0.1771135704301721, -0.03713194630128306], [-0.011061517777372564, -0.20365755369530197, -0.04790874539732409], [-0.10014098329150643, -0.2338589259039373, -0.007802649413933393], [-0.09752391714799667, -0.2991805728875354, -0.02030875743637695], [-0.09831369695429207, -0.33774936040075504, -0.03293644442896002], [-0.0995597998127874, -0.37277850000870116, -0.04236843568307331], [-0.12715425144353096, -0.23259550561447337, -0.011834860703506736], [-0.13001028064205292, -0.3050064015583367, -0.02156722957605782], [-0.13157222545364836, -0.3508091522807138, -0.03265596108396514], [-0.13293540464090417, -0.38831844537339066, -0.041283336828611066], [-0.15130415235431496, -0.21766452158747074, -0.018642507901360385], [-0.15939972772357847, -0.2838990420760774, -0.027895390564518854], [-0.16065833761555115, -0.3262087445256056, -0.03533067546831924], [-0.16097293761148077, -0.3627115450319164, -0.04094640346905602], [-0.174192469672859, -0.19107782199261833, -0.027664920047623064], [-0.18287329549326597, -0.24446189910008667, -0.036387382044861374], [-0.18628100731461955, -0.2807894961835878, -0.039447531714748504], [-0.188469283371934, -0.31547809463386045, -0.041331969947247894]]}