{"label": "A", "timestamp": 1746080313561, "left_hand": [[0.14649875404331247, 0.026644241388373516, -2.82496871187397e-07], [0.1123466798495643, -0.023391006813413148, -0.0033886727270149184], [0.07723964191743928, -0.06815092801809075, -0.015460092299978781], [0.041268843674071694, -0.09076354759132313, -0.028097348960069785], [0.015396742715801262, -0.10999018787544419, -0.0400938531751449], [0.09992593914508797, -0.14621207317943455, -0.019268246414262537], [0.05088094915861712, -0.17653513043156135, -0.04100424765884244], [0.017152582210638576, -0.19570988748753715, -0.05478861494652815], [-0.010019341106797702, -0.2098955602659639, -0.0646374441665802], [0.11189548663945283, -0.12235512374322648, -0.028604249400467838], [0.03892771277945513, -0.10905601213282588, -0.050668171300594825], [0.05030610381346779, -0.07823445943649929, -0.05212727430255414], [0.07046369232166702, -0.07538084718400902, -0.05184957322816288], [0.11560449541858164, -0.08746238610126669, -0.03881726114095546], [0.04550414620224601, -0.06215430268401093, -0.05639670003077784], [0.05915786839805688, -0.03956885673461651, -0.04498858025408295], [0.07820550286895166, -0.04539942103413104, -0.036287036268643394], [0.11385452098431727, -0.048063963168269865, -0.049939138198090365], [0.05783413463809365, -0.028038286466211208, -0.062119597955765826], [0.06821664532772058, -0.011007122288395203, -0.054639107958668734], [0.08549473202610755, -0.015380340501284768, -0.04765956007305183]], "right_hand": [[-0.14649875404331247, -0.026644241388373516, 2.82496871187397e-07], [-0.10483040517445966, -0.07192941520708367, -0.014179529854036844], [-0.07355484820348662, -0.13362659021140932, -0.022996572585944102], [-0.047701574436700346, -0.1790542607088917, -0.032364737967924405], [-0.020993650290034808, -0.208504152730159, -0.042102441208563136], [-0.11919411204010058, -0.21815280205365892, -0.010931935844912255], [-0.11611257798102566, -0.28826652985491097, -0.024091484391342732], [-0.11615227992951942, -0.3290194867920041, -0.036104108846868335], [-0.1172239375505976, -0.36404021463155567, -0.04481984697298442], [-0.14842989464595502, -0.2155546843333462, -0.015994571973063587], [-0.15059527327426075, -0.2935919354461428, -0.02626426809242807], [-0.15205725241169332, -0.34112434713355183, -0.03645548974470719], [-0.15496688640400536, -0.37825337337432424, -0.04430324445568445], [-0.17515463312307966, -0.1985419482452594, -0.023481761023259624], [-0.1841532064206196, -0.27011244950887925, -0.03353580229242639], [-0.1866736988495919, -0.31323553295069956, -0.04107010812453654], [-0.18887469297146559, -0.34805686608302133, -0.04666190112301898], [-0.20063240419519585, -0.16933665354303415, -0.032803634939726704], [-0.2173619168552602, -0.22247948153146968, -0.042637341673715676], [-0.2270429107731624, -0.258638811973432, -0.04628085872246747], [-0.23537547867904426, -0.2924677699159116, -0.04851210215452987]]}