{"label": "A", "timestamp": 1746080334209, "left_hand": [[0.14403657572396514, 0.03753852449529465, -1.9800181067005023e-07], [0.13782608929538911, -0.02424698194583699, -0.0020342277349634326], [0.10133276112161943, -0.07922821599301874, -0.010495158528481232], [0.05486364859497851, -0.10122008606907733, -0.018438370843836323], [0.018497142101346144, -0.103165678214183, -0.02751393907470176], [0.1087066398762625, -0.10672333638137822, -0.027394935495612248], [0.05508258140526745, -0.15936573061535306, -0.041041880128481194], [0.024221680830122626, -0.18592020202735401, -0.04608897856114863], [-0.0015794642592599337, -0.206712826065534, -0.049761052504575354], [0.09585538783610427, -0.07286870283186944, -0.034357923351625526], [0.03663070245000418, -0.09198850006485122, -0.05148057573829722], [0.04664819488888616, -0.0682301331964075, -0.04959741581745473], [0.06588934048174802, -0.05573329596353822, -0.04678871051286226], [0.08140021047170742, -0.033189590496988684, -0.04002111889098432], [0.03211968196129601, -0.05344156827406434, -0.055741850009318986], [0.04665876047545865, -0.0341461398151071, -0.04430792810627574], [0.06486025234958767, -0.024388283675768726, -0.03443960962535369], [0.0669059577576261, 0.005600419067500332, -0.045299218285488864], [0.0327377860964203, -0.017800657768456032, -0.055244284494448126], [0.04591258757456883, -0.003639584764716318, -0.04585815513580722], [0.060126627076240786, 0.006577926352426474, -0.037378696000314036]], "right_hand": [[-0.14403657572396514, -0.03753852449529465, 1.9800181067005023e-07], [-0.10040306744609223, -0.07948594702285255, -0.013824156184471493], [-0.06624589438730205, -0.13707705415977617, -0.022474613276418594], [-0.03843394496683773, -0.1777655437456378, -0.03177332756172667], [-0.012556121431952868, -0.20275474948787522, -0.04186161376080275], [-0.10854433687793873, -0.22383964189953745, -0.012908103590542645], [-0.1061674436324371, -0.29457818391332347, -0.0272666437266875], [-0.10597447445210254, -0.3357695261375006, -0.04000743559034126], [-0.10608750890779443, -0.3721890510909664, -0.04924474606401361], [-0.13795957075919382, -0.22210037314336864, -0.018410508439409817], [-0.1411213312013278, -0.30049059955611923, -0.030220493776819526], [-0.14231889713773502, -0.34809119980150505, -0.041581240332531424], [-0.14372735045006574, -0.38604931664879727, -0.0501312290885544], [-0.1648264024797985, -0.20572891014612948, -0.026102738276846348], [-0.1733357873402107, -0.276956933268995, -0.03699571513785349], [-0.17540236411188825, -0.32254032054882065, -0.04526448608471102], [-0.1767655153067102, -0.36086509789144566, -0.05136763654609081], [-0.19064410609502253, -0.17761429997194766, -0.03559418574885449], [-0.20020341580996676, -0.2343299183565877, -0.045894407222194455], [-0.2054638914596557, -0.27235906712278773, -0.0498189510529609], [-0.21010624565358665, -0.30795324655860495, -0.05225244379931867]]}