{"label": "A", "timestamp": 1746080321484, "left_hand": [[0.16579400975165395, 0.01871758404254882, -3.822910939094789e-07], [0.11432843406447989, -0.027097413859736092, -0.0026596060038762883], [0.08049147107559218, -0.0683903392920185, -0.015472865152180812], [0.05344250889492246, -0.09011752356951107, -0.02998430324442938], [0.039965829610164275, -0.11642498009841822, -0.043092470412942695], [0.1139607139815506, -0.1610290470648712, -0.018044509324192475], [0.06394533098667111, -0.19258000784552787, -0.046130976479147635], [0.028266409903440145, -0.19178077176542913, -0.06268281650013471], [0.003162194140736641, -0.18184832197315193, -0.07140211946850049], [0.13428731257646334, -0.1424662051210396, -0.028423381586809408], [0.05993701961436951, -0.13324298393053588, -0.053041424284052396], [0.06503545766158195, -0.09213704154287702, -0.0546028130382431], [0.08436103445784006, -0.08285027716671248, -0.05302568290396824], [0.14681900359901326, -0.1104687090447846, -0.0406440720404489], [0.07233909697980447, -0.08342898950930192, -0.05980923388398584], [0.08165517787117162, -0.05290894470782669, -0.04732788549183693], [0.10090457505280226, -0.05705394613746461, -0.03701954255489524], [0.15195712003318096, -0.06984287874969261, -0.053845385485982576], [0.09156914237307476, -0.04590605239901026, -0.06404384564703862], [0.09670227644382132, -0.02558299200420819, -0.05362159884199369], [0.1138496578229752, -0.029648672764018353, -0.04429605868094293]], "right_hand": [[-0.16579400975165395, -0.01871758404254882, 3.822910939094789e-07], [-0.11871340128019434, -0.05637919693472869, -0.015896517228823695], [-0.08019765605007637, -0.11192413682907967, -0.024364752405663662], [-0.04765065583418624, -0.15180300975591207, -0.03311846933441697], [-0.01636923008338807, -0.17110934307605813, -0.04237487468998917], [-0.12157450542273865, -0.20343697488508736, -0.010160267840298451], [-0.10626379288980342, -0.2704241651046499, -0.02343063824188224], [-0.09846578036632311, -0.3116166489786889, -0.03628703584576108], [-0.09240839982891498, -0.3484046333282393, -0.04585181068521244], [-0.1518438615255571, -0.20804421688632502, -0.014430184883281967], [-0.14496081671946856, -0.2861206678139367, -0.024897558407021434], [-0.14013093889188002, -0.33415673473160556, -0.035792694231575696], [-0.13720717611370253, -0.373779557503491, -0.04412741199735206], [-0.18042745482208064, -0.19695990243761427, -0.021370056387385036], [-0.18154703340250442, -0.2690663988642256, -0.0316349525737332], [-0.1774844395417704, -0.31478366301447425, -0.03976924303706758], [-0.17353521250090853, -0.3543684681872115, -0.045713220650520796], [-0.20911241033095804, -0.17334342761327767, -0.03040094661600612], [-0.21452127128175671, -0.23059370775280114, -0.0400588880410244], [-0.21489823400987304, -0.26899590564263315, -0.043465357892717264], [-0.21367182344855698, -0.3059115179247466, -0.04559214109596864]]}