{"label": "A", "timestamp": 1746067983493, "left_hand": [[0.17930143777091015, 0.010002308325063783, -3.039261763222398e-07], [0.13235079506011171, -0.01641888763698758, -0.00077414334133951], [0.09024951719853878, -0.04546652708198083, -0.008763361521737274], [0.05717653408167701, -0.05853202731140952, -0.018618946745732015], [0.028493876885572485, -0.06540927710226777, -0.0281768642685572], [0.09232074846742269, -0.12400777907118601, -0.009560786635096567], [0.0414339241129366, -0.12976970978252966, -0.024913024728816447], [0.009792494242305097, -0.13866778916165326, -0.03528923922237978], [-0.015595731842817099, -0.149042201232911, -0.04377698090325226], [0.10572203942118236, -0.11741124415243427, -0.018616595879942008], [0.05018498756626644, -0.0635574232271523, -0.03758064988027819], [0.06560754906787693, -0.04229973172301111, -0.040541404116942355], [0.0825244344127085, -0.047518091553353035, -0.041644150336276414], [0.11702833138440161, -0.09512179541022393, -0.02831387316775834], [0.06681207427153095, -0.036359609243181386, -0.043644128048144125], [0.08384894471956733, -0.022097256506885758, -0.03601589652326624], [0.09884051232234511, -0.032921006395731534, -0.030107005006077017], [0.12653687521364185, -0.06486244312033361, -0.03882092588232372], [0.08708607313241859, -0.021398379659883542, -0.04873761639187481], [0.09903665114595958, -0.008570644838937156, -0.04361657083005002], [0.1120580995128004, -0.01643934816175312, -0.03876228101345439]], "right_hand": [[-0.17930143777091015, -0.010002308325063783, 3.039261763222398e-07], [-0.13362487061438308, -0.045883851233664154, -0.01562386793933558], [-0.09650290839187191, -0.09566399931651072, -0.024199722991374736], [-0.06380893003871663, -0.12897576204890135, -0.033189610156191984], [-0.034828933794133585, -0.1427770694906149, -0.04272134845962764], [-0.13591556746895253, -0.18816287892047648, -0.010127656718195256], [-0.12568098368224548, -0.25675434087124666, -0.022053330161148455], [-0.12043310160765672, -0.29526982357574183, -0.033336226462361424], [-0.11683654703669359, -0.327183105030812, -0.04141451512015111], [-0.16608456713978123, -0.19029807137723198, -0.013900041167864826], [-0.1611719686860002, -0.26724128582871487, -0.02278628629411353], [-0.15849973155010785, -0.31202500904058367, -0.032530058636220945], [-0.15717608111444067, -0.3464215874731644, -0.040032602899254484], [-0.19510755694394705, -0.17913950087514324, -0.020305250612477174], [-0.19671066551690214, -0.2502960247345587, -0.02959048699564352], [-0.19592965994710723, -0.2910751073270965, -0.037765287926704284], [-0.19467154712982968, -0.3234750979246228, -0.0436650818964459], [-0.2245486315550811, -0.1555416588989228, -0.028651402926454503], [-0.23682265342456008, -0.20933945590887154, -0.03731077985797669], [-0.24411976288471807, -0.2436469494811989, -0.040457089888204185], [-0.24964326674820123, -0.27522521189121263, -0.04241744186932312]]}