{"label": "A", "timestamp": 1746067987443, "left_hand": [[0.21711582717458824, -0.03049467373726778, -3.3718081530457224e-07], [0.16094314847423008, -0.06126315626778374, -0.0013717460432437227], [0.10550510402128725, -0.0841990435795142, -0.011354089962138913], [0.06208504806827588, -0.08619580463205782, -0.02273278698037141], [0.03008271746160123, -0.08945450396486994, -0.03326741622505286], [0.09866966391718489, -0.17343271423673903, -0.010405379108596603], [0.03695039531672894, -0.14407206466236724, -0.02932561179126972], [-0.0009850011526280652, -0.12865096678701887, -0.04428278533506802], [-0.0329816760135088, -0.11709406296293677, -0.05609750279632487], [0.1126720179601283, -0.15866593901853232, -0.02053895706247041], [0.05454113154105508, -0.08538797560782618, -0.042271737632992884], [0.08064315247943717, -0.07133363583479364, -0.04784247638935034], [0.10139714732630303, -0.08287159291046613, -0.05129836094270675], [0.12726473760152712, -0.1308019883060917, -0.03136097330885684], [0.07587931779721797, -0.054055945140161, -0.04758519592404471], [0.10137405303097785, -0.046037982852979775, -0.03906005168709273], [0.11750852897579937, -0.06351517998049297, -0.0331599334893609], [0.14238938013484415, -0.09551802903053205, -0.04321240598655923], [0.09939322232908711, -0.03781806330974063, -0.05370088051615108], [0.11857614525683176, -0.030008892304784963, -0.047220202958374244], [0.13331402904027453, -0.0449231882257831, -0.041650453957530725]], "right_hand": [[-0.21711582717458824, 0.03049467373726778, 3.3718081530457224e-07], [-0.16304624933050316, 0.008640919120774094, -0.018004221175438987], [-0.11609448648208563, -0.0409591231300392, -0.02637220784899287], [-0.08109081654182972, -0.08309975512203586, -0.034122055382831994], [-0.04600966288419709, -0.10141419115190908, -0.04199702450955787], [-0.13258348342575607, -0.14186406150442069, -0.014054844817404143], [-0.10990766615811605, -0.2106162971308317, -0.026979702698381416], [-0.09934923712273565, -0.25355606243790185, -0.03848004022742152], [-0.09200711289232043, -0.29168054934163556, -0.047332728734065785], [-0.16291527168415895, -0.15540021713469274, -0.017254295794473542], [-0.14137929928446116, -0.23361512818012697, -0.02798327354969952], [-0.1292148505340746, -0.28135730506885237, -0.03807214901904435], [-0.12142651152612656, -0.32111079993768377, -0.04587942004689737], [-0.19479863132149772, -0.15266170502127646, -0.02312599092388999], [-0.18185426700893328, -0.22828496481907656, -0.034520856158125814], [-0.17162575647819825, -0.27307291002356254, -0.04298905410461525], [-0.16278928994659936, -0.3106387742021093, -0.0491723101304543], [-0.23013150101537103, -0.13790240010063923, -0.031011327445054256], [-0.23132943510573833, -0.19942845428541037, -0.042729576146412616], [-0.23010247996976596, -0.23979751816989134, -0.04773776261253665], [-0.22762595849744932, -0.2779826393816574, -0.05085731881601459]]}