{"label": "A", "timestamp": 1746067995023, "left_hand": [[0.17510371565612512, 0.013317184226973467, -3.456319818918971e-07], [0.11776337030858752, -0.0024385782363898273, -4.073849699694965e-05], [0.07871205061146323, -0.03665002430822881, -0.008771651898150929], [0.050283283078876556, -0.06475942458390631, -0.020364271896842798], [0.027205822724894753, -0.08833799959461328, -0.03071555764092038], [0.10369555117156092, -0.14073004512199674, -0.0006943393143296761], [0.045626038367186664, -0.137858073228642, -0.018766884666184758], [0.010643475153360928, -0.138082755534891, -0.03301041024095073], [-0.019229367511173108, -0.14214041531531918, -0.044247500662405376], [0.11610425766821308, -0.14416958225491952, -0.012028765912055466], [0.04710952235044932, -0.10079441154285766, -0.03264450424186328], [0.06667544663723034, -0.06162955805631908, -0.03612369653142207], [0.08864188850663085, -0.05691462604582882, -0.036467448015082594], [0.12427734230849742, -0.12964788722899437, -0.025190814246644096], [0.060225669581962994, -0.07496240211631522, -0.040778494394202176], [0.08151697560383023, -0.042076104596829304, -0.030159938209407315], [0.10209933713203577, -0.04513220916257965, -0.022075896183422983], [0.12788807460275897, -0.10192793455569006, -0.03993043276636608], [0.07910479092707132, -0.05945385241432788, -0.05125036603792942], [0.09320802617652997, -0.03516047343601365, -0.045481781996569416], [0.11033578705693499, -0.0371817067515992, -0.03964768073989771]], "right_hand": [[-0.17510371565612512, -0.013317184226973467, 3.456319818918971e-07], [-0.12811770894229824, -0.03613568694481232, -0.013924415112453434], [-0.09212576059728333, -0.0832569800969045, -0.018973910769969446], [-0.06594996079676656, -0.1237091029701569, -0.023840241151645583], [-0.038172580093420526, -0.13637500407539319, -0.02878785228915954], [-0.12402805539705224, -0.16392977662255948, -0.004075315129160208], [-0.11133306433709506, -0.22105606968295288, -0.011335879066918], [-0.10558227585515711, -0.2555530225118209, -0.019289275565416916], [-0.1014538875573683, -0.2840414737126496, -0.025296675301231995], [-0.15137562035230276, -0.1696352449254848, -0.005309529215489975], [-0.14204933420040425, -0.23408240621646903, -0.010240509072351191], [-0.13576502246690947, -0.2719388210221497, -0.0168246554026501], [-0.13053404191919563, -0.30219281468878006, -0.021951706448028033], [-0.17836453883370815, -0.16496249594202744, -0.008935249674646314], [-0.1730362547208717, -0.22537888362285582, -0.015207933204315488], [-0.16742671585864807, -0.25897612200544506, -0.02061833907602565], [-0.16173628514372465, -0.2849278098909819, -0.0244564970640887], [-0.20697816499121466, -0.1510653015750706, -0.01433843329099824], [-0.2114087569540898, -0.1974907433058131, -0.020765756051336456], [-0.21264946167174947, -0.22548692091458666, -0.022675845711376545], [-0.21220263789308633, -0.2502617490142822, -0.023535422112956336]]}