{"label": "A", "timestamp": 1746067988491, "left_hand": [[0.16367724596237354, -0.06821472575244389, -3.538728033005666e-07], [0.11196231337311344, -0.07395933860476847, -0.007428336885443494], [0.06986171280639894, -0.09641129662501033, -0.01633406076068087], [0.04231924083399594, -0.11873287405211475, -0.025947975012725156], [0.03144627638930301, -0.1413077802718819, -0.0343812924509592], [0.0745649700939905, -0.20553625753997173, -0.007706564498346202], [0.03126538930321044, -0.18534982822713583, -0.030195901666981512], [0.0029540024280254765, -0.17264448918327624, -0.04673061561784694], [-0.01951175860892461, -0.16313218365486074, -0.057331051925176985], [0.09840905404762088, -0.21281119541080387, -0.014123498284036706], [0.05243690034343041, -0.14549595820346412, -0.037365009371465634], [0.06983405851068628, -0.10257772194597127, -0.04145997169436459], [0.08610525730800093, -0.09381396463134867, -0.04030795973366528], [0.12262794299340571, -0.20105399330660054, -0.02307959593091472], [0.08005070398959135, -0.12355447048994617, -0.04250758024284679], [0.09703748785240615, -0.0938286363693882, -0.033661662401760245], [0.11046106638805593, -0.09710516365722828, -0.02417911962812189], [0.14409414361411693, -0.17599992532537495, -0.0337367706001945], [0.10853216719652398, -0.11741871585820929, -0.04612204917773831], [0.11942351957606251, -0.09413264057304271, -0.03977904418061909], [0.13102722344725692, -0.09886413130390112, -0.031890393902347845]], "right_hand": [[-0.16367724596237354, 0.06821472575244389, 3.538728033005666e-07], [-0.11274703417789522, 0.023460326305534036, -0.012726929203005864], [-0.07721128831827753, -0.053116590326144714, -0.01889908717983526], [-0.05058058764535716, -0.11038422074695911, -0.026370813055155394], [-0.02089015391904917, -0.14587221106450407, -0.03411095119889209], [-0.11202281016137838, -0.15202630536879033, -0.007026697302513107], [-0.10618237251998314, -0.23560916996352724, -0.022417277358432665], [-0.10329469455248667, -0.2851059191579366, -0.03599387753691656], [-0.10171195668032477, -0.3280328667598904, -0.045937937566982036], [-0.14078699389934896, -0.15558157154823332, -0.01423041133565532], [-0.13689632889258468, -0.24956957001961663, -0.0273772568813873], [-0.13255619712147138, -0.3067477462744565, -0.03852012520108819], [-0.13043024297462566, -0.3534825407829252, -0.04658420892598336], [-0.16748646834432962, -0.14190483313795746, -0.024381759436022034], [-0.1716224988648865, -0.23102058389166563, -0.03717094366212169], [-0.17103494160558488, -0.2853094412609388, -0.04472384822781779], [-0.17032561857301443, -0.33190533688099383, -0.04994227837961754], [-0.19384098802734478, -0.11452915566116169, -0.03655194351685707], [-0.19970558094797944, -0.18491672238119272, -0.048703324908738695], [-0.20140159042928202, -0.23241606405463885, -0.05317032920733566], [-0.20235713563140229, -0.27676416736113507, -0.05584269097320026]]}