{"label": "A", "timestamp": 1746067984914, "left_hand": [[0.1783110263711777, -0.007579113439942519, -3.639213932272462e-07], [0.12302105924048125, -0.024455199091328348, -0.005745105211378984], [0.08524863181636191, -0.052527094930642934, -0.01637791646469466], [0.06148970026502749, -0.07485477779030421, -0.028465005926897234], [0.04696904683963976, -0.0999087212303763, -0.03916263533867974], [0.10280548570377936, -0.15130228807854165, -0.008351371785881141], [0.05284076527066707, -0.14134293428673586, -0.03216200281320236], [0.021670579358218908, -0.1305774318983807, -0.04929201372309442], [-0.002308114306226426, -0.11946048106026913, -0.05983562313277902], [0.12357593894209469, -0.1514938234413665, -0.01619029635078428], [0.0658784286617951, -0.10106740392092387, -0.03899358667094774], [0.08351612839700404, -0.06255747757443694, -0.04314777548856884], [0.10238116049694233, -0.06001711624631924, -0.04286317500552916], [0.1423924635333581, -0.13635809480598116, -0.026509925226514276], [0.08740869427646847, -0.07362051578147842, -0.046517592116213535], [0.10680624642640246, -0.04429624846343277, -0.03773019128339996], [0.12375994409166811, -0.05045878095837288, -0.02893220541922911], [0.15787236449219863, -0.10949080209875969, -0.03825500210433838], [0.11377118551007989, -0.06104672276616428, -0.05172316386025266], [0.12656340090731297, -0.037761825068651826, -0.04525115923467016], [0.1413018761454646, -0.04215803748104356, -0.03765393632482235]], "right_hand": [[-0.1783110263711777, 0.007579113439942519, 3.639213932272462e-07], [-0.12819230614742946, -0.022106419323662804, -0.016786312152165056], [-0.08422140447432329, -0.06910529828113762, -0.025844315586943563], [-0.04626065242247711, -0.09760655486866596, -0.03532710043012877], [-0.013152360550330493, -0.10164769231755749, -0.044957270141189574], [-0.12193058734665603, -0.17064930002419912, -0.007554153768161011], [-0.1094524696174997, -0.23680813673435558, -0.01792170690752112], [-0.10557956082845542, -0.27451209927480236, -0.02858613899305424], [-0.1030805694755933, -0.30707237179299096, -0.036880810369744076], [-0.15134193719217995, -0.17849264079353785, -0.0106224406478709], [-0.1442050274408432, -0.2538396774016376, -0.018984032896908063], [-0.14068855644530476, -0.29767977049301714, -0.02841133294601881], [-0.1389146830506913, -0.3321567710188668, -0.03563241188696161], [-0.1795813918257458, -0.17207634473178712, -0.016506405059324842], [-0.180105850389776, -0.24231572546693003, -0.025232572380815634], [-0.1791982056060278, -0.2806390595967142, -0.03271041484699249], [-0.1785181072355922, -0.3119644464381084, -0.03782870483628559], [-0.20794232312032176, -0.15231752713629346, -0.024680343268069067], [-0.21733170213579076, -0.20853010708198635, -0.03286990349322314], [-0.2242317104542848, -0.24494534061100953, -0.03610854773282615], [-0.22969237394691971, -0.27903292978686123, -0.03798816172164746]]}