{"label": "A", "timestamp": 1746080331090, "left_hand": [[0.11799961396653326, 0.04515813398289657, -5.016034315314626e-08], [0.12657027118250672, -0.029206361206791397, -0.004168151896410021], [0.10288686816925299, -0.08517748067471662, -0.00884125184414769], [0.06860466533352938, -0.10936128927619598, -0.011041924210359867], [0.041403121690917005, -0.11176760288842354, -0.012845148350864413], [0.08712418089601337, -0.08991164771116328, -0.031226032793543645], [0.04093885749246173, -0.15970762981791015, -0.03807979648368573], [0.01977480756592372, -0.19390185783649128, -0.0363525873070045], [0.003880974620963227, -0.21989532759785904, -0.033986719744183554], [0.05820993300457641, -0.06167322250702421, -0.029594489130035356], [0.0339183037736936, -0.12091993056608477, -0.03363966432715275], [0.045113330020332486, -0.1193349637636196, -0.026007165519853312], [0.060003973131558135, -0.10706020462200326, -0.02037383718458127], [0.03764058290126423, -0.03570094764712298, -0.02611077468328276], [0.03030185714406556, -0.08479217369713497, -0.02419885788696394], [0.043150227714483735, -0.0785046369475116, -0.01444520032267843], [0.05368121805319975, -0.0635702194417998, -0.009651174109424539], [0.021760418360097056, -0.014907506726295336, -0.023105589721996354], [0.026675966889998494, -0.053595799405078366, -0.0179877776616111], [0.03941374764790706, -0.046332303122264246, -0.01038573210234112], [0.04605147955341962, -0.03252075386376077, -0.005819290914212029]], "right_hand": [[-0.11799961396653326, -0.04515813398289657, 5.016034315314626e-08], [-0.07915754286948846, -0.08752351130086347, -0.010613151264936123], [-0.050719825237573256, -0.1426546807289284, -0.017578161561016842], [-0.027505372732646804, -0.18282895966530444, -0.025666777887465186], [-0.007032695521618304, -0.2131608872977153, -0.034270044009631274], [-0.0960867307750325, -0.22823926682260093, -0.0051867001011523224], [-0.0952555675661822, -0.2914236112492588, -0.018094400086785895], [-0.09491083977181035, -0.32928113124501424, -0.030779586335747528], [-0.09419234326279928, -0.3641452530588582, -0.0403036457808593], [-0.11873110433473487, -0.22702924031224297, -0.011565168902521352], [-0.12132455082071462, -0.2983306639630211, -0.021813663733714454], [-0.1204559148840621, -0.34283177375162904, -0.032689694731239796], [-0.11892917193152173, -0.38083183567265766, -0.04136866295279173], [-0.13955946181434362, -0.21200304923820457, -0.02033347323435329], [-0.14538665737491216, -0.280362428852752, -0.030386437777158493], [-0.14512640741645255, -0.3227717225745951, -0.03757022685200772], [-0.14407044334313648, -0.36032949625028027, -0.04322319020435235], [-0.15936203221602419, -0.18489782346440073, -0.030770131616824906], [-0.1653339530962381, -0.23836762503814793, -0.04055438554797829], [-0.1663815031131931, -0.2757522005114806, -0.04421309772232309], [-0.16680796618713165, -0.3115440696705898, -0.04674863100391881]]}