{"label": "A", "timestamp": 1746067997683, "left_hand": [[0.18737549585333038, 0.03938172817852921, -3.7661708619137477e-07], [0.13094435676812563, 0.011414926724826474, -0.004805872985395714], [0.09562896955755805, -0.0276777842409768, -0.015545139505315454], [0.07160776170033799, -0.05606855296116257, -0.02779606332265079], [0.055867307342031006, -0.08601338507353094, -0.03865894063328688], [0.12926711336511196, -0.12883727336322326, -0.007001668635157116], [0.06976441080216808, -0.12605153272330322, -0.028629156298357317], [0.03365106873986931, -0.12433868432613547, -0.044749517050033126], [0.005451569360259869, -0.12576838824598294, -0.05595653911265299], [0.1465258786887595, -0.1249153672852806, -0.016077340793882695], [0.07675822436745522, -0.09272887029597277, -0.038576602548548486], [0.09112745643882476, -0.053406311769564285, -0.043307567002537954], [0.11196942581183017, -0.045542448768109825, -0.0439089172932955], [0.1589791738352296, -0.1052616808055088, -0.02729762719115182], [0.0923453487302334, -0.055274234782402266, -0.046192105972509674], [0.10860039231391927, -0.021593188062637898, -0.03751780241355832], [0.12748887857081245, -0.023373486914569513, -0.029629493229523456], [0.1656432787659005, -0.07361849784362684, -0.04002932132529694], [0.11410857582637439, -0.03394696614470231, -0.05286590153090276], [0.1253086439805432, -0.00778533052297528, -0.04705879824351047], [0.14149650740272654, -0.008816671319823865, -0.040580129847696586]], "right_hand": [[-0.18737549585333038, -0.03938172817852921, 3.7661708619137477e-07], [-0.13403742084619935, -0.0562693562822301, -0.016853398819930282], [-0.08610705397464566, -0.099213795366484, -0.02349633794532893], [-0.04475147239694438, -0.12732360652755495, -0.03003215032956059], [-0.011048507350896089, -0.12520824232000943, -0.03662611415891143], [-0.11378486278773713, -0.19361531408002752, -0.004442747426648727], [-0.09448272955252153, -0.25396391169042, -0.012275815809334708], [-0.08551285109774219, -0.2895000056349363, -0.021479025689852032], [-0.07821107521932003, -0.319816699844634, -0.028686633546080288], [-0.14154936202137758, -0.20626815936971712, -0.005603225436378232], [-0.12489961655977835, -0.27586194140763004, -0.0111077250513296], [-0.11467039265614534, -0.3172686575559556, -0.019263497864133578], [-0.10693843276622912, -0.3498445488464085, -0.02564848814428974], [-0.1703786938441592, -0.2070040696319114, -0.009622495063239521], [-0.15922985854907334, -0.27205215788891784, -0.015984771494899377], [-0.15040982084953997, -0.30626829926375165, -0.02268905183305255], [-0.14311792296121437, -0.33271664231942577, -0.02733120498584575], [-0.20173868318449156, -0.19787194150397874, -0.015943041901164315], [-0.1993885569934072, -0.25065520273401926, -0.021653986825074585], [-0.1972356957388782, -0.2838137602935389, -0.023732826119923184], [-0.19451605408741526, -0.313602117179701, -0.025004187332849558]]}