{"label": "A", "timestamp": 1746068004993, "left_hand": [[0.157089925106178, -0.021346541395720103, -3.5426899581018904e-07], [0.10134482075626004, -0.03662444290333445, -0.0031031603356909574], [0.05884154129634519, -0.07381084474138397, -0.012600535618335964], [0.030229769472578442, -0.10296167590922639, -0.0242666258919805], [-0.001479308587932662, -0.12238340984792587, -0.03546646764712838], [0.08144651702885232, -0.17801550645661895, -0.008626887722931817], [0.02824609864265608, -0.19296787115890712, -0.031905758265371786], [-0.006235121402266236, -0.19409380081449973, -0.048285252404307824], [-0.03370260912631616, -0.1921963139103027, -0.05878323381433005], [0.10281307693873225, -0.18106522525771787, -0.01991888123706243], [0.03168868699335822, -0.1616422743125744, -0.04343977539837219], [0.03179066716598883, -0.10789790371966047, -0.045944955221789326], [0.045930692485366804, -0.08381843775126412, -0.044088455356044234], [0.11942183708498234, -0.16462592704957263, -0.03360031865886332], [0.047384443937976306, -0.1315025881537152, -0.054290412367006304], [0.054852889605298064, -0.084590417226594, -0.04250686544847825], [0.07404741589197007, -0.07038658599793984, -0.031364916876146044], [0.13139126931939218, -0.13498300305164493, -0.04870285947264952], [0.0750030391560069, -0.102996820074904, -0.06421911107139178], [0.07447376553721533, -0.06839012418192279, -0.05727451216759618], [0.08778612712723569, -0.056213428299046714, -0.049116914869124145]], "right_hand": [[-0.157089925106178, 0.021346541395720103, 3.5426899581018904e-07], [-0.1128359942950598, -0.018147354333809953, -0.016559881359567374], [-0.08534260171955987, -0.08148339977516417, -0.023954381466985468], [-0.06835485583191415, -0.13466084406012238, -0.031062273452242706], [-0.04781978452878713, -0.17136533618322997, -0.03804414317838458], [-0.11019136478173616, -0.1642150010982396, -0.009843691591201827], [-0.10228795107659662, -0.23595415315587687, -0.02387364612878348], [-0.10009202438810116, -0.27809857715445385, -0.03626524299648331], [-0.10024305737148322, -0.31584469019082706, -0.04510808322428687], [-0.1372533906650178, -0.16775338524188776, -0.012957938899153015], [-0.12816039041620667, -0.24796950875589654, -0.024533980785921408], [-0.1235779886017043, -0.2963760145750034, -0.034798390096951584], [-0.12150386190506965, -0.33669980935184934, -0.04220433999968938], [-0.16388504333072923, -0.15762886026592263, -0.019017697279134892], [-0.15807468201427124, -0.23360433724438598, -0.030283730835018615], [-0.15187259364405536, -0.2796055167560376, -0.03722841356323765], [-0.14662128534896665, -0.31821610175748166, -0.04201049757279773], [-0.1919833874563421, -0.1369673196400886, -0.027111861221323783], [-0.18981796043954424, -0.19569374206158163, -0.037648373924652104], [-0.18598776795487396, -0.23525236266443741, -0.04120207310092283], [-0.18203572580461044, -0.27176409586894146, -0.043174902638747466]]}