{"label": "A", "timestamp": 1746080557343, "left_hand": [[0.17372890048136946, 0.0789843882001541, -3.803272809800044e-07], [0.14235999995294282, 0.02087372427177027, -0.0006787058006877177], [0.1123175047046207, -0.032835950471713574, -0.009724233853932196], [0.0845618707957999, -0.06361178996609827, -0.019469776088989026], [0.06291982183775235, -0.08256010406017242, -0.029193682083407172], [0.13469117097540217, -0.10045338237417735, -0.019645135124169825], [0.07947034924689116, -0.12476402525983273, -0.0403518802545349], [0.04415873944549332, -0.13820057058753926, -0.05423976763992559], [0.01582875964056405, -0.14836481822494288, -0.0643453296650861], [0.1462654797562481, -0.07256477459905243, -0.029970209702995406], [0.06622199949076453, -0.060117521101206745, -0.05075637243081837], [0.07637110634061252, -0.02843753160618642, -0.05249862727257976], [0.09836926501551858, -0.02334319877046364, -0.053131447934420276], [0.15091450476062684, -0.03454653817557681, -0.0407142927760274], [0.07591093885039428, -0.017531465701037925, -0.05772190279012152], [0.08952343057141957, 0.0062228636853590355, -0.04724351393186899], [0.1109917018431192, 0.0036236282195775955, -0.039458957830612845], [0.151730862290184, 0.007696741039480065, -0.05192566191910318], [0.08984696952247542, 0.01577188128412998, -0.06334624853292636], [0.10055889599249432, 0.030438726044141044, -0.055422124591740674], [0.120309230053374, 0.02815572018369896, -0.04850954180748695]], "right_hand": [[-0.17372890048136946, -0.0789843882001541, 3.803272809800044e-07], [-0.12197614240851912, -0.09067725296207213, -0.018179374105685583], [-0.07374209131522234, -0.12245415152969645, -0.027732212042430607], [-0.032927427736580445, -0.14239272132339625, -0.036543111227710146], [0.0007088960910904611, -0.14383957016286228, -0.045717698053858564], [-0.08607777688779084, -0.21857285092654496, -0.01521340627501256], [-0.05717724642395204, -0.2769378760697392, -0.02837841894764548], [-0.041371770262394275, -0.3137520584313813, -0.04008344252503423], [-0.0283702113273002, -0.3466555400284922, -0.048552353689540764], [-0.11121198624561937, -0.23608991882297098, -0.01743265491159747], [-0.08110149801763765, -0.3031859172632905, -0.027802481662394057], [-0.0618741034654097, -0.3443648232099316, -0.037669759519212], [-0.04615543582454548, -0.37928801357672953, -0.045201575915730874], [-0.14074256624572484, -0.24102794411183312, -0.02216069088087709], [-0.11627471218530429, -0.3084591483434868, -0.032683568352961816], [-0.09920040188146956, -0.3466276580874829, -0.040941798671531145], [-0.08427301107565724, -0.3774180861523705, -0.04674354665261199], [-0.1749454446889053, -0.2366520958632987, -0.028852645382011422], [-0.1655725140477938, -0.2920799688656638, -0.03869571354122095], [-0.1575338602898661, -0.32694391136285583, -0.042434210438004744], [-0.1488558395879452, -0.35875357146217374, -0.04469425912951717]]}