{"label": "A", "timestamp": 1746080310881, "left_hand": [[0.14576752130831652, 0.012485443530446259, -2.753971485832496e-07], [0.11866280492343749, -0.042296205551424194, -0.0017718148515223984], [0.07718602104095437, -0.09046319226519847, -0.012889425528698912], [0.034156612778581286, -0.11171720809158006, -0.024739586257873848], [0.002305539160780153, -0.12540017110674959, -0.0366626515339144], [0.0904267793170306, -0.15787455242086115, -0.022455707453017552], [0.03458123575351356, -0.19042709887870704, -0.042480303139764045], [-0.00034251182175686756, -0.21237252027731113, -0.053991576713029725], [-0.028218398899085943, -0.23085834306605527, -0.06280347870944476], [0.09815092650819707, -0.1328337697576597, -0.03194706688259012], [0.024750944224871816, -0.11310649105105366, -0.05496468601163617], [0.03763122240385481, -0.08367806948015447, -0.05584003944309875], [0.05944332441286966, -0.08315219855455247, -0.05512446343947082], [0.09895961575054904, -0.0949812382457226, -0.041502110769770555], [0.03249389563414918, -0.06830103697219203, -0.06174696838897318], [0.047594833322085785, -0.045749566050687134, -0.051160687967302665], [0.06803415549994998, -0.05251340375519263, -0.042218513727541034], [0.09547576581159578, -0.05425338718016067, -0.051235612709206735], [0.04217526350807716, -0.03533648757871963, -0.06554815748581164], [0.054003727926800305, -0.01774109665159153, -0.058769848083811624], [0.07177540390440199, -0.02205887591150831, -0.05184141055041198]], "right_hand": [[-0.14576752130831652, -0.012485443530446259, 2.753971485832496e-07], [-0.10102051131461598, -0.05611885190762776, -0.01534603213292105], [-0.06530513492049954, -0.11714278231175411, -0.023450659127345532], [-0.04059472043724435, -0.16411712137934054, -0.03165191166844186], [-0.021248703544878948, -0.2000796312212298, -0.03998278028274996], [-0.11176189058117338, -0.20525273274623243, -0.011959632447624194], [-0.10524254366663736, -0.27873535651202014, -0.02575944992574596], [-0.10405829140272273, -0.32176095359443196, -0.03797415810798696], [-0.10472557148669971, -0.35770278958275764, -0.046505408047960196], [-0.14236065001367573, -0.20467257048344606, -0.016367201399588863], [-0.1414598812252779, -0.2873611533775189, -0.02705050960921252], [-0.14199472280560008, -0.33745451178908503, -0.037783378888438905], [-0.14461863032262762, -0.37547466331026297, -0.045913987523613635], [-0.17054817296189603, -0.1889592912302197, -0.0232623652645411], [-0.17647503419919536, -0.2659354187257117, -0.0340604223500747], [-0.1778164796592492, -0.31169235545462587, -0.04230829218379894], [-0.17944174117420325, -0.34771508913080906, -0.0482961278061629], [-0.19824446717218136, -0.1604122949116884, -0.03196351158480516], [-0.2141155598371538, -0.21594582508177085, -0.04317044580919276], [-0.2235173363132141, -0.2538408188912012, -0.047632110595596175], [-0.23138925661420037, -0.28872001880635806, -0.05012719753334255]]}