{"label": "A", "timestamp": 1746068004931, "left_hand": [[0.1589269203634389, -0.022990108781033077, -3.504318799714386e-07], [0.10466763507993383, -0.036271664605561686, -0.006209745304623881], [0.06038865521511952, -0.0741073574579582, -0.016304604011471234], [0.029657924879585514, -0.10503839465191064, -0.02751544906111877], [-0.0040721252949043295, -0.12179554111386402, -0.03813232621198507], [0.08162726268439092, -0.17776919692796087, -0.012508401382888326], [0.02873050262990888, -0.18951924508916249, -0.03552467381440304], [-0.006859077001558352, -0.18902313798075313, -0.05138864431931247], [-0.036044070360981485, -0.18630755711790484, -0.06191383149167748], [0.10241392126285905, -0.181971778356707, -0.022190619363998045], [0.030853336673356692, -0.15749733544842384, -0.04627167690927861], [0.03645694471160064, -0.10407311894143062, -0.04859661205023495], [0.05370406796507223, -0.0807884309897874, -0.04661598079967188], [0.11980323796422011, -0.1650536736963803, -0.03425229352466487], [0.04940188134683884, -0.12701747462566645, -0.056072897953788337], [0.06071450896986941, -0.082269774718554, -0.045051915172856005], [0.08127957902071165, -0.06915595532896127, -0.03421698190257244], [0.13246603050254196, -0.13405338385754795, -0.047814925001651666], [0.07647296201828988, -0.09991100757216091, -0.06527502069711862], [0.078231166806652, -0.06569546620387806, -0.059864218601097044], [0.09276669639525327, -0.05343101966354313, -0.05255749763655224]], "right_hand": [[-0.1589269203634389, 0.022990108781033077, 3.504318799714386e-07], [-0.11466847456821112, -0.015603126767191035, -0.017241400848893737], [-0.08697215141383913, -0.07862393072746976, -0.02477872047399511], [-0.07018958656477617, -0.13099348352931425, -0.031940796486893665], [-0.05039721056207783, -0.1665622798913213, -0.03895520599967829], [-0.1125748218299646, -0.16253802589214003, -0.009990285721149562], [-0.10514869051597633, -0.23423188257405614, -0.02377263672671006], [-0.10301648655728028, -0.27652920012383025, -0.03607016922276612], [-0.10313672549630355, -0.31461593692891493, -0.04501233288792936], [-0.1395777961759544, -0.16561773761032675, -0.01283114948421318], [-0.1300427860114412, -0.24450788856278832, -0.02441754419465833], [-0.12532819852234853, -0.2929334172647646, -0.03494333723421608], [-0.12289727867514018, -0.33375990732043903, -0.04269420090352293], [-0.16621477066755355, -0.15547585099357863, -0.018712919872642737], [-0.15895602690867808, -0.23098204210214676, -0.03004937567608933], [-0.15258293950066, -0.27708788132050644, -0.03750825496847013], [-0.14729825746067918, -0.3162298176104681, -0.04282761317086561], [-0.19498554399703996, -0.13490731706449305, -0.026688304840588168], [-0.19248671718426924, -0.1927199682659807, -0.03740436354115656], [-0.1885945640380957, -0.2319086669122278, -0.041429963219655405], [-0.18467397718634174, -0.2684583887367784, -0.04390603185396747]]}