{"label": "A", "timestamp": 1746068007066, "left_hand": [[0.15696131346908765, 0.013433236978760522, -4.198850103090456e-07], [0.10702397531449899, -0.011778354272923076, -0.005930508387287245], [0.07165753832916308, -0.05297836845012647, -0.014249937693700303], [0.0501969193962451, -0.08685604586569685, -0.024846476326435257], [0.03046239637547357, -0.11985783037229376, -0.03454028329623815], [0.09686563535994278, -0.15075102481371477, -0.0001716681440508938], [0.053334532910429375, -0.16662583634547895, -0.022861052934273703], [0.021895944721726793, -0.17471596663276978, -0.038322549808204695], [-0.003315941816230373, -0.18014916024486743, -0.047864122862438796], [0.1230302630595697, -0.15519742091392438, -0.0087851799782923], [0.06394411950537765, -0.13482067485533017, -0.034912503947666366], [0.06389657841533307, -0.07868980554139367, -0.03950253528867643], [0.07518138628917535, -0.05744093147381398, -0.03697439571903685], [0.1461754409688188, -0.14381152670576372, -0.02061218650965919], [0.0858300983153715, -0.10380151621104261, -0.04473792093236848], [0.0942430011068625, -0.0573940793850744, -0.03537475615354623], [0.1108437001206272, -0.04911690985066719, -0.023689372456266428], [0.16481125298001972, -0.1202337051913574, -0.03396578847151663], [0.11278038436020715, -0.0897496790963449, -0.049125939551473284], [0.11539302809436502, -0.05419721175866064, -0.04160779107967996], [0.12939476497131389, -0.04691761768512672, -0.03214868902093468]], "right_hand": [[-0.15696131346908765, -0.013433236978760522, 4.198850103090456e-07], [-0.11045431595454781, -0.05167581148303554, -0.017194989184682864], [-0.07715554727830908, -0.10703701712491495, -0.025771555931248715], [-0.04777950910329514, -0.15097588531103742, -0.03431031373120303], [-0.017063683283531136, -0.1656015374768477, -0.042986264302166226], [-0.11862033481414583, -0.1956534367176817, -0.006548333396756312], [-0.11557984587677622, -0.2644790074329937, -0.01672584081395569], [-0.1160269092949594, -0.3054463114194354, -0.027471858894988807], [-0.11732634114898839, -0.3397539379529167, -0.035580819834017015], [-0.14677974432767735, -0.19568422031170124, -0.008800173446422624], [-0.14330240395575217, -0.27130959412037675, -0.016475130464101043], [-0.14111027248234573, -0.3180980609716013, -0.025610683354228694], [-0.1393501940415494, -0.35587663000774716, -0.03269552228879991], [-0.17446777851983522, -0.1840782886153529, -0.01404513974553758], [-0.17271372884045758, -0.2544532264080804, -0.02188835072810057], [-0.16839140218952578, -0.2976304405623163, -0.028940695868984487], [-0.16391700310770604, -0.3322723311574775, -0.03412859886470694], [-0.2041776501307134, -0.1623314142473994, -0.021548394715907773], [-0.20846499766182203, -0.21637714414771927, -0.02854719307456854], [-0.20886427391806597, -0.25167064542348366, -0.03079680079076566], [-0.20818577988297327, -0.28416544800555243, -0.03230268081260081]]}