{"label": "A", "timestamp": 1746080310938, "left_hand": [[0.14734915655043987, 0.009601488579799531, -3.08963717914241e-07], [0.1115755274159471, -0.041103551362383375, -0.000214492627406959], [0.07537118693472182, -0.08867957990374524, -0.0105311486927406], [0.039382652774877715, -0.11707988647744995, -0.02257900480713203], [0.010096444307537939, -0.13532305546896833, -0.03441386439051527], [0.09629708158493336, -0.16392745151566648, -0.015269355430990957], [0.045958003882700375, -0.19841886086628976, -0.03487489533569108], [0.01228172666145036, -0.2183304189386162, -0.045890839599615874], [-0.01455672402217151, -0.23372823241581994, -0.05399510422763129], [0.1052823180173007, -0.14340829373779415, -0.026184094290346797], [0.030928207600394598, -0.12697117778267925, -0.05028814576064561], [0.04110272217003593, -0.09489199712627819, -0.051336136732284314], [0.0612905274755036, -0.09155608420885065, -0.0494943563212586], [0.10648735080917601, -0.10896623935776406, -0.03770702658400816], [0.03805562055240535, -0.08017978151304136, -0.05847614980279201], [0.05210296811036126, -0.05545063392801771, -0.047940373251996286], [0.07160254376745497, -0.06204577749665532, -0.03834272419328381], [0.10329463580496699, -0.06932774469186037, -0.04963624284875372], [0.0502064610044046, -0.04492054004869002, -0.06369054841205987], [0.061702996590592474, -0.02704235989740936, -0.0574798076001424], [0.07925011268419802, -0.033618323886532304, -0.050772804181243275]], "right_hand": [[-0.14734915655043987, -0.009601488579799531, 3.08963717914241e-07], [-0.10270583713460325, -0.054218309892359304, -0.017242319479157626], [-0.06700550139325583, -0.11395119954319965, -0.027739463102254967], [-0.03871374691338318, -0.15802969476306586, -0.03825241883757554], [-0.01018296872640109, -0.187564624882796, -0.04912298630512972], [-0.11343762303948507, -0.20524214048599654, -0.015158268442075015], [-0.10718221399632949, -0.2787173250405384, -0.029289807188796865], [-0.10554427069540888, -0.3219318198602943, -0.041894141497922525], [-0.10542670564127858, -0.35965365444101444, -0.051030687507776805], [-0.14420219133270473, -0.2040186130995892, -0.01947087643532203], [-0.14366653307625946, -0.28544068698237884, -0.03041117267022358], [-0.14463962634781974, -0.3353153448663639, -0.04125025561421592], [-0.1474393222052635, -0.3741294781315489, -0.049613737486889], [-0.17276573163037096, -0.1876370169799115, -0.026298009095556314], [-0.1788712461308064, -0.2623768460457413, -0.03700868439417956], [-0.18049269571438123, -0.30725644922875667, -0.04522174897243523], [-0.18238164995960796, -0.3434304340596975, -0.05132123380243117], [-0.20078102256605523, -0.15863039054102326, -0.03515994823104367], [-0.21676429090535201, -0.21353586655244136, -0.04560248345431398], [-0.2262088998982003, -0.25120149631274163, -0.049466749623865075], [-0.23436077098251104, -0.2865228370735479, -0.05180052049869108]]}