{"label": "A", "timestamp": 1746080300687, "left_hand": [[0.19027711124083088, 0.005237140545382188, -3.140662123294984e-07], [0.1573004344053991, -0.043132716453399, 0.002147939355227474], [0.10791976624854338, -0.07568493245356998, -0.0057703172205158465], [0.06315654178781517, -0.07867934984611426, -0.015402398890818066], [0.031389054092846244, -0.07340021802147081, -0.026104608306913118], [0.10242840400626954, -0.12843299221802043, -0.01771542792621818], [0.046392560739512534, -0.1402953984172613, -0.03422451570358351], [0.00947193241662532, -0.14891959825085127, -0.04265202571183685], [-0.019436051578407183, -0.15714787534885197, -0.049559526054281204], [0.11350642907913647, -0.10368962657359708, -0.029638116304293083], [0.04063932150718696, -0.06851398847661201, -0.05080491292731107], [0.05883978967472335, -0.04707000210735448, -0.05050823559947556], [0.08221495827540436, -0.05172580906398934, -0.04823533392700321], [0.12366929076107624, -0.06705920503313627, -0.04116242457163592], [0.05970895187092446, -0.025728850106986417, -0.060471252468478134], [0.08056759473596985, -0.013440316614109745, -0.04995570917399157], [0.10131118253737592, -0.025625946302331334, -0.04061105685549079], [0.13298069636704907, -0.027563967956668795, -0.05245389084829633], [0.08235612118691837, 0.004721441114091144, -0.06591247774823594], [0.09841338501269775, 0.011313846291868164, -0.05867951027363414], [0.11767833818513616, 0.0011705307779516082, -0.05152565183475507]], "right_hand": [[-0.19027711124083088, -0.005237140545382188, 3.140662123294984e-07], [-0.14095252982365816, -0.04201532139509132, -0.0187373498917264], [-0.09869819316434687, -0.09679104438730009, -0.028593591912140344], [-0.06348445219097552, -0.1320012267776832, -0.03834472988207598], [-0.03086667146911387, -0.14125597279890667, -0.048741542357080496], [-0.1437906299488409, -0.19452379398693717, -0.013487451609344602], [-0.13542495682961128, -0.26723467108623217, -0.02602854142567179], [-0.1320203823695248, -0.30969978001209575, -0.03799582383928501], [-0.1293307359112466, -0.34563987117072065, -0.04683601664105516], [-0.17725397338606214, -0.19508365456516522, -0.016314305310363906], [-0.17618331727749026, -0.27604745845925754, -0.02562328825907676], [-0.17586243724559936, -0.32436973459964474, -0.03624950999410065], [-0.17567345045051164, -0.3610579093381635, -0.04455936109750376], [-0.20872744401096602, -0.18165540241533268, -0.02181532454872871], [-0.2108544784988033, -0.2561517681508302, -0.031050387700265396], [-0.2104822420387626, -0.3006838930246196, -0.040140915965919934], [-0.2100690297975329, -0.3354381601779141, -0.04692804940865471], [-0.24021686750302207, -0.15523453810919394, -0.029590370535955732], [-0.2519865682756839, -0.20942457041836243, -0.038183717021064136], [-0.2594509564776405, -0.2447060112632174, -0.04172391255062078], [-0.265400308350501, -0.27721252117066625, -0.0440833398665316]]}