{"label": "A", "timestamp": 1746080331343, "left_hand": [[0.11776565316933807, 0.04428150452642906, -5.4590139903100966e-08], [0.12534924197252273, -0.02968086854810478, -0.004221371007251578], [0.10035490513736262, -0.08448257993972058, -0.010814122305178524], [0.06529319200163115, -0.10932462485385425, -0.014708920022944855], [0.03646272396409309, -0.11211331695792974, -0.018342764571738456], [0.08767005376726084, -0.08731047661040714, -0.036138836691429775], [0.04224554010128608, -0.15975181942197683, -0.04456786083592115], [0.02078834618732185, -0.1945537132026222, -0.04372424984348117], [0.004018628459952461, -0.2208753384606576, -0.04219511581839593], [0.058834881181729456, -0.05837223165520375, -0.03532661831019716], [0.035696025203241, -0.12072174877284284, -0.040801028160092664], [0.04759835342378585, -0.11684502302376489, -0.03228927569745535], [0.06188307187625512, -0.10308960186106014, -0.026408454826331276], [0.037351170724530106, -0.031939229787477826, -0.03249651638263872], [0.027834440382268764, -0.08473088740842905, -0.03097525000126203], [0.04084176713300412, -0.07651849299731794, -0.01887455112872956], [0.05151064840693456, -0.060671935892093916, -0.013138627885514582], [0.021458637354825817, -0.01127300582514945, -0.030215318483214734], [0.026266578482461937, -0.05198930052474061, -0.025927577403863613], [0.03909349294575618, -0.04317411808172678, -0.017605691989064046], [0.04504834584934156, -0.02920891684713772, -0.012837403162009948]], "right_hand": [[-0.11776565316933807, -0.04428150452642906, 5.4590139903100966e-08], [-0.07728586892795695, -0.08744355829379417, -0.011823452782709253], [-0.04712650864436409, -0.14318126089299169, -0.018559916661418187], [-0.023137091772990958, -0.1852649039544316, -0.026122232532151957], [-0.0033786495505418713, -0.21790199284784398, -0.03392010770484901], [-0.09381075413684023, -0.22782637940183023, -0.004390718863844512], [-0.09267116648674423, -0.29207924258792156, -0.016134850253958645], [-0.09287112759671823, -0.3299726659294554, -0.028067084207971497], [-0.09295210284702764, -0.3645048679323317, -0.036977146157248494], [-0.11811435996908598, -0.22729572777249188, -0.009669460336745019], [-0.11980304321508509, -0.29856977243347455, -0.0187653441353958], [-0.11903816212050315, -0.3433605264599238, -0.029114042159320078], [-0.11801469126860611, -0.38064068345811525, -0.03732962862406491], [-0.14024368053708186, -0.21295120453568317, -0.017506730530055713], [-0.14625911340621012, -0.28073903657154925, -0.02645336855795508], [-0.14606160258164932, -0.32246937520679325, -0.03337283645781263], [-0.1450640334741019, -0.358812667804783, -0.038803029793660994], [-0.1610472630446094, -0.18686124262580409, -0.027168038849356337], [-0.16809841819270063, -0.2403170612456619, -0.036083678539246634], [-0.17018298737031257, -0.2770956136343223, -0.039372159814115244], [-0.1712394613391931, -0.3124872510183434, -0.041564991511410763]]}