{"label": "A", "timestamp": 1746080555591, "left_hand": [[0.14571479542471305, -0.1272975282109696, -3.5181294920048854e-07], [0.08133386204157778, -0.11456882835781089, 0.0005483868869816433], [0.03132472648101043, -0.12496087535957108, -0.008939042135999232], [-0.0048494577677248825, -0.13017684396742954, -0.020556043232063375], [-0.037979416995598196, -0.13217743848001953, -0.031187235130686487], [0.011257987777638982, -0.22853046748960412, -0.009784440983786512], [-0.04771376573785867, -0.20056847490262683, -0.030469172280653108], [-0.08429253481027227, -0.18377023781970417, -0.04543555714153338], [-0.11560372313207672, -0.1717395721407165, -0.056762678671265776], [0.029624957665739804, -0.2309974878000232, -0.02193840489061676], [-0.02113585215000071, -0.1490895298104868, -0.04556131438378728], [0.004439970236185987, -0.12922181876122005, -0.05001963913252639], [0.023459089409889763, -0.13951246885040872, -0.05138640265888351], [0.04855569438773837, -0.21393122859237573, -0.034933611486070645], [0.006879646807764331, -0.12098861231076864, -0.05335728007632754], [0.03224817379159049, -0.10848051202630127, -0.042634667997066264], [0.046404475318649246, -0.12679682802818779, -0.03417582277421905], [0.06693371765356128, -0.1842598846247639, -0.04888788245046007], [0.03395382585629384, -0.11143024849566803, -0.06060702561497797], [0.05311022085009446, -0.10087815036729492, -0.05237410886999105], [0.06571263140577123, -0.11710277063052717, -0.04469674970886482]], "right_hand": [[-0.14571479542471305, 0.1272975282109696, 3.5181294920048854e-07], [-0.12321161147994411, 0.05505323083035812, -0.01746059048531702], [-0.12642012178420772, -0.026909971762752945, -0.024518883889196225], [-0.12962983548040077, -0.08992550100671064, -0.031495105684926014], [-0.11963020567281028, -0.13615081578060848, -0.03837695592559815], [-0.20929326695624648, -0.0694673925058488, -0.00737705125053675], [-0.237043362280985, -0.13500237874929827, -0.018762228780382653], [-0.2555229495971474, -0.1728412774521009, -0.03080426957729577], [-0.2723260893879307, -0.20306778622981866, -0.039967809414367825], [-0.23813760210539983, -0.04403767081390803, -0.010528829425090699], [-0.27434108003360225, -0.11330161208605971, -0.019069416855402945], [-0.29566672269039757, -0.15620815019890186, -0.02917024997431707], [-0.3133340204542012, -0.18917315559230166, -0.0373736334757028], [-0.25843745342502505, -0.007398175019130155, -0.016931152356146624], [-0.29716046635034427, -0.06830188513716938, -0.02633874676201586], [-0.3168230993583056, -0.10673612856949917, -0.03508523329791868], [-0.3324176325213076, -0.1384304412255739, -0.04179180894694484], [-0.27263884872188343, 0.039637601934196624, -0.025588835810294832], [-0.31046552408258815, -0.0003301639468579319, -0.0349408206951293], [-0.3324592386830155, -0.027059014081715238, -0.03930465689237318], [-0.35144724794684024, -0.054090405861643126, -0.04248804639011015]]}