{"label": "A", "timestamp": 1746067984093, "left_hand": [[0.17966710392287727, 0.007867567446712152, -3.3335069564527466e-07], [0.12732936400277453, -0.013902718667150536, -0.001201371003992172], [0.08772559094546459, -0.04226384081175693, -0.009183678480519795], [0.05876816414487099, -0.059676451166375856, -0.01916607484560771], [0.032365840934173044, -0.07218204225923228, -0.028951752091781278], [0.09267323005290898, -0.12497218792785746, -0.009815152727922138], [0.0444215539326597, -0.13043699837838588, -0.026660852106506042], [0.012572446436574925, -0.13675110062421933, -0.03819687442240781], [-0.01274941548587075, -0.1447064264493206, -0.04713008921938303], [0.1089508350033491, -0.12193066612040222, -0.019060092136208667], [0.05585063042532683, -0.06645109643331105, -0.038282504249931515], [0.07009662226433704, -0.04034477482733644, -0.04078482643008605], [0.0861016840143832, -0.043747529454578375, -0.04146535296588911], [0.1226518734760005, -0.1012726808681538, -0.02929461230260065], [0.07239204264865069, -0.0417046084166759, -0.04582634904275889], [0.08715190214242254, -0.02254485690482934, -0.03709752501677548], [0.10180772871264668, -0.030529184235472056, -0.02994313574355595], [0.13394911284944028, -0.07061995199286764, -0.04042575819132266], [0.09287313645502025, -0.027400391842534347, -0.05153845109610976], [0.10263932692888288, -0.011360031623969867, -0.045546394716044436], [0.11588077579384101, -0.016423854132818765, -0.03958822885678957]], "right_hand": [[-0.17966710392287727, -0.007867567446712152, 3.3335069564527466e-07], [-0.13313878905565593, -0.0420535577241767, -0.016526253268337728], [-0.09429238100315043, -0.09160223083842567, -0.025308584850321027], [-0.06066132167422637, -0.12617725813135655, -0.03413587098313403], [-0.030070320774037564, -0.13941291999864933, -0.04345299819850505], [-0.13749677522856757, -0.18481249316606144, -0.011460018124686285], [-0.12714434637051883, -0.253570717013446, -0.02290402357469276], [-0.12316555266532092, -0.29410160700707816, -0.033868954030470313], [-0.12083667412209134, -0.32847774782852074, -0.042022359805833506], [-0.16745082945468243, -0.187578655877707, -0.01460848714115146], [-0.1635453598923175, -0.2648088891003702, -0.023269449750546376], [-0.1624328151342499, -0.31143076042984846, -0.03289802165061749], [-0.16290029811806914, -0.34689649757034086, -0.04059357003741618], [-0.19619274048015165, -0.17660539968390895, -0.020270285551003], [-0.19836896201600143, -0.24780972757895547, -0.029464222885037483], [-0.19788935072673025, -0.2894553352263303, -0.038020481855638034], [-0.19774871116277817, -0.3216649660252467, -0.04427137611835051], [-0.22574572916117003, -0.15337650191710814, -0.027919399378948367], [-0.2395027418698607, -0.20636019050765314, -0.037039267023036865], [-0.24760076929256494, -0.2418726670775655, -0.04102585710008951], [-0.25415070832256614, -0.27444129128337885, -0.04359842977345493]]}