{"label": "A", "timestamp": 1746067986342, "left_hand": [[0.1710565323204103, 0.009393665019065581, -3.3239061783444015e-07], [0.11396471914224908, -0.01272809570308251, -0.007087235089284837], [0.07669728797344479, -0.04187976911127662, -0.019268292991368462], [0.05084669300141605, -0.06615667620881714, -0.03319031424283173], [0.04127534785242697, -0.08643660757176566, -0.04619241344111937], [0.09168082943748922, -0.13560302667910437, -0.010686302735276751], [0.043548418247008856, -0.13816775277546758, -0.03321120627176455], [0.01249994603408204, -0.1408445794826652, -0.048134274728213036], [-0.012513710453830304, -0.14443195343792148, -0.05831966961236606], [0.115311205857431, -0.13821998698374305, -0.019001430891825998], [0.059192166574940364, -0.08944161863315346, -0.044694032824676946], [0.07554138553170037, -0.049720414943841364, -0.04763564538781319], [0.09414704287584642, -0.046963692838681854, -0.04554076798014061], [0.13575207505128228, -0.12303456736339076, -0.029713678794372304], [0.08209430813339308, -0.06013478668568165, -0.05232879415039412], [0.09792153794123815, -0.02995223764845651, -0.04195939665745486], [0.11419893486161938, -0.035301699973505345, -0.030966453303227264], [0.15183244665565152, -0.09487631448048962, -0.0420010483651306], [0.1094449601576028, -0.044145295545034935, -0.05538484275375716], [0.11925184452786106, -0.022472554900443992, -0.04775913362956914], [0.13302685229131592, -0.028570148732194937, -0.03928584010286569]], "right_hand": [[-0.1710565323204103, -0.009393665019065581, 3.3239061783444015e-07], [-0.12643989363245725, -0.04554851637494849, -0.015094398140444793], [-0.09262691271153255, -0.09599224716488813, -0.023746171412802317], [-0.06176253961273876, -0.12999799613738344, -0.032868071860708364], [-0.02963651627048071, -0.13769790960136818, -0.04225446864851264], [-0.1280816536212774, -0.18743067722959902, -0.008033857414622396], [-0.11735965592140941, -0.25218433113378746, -0.01895233172867349], [-0.11345905318342023, -0.29069984665159254, -0.02978732616045326], [-0.11171842760275436, -0.3232755297639922, -0.038021016212139755], [-0.15779186688916028, -0.1913582794063252, -0.01208905620358227], [-0.15332204804283142, -0.2672511429256359, -0.020431499509217292], [-0.15174913221111755, -0.3119010015112506, -0.029198673875269542], [-0.15203968499464982, -0.3465240097110146, -0.03610674718234194], [-0.18649511579565173, -0.18105832440364236, -0.018812818084758695], [-0.1889517448744246, -0.251116375393223, -0.027619584458656563], [-0.18866590155181584, -0.2917622216258167, -0.035339179498795774], [-0.18825653138531237, -0.3239200090136477, -0.04091436507269715], [-0.21586547583426938, -0.15808250790615247, -0.02751418131888956], [-0.22998730727032352, -0.21055860821199923, -0.03572291233059984], [-0.23761440607150536, -0.2455651672620562, -0.03902135479214995], [-0.24313702656165653, -0.27815271777481576, -0.041249481268082665]]}