{"label": "A", "timestamp": 1746068006323, "left_hand": [[0.16724237251915125, 0.005411770428138994, -3.56870677946196e-07], [0.10852246484589208, -0.02450972257519307, 0.0017462117332817328], [0.0712473016350789, -0.06700102962235428, -0.007127624720841556], [0.0414094859380064, -0.0962837018704002, -0.01837579186990938], [0.009226379950147676, -0.11580411055090946, -0.029006139353692142], [0.10395296682850182, -0.15776721368713342, -0.006441387986180561], [0.04342709260271652, -0.16485144006131436, -0.026578373981986005], [0.007330485730906003, -0.16510300495656602, -0.04163311209597414], [-0.020693707933391956, -0.16307796084743734, -0.05179419347907866], [0.11673015717273104, -0.14906479806234238, -0.017773018191022356], [0.042948576634784026, -0.11907576240416039, -0.03873000136069471], [0.056462970345972835, -0.08341597820437249, -0.04313857985082212], [0.07627167084596351, -0.07486970045996444, -0.04470024028426566], [0.12348820194544156, -0.12595048057204927, -0.030214209264886653], [0.051577271922879114, -0.08929281905760263, -0.04734200782297927], [0.06762524197703981, -0.05876131025472923, -0.039004659884259045], [0.08624152874973008, -0.057465644448888506, -0.032136431310583906], [0.12635532465569244, -0.09350558623113878, -0.043266297366437965], [0.06977371859207251, -0.06504781620606277, -0.05409700312234718], [0.07949191469577414, -0.042811214061972296, -0.04788182819840738], [0.09508171879278926, -0.041883059760462076, -0.04186507496446632]], "right_hand": [[-0.16724237251915125, -0.005411770428138994, 3.56870677946196e-07], [-0.12065339699041658, -0.038439401863655014, -0.0185504900503092], [-0.0862075878388819, -0.09204205706250926, -0.02755879934542972], [-0.05991653675993686, -0.13621066529637593, -0.03576360572579845], [-0.031445248513409546, -0.15581758574893295, -0.04467833676819099], [-0.13089914289756585, -0.17513761950180098, -0.014403292610190284], [-0.13038397268401358, -0.2395774549094011, -0.027675003357918795], [-0.13275978799098018, -0.2792643003211928, -0.04002520384039698], [-0.13529062677297718, -0.31607042000957075, -0.04960581630718161], [-0.15865636380130205, -0.1768668132160131, -0.016564928596037646], [-0.15845368738434562, -0.2506963616365293, -0.028433344087273143], [-0.1583778351417577, -0.2978032933921978, -0.040085536171484464], [-0.1587945742912299, -0.33977561459878414, -0.04882522381007989], [-0.18486279275205814, -0.16474426333783657, -0.021171133853867433], [-0.18673341904123938, -0.23483299525164997, -0.03342513511124619], [-0.18403534677773986, -0.2777232109626415, -0.04206822076411203], [-0.1811615860877799, -0.3168961943758601, -0.047871147471019664], [-0.21193012406391432, -0.14207013596182724, -0.027779006448761964], [-0.21442280657568583, -0.19782533777787156, -0.039047240464865435], [-0.21151425705776156, -0.23254056653650312, -0.04345495589649965], [-0.2070699358329142, -0.2661126334391793, -0.04608657568429853]]}