{"label": "A", "timestamp": 1746080324024, "left_hand": [[0.15413320080325907, 0.0306582374092496, -2.925728742921995e-07], [0.10652299792296323, -0.018366376559372368, -0.001217744260432002], [0.0718757614943433, -0.06617308589805493, -0.01110792213484537], [0.04194589351044515, -0.09099771181032489, -0.022716192745169745], [0.026975677470577216, -0.09995106854889306, -0.03348722307084215], [0.10054414795297145, -0.14635689312466335, -0.013693860446309816], [0.06141830592136732, -0.18827975797686766, -0.0376879367423115], [0.02865308457994431, -0.2023608768697451, -0.05214040947878157], [0.002138381781204598, -0.20970906207318785, -0.06138775411921192], [0.11931576108730785, -0.12654568016716197, -0.024681507155627568], [0.047146605029255405, -0.11768268927542185, -0.04805268880536022], [0.05389549193098556, -0.08101271400998299, -0.04845882207933749], [0.07323742348250675, -0.07649195909218681, -0.04632629783944831], [0.12885513962876555, -0.09303097905346856, -0.03731463112847859], [0.056993591482960654, -0.0657561610075948, -0.05627128769575615], [0.06904019399974064, -0.041356954089870716, -0.044263729506160164], [0.08939181756256193, -0.049702625491179445, -0.03404640859057636], [0.13095214834206517, -0.05264179964192025, -0.0507829365472024], [0.07194913913299987, -0.03185322937186531, -0.0610283651848409], [0.08079257217163505, -0.014908990680376034, -0.05130015343028403], [0.09951300654437925, -0.020745617941201246, -0.04268930894764344]], "right_hand": [[-0.15413320080325907, -0.0306582374092496, 2.925728742921995e-07], [-0.11008920112699062, -0.06938182294022233, -0.012530758178825844], [-0.07686588704190206, -0.13204029482524113, -0.017785034080110552], [-0.04935596432936966, -0.17551658141877124, -0.024320588033388164], [-0.022788191224850613, -0.20250609749800072, -0.03150934818241512], [-0.10758981099976421, -0.21359086764036703, -0.002768230957552879], [-0.09703181806876511, -0.2789434694801072, -0.01578280221438201], [-0.09150231691176242, -0.31942494197218363, -0.029047425352018538], [-0.0874855692960616, -0.3567529604776759, -0.03908678274179564], [-0.13314937320777123, -0.2168361864333238, -0.008528043233504057], [-0.12550876597984764, -0.28846775135758057, -0.02003662634233279], [-0.12285596448114006, -0.33650464021013254, -0.03281813838771511], [-0.1220548776731219, -0.379832155068867, -0.04237074435491555], [-0.15872021330187525, -0.20662791503987127, -0.017148287441621876], [-0.1538522797243313, -0.2755035000834379, -0.028643649816491538], [-0.15039854309803566, -0.3207809114830292, -0.03734487129893297], [-0.14768223211100642, -0.36143852956634565, -0.04351230019424403], [-0.18632404404539749, -0.18591486377925082, -0.02765842073573457], [-0.18555815601954131, -0.23970982727459147, -0.03819791311545031], [-0.1819534884429156, -0.27695090612650036, -0.04217400145350545], [-0.17733042061382626, -0.3127712746910448, -0.044708135321603545]]}