{"label": "A", "timestamp": 1746080332517, "left_hand": [[0.12837354564905915, 0.05056656748643745, -2.875501173479697e-07], [0.08355928373427604, 0.025137234810527757, -0.014229120842486813], [0.05168788309938965, -0.020553598690280183, -0.027050120480963353], [0.03697836138957584, -0.06596001379611414, -0.04149356895602269], [0.042693763804790084, -0.10194813180069646, -0.0540899245389027], [0.06909981392064216, -0.11355250656183906, -0.01054127670224331], [0.04308260214807154, -0.16557466380356847, -0.03338935824625321], [0.02176665096330951, -0.19539609757307985, -0.04525832942091798], [0.003515781435904713, -0.21947224501538218, -0.05334153669224982], [0.100344590619479, -0.12230463566675034, -0.01624831335953575], [0.052185693475247576, -0.10511836312979361, -0.045522975785746544], [0.058500824305716036, -0.050741353622872284, -0.04641070171566713], [0.07388141358348799, -0.03932708919024558, -0.040211953085487806], [0.12654822935466847, -0.11046150234826307, -0.025650984389072082], [0.07737195875068777, -0.0712870990990701, -0.05155346669805618], [0.08576426470594047, -0.026123890388645155, -0.03835054154274292], [0.10111264190648078, -0.02475141960718066, -0.023773901166897357], [0.14597117370949805, -0.08452824351915697, -0.03771010932817134], [0.10496450441893888, -0.046020043015039265, -0.05290464519222437], [0.10944691747448772, -0.014677830863605355, -0.044705642105504456], [0.12311807748868613, -0.01628318766622019, -0.034703138414509276]], "right_hand": [[-0.12837354564905915, -0.05056656748643745, 2.875501173479697e-07], [-0.08892606946682977, -0.09156013650394774, -0.014175505716366452], [-0.05971569220014272, -0.1405019573937086, -0.024451662209911306], [-0.03640010769247604, -0.1779290900070462, -0.0355340631936804], [-0.012409789625321634, -0.2049678798362863, -0.04702996760710633], [-0.10135883669308929, -0.23365711295164507, -0.009966005966853174], [-0.09995373684957463, -0.29999058877585727, -0.023526726900324493], [-0.10095740193341467, -0.3382132589254849, -0.03647870537953473], [-0.10249869944328245, -0.373507618438234, -0.046168620310549774], [-0.12746154772782647, -0.2318104261853046, -0.01540124779301393], [-0.13156513007573864, -0.30532952339740654, -0.02629206379883076], [-0.13418638351687046, -0.35105197824695317, -0.037882137283775257], [-0.1371317036594717, -0.38879449037804076, -0.04692368860148288], [-0.1507085903559469, -0.215337701544694, -0.023196036221269006], [-0.16056215879746033, -0.2825600152583429, -0.033303828578943616], [-0.16331074897755146, -0.32581937553355356, -0.041184048943691445], [-0.1652503104250363, -0.36396803087789176, -0.04723219655691082], [-0.17257052235029105, -0.18680763500944256, -0.03289853670969757], [-0.1827148768924448, -0.24012857834032827, -0.04231910333769592], [-0.1870621781796054, -0.27669013734222986, -0.04562756947772842], [-0.19045801566989604, -0.31118753462055887, -0.0477602209577449]]}