{"label": "A", "timestamp": 1746080309134, "left_hand": [[0.1501061245374858, 0.019995022077446897, -2.531581510380953e-07], [0.12322002494365888, -0.02959320243088248, -0.0009346429148587416], [0.08445976233989921, -0.07112594463684896, -0.011194138548067964], [0.043250999862241686, -0.0856838739864935, -0.022785050499917036], [0.011575524989109716, -0.09429645898248253, -0.034664485829620055], [0.0941066900433418, -0.13643588097420992, -0.01958315557793002], [0.04499930109806022, -0.16704849075424594, -0.038130895627425214], [0.012643403107560996, -0.18633906176520865, -0.048296930749559396], [-0.013393489991073006, -0.2022527206064664, -0.055850371527306736], [0.10369003875624333, -0.11203468619013714, -0.029231634726288612], [0.03416148600572314, -0.0932171719097743, -0.051034094452452605], [0.045092854522967275, -0.0665142724632432, -0.05212466515378392], [0.06366099672134394, -0.06592536298805221, -0.05126755017893561], [0.10592059303124463, -0.07515880253115172, -0.038901505663878996], [0.039487427860991804, -0.04912125255333322, -0.05864868117481423], [0.05320776710523233, -0.02746107631578895, -0.04859091875720801], [0.07171485411203994, -0.03187585759699054, -0.039532105359417286], [0.10338631856488764, -0.035421380281577895, -0.04871018554492904], [0.051856324614612655, -0.013813166644785779, -0.0625688065006522], [0.061664222290844325, 0.001381382352397027, -0.05630273656359512], [0.07779586130358727, -0.0020311395836251213, -0.04951142689493333]], "right_hand": [[-0.1501061245374858, -0.019995022077446897, 2.531581510380953e-07], [-0.10814781105144046, -0.0638729266898141, -0.01780788772295868], [-0.0774610949276172, -0.13055134980400288, -0.026949502470583996], [-0.055145249546184424, -0.1838521517453124, -0.03563704732114275], [-0.03092438538454889, -0.22046452313355075, -0.04437508543743571], [-0.12055354489827583, -0.2133503487025642, -0.014494543739860796], [-0.11605126039518224, -0.28527578445211665, -0.02837433176298948], [-0.11576854305143594, -0.32823869093307584, -0.04047113143994226], [-0.11723372935873863, -0.36497507419682845, -0.04929351154705185], [-0.15143767050333312, -0.21178829000184335, -0.01798942406442536], [-0.15180965427099294, -0.29243390064328684, -0.029140229123451898], [-0.1531842431097188, -0.34057479558635506, -0.03943937303349084], [-0.15649909748278362, -0.3785051950582757, -0.047256321760411675], [-0.1799750260766171, -0.1952013299964818, -0.024141026321224418], [-0.18558873287357605, -0.27024106453229724, -0.035443868660445674], [-0.1862645751229462, -0.31442618116747456, -0.04306205741438804], [-0.1871676284249731, -0.3504442151841027, -0.04869334869425287], [-0.2080733616328345, -0.16573079111015593, -0.03230703935031198], [-0.2242549234635988, -0.21992349669365033, -0.04350530825199161], [-0.23365867622157205, -0.25606614760609425, -0.04757198245957493], [-0.24168399394033133, -0.2901733719339195, -0.0500106550751469]]}