{"label": "A", "timestamp": 1746067986646, "left_hand": [[0.165703091024221, 0.004873183620517232, -3.086158457530007e-07], [0.1127365867524879, -0.017714703473810624, -0.005056839182079529], [0.07757017520987894, -0.051492346969083114, -0.014950770345424951], [0.052182430893143686, -0.0750428436386881, -0.026075714780686248], [0.030290218946539296, -0.0939362777245458, -0.03611152905727124], [0.09062689699468263, -0.14005203399232433, -0.012581440080492586], [0.042136435337462176, -0.1535069034222265, -0.033714767877029934], [0.009792070844243665, -0.16551011174488162, -0.04808548740212436], [-0.017507040393775337, -0.17634999541031815, -0.058591500611127105], [0.11038866671632729, -0.13688943656077365, -0.020998090419407155], [0.05089581483038014, -0.08858524690284299, -0.0444475593671229], [0.06706895994916617, -0.05535468987164998, -0.047277544641107144], [0.08602126053855882, -0.05704155439153408, -0.04683113302814757], [0.1255867286884552, -0.11596639922701535, -0.031131762051822047], [0.06766996725514532, -0.058404499957766, -0.050378775383982], [0.08471122917513267, -0.03346107738369754, -0.03980666045295685], [0.10196344763566907, -0.04214929186936804, -0.030683071823739583], [0.1360672859642843, -0.0839401326874712, -0.04274153861469906], [0.08898069194080892, -0.03798670791531436, -0.056226620894580026], [0.10073810525688241, -0.01919253719749924, -0.049671217518258724], [0.11626367506986686, -0.02753376756419197, -0.042525425784226065]], "right_hand": [[-0.165703091024221, -0.004873183620517232, 3.086158457530007e-07], [-0.12237349293378934, -0.04349512457100356, -0.01683064560212013], [-0.08895913673412419, -0.09974944342418583, -0.02589675185655657], [-0.062242541279598454, -0.14476220773000442, -0.03482219944564585], [-0.03427495603285002, -0.17383079354398354, -0.043628330212351726], [-0.12946756311350793, -0.18633922527448676, -0.01101457487335584], [-0.12188989038300165, -0.25376881367904486, -0.023208322469720568], [-0.11932534599052412, -0.29425842028406424, -0.03451625775320333], [-0.11830982221244123, -0.3293778370994088, -0.04301272663951093], [-0.15833757842448476, -0.1884391181912923, -0.014162156149183666], [-0.15689801886982313, -0.2644836114953342, -0.024064764445778427], [-0.1564065382739527, -0.31131791112503476, -0.03388801374760998], [-0.15789229380964118, -0.3486018974189683, -0.041481491806063524], [-0.18552051038099182, -0.1760750954038475, -0.020042725636630607], [-0.19134471628547697, -0.2467253599389829, -0.030539716022124515], [-0.19289717260286604, -0.2889953171988683, -0.03875837713740488], [-0.19462391972598153, -0.3237737350211521, -0.044580843306934265], [-0.21242448294946478, -0.15168884756825612, -0.027896525215003246], [-0.22745289340908165, -0.2043431186532098, -0.03855691254700762], [-0.23634288432443393, -0.24035828013619168, -0.043348514634001314], [-0.2441396870672626, -0.2742218380897832, -0.04623817336405503]]}