{"label": "A", "timestamp": 1746080304397, "left_hand": [[0.19729418370844753, 0.0021756655670180747, -3.6971207447957677e-07], [0.1468420087563612, -0.03976130120515565, -0.003617701685747576], [0.10318174290416694, -0.0785917437644418, -0.015138836784239334], [0.06587286713072091, -0.1019046473321377, -0.027080382569955975], [0.04093611429330443, -0.1273794550323625, -0.037611755740648296], [0.11941985280764565, -0.1756841571754315, -0.014086376533574906], [0.052677890798922426, -0.16167348569056084, -0.038035034689308016], [0.012254681820556024, -0.15305511460119542, -0.05534513450091551], [-0.019217910253010635, -0.14724644946872611, -0.06725208171485451], [0.1348993038233897, -0.15678053971205433, -0.02371121879598517], [0.053962699664552694, -0.11950048830625876, -0.047081077285351595], [0.0709894029252251, -0.09046305766730961, -0.05129426773312141], [0.09314309224915143, -0.08960425994056623, -0.052716580890446715], [0.14607201917430446, -0.12276013000998535, -0.034838068281011256], [0.0735032476104475, -0.07356849480123129, -0.05467895857764761], [0.09121423293767951, -0.05011679022808981, -0.04521760871231112], [0.10959709781471316, -0.05854345821892477, -0.03713877820390734], [0.1531940878638182, -0.08036312173658577, -0.04686836838104665], [0.09457558293469594, -0.03913489755013319, -0.05937137806221405], [0.10638136255148466, -0.02198045602272834, -0.05287861269020552], [0.12202062994829192, -0.030325665508436933, -0.046659363006051384]], "right_hand": [[-0.19729418370844753, -0.0021756655670180747, 3.6971207447957677e-07], [-0.15239831712424143, -0.03789694263669967, -0.019346571225167614], [-0.11423996465130681, -0.0930066454251275, -0.031108561632037155], [-0.07656219056305687, -0.12960295067558142, -0.042620372413640494], [-0.03898589509186047, -0.13882747563180584, -0.05434426766728145], [-0.1401642104665169, -0.18753535526794035, -0.015261698019642488], [-0.12461310046506018, -0.2562559206329718, -0.02957985335072588], [-0.11795254703262162, -0.2985716235187359, -0.042476245790466674], [-0.11368252128622099, -0.3355864180113392, -0.052124303296195], [-0.16928172155317484, -0.19578402417567495, -0.018795748995330173], [-0.15449566309469534, -0.27659164598816643, -0.0304845767548778], [-0.1458751292207718, -0.32485401114501844, -0.04056393273784854], [-0.13952605504407253, -0.3648397443123714, -0.04793659734080671], [-0.20025379168887508, -0.18835150977348508, -0.025272431049648617], [-0.19204773729280963, -0.26733345432364375, -0.037058499181952594], [-0.1846161798749375, -0.3139917032274071, -0.04575586454182618], [-0.17770013076934765, -0.3518037039360638, -0.05182475763489798], [-0.23335470214892617, -0.16745397720471575, -0.033960453850120226], [-0.2407644116148242, -0.22618714799479006, -0.04501090966952161], [-0.24531582903001425, -0.2658847523237567, -0.04937898324419669], [-0.24816931701944717, -0.30276977974287395, -0.05208982793614828]]}