{"label": "A", "timestamp": 1746068007309, "left_hand": [[0.1614580799513684, 0.01766562166339226, -4.38635002391206e-07], [0.1152701536353195, -0.004347300278946372, -0.006493834016499594], [0.07743812739136122, -0.04858693347604282, -0.013376701103866798], [0.056260037658434105, -0.08703089398783755, -0.022268765073780516], [0.03801768670435611, -0.12155555942044342, -0.030085011802477815], [0.10501910666067359, -0.14595797841134325, 0.0027606504355705036], [0.06304654351034336, -0.16043668394643615, -0.018814038310764513], [0.0330188810606619, -0.16585950505976174, -0.03349868700268657], [0.00838468133281184, -0.1698886808195942, -0.04261827537009992], [0.1317970711910143, -0.15382936465321062, -0.004859745083373773], [0.07490412181577866, -0.1361420880395111, -0.028739431405315565], [0.07821113133013884, -0.07740001166770338, -0.03199076661956658], [0.09194950354673227, -0.0570217750008178, -0.02862060519769103], [0.1568495652660507, -0.1448261496876367, -0.016006447656155387], [0.09981474209123549, -0.10818637525004991, -0.039249908072149016], [0.10735272239482663, -0.05739936908218914, -0.029260175874443642], [0.12321468492949932, -0.04712227594483301, -0.017037468257700875], [0.1783492924880141, -0.12311742584793398, -0.02880494515778768], [0.12895542982080038, -0.09399751482619574, -0.04473085629136886], [0.1299165282062792, -0.054518031151852324, -0.03791760168276491], [0.1424493997013653, -0.04459338926828021, -0.028674952724338437]], "right_hand": [[-0.1614580799513684, -0.01766562166339226, 4.38635002391206e-07], [-0.108948890464345, -0.05030131298344931, -0.017581098784899177], [-0.07035199029771518, -0.10219477921364856, -0.025722986847370177], [-0.037455711887344374, -0.14530446563521118, -0.033759057668960465], [-0.005287747419810044, -0.15810271691529088, -0.04192955448023686], [-0.10925431810645371, -0.19739729290850555, -0.0057096865921043545], [-0.10111283466283984, -0.26782875160439346, -0.01578216648267338], [-0.09890197213483172, -0.30970079362965897, -0.02646032316340462], [-0.09811075093774232, -0.3450603790959244, -0.034497330254210826], [-0.13783283027786844, -0.20079799834922407, -0.007688407676429142], [-0.12825140555571293, -0.2781384400841008, -0.015312298914104216], [-0.12256114706072495, -0.32569974944498337, -0.02435477916001145], [-0.11802178769759356, -0.36418665601407924, -0.031261630892694695], [-0.16699324082428327, -0.19255388599859208, -0.012820610511475051], [-0.16020736228843158, -0.265238889807045, -0.02111545547997272], [-0.15308521725308114, -0.3091398099720182, -0.028184564079236078], [-0.1463256107137204, -0.3444086855363593, -0.03315990496579696], [-0.1991786195855757, -0.17484257063356656, -0.020229608360469626], [-0.19929775945122902, -0.23110800321009575, -0.027785101760097915], [-0.19684201782698862, -0.26727377763458415, -0.03003869705794757], [-0.19341825224799392, -0.3002398763221623, -0.031359787036222365]]}