{"label": "A", "timestamp": 1746080312140, "left_hand": [[0.14646903185169272, 0.0240430475413078, -2.698570981078286e-07], [0.1099252824297905, -0.02486353730117608, -0.003475727987166988], [0.07345169796840167, -0.07058848362292887, -0.015192187436127122], [0.03711998090725413, -0.09342578056166885, -0.02755256485549307], [0.010077818087865556, -0.10660529698679211, -0.03938891628933883], [0.09350542373211218, -0.14931377897523757, -0.018382008010660606], [0.043640954396324386, -0.1770572070299567, -0.039404509473417074], [0.010064435030158065, -0.19575564486614064, -0.05238842971472862], [-0.016628021153364838, -0.2116002417386534, -0.0619175074938777], [0.1060215178762057, -0.1268057122446437, -0.0277523563483544], [0.033687034420381366, -0.10933121269128018, -0.05100872120115683], [0.04611947571812572, -0.07918896763494454, -0.05264795795326112], [0.06667875260171077, -0.0773629664688342, -0.05186677874148925], [0.11066526418715732, -0.09166361972566708, -0.03794176834658831], [0.042132372802576534, -0.0611680339916862, -0.057001579315745204], [0.05657664059512164, -0.038890938570352133, -0.04606006480781473], [0.07581714468252301, -0.04606251036609534, -0.0369066473619523], [0.10993828111769437, -0.051501902170518324, -0.04892476858627653], [0.05494135673702038, -0.02837405660295909, -0.06138779785827857], [0.06616069199186421, -0.011571610179851801, -0.05396009600249385], [0.08359885112743194, -0.017344879572773624, -0.04682004689848528]], "right_hand": [[-0.14646903185169272, -0.0240430475413078, 2.698570981078286e-07], [-0.10549133214619073, -0.06901068052182191, -0.015111756962762197], [-0.07478532141608843, -0.13183599480718866, -0.023810065273715784], [-0.052540845013997035, -0.1809718737088802, -0.03256933550908955], [-0.031080919795136438, -0.21663597536386775, -0.04159627345037112], [-0.12029923124430499, -0.21491588555000649, -0.013453389077250988], [-0.1170705773080506, -0.2858948888934025, -0.027138880302600494], [-0.11741939290482607, -0.3279194022876798, -0.039057799174884084], [-0.1189582348849308, -0.3634665681655965, -0.047634351798786397], [-0.15015881598847272, -0.21192489445186566, -0.018045312074255183], [-0.15242575046906445, -0.29136482062585767, -0.029129304387882082], [-0.1540732642754624, -0.33944476579161553, -0.039547145613265555], [-0.15720594806029742, -0.37657106259359713, -0.04745357569160703], [-0.17721169748397558, -0.19435968362485032, -0.02497892292689512], [-0.1864153013962411, -0.2684634212866885, -0.03604681429519753], [-0.18916696114189363, -0.3130945210327879, -0.0441241382457108], [-0.19154917162085877, -0.34912386135797785, -0.050080009502379126], [-0.20286101769888948, -0.16439400407920904, -0.03365043891540167], [-0.22019328295356283, -0.2176587484685628, -0.04488351757464387], [-0.23030566811672118, -0.2542127011616154, -0.0495151387654271], [-0.23878241999468405, -0.28863658123119323, -0.05231007505669511]]}