{"label": "A", "timestamp": 1746067994330, "left_hand": [[0.17513278610368058, -0.01675700039493469, -3.261171990924541e-07], [0.1117152843216526, -0.03986768247580627, 0.0005170324671246338], [0.07165949483478269, -0.07268439289103715, -0.008417549634592953], [0.04649627159003935, -0.0975486185153516, -0.019352333803775087], [0.025156620922930945, -0.11718392358542565, -0.02945541251995995], [0.09173618523261609, -0.17201114209091795, -0.006633466655230871], [0.03402403606593616, -0.1613412221004202, -0.026644710650690025], [-0.0022523383074634614, -0.1550746248025465, -0.043088204290567776], [-0.033952712058973544, -0.150890764233536, -0.055204967495298386], [0.10792062944027125, -0.16675013283281512, -0.017677501945935713], [0.04295666984304521, -0.12157238513791281, -0.038480153419199144], [0.06094835174537025, -0.08964242096982963, -0.043636995668958053], [0.08080061053005387, -0.08509839073062307, -0.04606346134013508], [0.1190887762531283, -0.14479961358052656, -0.02991197549701117], [0.05619288155851572, -0.09032298072969622, -0.046161369158086954], [0.07369542370506196, -0.06372317271697692, -0.03697722892394421], [0.09190306542408934, -0.06576139701813721, -0.029678578096489796], [0.1259121220287092, -0.11147606256107362, -0.04318326944218376], [0.0757699726083084, -0.07079319448744113, -0.05320040556968698], [0.08663247215045239, -0.04970641984501837, -0.04612257164335065], [0.10136208646426291, -0.05105689045860251, -0.03948815225300098]], "right_hand": [[-0.17513278610368058, 0.01675700039493469, 3.261171990924541e-07], [-0.1311853183682937, -0.018095023620442408, -0.01653848607014697], [-0.09817735359862624, -0.0743109778089477, -0.024673296403496955], [-0.07051374352585468, -0.11758770644236098, -0.03251971513113954], [-0.042441026143073275, -0.14105266579869286, -0.040534632092384136], [-0.13557669062179495, -0.15976915958199267, -0.011827488377597329], [-0.12819181619285772, -0.22847736923816134, -0.02352841919228202], [-0.12500895280185612, -0.26938208952323195, -0.034385353201948396], [-0.12321113347306915, -0.30436793479254853, -0.04238500081498708], [-0.16375428789802635, -0.16095005228121248, -0.014527465287153223], [-0.16090785894862644, -0.23648752377193372, -0.023496354152655496], [-0.1595728647453122, -0.28331446756213635, -0.03271649508465568], [-0.15971518145993505, -0.3198809772996253, -0.039855083978601706], [-0.19093784528159963, -0.14900415669170203, -0.019740817732209655], [-0.1918729375626639, -0.22002952099742792, -0.028801256131283988], [-0.19031632779027044, -0.2621214050042283, -0.036050646893710674], [-0.1890345307892296, -0.29560983658722206, -0.04141258707589991], [-0.21847870896282667, -0.12621279980988603, -0.02693818267203936], [-0.22926666616192745, -0.17835921535294968, -0.03609982709194228], [-0.23505716269799595, -0.21284846663218313, -0.039623026565437425], [-0.23961619606275472, -0.24447581255174675, -0.04173179986983504]]}