{"label": "A", "timestamp": 1746080334835, "left_hand": [[0.1290998791795551, 0.04182800109928982, -8.925322857276804e-08], [0.12637558800537052, -0.024386389052750975, -0.010275159313823988], [0.09135336416563374, -0.07729488564789073, -0.02129616555788732], [0.045364631546329706, -0.09526971664786506, -0.029451488847795464], [0.008382407418365892, -0.08853762829510255, -0.0384804917564188], [0.09513291095075628, -0.08383109341121436, -0.03782342368250896], [0.04710591928175004, -0.14470913961555074, -0.0528062851356462], [0.019454040165736448, -0.18038641058020327, -0.05913839003310962], [-0.0038578098741116435, -0.20637032735641894, -0.06308461967134762], [0.07599972564854865, -0.04764580693411458, -0.03898374700356948], [0.029945699499431655, -0.08085089037468757, -0.056327016296595624], [0.043502935063990236, -0.0681495678205033, -0.05470957335413575], [0.06237044563248382, -0.05489453120702498, -0.051503764035150085], [0.0588022200064166, -0.010552608039546598, -0.038864398497557295], [0.0248594166152686, -0.04395215264499732, -0.051325193501334986], [0.03952293783474411, -0.03417242127899768, -0.03960404851933437], [0.05324662689418113, -0.020922958503430227, -0.030197113002519704], [0.043820332243908196, 0.023266566934336236, -0.039289360363121535], [0.02615389719492746, -0.010316948942284212, -0.04587238749939363], [0.040657646600995315, -0.002618405563933802, -0.03640396017373237], [0.05030163251079313, 0.010032890929497688, -0.028435983615840592]], "right_hand": [[-0.1290998791795551, -0.04182800109928982, 8.925322857276804e-08], [-0.08507695437213988, -0.08356877682829134, -0.012418014374633001], [-0.05143174545727622, -0.14299087425411003, -0.01922500874747208], [-0.02664313995205067, -0.1883092922794381, -0.026884104672812808], [-0.0047025059684417374, -0.21848106543283047, -0.03524228450457624], [-0.09003796438375351, -0.22735004553223961, -0.009545768745639442], [-0.08314613883769459, -0.29601406820588216, -0.02300559846344596], [-0.08033688991050841, -0.3376629102294657, -0.03531464270084067], [-0.0786468226296789, -0.3737037096722736, -0.04436378585918229], [-0.1193874579648486, -0.2265911034534698, -0.015581293968829475], [-0.11982986836648163, -0.3047052913440905, -0.026997762498038664], [-0.11932855184556082, -0.3536215005704913, -0.03862024449049753], [-0.11985072698350831, -0.3925124872220357, -0.04744558593967907], [-0.1462844715201918, -0.21084092618215475, -0.02388250640753499], [-0.15328420795300948, -0.28233176748944167, -0.03537949049672132], [-0.15389908709385022, -0.32876512619749854, -0.04452284796030937], [-0.1538912110185414, -0.36742415810368406, -0.05119477521475138], [-0.17247617820411554, -0.18276308121735074, -0.03377803988190089], [-0.18306729246239728, -0.23828162261955801, -0.045316284652423496], [-0.18891445615156, -0.2769621536148283, -0.050485629838497345], [-0.19385135325568967, -0.3136546074116497, -0.053773484493625914]]}