{"label": "A", "timestamp": 1746068005665, "left_hand": [[0.16119798257275358, 0.008226078785533275, -3.90652071069135e-07], [0.11252873448658261, -0.014468458187414757, -0.006256689481256779], [0.07482492025665954, -0.04770055276472924, -0.015917719620506674], [0.04849037541469771, -0.0753520434007907, -0.028251993229439366], [0.025540715405298675, -0.10567627931421203, -0.03977373299291141], [0.09404695732798755, -0.14873505468558773, 0.0030775830293049903], [0.053411680818006256, -0.16619522265481543, -0.019168668501466063], [0.023283121796620156, -0.17051645711259375, -0.0353365840173224], [-0.0004510913311549371, -0.1701811740586932, -0.04491668958654797], [0.11785776079052053, -0.15698094885259292, -0.004989256718989564], [0.06345550516736397, -0.13766512868905345, -0.028975321432942777], [0.06423685285638428, -0.0847230432716649, -0.034875096288872524], [0.07441535380579503, -0.06436509431417009, -0.034132450516789564], [0.14001286285658465, -0.150584563140301, -0.016528627102779365], [0.08501362029947497, -0.11940170926354114, -0.040024321075330695], [0.09154711096739249, -0.0719035842193388, -0.0320663934538951], [0.10522890336708307, -0.058138013552395604, -0.021313188768353745], [0.16012076404077505, -0.13219945881704873, -0.029532710993841166], [0.11189085404478794, -0.10765594762761341, -0.04447705098736202], [0.11167555603972658, -0.06858625623880404, -0.03722201392184245], [0.12191733993535772, -0.052624820761836284, -0.027920586438121505]], "right_hand": [[-0.16119798257275358, -0.008226078785533275, 3.90652071069135e-07], [-0.11320068475706001, -0.04477749259495199, -0.019084222436431], [-0.0742795358786229, -0.09613794146083414, -0.02918082102326893], [-0.04449116518939386, -0.13573334754754257, -0.03871647554373917], [-0.014639730105945969, -0.1506515857541031, -0.049048096453776405], [-0.12014799149809399, -0.18161469773510383, -0.014454896436275674], [-0.11889668415512011, -0.24801679383774294, -0.02851730321751717], [-0.12052365810516585, -0.2870204703803128, -0.04175501919821299], [-0.12220024335955856, -0.3237412012820269, -0.05176588165611795], [-0.14927147843156172, -0.18288569904177102, -0.01669078054613569], [-0.14830657134481315, -0.25688507553799, -0.028614728843087456], [-0.14827388567880675, -0.30333634863664843, -0.040541409040058325], [-0.1480082721462824, -0.34492978140488667, -0.049719357678360096], [-0.176498516797099, -0.17068046824796307, -0.021492799052832166], [-0.17661609777392134, -0.24085858441523392, -0.03296946550143341], [-0.17333466088874874, -0.28294791167494043, -0.041173015218142456], [-0.1698338463611529, -0.32070598751013185, -0.046910050789934], [-0.20443332367780864, -0.14824061720746298, -0.02850531017643329], [-0.20720230468650824, -0.20453393044917895, -0.03817063888447714], [-0.2056400464124707, -0.23958595611033315, -0.04122572267584442], [-0.20310858286232117, -0.2723901744357662, -0.043118938495418924]]}