{"label": "A", "timestamp": 1746080330269, "left_hand": [[0.1470534360000252, 0.030455257209279735, -2.567094157726194e-07], [0.12796238284408437, -0.02856814135127202, -0.001647317583378204], [0.09303495688632059, -0.07892258374562032, -0.013497955502917743], [0.04966972239182579, -0.09867119741149029, -0.02626855018367606], [0.018609277374946897, -0.11143456651714252, -0.039117425245611154], [0.10662783174556491, -0.14141995565781615, -0.021537643034538576], [0.05352559182694608, -0.1785345435161928, -0.04173035421464182], [0.017881721456093038, -0.1944440965534335, -0.05318183136063018], [-0.010313069762792424, -0.204727901299451, -0.06090223118958376], [0.11136561502356826, -0.110767133045085, -0.030798255919115912], [0.038401558550732504, -0.10358796793840233, -0.051693805225790944], [0.05033216630237755, -0.07495828866189262, -0.05264924875033201], [0.07167195467113, -0.0719721599550598, -0.052572857148200404], [0.10851423986435195, -0.07268733043755185, -0.04030507800845568], [0.03738043240314267, -0.06017842896869329, -0.057772639319349985], [0.052875710287561294, -0.037320716906398224, -0.047722415056375984], [0.07372241674126949, -0.041066992923196995, -0.039921815103609544], [0.10239912528899306, -0.0335868617129223, -0.0500492714090397], [0.04344568675040502, -0.028994943488300055, -0.06156363560815516], [0.05497479404216116, -0.012669629045873841, -0.05379364095331277], [0.07381159188307454, -0.013548181127458703, -0.046686059245431254]], "right_hand": [[-0.1470534360000252, -0.030455257209279735, 2.567094157726194e-07], [-0.10555201504969741, -0.07301933090597047, -0.010365744997567474], [-0.07401467765244722, -0.1263202686107938, -0.0186743667979896], [-0.0480038812011621, -0.1646772572841043, -0.02853874095329942], [-0.021991881593201836, -0.19310147986485207, -0.039128231538836836], [-0.11455523644982565, -0.21693134252066626, -0.006696788384784912], [-0.10943980352367015, -0.28204540326650257, -0.020271723160627662], [-0.10655859715630238, -0.319987019791199, -0.03341805659364232], [-0.10328471937582363, -0.3557866281775615, -0.04330104871382602], [-0.1390065295283535, -0.21691959404960307, -0.014284937187772588], [-0.1378160059982951, -0.2905703345012987, -0.024782381864291096], [-0.13593421587792298, -0.33631033487032674, -0.03621026917738033], [-0.1340819561765335, -0.3765029690668214, -0.04548997111575031], [-0.1619255141136785, -0.20177899967562568, -0.024136733490119976], [-0.16634516861198845, -0.27102976077934615, -0.03406906830409511], [-0.16517823049145908, -0.31472554487685717, -0.041592968761798424], [-0.16309495586170103, -0.35365148510966826, -0.047791030373820424], [-0.18417402194829707, -0.17417720545626325, -0.03562406647437578], [-0.19069265404032382, -0.22832603244093572, -0.04508111901470664], [-0.19138275286092343, -0.2668971299219809, -0.04846268816435135], [-0.19114886274197088, -0.303895276985076, -0.051029649470999174]]}