{"label": "A", "timestamp": 1746068007192, "left_hand": [[0.15640451452684515, 0.014490848995570516, -4.416024237246754e-07], [0.10897702665544187, -0.008036128280037505, -0.006310447204089757], [0.07217991539064679, -0.04868903796895386, -0.014323462619794582], [0.05195500181411135, -0.08491164723786165, -0.024431672035250384], [0.03771676948971248, -0.12007662976413629, -0.03348809407287775], [0.09895302897953646, -0.14906819501438623, 0.001034070487523454], [0.05624792723574903, -0.16248905228097155, -0.022029325205616377], [0.02515641635333653, -0.16718183663126066, -0.03781620715442666], [3.195112473360452e-05, -0.16925190845639676, -0.04727284361406308], [0.12503449469183986, -0.15556980375816606, -0.006884221597811386], [0.06780107804383532, -0.13580338387556332, -0.03170139063997076], [0.0699772661818444, -0.07698907899248106, -0.035145382467377966], [0.08270568421271693, -0.05543893563868215, -0.031738049733257896], [0.14937210164894602, -0.14567272030217773, -0.018268734085159027], [0.0915316630909484, -0.10780690326697807, -0.041685727622152086], [0.09930671704914948, -0.05820992908016852, -0.03145618368687056], [0.11536665808281787, -0.0475425069744497, -0.019000452245642285], [0.16961546378511866, -0.12292389044144188, -0.031282526727296284], [0.11943548049181164, -0.09283926039767389, -0.04694010492257697], [0.12105994293879385, -0.05521300260805815, -0.03983299207087876], [0.13417657208117423, -0.046571212566526285, -0.03028703094983539]], "right_hand": [[-0.15640451452684515, -0.014490848995570516, 4.416024237246754e-07], [-0.11076873790782142, -0.051783202693736465, -0.017302583511558053], [-0.0772478039669106, -0.10412052988585209, -0.02688590234761744], [-0.04648878756750376, -0.14512010433213351, -0.036476776190337915], [-0.015648805237463936, -0.15827345748397936, -0.04629634354688547], [-0.11594642756289111, -0.19554714005275378, -0.008570173576298867], [-0.11165154847340983, -0.26530151499061677, -0.01982318134254625], [-0.11151659701236394, -0.3068306694373686, -0.031065586132996783], [-0.11241105539509594, -0.3421315060686928, -0.039415877803773085], [-0.14373386571220922, -0.19637218140210558, -0.011238512901090812], [-0.13789803729356723, -0.27272846985303595, -0.019678260611254057], [-0.13476366163316786, -0.3201563534040025, -0.02891103362985714], [-0.132263510852736, -0.3592333703123273, -0.03604433552264892], [-0.1717078420456338, -0.1852887022356142, -0.016847684937407216], [-0.16847157889769385, -0.25672478950726924, -0.02524751847162616], [-0.1638866172283943, -0.30015682879869154, -0.032372815581378306], [-0.1592183402810549, -0.33540889792384343, -0.03758198958294681], [-0.20204706715838974, -0.1638872354777119, -0.02469949763963501], [-0.20554880656330746, -0.21882763959665355, -0.03227238407098066], [-0.20575559859505854, -0.2547025949092881, -0.03468581301963266], [-0.20484552323456395, -0.28797899888010153, -0.03624722021871277]]}