{"label": "A", "timestamp": 1746080302864, "left_hand": [[0.16287017031662662, 0.013165777781667153, -2.7665843037670214e-07], [0.10591812580092282, -0.021086664193370408, -0.004356707411204924], [0.06965293797506994, -0.06270531489883284, -0.01519406030198012], [0.044297053202415664, -0.09592849896242961, -0.026798868905593465], [0.02477385651194602, -0.12408930508427723, -0.037347813677277304], [0.10193908382341885, -0.15710320104128053, -0.015389400509959432], [0.040373562073846916, -0.1779870347726312, -0.036515313304066745], [0.003662570188388148, -0.1939816385176154, -0.05049399194120321], [-0.02553162900326765, -0.20788047225040834, -0.06095872298540538], [0.11529877976231398, -0.14463088365322144, -0.02486768150077392], [0.03528535355380295, -0.12044908174487441, -0.048210492347833735], [0.04663158612581902, -0.08408702925041593, -0.05022148689299346], [0.06762920279927831, -0.07814807326279032, -0.04963958608579653], [0.1211762181884743, -0.11640519897360989, -0.03584117863917562], [0.0491343954481723, -0.07530327312605406, -0.05437833595979407], [0.06368086295650197, -0.04768336082426024, -0.043773882823678785], [0.08268944957325289, -0.05291646982517738, -0.035415115712323565], [0.12177810087394644, -0.07879580144833544, -0.04823214528325741], [0.06633438841624509, -0.042485334582459906, -0.061423508177197585], [0.07581549462656058, -0.02013961851723347, -0.05565803057998404], [0.0919574157486327, -0.02464278709730162, -0.0497775663130549]], "right_hand": [[-0.16287017031662662, -0.013165777781667153, 2.7665843037670214e-07], [-0.12331834351478387, -0.060970663168723814, -0.013455822171677475], [-0.09584059380361998, -0.12031951344936337, -0.027702596909631998], [-0.06937357876025126, -0.16269170707777167, -0.04216337081359852], [-0.04260924771846853, -0.1998713691268678, -0.058474356658190604], [-0.12247091927949745, -0.18487749258878963, -0.03436111057743419], [-0.11722164728514436, -0.2592551322286091, -0.05900145245551858], [-0.1136335005063681, -0.3046837365865534, -0.07574745601625828], [-0.11114453169124444, -0.347256211606755, -0.08777110872145735], [-0.14511072252085103, -0.17721547842008498, -0.044947724942464656], [-0.14348853199273323, -0.2607047979073995, -0.06763226908679308], [-0.14240115528012906, -0.31472524172465555, -0.08285016641327357], [-0.14367808840757368, -0.3638590801537784, -0.09435766072061637], [-0.1685245178929672, -0.1508230472833424, -0.05677867265904353], [-0.17376602938463084, -0.23023460968838294, -0.0789199249691051], [-0.1756722996279867, -0.2817953706751172, -0.09145854650605477], [-0.1772911763648101, -0.3296562034331443, -0.10039620982608999], [-0.19134532400240134, -0.11126918122531848, -0.06933411333898744], [-0.20454862976240254, -0.16682399538089027, -0.09124069541170056], [-0.21186773733964287, -0.208477993193493, -0.10116329114423862], [-0.21875983788994727, -0.24962855907737008, -0.10777407819255072]]}