{"label": "A", "timestamp": 1746080321146, "left_hand": [[0.16281924553053836, 0.02148472461182302, -3.607759262706737e-07], [0.10993067785602852, -0.02259454306700733, -0.0010233918989203381], [0.074603955659056, -0.06255386137833853, -0.013520088946403098], [0.04243631820218309, -0.0787115502114001, -0.028224112637711768], [0.011760432092250316, -0.08245945410873373, -0.04262663466709214], [0.10385109150185697, -0.1479619088007528, -0.019664106397810632], [0.05747665700621357, -0.1799709548708901, -0.04992093716669543], [0.02363304804778821, -0.1923150973217639, -0.07038061814743882], [-0.004114019591644663, -0.198431092231972, -0.08308131904666408], [0.1277435995915668, -0.13093751786070776, -0.03205771495854954], [0.052652808888674726, -0.1139368995660748, -0.05703341997775841], [0.06023535471389962, -0.07016617655232271, -0.057713305143412254], [0.07984436049124817, -0.06462622211007309, -0.05637102073503437], [0.14307663463040082, -0.09959556934328305, -0.0464511928527478], [0.0679498280127628, -0.07387913537479383, -0.06616183025869932], [0.0775138916529448, -0.03939002413463834, -0.05218348798539241], [0.09815300970348786, -0.04181779662368249, -0.041075772958586804], [0.15135765361692274, -0.06009960344951094, -0.06192946055077167], [0.09040434091768057, -0.04031815675626778, -0.07315704271702844], [0.09144069975686175, -0.01714989337438275, -0.06242778927602322], [0.10713275171394625, -0.016920733639329253, -0.053115207920631326]], "right_hand": [[-0.16281924553053836, -0.02148472461182302, 3.607759262706737e-07], [-0.11597763036475262, -0.05891189924013867, -0.016341730845528656], [-0.07939699035894922, -0.11906836428745961, -0.024100493412695462], [-0.0491654671059761, -0.16423046525641188, -0.031805576784330825], [-0.018493828660914254, -0.18838443675099198, -0.03985047780747338], [-0.12110045697774444, -0.20593550244036946, -0.009248803132378558], [-0.1051454959819471, -0.27074822916347285, -0.02199405766350368], [-0.09726498895915849, -0.3107511663527223, -0.03404083680241537], [-0.09128675759995335, -0.34553036811729837, -0.043040032404089344], [-0.15162742495455522, -0.210282184305853, -0.012899373261599685], [-0.14435285267980408, -0.2885334161460304, -0.023507328430267857], [-0.13956625194287714, -0.3366796801601244, -0.03403821770653382], [-0.13728761175493165, -0.37600004616034577, -0.04189566151533311], [-0.18021347779532218, -0.1983448182320305, -0.019444800620601093], [-0.18341504810779677, -0.2708431591191387, -0.03079202460375023], [-0.1820642460605128, -0.31650050568684485, -0.039479730730666525], [-0.18063397877021278, -0.35600530600965524, -0.04558027877555617], [-0.20846301920272206, -0.17362612147759354, -0.027933459922352445], [-0.21428175788495635, -0.23044388624170128, -0.038665638094789276], [-0.21554717829886838, -0.2689622467112296, -0.04303194310113662], [-0.21493098133528138, -0.30708812651615036, -0.04589184856330511]]}