{"label": "A", "timestamp": 1746080322733, "left_hand": [[0.15304604045654602, 0.028760158202245395, -3.162449712539238e-07], [0.10521049974602918, -0.018543480110552128, -0.00016399869164345382], [0.0717341981482603, -0.06654853946853713, -0.008837028062287578], [0.04337757226659715, -0.09219148533402191, -0.019235295476823514], [0.025777993949946357, -0.10477568530095072, -0.028696676769277646], [0.09972564153920208, -0.14746104756694592, -0.012891112128872829], [0.05894728434626089, -0.1881628468085436, -0.03702314665912501], [0.026233409250511285, -0.20277478738678587, -0.05232541517357076], [6.490243723336801e-05, -0.21095338015555423, -0.06216336876764721], [0.11781085446807722, -0.12844151587324784, -0.023696295151521465], [0.04533102226061894, -0.11992381495535405, -0.04615534381731724], [0.05154631630307792, -0.08336170714015173, -0.04678908139834841], [0.0707853542746679, -0.0788776643546361, -0.04526141636867918], [0.1269445971332696, -0.09604737030589952, -0.0360991925336542], [0.05473705757459718, -0.07151222968729651, -0.05405835364589252], [0.06577128672744462, -0.04589036294307474, -0.0422656215417483], [0.08636197463777077, -0.05327046442756205, -0.03264883929900805], [0.12918309353011873, -0.05682288090744128, -0.04929162478772461], [0.07044203030128984, -0.03747189331704266, -0.059265919555214056], [0.07817597760623943, -0.020080165764173617, -0.05000363853418543], [0.09678809771250098, -0.02554121696345661, -0.04187770371309324]], "right_hand": [[-0.15304604045654602, -0.028760158202245395, 3.162449712539238e-07], [-0.10973648821150349, -0.07084109880795758, -0.011582529359057483], [-0.07608776294451255, -0.13462846824005906, -0.017474243390775225], [-0.04984255647151289, -0.17977108921180954, -0.024349785551963078], [-0.024194650812789743, -0.20749877788375434, -0.0318267867826514], [-0.1132388107796753, -0.21324987070619758, -0.006559611680774512], [-0.10497694662514437, -0.2800811715299629, -0.019040085543219346], [-0.10143149156934612, -0.31998710109227696, -0.030218990093474948], [-0.09887372619632499, -0.35630516936660483, -0.0386420895979273], [-0.1392109452078088, -0.21554327909961424, -0.012495037211695396], [-0.12856182628637258, -0.2895476100401655, -0.02349455113316444], [-0.12185395392115556, -0.3345948081327194, -0.03355928684467798], [-0.11743474271868418, -0.37279072498127863, -0.04084822334389614], [-0.1655217980870276, -0.20363623261809952, -0.021001243144501275], [-0.16526513764371623, -0.2762112574286397, -0.032335116877328055], [-0.16443170638742566, -0.3224225367077835, -0.04026074026319947], [-0.16368238791039347, -0.3632215833239475, -0.04591083043905302], [-0.19326504811025777, -0.18023645952594572, -0.031050928983407174], [-0.19580923604928888, -0.2369825167788343, -0.04129144729554571], [-0.19464648337874502, -0.2753340117131524, -0.04518449528961644], [-0.1921907480380558, -0.31242547117526576, -0.047843223453745885]]}