{"label": "A", "timestamp": 1746080309425, "left_hand": [[0.15046635847631498, 0.01509776532150272, -2.5671391691185007e-07], [0.1194782619965119, -0.03255678141873878, -0.005321186908160121], [0.0819734973102458, -0.07481016372272709, -0.019006037228793623], [0.04197571281014873, -0.09289713637502259, -0.0330779241694873], [0.011685582394538421, -0.10864427271623855, -0.046688397703178924], [0.0988497986791558, -0.15173776912982664, -0.02364706135514472], [0.0486198032909644, -0.18482047347792144, -0.04561363818986838], [0.01533750264845759, -0.20810500460427706, -0.058559875215386276], [-0.010834876374915176, -0.22768446076577498, -0.06815336021946934], [0.1096482598190238, -0.1280148003476924, -0.03231576128380183], [0.03741899150534746, -0.10938652254495153, -0.05663139799614347], [0.049584004199063524, -0.07941493007332993, -0.05787351234910867], [0.07013965478821813, -0.07955274909688483, -0.05701227208061368], [0.11263319135364296, -0.09248573736392697, -0.0416991911476457], [0.04391050170776817, -0.06415640546083458, -0.06148918591596261], [0.05837369274818338, -0.04178196246942639, -0.04955507952204199], [0.07766895927022427, -0.04903073214189985, -0.039987213811215], [0.11052414158458222, -0.053001935499306894, -0.052016758282177035], [0.05662302921442243, -0.02964100778239678, -0.0659497461615894], [0.06812811446218746, -0.013497943360638734, -0.05873717882144907], [0.0858771040559453, -0.019341271250166252, -0.05155096706311754]], "right_hand": [[-0.15046635847631498, -0.01509776532150272, 2.5671391691185007e-07], [-0.10552509714947109, -0.05843613534002188, -0.016345713583249925], [-0.06925408594917092, -0.11979806848583845, -0.025530935455796253], [-0.04495879918791288, -0.16765072120149369, -0.03459266931872647], [-0.02238814860362448, -0.20149238824135354, -0.043773670838514286], [-0.11426246485661574, -0.20770694749659457, -0.014147252436370718], [-0.10726195749060514, -0.27994136095919353, -0.028179116993429884], [-0.10563376624309541, -0.32217696588655953, -0.04045634050612778], [-0.10594813484226753, -0.3577274965606573, -0.0490857088761027], [-0.14537358362134795, -0.2074268030087043, -0.018252025633998276], [-0.14321954041205354, -0.289398730161434, -0.028987949928222092], [-0.14309092943088086, -0.33770486565799335, -0.039418390984980026], [-0.14534789336052054, -0.3748366425311552, -0.04739917784947293], [-0.17426481901246904, -0.19217470096141578, -0.024793052350457697], [-0.178779332354212, -0.2685121400451979, -0.03536741120643311], [-0.17943762754602205, -0.3133953676405732, -0.04321718749874718], [-0.1803678349874462, -0.34911361242765554, -0.04909335563191529], [-0.20298276933625484, -0.1639181817865249, -0.03320155854971931], [-0.21826681566159567, -0.21906594599874285, -0.04376715956384324], [-0.22717683859887994, -0.2560050991413774, -0.047751802405074026], [-0.234652234339502, -0.29003490121287684, -0.05010326852690797]]}