{"label": "A", "timestamp": 1746080555524, "left_hand": [[0.14580585628581363, -0.12793076855725424, -3.465821251442042e-07], [0.08134257829478973, -0.1159137790178369, -9.618133754669137e-05], [0.03030426540974276, -0.12655963525547229, -0.00957362544833423], [-0.006441207726051721, -0.13235989888032895, -0.02098672184996395], [-0.040067955321935064, -0.13325789290985476, -0.03138975862317136], [0.010717181081349916, -0.22830082945718588, -0.010674368109707622], [-0.04837146718363813, -0.2002838119851128, -0.030553667389887507], [-0.08475630908716811, -0.18398675303195672, -0.04494860250882969], [-0.1162177555287364, -0.17243827243786278, -0.05614262935010071], [0.029084664009073426, -0.23116488701579418, -0.02243289622239477], [-0.019175586283429302, -0.14841529038549345, -0.045871676548358574], [0.006655004167697914, -0.13006601710888058, -0.05055123131393056], [0.025305916530556714, -0.1413379469746769, -0.052279250403234515], [0.048273851877867764, -0.21412633017896537, -0.03494131955595502], [0.007906617155527516, -0.12154501344845997, -0.05337123954841272], [0.033210240783805016, -0.10992511896590278, -0.043081050298301414], [0.04681547698353985, -0.1288348398908793, -0.03503744614483293], [0.06686434737872868, -0.18457471550767093, -0.048420707699282486], [0.03433612258645993, -0.1124266085689622, -0.06032329699779814], [0.053382972424445674, -0.10239834444717336, -0.052403367652338884], [0.065663712509534, -0.11875973823127044, -0.04500115838910577]], "right_hand": [[-0.14580585628581363, 0.12793076855725424, 3.465821251442042e-07], [-0.12391620832297345, 0.05445482632582245, -0.016311770976164975], [-0.12680655634363758, -0.027973942074885925, -0.02325166407808246], [-0.12957796284121595, -0.09061393979137945, -0.03039103550431884], [-0.11882351653253204, -0.13689864328906234, -0.03758500527475478], [-0.2090576136871134, -0.07058514898702412, -0.007184649450563267], [-0.2373138610071822, -0.1357809536032885, -0.018665951347054368], [-0.2555766273104259, -0.1730507222194715, -0.030653853862776793], [-0.2720592332587008, -0.20321547676917712, -0.039773744676518626], [-0.2376360694303795, -0.044643341644761504, -0.011134420586552207], [-0.274144483183928, -0.11389362080391471, -0.019693198003301386], [-0.29525889643392894, -0.15680597705618093, -0.02975029453645679], [-0.3128070229758288, -0.19028916225596096, -0.038032610965319125], [-0.25759336843211644, -0.007478690354427479, -0.018221061521325594], [-0.2964107904338, -0.06761212291718528, -0.027604691750144822], [-0.3161063535273055, -0.10638487784679852, -0.03634829336909166], [-0.3317620899390845, -0.1388523741204489, -0.04319763770084322], [-0.27141010817121825, 0.040441319953264714, -0.027480465977752968], [-0.3094559574253532, 0.0008522027675030742, -0.03691684130693928], [-0.3318608850877752, -0.026112194468914007, -0.04134070407659829], [-0.3514627619750471, -0.05379629588675772, -0.044690792917486524]]}