{"label": "A", "timestamp": 1746080556695, "left_hand": [[0.17790224502833346, -0.015202724644048394, -3.396323039973953e-07], [0.14142680390796736, -0.06526308258053877, -0.0006252969905030217], [0.09137057777540475, -0.1054947879696933, -0.009982526567090193], [0.04326286905714617, -0.1170630126067051, -0.020286755556863347], [0.005477687409711562, -0.11845489339585796, -0.030608067619094802], [0.09621718378269628, -0.16530911609752483, -0.01727609467467461], [0.03612773949033321, -0.16608730004928382, -0.036790676932170814], [-0.002631597569155217, -0.16522150119523615, -0.049100018074954455], [-0.03471327839271501, -0.1635326056807345, -0.058508905167001926], [0.10708899286767996, -0.1418167325741422, -0.02715436502242825], [0.037776659801833555, -0.10260574802730764, -0.04856460342772738], [0.058909432079117204, -0.0836147376340305, -0.05018789622536564], [0.08022619358530511, -0.08966712798156747, -0.050634368628292244], [0.11505180539730676, -0.10719923972598308, -0.0374038753707159], [0.04995444947231144, -0.06528898899116599, -0.056567773352218825], [0.07421115474527532, -0.05115251766872173, -0.04683856299591493], [0.09515146759560277, -0.06254357055331011, -0.03905641359303051], [0.12139842150254129, -0.06888493926755634, -0.04784699172154972], [0.06897479567347585, -0.03635917215783825, -0.0618284429253784], [0.08681592503365049, -0.02579138120586098, -0.05574606601083554], [0.105248893988441, -0.035163510737215894, -0.04986437597782009]], "right_hand": [[-0.17790224502833346, 0.015202724644048394, 3.396323039973953e-07], [-0.13367405229002913, -0.026550186997198653, -0.018317253743361094], [-0.10050795886660258, -0.08653092352822171, -0.02812704847933279], [-0.07141014288557111, -0.13151903764492423, -0.03737739825467116], [-0.041108835715474135, -0.14632333243621634, -0.047156629262275804], [-0.14407840973764285, -0.17193828561436092, -0.015131618711963033], [-0.13913416920353777, -0.24336077226416628, -0.027408703377957953], [-0.1389590840120979, -0.2858657341973291, -0.03886009867653418], [-0.14005903219473312, -0.3220359383025301, -0.04746023421488942], [-0.17277403592434376, -0.171534112554145, -0.017427948798530518], [-0.17033656083322568, -0.25029728601617063, -0.02710609780541936], [-0.16912629348571862, -0.29851308272518007, -0.036875740445534086], [-0.16892472343110163, -0.3375465856342966, -0.044448613979476206], [-0.20058169612892443, -0.15760830125495887, -0.022197003428474988], [-0.20422623641950555, -0.23203066348751272, -0.0317286774037464], [-0.20309684913388484, -0.2771414715218508, -0.040396342112546384], [-0.2015594875284347, -0.3135181212103036, -0.04678818597652541], [-0.229413454925536, -0.1319783289695368, -0.029056231788010124], [-0.24188633803253629, -0.18701428783194415, -0.03833716207716901], [-0.2488817506495312, -0.2230099438802159, -0.04255062852720899], [-0.2543415680072551, -0.2560017578139685, -0.045349471189851116]]}