{"label": "A", "timestamp": 1746080321425, "left_hand": [[0.16676836311835488, 0.01858813528398197, -3.725094606411928e-07], [0.11560316171602747, -0.029418214699608078, -0.00123679868506915], [0.08083871225666993, -0.07076038107576316, -0.0138052441148257], [0.052460012103108355, -0.09405314949356185, -0.028424626245694105], [0.04130216108450209, -0.11917789931591807, -0.041877580530399285], [0.1144473830608908, -0.16284278348998513, -0.016268424008729652], [0.061689229727121285, -0.1896054883751678, -0.04299059989005625], [0.0267452011592219, -0.19041698946340563, -0.05881702916615142], [0.002778360958897735, -0.1838281481770524, -0.0674654815602393], [0.13545329893716973, -0.14289046821211218, -0.02753187527242829], [0.06072556315531813, -0.13296962541724888, -0.05224287891004745], [0.06546288315422542, -0.09213051170074202, -0.05420654233036425], [0.08373397390587023, -0.08272319580958913, -0.05282945915133116], [0.1483793468258032, -0.10978513901220331, -0.04035706341435959], [0.07257514769902368, -0.08467559490277872, -0.06030250271218655], [0.08082253135549802, -0.052945931247146256, -0.04807433293751816], [0.09993802676896905, -0.05589511719422527, -0.03747052653957747], [0.1538445184327828, -0.06873780454735699, -0.05389596744963962], [0.09201848695164083, -0.04708934797498803, -0.06442147210107499], [0.09590724870917999, -0.02583869596848392, -0.0540803954108206], [0.11259867898391676, -0.029299819623622516, -0.04469552239347507]], "right_hand": [[-0.16676836311835488, -0.01858813528398197, 3.725094606411928e-07], [-0.11905837103507923, -0.056153253133233445, -0.015817363329521085], [-0.08024634860735017, -0.11237794783458752, -0.02399791724559441], [-0.048540775713060716, -0.15226206331920475, -0.03249716132416036], [-0.017539288728247313, -0.17174426562910086, -0.041531099760439096], [-0.12268589069847453, -0.20392638051013634, -0.00974029496247387], [-0.10705790319975388, -0.2698873184842786, -0.022851479629666657], [-0.09905263711248918, -0.3109278446904845, -0.035623522269883336], [-0.09266703227902512, -0.347682346344531, -0.04524086481352434], [-0.15322282690008895, -0.20799190416574548, -0.014195288936301812], [-0.1462646240382121, -0.2856484552958793, -0.024591716588712353], [-0.14102399855307576, -0.33357402718690016, -0.03555413717511198], [-0.1376427319793905, -0.37324226488958767, -0.04404309888693155], [-0.18182945021625177, -0.1961694804204356, -0.021360362633166995], [-0.1829768133580557, -0.26791545174436654, -0.03180594699650381], [-0.17871070792865593, -0.31359614030628236, -0.0400773514355354], [-0.17448689677441753, -0.3536107684837226, -0.04620659463081733], [-0.21051204791994835, -0.17184070091063883, -0.030609330076425606], [-0.2160489139216294, -0.2288880210697864, -0.04057900903422879], [-0.21610838234524446, -0.2674805539072884, -0.044280534649635814], [-0.2143015300969154, -0.3048748332240775, -0.04672571983738855]]}