{"label": "A", "timestamp": 1746067997555, "left_hand": [[0.18344000974264457, 0.026124743087483374, -3.730802130296417e-07], [0.12829451966046043, 0.0029058457209603823, -0.007003314852748677], [0.09193549540029242, -0.03251378746010403, -0.01754882063213855], [0.0671253876475328, -0.060917538095787996, -0.02935554024944509], [0.052968792204908986, -0.09163587242782013, -0.039569020547930545], [0.12066867062302253, -0.13430442824396563, -0.005207649887167976], [0.06577344380458934, -0.1305841222224354, -0.026780289713912917], [0.031006031637341325, -0.128977822728904, -0.04282118450497364], [0.0025213622116223204, -0.13041779054884492, -0.05422618959305818], [0.1398638227820508, -0.13514504969229116, -0.013180993251154223], [0.0737191015753398, -0.10171735442081095, -0.03643403254743176], [0.0887783319355372, -0.05906077448516397, -0.041318845445769754], [0.10926808430845525, -0.05154554542566411, -0.04142339274845503], [0.15483593300528836, -0.11985913122932418, -0.023790355486118887], [0.09171777037789593, -0.0682936008961615, -0.044161839762447176], [0.10844553966088222, -0.03215787533862196, -0.035307508920538445], [0.1272766451380898, -0.03408315504543141, -0.026418405343848914], [0.16457952946421417, -0.09134327932230715, -0.03613212172986425], [0.11444613367066635, -0.04989427989026093, -0.0501546820885753], [0.12571390571303834, -0.023106921628528492, -0.04453683922805712], [0.14192794236130638, -0.02511575632548272, -0.037749135493841644]], "right_hand": [[-0.18344000974264457, -0.026124743087483374, 3.730802130296417e-07], [-0.13050759709924992, -0.048445173243272924, -0.015826004232090282], [-0.0856043470034151, -0.0942166370152485, -0.02184325180840098], [-0.047059335398918586, -0.12348157146011393, -0.02793176936851173], [-0.014267215420561868, -0.1262451628018194, -0.03403504023423661], [-0.11899034009982605, -0.18327066526892866, -0.0022784824256534566], [-0.10363791407409059, -0.24329706730095504, -0.009650704690450429], [-0.09640679206641714, -0.27849866162627657, -0.01856143060012336], [-0.09036459630823461, -0.3080371206625279, -0.02544169947985867], [-0.1469742821447015, -0.1933842084765874, -0.0033803540508955897], [-0.13390144112052402, -0.261983633692146, -0.008291497959287984], [-0.12539884213992333, -0.30249866508531437, -0.016095008054121323], [-0.118465962237998, -0.334484007403421, -0.02222283481003505], [-0.17535942873961105, -0.19236638416755222, -0.007384414454029212], [-0.16682396513097567, -0.2564463581283149, -0.013298053089360355], [-0.15990029937610056, -0.29090990429624736, -0.019705317056906094], [-0.153667343156644, -0.3175347973112169, -0.024138531615612264], [-0.20571871261669716, -0.1817316767515325, -0.013599681456916108], [-0.20605017084382796, -0.23282427278500858, -0.019052722581407493], [-0.20541878836421235, -0.2654862900112829, -0.021048090689467815], [-0.20385157995230815, -0.29456251018829277, -0.0221877655027419]]}