{"label": "A", "timestamp": 1746080313996, "left_hand": [[0.1405349737936434, 0.027758863749014366, -2.866234144059596e-07], [0.09793334677799717, -0.019042182388977258, -0.00268493807505662], [0.06709314777657169, -0.0641827533593048, -0.012838108753913413], [0.039763707814241274, -0.09121030742367217, -0.024416327323997226], [0.016792916718531233, -0.11422794288285924, -0.03531781199026582], [0.09444416080102969, -0.14557391034083128, -0.013777805015918453], [0.050472747069149566, -0.17924326234698765, -0.03431548215190218], [0.019040316147888443, -0.20234438213231284, -0.04729159341425069], [-0.005555303198541529, -0.22076781143221985, -0.056526182358650576], [0.11044298337553152, -0.126518424563542, -0.023380965874435475], [0.03964471354298202, -0.11097496481471085, -0.04567453403411837], [0.0466239758137667, -0.07738933683538295, -0.04725747886957672], [0.06549276899626302, -0.0734242765022457, -0.04614488671367214], [0.11741591069950096, -0.09438182150007214, -0.03421882070835138], [0.0484560424327344, -0.06638978034382327, -0.052488043277556164], [0.059152137850366146, -0.04274049932272303, -0.04145171841225128], [0.07815221852523888, -0.04897723734084995, -0.03207827428225246], [0.11780350671572644, -0.0554216588856495, -0.046039782241342246], [0.061902977215278356, -0.03640712768344687, -0.05760890181602572], [0.06914902635437407, -0.019568085703509538, -0.04959947874458505], [0.0861530851381095, -0.02380839091503006, -0.04179881357255391]], "right_hand": [[-0.1405349737936434, -0.027758863749014366, 2.866234144059596e-07], [-0.10023101486640722, -0.07339705335241804, -0.016713220332920803], [-0.07158530992769274, -0.13793906668205855, -0.026179527078566005], [-0.04869471583436808, -0.18737836134642985, -0.035725219696582065], [-0.022113142025793682, -0.21682418718938715, -0.04550572910333955], [-0.11797910459285377, -0.21653319055135517, -0.014425540486668439], [-0.11764937917185941, -0.28779538394851484, -0.027778035337416396], [-0.11985566993282908, -0.3302550054266324, -0.03945152744125044], [-0.12289639303971113, -0.3656891366436919, -0.048060792929443985], [-0.14919101943977192, -0.2124399588348155, -0.018324297896719136], [-0.1565854176239505, -0.2906572047330389, -0.02920886440265851], [-0.1619859426624656, -0.3383227998965322, -0.03941076548278994], [-0.16803099717499784, -0.3747861373918559, -0.04718386079506637], [-0.17612655412127845, -0.19428906921978692, -0.024641603169190562], [-0.18761654678594397, -0.2663568623941107, -0.03520161708063978], [-0.1924007585459866, -0.30816590195578086, -0.042953652975125], [-0.19661578389541873, -0.3410433171241206, -0.0486657803502995], [-0.20095598436962445, -0.1639760747652125, -0.032979914849394255], [-0.22091354089118723, -0.2149453789358097, -0.04309115128360202], [-0.2331884249055222, -0.24949275457055847, -0.04716801914765879], [-0.24362589183905223, -0.28160590120933404, -0.04973059930255212]]}