{"label": "A", "timestamp": 1746080558430, "left_hand": [[0.16561222653712107, 0.07567200435314014, -2.542003905333581e-07], [0.1531905405353056, 0.016233289973975835, -0.0001446033478409688], [0.11945437497067297, -0.035208781767992296, -0.009142843724415834], [0.08262965902786404, -0.06161914822571689, -0.01885649096693716], [0.05612803076388551, -0.07696786813747346, -0.029353613794529734], [0.12937940419777355, -0.08050468635066856, -0.019861700614895082], [0.07582449852223266, -0.11361933285196812, -0.036920336182650365], [0.04167065244803316, -0.13260244262138013, -0.04654464775474221], [0.01500377567736803, -0.1471440034128158, -0.05359959032358028], [0.12879097331040104, -0.04830758266367916, -0.029218531797103656], [0.06327234507311233, -0.04701348871201351, -0.04903221009039588], [0.07445922651762865, -0.023662701241188164, -0.05012879456381341], [0.09454063288119105, -0.018457815738726985, -0.05007311697470075], [0.12262229849653136, -0.008012070961103356, -0.038175799207949314], [0.060948477831233173, -0.008376194795162037, -0.05680945118873749], [0.07333242022767973, 0.012664768671255763, -0.046991689211146166], [0.09285302048333434, 0.016012907332229414, -0.03820871184344145], [0.11389129072612744, 0.03283966836921826, -0.04687995890534456], [0.06342204983202214, 0.025693622701946996, -0.05965367328154711], [0.07418336346921353, 0.03922006903461213, -0.05241750561873451], [0.09134558474596967, 0.04189705636831194, -0.045256930971873596]], "right_hand": [[-0.16561222653712107, -0.07567200435314014, 2.542003905333581e-07], [-0.11437689818297145, -0.08871082331124275, -0.01448292664817272], [-0.06843431213338284, -0.12302076093180489, -0.022823051484075457], [-0.030781949333393722, -0.14603905070885012, -0.03130955783330824], [0.0003544859409445973, -0.15499821299488886, -0.040472005600404495], [-0.08142928925833774, -0.2126626701247277, -0.015722826688383255], [-0.05373483225098207, -0.27446659272841023, -0.030289655688612027], [-0.038528429970479, -0.3113127775109703, -0.041801818430392663], [-0.025796753929461187, -0.3437915731517911, -0.04997257316559743], [-0.10630084392346999, -0.228398156186302, -0.02044978523065871], [-0.077982251578403, -0.2970217057539428, -0.0336278005662069], [-0.0597396628819123, -0.3386132543766564, -0.04458690502732864], [-0.04480414118611867, -0.37266362295173283, -0.052442634357018486], [-0.1342088350896407, -0.23120772707158319, -0.027233580297088826], [-0.11221183494839122, -0.29824719945242517, -0.040205903082964935], [-0.09538965239156436, -0.33774536306359865, -0.04910505217078806], [-0.08090757336761123, -0.36929641049630285, -0.0550211266553009], [-0.1650259117540251, -0.22388137008263861, -0.03549824918288506], [-0.15462129634861288, -0.280114301906706, -0.04746253684066127], [-0.14609231882468424, -0.31718071543251963, -0.052213416979917486], [-0.13736565868670306, -0.3506187988538334, -0.05497402409783616]]}