{"label": "A", "timestamp": 1746067997619, "left_hand": [[0.1842706390460543, 0.035858716581517736, -3.925034726548153e-07], [0.13034647763376858, 0.010325532158201358, -0.006720387091809667], [0.09450019787058046, -0.026894396666946627, -0.018903304337758692], [0.07028754589866879, -0.05535152167372488, -0.03258802855915071], [0.058501306950200255, -0.08528954471965206, -0.04480924337060715], [0.1260239648026106, -0.12844280209502826, -0.008060158520772314], [0.06864875972562616, -0.12677936525617295, -0.03150096206816717], [0.03342932533569686, -0.1268228941203266, -0.047501139432794603], [0.0061880851296772935, -0.12890690352484635, -0.05811686505095942], [0.144914054922063, -0.12566654253559595, -0.016800467832383644], [0.07657507602590599, -0.09474586219439812, -0.041450871964004474], [0.09169854440918031, -0.0528260547675808, -0.04487888769516261], [0.11352843081673791, -0.04813469860715726, -0.0432565642029567], [0.15985612413440217, -0.10736323736063944, -0.02812721186678739], [0.09397453171257693, -0.059951682757910754, -0.049784593162733225], [0.10959889171534958, -0.024313632990858917, -0.03962424214319804], [0.12922647029702505, -0.027627227515930736, -0.02937979395270692], [0.1693854026250461, -0.0765399209557671, -0.04110159122970609], [0.11712202717599561, -0.03728672098095803, -0.05561835284270901], [0.12759625611430525, -0.01005296268556704, -0.04893898242083878], [0.1446054632704421, -0.011529426082323525, -0.04103208316511241]], "right_hand": [[-0.1842706390460543, -0.035858716581517736, 3.925034726548153e-07], [-0.13013666206716795, -0.05430197312449017, -0.014800326434338658], [-0.08413098820099442, -0.09963207010016514, -0.01991067578359694], [-0.04442466191692507, -0.12797842814528662, -0.025328449284349058], [-0.011941203686818619, -0.12567625415469, -0.031075019621281723], [-0.11413538223557705, -0.19188603488809375, -0.0009420275380553394], [-0.09547621558953172, -0.2519117191925196, -0.007543094547060377], [-0.08621071161035276, -0.28796730664426895, -0.016522613641004432], [-0.07934536492155855, -0.3181891963523888, -0.023559677301404226], [-0.14183128477224424, -0.2033699253686447, -0.0025923205164782195], [-0.12620595856246988, -0.2727095602622964, -0.006572552001118782], [-0.11569270972601454, -0.3156450370569426, -0.014686498268767815], [-0.10815879734111873, -0.3488588982312596, -0.02121112847154316], [-0.17042092878548684, -0.20372457288734677, -0.007083417694978446], [-0.16032213320368519, -0.26746340308658717, -0.01201686754885759], [-0.1521359072199472, -0.30397774066783756, -0.019506558156725928], [-0.1453352964002671, -0.3322975899567584, -0.024894294077949134], [-0.20174085081469612, -0.194873447839206, -0.013714193633775037], [-0.20045614234596995, -0.24784205530134576, -0.018488044362194964], [-0.19879614916796687, -0.2807870260219965, -0.02073285445729143], [-0.19598406562585602, -0.3095994550727472, -0.022188197559972225]]}