{"label": "A", "timestamp": 1746067988424, "left_hand": [[0.16700026855256106, -0.07021046686777092, -3.5422538832689274e-07], [0.10925594637320472, -0.07610205162164693, -0.005598074786916911], [0.06619633929549244, -0.09987010959566618, -0.013668438492351965], [0.037714791318370175, -0.12177690442085666, -0.023035185995245327], [0.014536118850175542, -0.1415848028557395, -0.03126295168389352], [0.07374949702231075, -0.2059940865574843, -0.006511611150564537], [0.027334259324479786, -0.185291833113763, -0.028428802731971882], [-0.0016107447224399912, -0.17299028549219242, -0.04381951305526687], [-0.024490050992023952, -0.16505851828337162, -0.053593750002404655], [0.09673169155378107, -0.21254241723089412, -0.01398646979304927], [0.04785266641855815, -0.1443568203396558, -0.03648215802351602], [0.06719247156620632, -0.10392400372268548, -0.03967017557404348], [0.08451924130265624, -0.10081325199629118, -0.038350929479484236], [0.12049743091908177, -0.20094207968147068, -0.023969420772140985], [0.07537807812536179, -0.12340485756737975, -0.043826834183056614], [0.09481555466527955, -0.09418536406122559, -0.03469371066073292], [0.1094374258097808, -0.10069403686467825, -0.025339827209597127], [0.14199885565330964, -0.17663204691948664, -0.035443373013250186], [0.10512548985412444, -0.11658706108695911, -0.04850223922654411], [0.11754429628120164, -0.09375772566569508, -0.04229585201575271], [0.1303006534942234, -0.10042884599249227, -0.03469498468791943]], "right_hand": [[-0.16700026855256106, 0.07021046686777092, 3.5422538832689274e-07], [-0.11580802063360804, 0.02623109669401252, -0.012877883489974054], [-0.08003053558438337, -0.05021826319193626, -0.01817520852737944], [-0.0533045849941761, -0.10825811137421314, -0.02465490777891534], [-0.024917858452773518, -0.1433318262208306, -0.03121168265621294], [-0.11607770381018624, -0.14929978014937437, -0.004976938606525789], [-0.10780493205451719, -0.2322124309035447, -0.018318079204063104], [-0.10500878654862329, -0.2803344302921559, -0.030771898736105887], [-0.10388479266795016, -0.32289374923448927, -0.04025940107171435], [-0.14428725000201173, -0.1540719357834919, -0.011526410092786541], [-0.13827369676866952, -0.24628653073828477, -0.02324311961007198], [-0.13404445785730865, -0.30383449574178756, -0.03435486773347125], [-0.13305895254322153, -0.3516072063878164, -0.04263782868761057], [-0.1705034085763114, -0.14133043215757346, -0.02098191306191029], [-0.17281881713180222, -0.22914843778630814, -0.032668040643431547], [-0.17205799949384865, -0.28235664352953177, -0.04026330466686163], [-0.17228831462655952, -0.3270191096448235, -0.04559519599401079], [-0.19638386400598914, -0.1152544165737892, -0.0324839497530253], [-0.20169507201499912, -0.18490745126213823, -0.04424932212744926], [-0.2035796540879714, -0.23265509195139758, -0.04879549794411617], [-0.20556943095546154, -0.27680603917032987, -0.051499219117574935]]}