{"label": "A", "timestamp": 1746080330027, "left_hand": [[0.14953240100784632, 0.031158942728979715, -3.1012475427509244e-07], [0.10275565124337231, -0.01452778371690192, -0.00578513890980289], [0.07180719137562643, -0.06030426135925443, -0.017833488223211756], [0.04676848623853513, -0.0906180469881334, -0.030626619381633892], [0.025722894068916452, -0.1154063207654037, -0.04184862496284363], [0.1048078768637822, -0.148971247780188, -0.015689552972837698], [0.05915156373803169, -0.17849659112506155, -0.04049185148226783], [0.024937393865995985, -0.19514660781349105, -0.05631497501371728], [-0.003022177470145429, -0.20528526735953465, -0.06636761856563127], [0.12272164144185613, -0.1288006234358802, -0.024585109043837816], [0.04974296566217538, -0.10767758009553131, -0.04782550256451606], [0.05916283580773064, -0.07170861836674572, -0.049477450077798066], [0.07911064181830388, -0.06989984109442507, -0.048592592606430576], [0.13068925782777008, -0.0959288932608212, -0.03564844828075333], [0.0581361912961248, -0.06297932200067134, -0.05457855344036827], [0.07050104916095074, -0.03681461508352718, -0.04305027012886366], [0.09016489117668662, -0.04400637278525688, -0.033512384426535], [0.13110029845742105, -0.055756548383889507, -0.04821457506462011], [0.07082492620761519, -0.0333207342847338, -0.06016119217665796], [0.07906303681954385, -0.0147719055534323, -0.05193586012173077], [0.09677826409452403, -0.018558222122717283, -0.043929775139462154]], "right_hand": [[-0.14953240100784632, -0.031158942728979715, 3.1012475427509244e-07], [-0.10484909258404149, -0.06735696142127037, -0.016917798716859937], [-0.06912785053793231, -0.11873455885443863, -0.026925308573816805], [-0.043067445712263494, -0.15957975413082143, -0.03671520744763411], [-0.018998333526462133, -0.19058772910870736, -0.04654489087877329], [-0.107538190142442, -0.2168022741704953, -0.013115574306286962], [-0.10154439114368612, -0.2858209797033591, -0.02665524635519032], [-0.09956750761178289, -0.32570200538274113, -0.03921518324858169], [-0.09828348417538438, -0.3615889433087488, -0.04825488689249788], [-0.1365112375188271, -0.21820639122997568, -0.016624932046691365], [-0.13367340535521657, -0.2948321841521874, -0.026844009214197637], [-0.13167385362025524, -0.34164276784913833, -0.03750206348912685], [-0.13076001842253904, -0.37955653379197324, -0.04589702158347419], [-0.16413721053435773, -0.20488393914213998, -0.022691370318499347], [-0.1659056050852805, -0.2763669211577264, -0.03273987989202139], [-0.16361003745706154, -0.3187314709105433, -0.040324662407601776], [-0.16145527322148925, -0.35312193524373536, -0.04598702533811049], [-0.19223248092969727, -0.17932381216457216, -0.030789054159606952], [-0.20163325413327043, -0.23510737097962706, -0.04077081748393679], [-0.20628512741307045, -0.2720123930246862, -0.04439580698650057], [-0.21016204590106774, -0.30624394953253115, -0.04648604482622937]]}