{"label": "A", "timestamp": 1746067988848, "left_hand": [[0.18171814299820063, -0.05915770212132671, -3.764714367726193e-07], [0.12799978211988786, -0.06594980826822651, -0.007998232959390207], [0.08389532082783142, -0.09095808690283914, -0.019083914232194788], [0.05359497930771327, -0.11545121212816456, -0.03108539366797936], [0.04767957984632727, -0.13736300904585366, -0.04126878184907298], [0.09571043414209034, -0.20188583096263923, -0.010124424620236517], [0.045836924869289655, -0.1813148208477896, -0.03516025927438803], [0.014460883330203112, -0.16920871572953952, -0.05227225998707389], [-0.010917052811701177, -0.1620781093977127, -0.063379150252412], [0.11791445869959288, -0.20492819733019263, -0.01730727249507558], [0.06194820752491435, -0.13517978623549412, -0.04047364329858641], [0.08374944466865974, -0.09558163390673177, -0.04196707662078721], [0.10241907383884172, -0.09916636583773525, -0.03982419969096103], [0.14031887878888682, -0.189598366937475, -0.02745893445342006], [0.08929687401397293, -0.1108631241059409, -0.0469420763196669], [0.11082722545191209, -0.08291403153586033, -0.03568119972257366], [0.126107574879593, -0.09446961932744824, -0.02543986391275727], [0.16035695847146772, -0.1607702861388242, -0.039632832296342235], [0.1196782816108155, -0.10065868512524051, -0.05229919883139143], [0.13300125722465175, -0.07804445813904735, -0.04537609705809309], [0.14678334584645122, -0.08671974041831022, -0.037609353149044324]], "right_hand": [[-0.18171814299820063, 0.05915770212132671, 3.764714367726193e-07], [-0.12773921088998266, 0.011309894123696628, -0.015490981520452609], [-0.08737638514620752, -0.05428579964931028, -0.025344383712452255], [-0.05703694843517419, -0.10645523045302965, -0.036356536467282374], [-0.027153606440768994, -0.14384427871738587, -0.047580733100680346], [-0.13113987458169246, -0.1601231121912185, -0.009795011244976046], [-0.12431732409463318, -0.2423708856224489, -0.0264338591417758], [-0.12155252169954084, -0.2905531773385837, -0.04140229965002222], [-0.1196965814874141, -0.33353105544829825, -0.052238880536836584], [-0.1623011896466643, -0.16511063661083517, -0.016687230491134665], [-0.1578863325342162, -0.2580298523671327, -0.030618847820527546], [-0.15347008510646803, -0.31456454048789595, -0.04337424503768444], [-0.15067581278022993, -0.3610450387446553, -0.05274383235907194], [-0.19215078381669284, -0.15178678165227924, -0.026674365864124687], [-0.19678692683954296, -0.23932203111682873, -0.04011204843173122], [-0.19629891428619806, -0.2931576538018135, -0.04904458360288621], [-0.1953962431653804, -0.3392039458956426, -0.055207892918517805], [-0.2216486876309993, -0.12330238204257947, -0.03882074556468764], [-0.23073634693467845, -0.19334233156095976, -0.05156349625998086], [-0.23539789589010507, -0.24032781134754638, -0.05625357044513143], [-0.23940597288844723, -0.28371437085724727, -0.05886431521024812]]}