{"label": "A", "timestamp": 1746067995633, "left_hand": [[0.15598121382560895, 0.03203632397750776, -3.6494869790141917e-07], [0.1303463314807963, -0.03410003995626031, 0.009662720602571236], [0.08238787925138828, -0.07921543215144052, 0.00680375516092055], [0.03089077127216399, -0.08824006558720063, 0.0008169246774892536], [-0.006516912828599589, -0.07354952242616421, -0.005885018467964922], [0.0700806569595869, -0.14664165894647296, -0.0010443571226477417], [-0.002482273108842309, -0.14065413713909702, -0.015096610916152445], [-0.04432294371627364, -0.13373710104364997, -0.024879572015276068], [-0.07634051083418693, -0.12835997312839095, -0.03232487441250615], [0.061994074144062675, -0.12713385590434617, -0.013264236748805095], [-0.018154517539995002, -0.08349513381783066, -0.027104754447262798], [-0.005299032011535422, -0.049319166647639946, -0.026811811175315194], [0.014217791857284404, -0.04358201315553984, -0.02616772472621148], [0.05516713095970594, -0.0931184179211891, -0.02520639241355459], [-0.00934123907440093, -0.04366876074726829, -0.03487432211091397], [0.010033558684131577, -0.01661832381785706, -0.027412443079466636], [0.03042454910895961, -0.022082960673388972, -0.0234068860089376], [0.04915413858284378, -0.05030628964223924, -0.037176977525087966], [0.008057144005139783, -0.0062831326831250265, -0.04539247625967619], [0.026231364322617787, 0.011575935479296971, -0.042234592834536566], [0.04479922490873163, 0.005202479173401499, -0.03937489560427547]], "right_hand": [[-0.15598121382560895, -0.03203632397750776, 3.6494869790141917e-07], [-0.12230937474766779, -0.05520272977194982, -0.020847162989076035], [-0.09717746693670402, -0.09006847872338977, -0.03390397473935605], [-0.07820323079721123, -0.11665370862098919, -0.045921146306899446], [-0.05755010576142079, -0.124655412609394, -0.0581559828090604], [-0.12209391310959546, -0.18889062001422832, -0.021700820718668787], [-0.11872633007059472, -0.25396347231610644, -0.03595198502048383], [-0.1181925324562806, -0.29364453163493964, -0.04821928842383092], [-0.11813582352530493, -0.3281212199445943, -0.05692466880442073], [-0.14897766085011357, -0.1912802623834989, -0.022700250739454954], [-0.14777576835248235, -0.26407986802898825, -0.033405297210549544], [-0.1472105939496707, -0.309140639233898, -0.04354290109462723], [-0.14635691459085795, -0.345664651457432, -0.05132152995951547], [-0.174108991881877, -0.18051779321716824, -0.025914227383773906], [-0.17686984934447492, -0.24685243076883903, -0.035148199946394926], [-0.1756167619250231, -0.2882428213901629, -0.04354792484146204], [-0.17353491200821242, -0.32160849453298906, -0.049822486585670275], [-0.19953861004487905, -0.15874620102728115, -0.031417681479487494], [-0.20966320755798948, -0.2077892750073109, -0.039645465611042575], [-0.21483262574762851, -0.23990417938307054, -0.04317746244499114], [-0.21815261296701866, -0.26920437819009024, -0.045531644429025915]]}