{"label": "A", "timestamp": 1746067996912, "left_hand": [[0.1780218188072548, -0.0069814140135343785, -3.4390402218468953e-07], [0.11770638989874324, -0.024721764990920856, -0.006185091141583984], [0.07986570948517252, -0.059585118976123584, -0.015683394609367685], [0.0562296016133394, -0.08634963743732722, -0.02630446512007206], [0.03377855935928659, -0.10907460752268062, -0.035593575104541385], [0.10395548876526797, -0.16294174176835563, -0.005806780074190324], [0.04750841565937479, -0.15144359887111705, -0.026446868903368958], [0.014065563285137505, -0.1442072318760573, -0.04294703478864429], [-0.013073597567147726, -0.14149419799813, -0.0547765629640759], [0.1222950999982831, -0.16306443758268144, -0.013835456784220372], [0.05847459741103168, -0.1223789096919007, -0.03613590773051158], [0.0752187934178806, -0.08451011200093578, -0.042044167695613685], [0.09524598343311305, -0.07793069373335378, -0.043596972678770024], [0.1367874988327151, -0.14673204510127913, -0.024183029170043568], [0.07705191176214014, -0.08972642141745689, -0.042817383582956066], [0.09586209926958099, -0.05835604156392956, -0.03462146213116221], [0.11425656506830996, -0.06164154912384175, -0.027042817801285205], [0.14658813195493192, -0.11787156966243593, -0.03622916172435822], [0.09967284052833639, -0.07351758724355197, -0.04915143486454849], [0.11294365331983627, -0.049859054549257216, -0.04357552432179195], [0.12904497155923556, -0.053531501188611844, -0.037251567290640025]], "right_hand": [[-0.1780218188072548, 0.0069814140135343785, 3.4390402218468953e-07], [-0.13051283636665295, -0.03003028724881718, -0.014210140759794173], [-0.0933716132725889, -0.08522088030232146, -0.021118178166754563], [-0.05961688336750056, -0.12287743074508631, -0.02876368573959359], [-0.02878980028409597, -0.1361124870339578, -0.03664868764402341], [-0.13654043150304437, -0.16953365386559482, -0.005177074194645744], [-0.1290383673258073, -0.23628766822809688, -0.01503448401021598], [-0.1270422377721151, -0.275280060416369, -0.025104978924495848], [-0.1259243480510715, -0.30803721839785214, -0.032666633679058685], [-0.16455216437570772, -0.1727508519663162, -0.008591819425573709], [-0.160125110139188, -0.24790493375366465, -0.01626413282413619], [-0.15732035627312643, -0.2935861083436778, -0.02509693463550429], [-0.15574985477828848, -0.33001225067049816, -0.03198801481064444], [-0.1914646620224961, -0.1639842249435392, -0.014686178464195782], [-0.1926061101284554, -0.23302926759643502, -0.02261441129868574], [-0.19023804887650664, -0.2722486803088036, -0.029613266156283003], [-0.1884159704448436, -0.30296685514729704, -0.034592266737303506], [-0.21923534037502787, -0.1447158071353576, -0.02284267781738194], [-0.22745450601779638, -0.19829856506102458, -0.030265203182367202], [-0.23206812984866448, -0.23309912954333473, -0.0330777749329628], [-0.23608276449318644, -0.26437648334763936, -0.0348923373527019]]}