{"label": "A", "timestamp": 1746080319150, "left_hand": [[0.15082493389056406, 0.023916392757714077, -3.370962487993221e-07], [0.1057919076995893, -0.025910239601448285, -0.0018558082073716964], [0.07608758707039469, -0.07263138485880485, -0.011368070238292588], [0.05027640230393282, -0.10150043321621803, -0.022514640262773743], [0.030158880492929443, -0.12654626474383895, -0.032655880816054174], [0.10871327582998008, -0.15425218982927563, -0.009894731870545384], [0.06359316960142986, -0.18704690414656092, -0.032398737117837785], [0.02926075345718377, -0.20262079153158977, -0.04746260582018719], [0.001448106220432814, -0.21055837645254152, -0.057093655391544845], [0.12412919926873037, -0.13396557354087502, -0.019387975430223008], [0.0510873803824057, -0.12293597531894533, -0.0409892241764757], [0.05861554784137325, -0.08744019468378207, -0.04320924823692006], [0.07829980597511652, -0.08147488474130049, -0.04260719591341961], [0.1305145058467362, -0.10257978459609088, -0.030629663251980646], [0.058786675449841695, -0.07758419552782295, -0.0477918481367721], [0.0707383158424903, -0.05182897355559239, -0.0372049383607123], [0.09092592898567749, -0.057327455928214546, -0.02842977881934021], [0.13023334794148167, -0.06431064088055133, -0.042935249365225595], [0.07318813540375459, -0.044195531258954465, -0.05323496645503347], [0.08189782769388555, -0.025285310245915623, -0.04491218073074656], [0.10017343613391698, -0.028742770241981717, -0.037060452522742676]], "right_hand": [[-0.15082493389056406, -0.023916392757714077, 3.370962487993221e-07], [-0.1048349404722488, -0.06489766440255292, -0.015468151491569809], [-0.06876225028066703, -0.12175207275822406, -0.023920059345673275], [-0.04248299738979378, -0.1665130729038404, -0.0324510493218512], [-0.016175142824528924, -0.1971283396324839, -0.04123737816167171], [-0.11095180482915734, -0.21110556438948683, -0.011004930199324409], [-0.09912125634471618, -0.2794744554976473, -0.024797140028847038], [-0.09385982327105787, -0.3209177131036083, -0.037257558549623156], [-0.09039028509803482, -0.35794797356988217, -0.046359843280627824], [-0.14103366756032137, -0.21391659208445354, -0.01536294234298595], [-0.13395675181961686, -0.292423742968985, -0.02633699559634937], [-0.1280029686965136, -0.3401443099872369, -0.036804708755878296], [-0.12432188151253852, -0.3797238928277941, -0.04473453159591834], [-0.1699863155105949, -0.20074483183013717, -0.022423756719401923], [-0.1757342871875488, -0.2741010623756777, -0.03370926454621769], [-0.1745590254338802, -0.32033628930701463, -0.04194698398033547], [-0.17290163593754504, -0.3605528624501372, -0.04786619526026599], [-0.19873465101813595, -0.17488988305587125, -0.03134760189279963], [-0.2093610517807654, -0.2327476243652611, -0.042485406193276724], [-0.21397662975578946, -0.2712924813299662, -0.04676596551958347], [-0.21693089842669278, -0.30881532810297635, -0.04937321059199095]]}