{"label": "A", "timestamp": 1746067996343, "left_hand": [[0.17818998589735793, 0.00569711459351799, -3.616349326798756e-07], [0.12719340181238786, -0.03747601342148727, 0.002599760757717804], [0.07789444289732841, -0.07896475174282462, -0.006129499808411948], [0.03640771817835961, -0.09717203848098012, -0.01723415416803005], [0.0004503455634388587, -0.10534520524544755, -0.027451237632214697], [0.08838187227614387, -0.16926343772535718, -0.003429114799427709], [0.019955229342534256, -0.15047168593116975, -0.022109953726914974], [-0.017944115696009254, -0.14102080927724508, -0.037352154415511075], [-0.04937848489624445, -0.13586664333137372, -0.04892694038571831], [0.0968859259466798, -0.1507310333912903, -0.015680326225691703], [0.025169644986242246, -0.10118195791236165, -0.03644281497958415], [0.048125481229107, -0.0795634025144193, -0.04175393727075378], [0.07008763864020916, -0.08421371537323802, -0.04481958748691906], [0.10301890626637963, -0.11929449221546655, -0.028768617185188358], [0.036785325184327686, -0.06683711879872087, -0.045779479089050897], [0.06142385426493179, -0.047541265045277906, -0.037065462122101836], [0.08133860793738355, -0.056630892384385775, -0.030454078726184462], [0.10833789348477812, -0.08011381732815157, -0.042528568970699045], [0.05683198112429256, -0.04128959530956198, -0.05399357684660833], [0.07479159477111597, -0.0252906873758126, -0.047538917892345635], [0.09191784853430676, -0.03174140962432104, -0.041545639721243845]], "right_hand": [[-0.17818998589735793, -0.00569711459351799, 3.616349326798756e-07], [-0.13936832047503406, -0.03687066572516121, -0.018392224402151196], [-0.10991938583493836, -0.08079534254329694, -0.030555245276644993], [-0.08260229048449805, -0.11378283266256692, -0.04238875087027921], [-0.05399922721241485, -0.12332651602341076, -0.05478580494253272], [-0.1468948041327558, -0.1735891081079245, -0.01926587612980737], [-0.14346781127469765, -0.24228132030672606, -0.03378303856106348], [-0.14304744349932996, -0.2835425781222811, -0.0462298331367694], [-0.14333869185090736, -0.3193781277939044, -0.05547418545562947], [-0.1751473874689821, -0.17285658671593956, -0.0225038321671913], [-0.17713092155048163, -0.24933019558242345, -0.03440406237807618], [-0.1776001135271003, -0.29645654541605077, -0.04527797331936606], [-0.17806294795017336, -0.33460562239778635, -0.05358270015206769], [-0.20126392331285023, -0.15874123411237917, -0.027927830728775107], [-0.20716735296253494, -0.22856769268806496, -0.03924714655465854], [-0.20745056952938387, -0.27150812519340084, -0.048380422684435306], [-0.20752351170956607, -0.30677323715133487, -0.05491545604784728], [-0.22647447383934352, -0.13346851078466357, -0.035336773176325754], [-0.23962436066904677, -0.1840651798643915, -0.04610743609054942], [-0.24743523738039458, -0.21776697845534654, -0.05089084184412444], [-0.25401170796558187, -0.24938395197824012, -0.05389055506699924]]}