{"label": "A", "timestamp": 1746068003855, "left_hand": [[0.1848465449687324, -0.022734179561754976, -4.160950295014995e-07], [0.13040305396137314, -0.02963483793418625, -0.011425786744164479], [0.08545508056346501, -0.04454334894975619, -0.024626947019376674], [0.05211774728461466, -0.05320988227972503, -0.03881993226471217], [0.022778743726133754, -0.06515231739184693, -0.05161736173766031], [0.08463400025585269, -0.16038715172087664, -0.012655188048884628], [0.03262615990927492, -0.14718022838853523, -0.03885620584990124], [-0.0021777283489059856, -0.13749916381211122, -0.059636622365043], [-0.032388721648720836, -0.13141848115495022, -0.07370733690889046], [0.10893935196498136, -0.17400176781343127, -0.019404158277939853], [0.05234593151599177, -0.13103960598161699, -0.043991127338837706], [0.06346893093576621, -0.08521880826149424, -0.04948546476601443], [0.08219417669066775, -0.07045460609879285, -0.05023706621530998], [0.13568506726221777, -0.1664135866207933, -0.02954494651635715], [0.08184959297293197, -0.12653024275080862, -0.051132243190891415], [0.08780241292987317, -0.0855750024720701, -0.042211972726698695], [0.10341992495007912, -0.07289899531232505, -0.03264141954578766], [0.16234423161282813, -0.1431279700153758, -0.042084966085544], [0.12389739781046943, -0.10490907497942932, -0.05890030110981289], [0.11162945160838499, -0.07174945833517128, -0.05568438482845886], [0.11101613284706954, -0.055867850559222394, -0.04982796509986057]], "right_hand": [[-0.1848465449687324, 0.022734179561754976, 4.160950295014995e-07], [-0.13915100802020147, -0.012731727706778842, -0.018200054439087367], [-0.10406348499507106, -0.06513071647493515, -0.027558334120815327], [-0.07288678343032094, -0.10535672943592936, -0.036647861883247285], [-0.04084035040191401, -0.11729963093148457, -0.0457664189460915], [-0.14501938802921482, -0.1524789823999865, -0.011229875019048456], [-0.13092429881435214, -0.21997578476464869, -0.02260674120923136], [-0.12363823590052113, -0.261439051608006, -0.033318961146858846], [-0.11813719421149038, -0.2959943452229778, -0.04128171573932005], [-0.17403656247220678, -0.15695471693060267, -0.013154571178426654], [-0.1662685536462783, -0.2329906563084472, -0.021449835680662308], [-0.16167639508280696, -0.2800011368007342, -0.029948374322805154], [-0.15826001370123788, -0.31903511052590106, -0.036526761742810644], [-0.20251486767773944, -0.14787953352705746, -0.017926201450989398], [-0.20285888682605593, -0.2182753262202587, -0.026896508414122285], [-0.20097489412740535, -0.2612622800135285, -0.03536975342578754], [-0.19839046715139397, -0.2964534997130837, -0.04156521856885091], [-0.23122840195914202, -0.12625789937224483, -0.02487940926993907], [-0.2469792014552922, -0.1732697667415835, -0.03393148214703835], [-0.2570425531680616, -0.20578226409885847, -0.03828166748472895], [-0.26483780860509476, -0.23605702919655605, -0.04108724918918492]]}