{"label": "A", "timestamp": 1746067994948, "left_hand": [[0.17554885445287857, 0.008939216894479875, -3.534465643166679e-07], [0.11853708308778096, -0.006200323490669951, -0.0031546204849865617], [0.08013569339767673, -0.038536439156608523, -0.012328832873729583], [0.053809473437521564, -0.066668365633003, -0.02379135565078215], [0.03239133842724672, -0.09316072054830493, -0.03378831365799324], [0.1044214193644064, -0.14198352678734288, -0.0012817869390302728], [0.05157925166604301, -0.14061006152769015, -0.02097304063832324], [0.017503593092718827, -0.14071648849255866, -0.03658174926091209], [-0.011908775513012136, -0.14182205854441937, -0.04836300362165226], [0.11987544430104347, -0.14632805438391094, -0.01126096758809188], [0.05532096967426565, -0.10605565013262126, -0.033327372121233836], [0.07449923837446729, -0.06497256018962061, -0.03786230805805415], [0.09571437140303189, -0.058779936774118975, -0.03828909185395746], [0.13198058469393723, -0.1340834052217218, -0.023553828100551014], [0.07038553154969568, -0.08022926097775236, -0.04190664290931857], [0.09118325309607198, -0.045461788243514295, -0.031714044334852164], [0.11113448489751353, -0.04774629943385635, -0.022784604850634414], [0.13999047770152018, -0.10820783410525592, -0.03748694235668811], [0.09025794776692281, -0.067170685351475, -0.05078709487828199], [0.1041495574512246, -0.04186510128071784, -0.04454938907824058], [0.12175804786424989, -0.04435875895719737, -0.037651080996050496]], "right_hand": [[-0.17554885445287857, -0.008939216894479875, 3.534465643166679e-07], [-0.12607680483887412, -0.031921270875473015, -0.016008146569056116], [-0.08813137885915785, -0.08174293501353395, -0.020875567927533034], [-0.06001651180855715, -0.12336982656143525, -0.025202156228606866], [-0.0303350294646203, -0.1368830695891497, -0.02937955395290833], [-0.12375799331369138, -0.16210296763825266, -0.0026844842693481137], [-0.11116401481541494, -0.2198185569851494, -0.009239186624565653], [-0.1056790205300281, -0.25448194907372007, -0.01716494675065619], [-0.1016127845390383, -0.2831633160989516, -0.02304209717909553], [-0.15142547821915903, -0.16854513052680165, -0.002505939586575813], [-0.14179009156569028, -0.23313292029361748, -0.006340806305044327], [-0.1359956424075457, -0.27205726694069193, -0.012660623959904365], [-0.13145301287710182, -0.3027152328911593, -0.017650284821871445], [-0.17864781063088922, -0.16465405180125683, -0.005144321650395324], [-0.1734264596599355, -0.2247265900826717, -0.010410880585818422], [-0.1675173130858157, -0.2569224191939444, -0.015255329729299286], [-0.1618727172423946, -0.280741940609574, -0.01860494182644126], [-0.2073730058617505, -0.15145083402223855, -0.00991890460258149], [-0.21223260885686732, -0.19899682779700253, -0.014873983182511053], [-0.21329379329024936, -0.22804114836539527, -0.015986540339617064], [-0.2125927494096051, -0.2533245266638236, -0.016432052559088434]]}