{"label": "A", "timestamp": 1746080333741, "left_hand": [[0.13819035766098717, 0.045922301368144666, -3.218890527989366e-07], [0.0946540703640038, -0.0025277264454892164, -0.004060852258412315], [0.06693676270349885, -0.04978401523813786, -0.01552838695753104], [0.043539408999444085, -0.0829248008278612, -0.02823189139145858], [0.030600834987977544, -0.1028277078799792, -0.039713295599320526], [0.10575382814640573, -0.13219010537353026, -0.013149502208920567], [0.06372195169930002, -0.17043226086808208, -0.03612199866676399], [0.03306261385431004, -0.19329731478592174, -0.051046660064901404], [0.008080296459501157, -0.21181024183588143, -0.06169455895125574], [0.12232332533559591, -0.11511820784900406, -0.022720377147050934], [0.05096983589936408, -0.10373595536998982, -0.046286124093430775], [0.05692430465266235, -0.06425934524277176, -0.0481376639511457], [0.07541187917284435, -0.057037628910681794, -0.04735985626023235], [0.12738380739688349, -0.0848383312377516, -0.034270818343056605], [0.0556474120897161, -0.056535676378181514, -0.05288155371335674], [0.06561970567082331, -0.026899636905617128, -0.041915990384597965], [0.08523222980714544, -0.029594824388489687, -0.032866829431993455], [0.12373821006469615, -0.0480390309263482, -0.047297525550133585], [0.0642183928122834, -0.026189662732726438, -0.059553458584875985], [0.06831137962375386, -0.0038068924689861746, -0.052984182372876235], [0.0837531370406735, -0.004371468505747051, -0.04637571910695213]], "right_hand": [[-0.13819035766098717, -0.045922301368144666, 3.218890527989366e-07], [-0.09716093091966581, -0.08719422195661594, -0.017071106478847527], [-0.06607933222375252, -0.14265546432316678, -0.028809380511915658], [-0.03789567235618918, -0.18353569521584745, -0.04079162205098501], [-0.005447224396902486, -0.20592356354264083, -0.053419954813208916], [-0.10641405314656353, -0.22807116842487002, -0.015559419909338125], [-0.10508642107768998, -0.29689424459859814, -0.030930751718743564], [-0.10515948183266068, -0.3379728693707007, -0.0444574824614899], [-0.10530525887888227, -0.3744810461693106, -0.05439110137845598], [-0.134990263869217, -0.22623865588187783, -0.020182618195722386], [-0.1387521693763966, -0.30242655584008904, -0.033161414805170944], [-0.1400616826536084, -0.35009373818090744, -0.045054347666186025], [-0.1412810153289752, -0.3887872272643341, -0.0539225962731488], [-0.16122899545882968, -0.20969272001112232, -0.027265870876941867], [-0.169929098406766, -0.27914346075189367, -0.039039429835858425], [-0.17205805642702263, -0.32439796752963784, -0.047558293197619186], [-0.17290865791352383, -0.36327298899340194, -0.05368034355060273], [-0.18629732544447394, -0.18140777058675026, -0.03644040370616601], [-0.19657341019167046, -0.2365036747320756, -0.04701621925335459], [-0.20198219674323917, -0.2741776028744366, -0.05118392455144732], [-0.20649059818920182, -0.310094077118351, -0.05382736927780862]]}