{"label": "A", "timestamp": 1746080555466, "left_hand": [[0.1436024484192453, -0.12935422285490938, -3.561245335777294e-07], [0.08054025766803026, -0.11528423470208227, -0.002406793410921698], [0.027828686715796584, -0.12685796858150705, -0.012121156918996824], [-0.009820105947236875, -0.13334682949292395, -0.0230824267856662], [-0.04355549629122953, -0.13565066712009208, -0.03278843558816321], [0.0074024356512891, -0.22864251945995478, -0.012976426479515382], [-0.05119201116828575, -0.20127475757047708, -0.03434762245603407], [-0.08788702874549513, -0.1855312873942418, -0.04989620015872177], [-0.12032798788938658, -0.17441760321649266, -0.06202861804138061], [0.02620893069896504, -0.23344010783939403, -0.02371463095176585], [-0.021999448234815, -0.150278718934634, -0.04823504742300841], [0.004711925862149141, -0.13172151255747355, -0.05297921996663065], [0.02304137828153324, -0.14412634898729365, -0.054728887682869876], [0.04599769223224136, -0.2177736264767067, -0.03551524643370556], [0.004863023332191421, -0.12499359861060853, -0.055407834859382075], [0.031009620786000457, -0.112817136480084, -0.04510637158703653], [0.04438272170712963, -0.13233518540537695, -0.036952489113556405], [0.0652148976757595, -0.18937155587917562, -0.04844668357881177], [0.033341484556805454, -0.1156472674211604, -0.06206434306637227], [0.05303834692501793, -0.1047930189287771, -0.05482170628268544], [0.0650521466471773, -0.12184368161636643, -0.04773551741464429]], "right_hand": [[-0.1436024484192453, 0.12935422285490938, 3.561245335777294e-07], [-0.12112962421761822, 0.0548528458687808, -0.018360511763428303], [-0.12554592411327042, -0.027923621123293822, -0.025901694826701516], [-0.1301256175340783, -0.09174608471644008, -0.033317107801022476], [-0.11977730186073982, -0.14016391753317903, -0.040682771601006196], [-0.20809829273152133, -0.07123923356454054, -0.007060219025387899], [-0.2352845050288786, -0.13846876786670614, -0.01857562764744112], [-0.2534746353895588, -0.17800036350578113, -0.03081196104271719], [-0.27030751389378804, -0.20887340945980568, -0.039936608759255796], [-0.23669413143359636, -0.04531976972698861, -0.009766818922683019], [-0.2733754793423283, -0.11560472971698427, -0.01788742242763069], [-0.2956273954979449, -0.15848127329293804, -0.028141831134113178], [-0.3145424170789056, -0.1906246900581392, -0.03633095952953663], [-0.25626467675995457, -0.008648679608378293, -0.015817934040953458], [-0.2948638990956191, -0.07004977301151562, -0.024623871609148758], [-0.3161876514081343, -0.10815810580997678, -0.03366588097330354], [-0.33342000769569674, -0.13894215491104536, -0.040525337785446015], [-0.2695234465235833, 0.03857947110479315, -0.02424208740602268], [-0.3075032800073457, -0.001500617212557001, -0.03304483326171388], [-0.3306377870594542, -0.02831306266704796, -0.037217028769547036], [-0.35069824710062836, -0.05497414479084553, -0.04017634029324058]]}