{"label": "A", "timestamp": 1746080319836, "left_hand": [[0.15355550354179862, 0.020869362455194725, -3.540255371438061e-07], [0.10780930530687523, -0.026792307726475, -0.003095258423493799], [0.07777736519551573, -0.072395571619422, -0.013580839423080634], [0.053322761738978174, -0.10204472086995767, -0.025407852129723484], [0.03415231397519706, -0.12801393166840333, -0.03620919495374634], [0.10958280868422608, -0.15749841669389186, -0.012894801361203356], [0.0617708228987115, -0.1852917304545531, -0.035267646449815455], [0.027722476066444533, -0.1986638865937486, -0.04983535359320894], [0.0005592599310788272, -0.2062570665599769, -0.05922451270671821], [0.12696764642151692, -0.13814129888696977, -0.02204219073451347], [0.05358434814089635, -0.12096172231500264, -0.04403757503530693], [0.061051322325924945, -0.08586803013952178, -0.046130080856808704], [0.08001388754166269, -0.08160424767038683, -0.045494787892405984], [0.1350818951870303, -0.10591136385706652, -0.032807002348366025], [0.06347347995887619, -0.07930405331765483, -0.05114856286011701], [0.07433017793542784, -0.053044834809909576, -0.04036536276386432], [0.09363207424584795, -0.05798103643851116, -0.03105598983114185], [0.13626682916006524, -0.066289957362836, -0.04461438702074706], [0.0785252870756837, -0.04798418648588068, -0.05622252073752673], [0.08522740386850032, -0.030027162986271713, -0.04817654864429672], [0.10198900786419575, -0.03296776803578837, -0.04017136319667171]], "right_hand": [[-0.15355550354179862, -0.020869362455194725, 3.540255371438061e-07], [-0.10790160557210901, -0.0619337366609557, -0.01565283120020729], [-0.06985690904592765, -0.11916662702209262, -0.024078375630905518], [-0.04229394929175514, -0.16450457939030932, -0.0327716287718474], [-0.016852533208783094, -0.19464730741345165, -0.04174693062126574], [-0.1076501942741684, -0.20596968023339696, -0.01151194652560816], [-0.09571940197418148, -0.27510278584477127, -0.025806263499746775], [-0.08961602968965832, -0.31719365558247925, -0.03847069373097044], [-0.0853688033219106, -0.35515351933499, -0.04786593634944257], [-0.13827899908647634, -0.21074149357197453, -0.015902245202843834], [-0.13094671568460842, -0.28946092680533186, -0.028264098668890538], [-0.12559993998754257, -0.33802911252170803, -0.040098106759517964], [-0.12318816440983624, -0.377725055964059, -0.048745466301184766], [-0.16731110588749787, -0.19897365814907916, -0.02290960110266205], [-0.1737250257946041, -0.2729924347879461, -0.03537791051620286], [-0.17601626950502366, -0.32069922034589604, -0.04511341119857565], [-0.1778703114172478, -0.36169302416949395, -0.05198096397220718], [-0.195395893262269, -0.1736117458446437, -0.031732075908376664], [-0.203269009309453, -0.2311258312402793, -0.043585360647259895], [-0.2077695698973337, -0.2695714786009936, -0.049032632742043156], [-0.2105242551020535, -0.30692157769022504, -0.05246166865139141]]}