{"label": "A", "timestamp": 1746080312722, "left_hand": [[0.1474668088469353, 0.0236312332734745, -2.8622466133218504e-07], [0.11202899027305326, -0.024006055420245226, -0.0022712256390273076], [0.07700121692519128, -0.06838779462271398, -0.013555972290497664], [0.041892100820915025, -0.09144034567153565, -0.025925606320777908], [0.01481336094991585, -0.11071743375786121, -0.03770078365255185], [0.09656952873669966, -0.14717384131906056, -0.016234723254406648], [0.048616516323757644, -0.17776888557537934, -0.03636981106559623], [0.015515358654482551, -0.1960446665398715, -0.04831389650960551], [-0.010773187003662007, -0.20973589479536633, -0.05681538142784271], [0.10890170137382753, -0.12516149894068165, -0.026052040691576055], [0.037354223029740743, -0.10961118615164353, -0.04848065089538183], [0.048597950464251825, -0.07964363324408026, -0.05013665182040086], [0.0685388981624396, -0.07708137111957176, -0.049392169529852856], [0.11323532000789668, -0.09114478412871127, -0.03664913181917067], [0.04511548105653629, -0.06236877767346904, -0.05498916020075177], [0.05878387503996603, -0.039611475844601556, -0.04405665383075106], [0.07716615810319342, -0.04567196233049969, -0.035059419254440935], [0.11209797892482441, -0.05222689062245181, -0.04797741633296842], [0.05754509842916384, -0.029988287675889857, -0.06026784615093168], [0.06835934721462072, -0.01280247882582429, -0.05290822665956688], [0.08537140044123652, -0.017937934375297976, -0.045747504782702265]], "right_hand": [[-0.1474668088469353, -0.0236312332734745, 2.8622466133218504e-07], [-0.10615686918042164, -0.06961151033066472, -0.01609057648972366], [-0.07585946861939519, -0.13417489405661537, -0.025727975349029066], [-0.052261272165078705, -0.1836839337113917, -0.035395144650808404], [-0.025605139839989525, -0.2160104265549689, -0.04536577249242856], [-0.12264824547988736, -0.2171704283974006, -0.013923691260880352], [-0.1219026093298467, -0.28884941202110853, -0.02778403367494851], [-0.12275998766233358, -0.33099974312622477, -0.040011647555644535], [-0.12410354859608497, -0.36713966351229693, -0.04889454376564996], [-0.15271882155643735, -0.2134739831210629, -0.018244836500321247], [-0.1565576947372176, -0.29230063179053434, -0.029211668021319515], [-0.1585473215548656, -0.3404399274442749, -0.03956934631764192], [-0.16148218486351232, -0.3781153485191016, -0.047484713991788684], [-0.1799438066114036, -0.19552978493709053, -0.025045987997242815], [-0.19022554490318427, -0.2681021681309807, -0.035753754204143846], [-0.1933871719668605, -0.3120560597038285, -0.043493661492507704], [-0.1957418174634093, -0.34778510200289336, -0.049235504907910774], [-0.2058972558567387, -0.16531254724607986, -0.03377969364510255], [-0.2238274428897289, -0.21829166750138748, -0.044338850557421844], [-0.2340619596986637, -0.2542651545001888, -0.04843134726006802], [-0.24266268087108656, -0.2883082779459609, -0.05092122855940968]]}