{"label": "A", "timestamp": 1746068006067, "left_hand": [[0.1675627725417245, 3.22558741335162e-05, -4.7573757755886974e-07], [0.11615910120420735, -0.022163125086127288, -0.00332134451746189], [0.07278838823348238, -0.06308864666485417, -0.010397058425623051], [0.04174058537605958, -0.09593914736877747, -0.020806078869941114], [0.012216892449757344, -0.12832444256506603, -0.03066010926954691], [0.10129383451026824, -0.16798337111742276, 0.00802799731594385], [0.05255809767585687, -0.176867412782737, -0.013975617569276262], [0.017338817810935436, -0.17933412576043467, -0.030939071559801242], [-0.009981510013914488, -0.17885800043345482, -0.04197291621511375], [0.12306132818046209, -0.17713258946367852, -0.0020049180125819403], [0.06316961765538655, -0.1579833610212197, -0.027205954399696596], [0.06921575199851673, -0.0971957747347744, -0.03311200959181619], [0.08604096723840922, -0.07593353474461935, -0.03201342805774872], [0.1454484950940755, -0.1718494642450805, -0.015401949397140607], [0.08530462155625856, -0.14067539435037582, -0.040215739702897824], [0.09771785871890094, -0.0853120692971226, -0.03147627300013888], [0.1179918815627387, -0.07245517471696096, -0.020233653060890703], [0.16687349870218776, -0.1536065543038506, -0.030115155287562555], [0.11542943463486002, -0.1278296316248864, -0.04785546861644625], [0.12022747603390864, -0.08722195100146692, -0.0414067885178883], [0.1367017728074677, -0.07682588541867623, -0.03245816884326732]], "right_hand": [[-0.1675627725417245, -3.22558741335162e-05, 4.7573757755886974e-07], [-0.12013418048998918, -0.03729105054149873, -0.02028922453837412], [-0.08509560773257992, -0.09081035736388485, -0.03205415209275788], [-0.05542068060923097, -0.13078932673806756, -0.043294336938796515], [-0.02111779092357521, -0.15607072285762322, -0.05563736721680831], [-0.12681843514999575, -0.16473716326851168, -0.010191336119092278], [-0.11837927010533153, -0.21908404397252879, -0.025024650911417562], [-0.11287796053515824, -0.24995341910220562, -0.040137909485647966], [-0.10851127850465767, -0.27917557128897047, -0.05153709100953598], [-0.154676033989275, -0.16296425638546727, -0.01192558382677765], [-0.14553375979998143, -0.22044613240933694, -0.02382077064608617], [-0.13965333106497183, -0.2566306765964182, -0.036804366273339835], [-0.13445358873875182, -0.29128933505651455, -0.04704551685832761], [-0.18298206104093304, -0.1482020918693255, -0.017103968563371347], [-0.17269458405002816, -0.2053174118214889, -0.029593313156230972], [-0.16553425707187353, -0.23874565578289977, -0.038060884308621236], [-0.15875726346068111, -0.2718173358373935, -0.04426461059555885], [-0.21262685264341938, -0.1225441475132745, -0.024426141444083137], [-0.20412426253153945, -0.16596699467004764, -0.03575114042095764], [-0.19484000418634345, -0.19274697696822543, -0.0398401820689462], [-0.18613659011529374, -0.2204732994356203, -0.04254927461687128]]}