{"label": "A", "timestamp": 1746080556281, "left_hand": [[0.17027879689928302, -0.04707434321967498, -3.651268104388479e-07], [0.12907226073637648, -0.08896355825264242, -0.0010003660036598397], [0.08005740983503777, -0.1192128182916945, -0.011888333474902198], [0.035472223241620277, -0.1252470499607128, -0.024003885797650122], [0.0010719509014377176, -0.12111598553286831, -0.03598021644149493], [0.0771638966285963, -0.1891816118196394, -0.018720630766294172], [0.016052267949246884, -0.18273269930957323, -0.04028974530077037], [-0.02269198351587835, -0.17590844530773905, -0.054135220521744354], [-0.05429691586070885, -0.16916344700906394, -0.06422490325698034], [0.08880228546717102, -0.16793158340442432, -0.028995750930505704], [0.02276311994003466, -0.11459847129742078, -0.05197395706262568], [0.04395612793646629, -0.09723351788503454, -0.05440199756781086], [0.06358182658306234, -0.10626145548768084, -0.05535887211449919], [0.09814580337095571, -0.13508835797513474, -0.03975192292015145], [0.03796793299153991, -0.08044041724505202, -0.059454502277761744], [0.062941681194884, -0.06892023192008119, -0.04916120389276258], [0.08236757139170611, -0.08292145459230674, -0.040994999475774285], [0.10654258037132522, -0.09847589121630212, -0.051006449145466703], [0.05925363265536872, -0.05630637559197485, -0.0643564757610742], [0.07717852781664698, -0.047678714322704034, -0.05780326966970584], [0.09361825435424467, -0.059852398570862865, -0.051775539606081916]], "right_hand": [[-0.17027879689928302, 0.04707434321967498, 3.651268104388479e-07], [-0.13528556990421237, -0.003794382244221694, -0.020247856327880315], [-0.11207751759628692, -0.07116560410318422, -0.03202810586862538], [-0.09419521773881258, -0.12313138016858304, -0.04293830202346531], [-0.06708659373310884, -0.15174744929695722, -0.054365739010944394], [-0.17016413784250267, -0.14458486452693117, -0.018318838507889134], [-0.17805113127949476, -0.2146166752000296, -0.03253400237869849], [-0.18511638773802305, -0.25705171597651627, -0.04521830478617283], [-0.19216785790809232, -0.292908801285791, -0.054529912274892046], [-0.20018224571766097, -0.13447817561149963, -0.02044667691486948], [-0.21382675590374928, -0.21257451167237426, -0.031972100359717266], [-0.22266803251856015, -0.2605061600825912, -0.043034883320080194], [-0.23094658539801868, -0.29897767383806734, -0.05132312163388212], [-0.22583493256482484, -0.11129582061554494, -0.025068673083952456], [-0.24441426428176477, -0.1813936571006355, -0.03580454687609126], [-0.25281913995382993, -0.22425226046753605, -0.04474437793717316], [-0.2590214036050529, -0.2607486668727046, -0.051239862961316204], [-0.24958237083279644, -0.07540259008959284, -0.03193871137036638], [-0.2722814432623219, -0.12491152178628837, -0.04152045489621163], [-0.28561153746012374, -0.15713667225331832, -0.04554533244641286], [-0.296661443429454, -0.1893056884157707, -0.04822696132111181]]}