{"label": "A", "timestamp": 1746080310097, "left_hand": [[0.15001247096052872, 0.02389961317179502, -2.7185168179313163e-07], [0.12261649178532413, -0.02708588073425691, -0.000159731788775407], [0.08513875112643433, -0.07127635080681159, -0.00979475166836557], [0.04613453238616091, -0.08891595813215292, -0.020861558113130323], [0.014776327115548119, -0.09729177853444847, -0.03235169927777884], [0.09647119317638932, -0.1369471935748987, -0.01724315144863754], [0.047007381477592265, -0.16518561321934153, -0.0345552144720701], [0.014040751232874278, -0.18252144709715135, -0.04409039617614504], [-0.012099230211265624, -0.19612904488324015, -0.05139104589129174], [0.10534342130372092, -0.11324973692344356, -0.027373692706409398], [0.03537610086507882, -0.09620467897922215, -0.04843731306274065], [0.046746041090286815, -0.06858280718201151, -0.04921327593977584], [0.06620662097068548, -0.06697667588683745, -0.047983129881664185], [0.10794952710744914, -0.07705815934883403, -0.037533858478330684], [0.04304654549062718, -0.05121086523739181, -0.05602432511716886], [0.05755361294483298, -0.030811579878069238, -0.04595836308475742], [0.07665099224175702, -0.03651564660541051, -0.037220011088675474], [0.10633102384713135, -0.037600660997972164, -0.04781541764209135], [0.05526671079235485, -0.01794209492256296, -0.060774521151289645], [0.06715717712408693, -0.00405136679932289, -0.054349843927482426], [0.08472362999260938, -0.009035600622108592, -0.04776585158791657]], "right_hand": [[-0.15001247096052872, -0.02389961317179502, 2.7185168179313163e-07], [-0.10725863452304364, -0.06894767589561789, -0.016892708368195133], [-0.07570402430577436, -0.13444287846191752, -0.025755319768758164], [-0.05290906080829998, -0.18667623796464194, -0.03443750703964941], [-0.02967892386270873, -0.22347994979217678, -0.04310317591255647], [-0.12011682484744962, -0.2177016512739732, -0.012335788450711605], [-0.11881973203553536, -0.28981745381687035, -0.025105669964224312], [-0.11967982688200116, -0.3319290514654589, -0.036617698820718546], [-0.12103410527999402, -0.36754064104489015, -0.0450523294983356], [-0.151232343248428, -0.2150388985511881, -0.015797066162176982], [-0.15415051102127977, -0.29398609363972544, -0.02579843050685024], [-0.1559261399765583, -0.341921237836341, -0.03593914996487902], [-0.15832147058759932, -0.37916172173670226, -0.04373909405212568], [-0.17954853946026306, -0.19807113063640383, -0.021927017589577356], [-0.18795927764901407, -0.2706180579365773, -0.03206727005805103], [-0.19008996636519726, -0.31356483273778885, -0.03973368771320325], [-0.19164735698308463, -0.34806228515277515, -0.045494648972667855], [-0.20648977072283617, -0.16886064291040237, -0.03007251222715999], [-0.22378731580121597, -0.22086108974348298, -0.04013982527121458], [-0.23423647425823846, -0.2562387588246492, -0.04421869015317782], [-0.24322883381958843, -0.2897149159428351, -0.046757588557770347]]}