{"label": "A", "timestamp": 1746080558063, "left_hand": [[0.16615170840266003, 0.09342878018038507, -2.703779379842433e-07], [0.15097009797490055, 0.03535371583615062, -0.0009432170161372145], [0.11810405868655745, -0.020007170515972117, -0.009364444376837335], [0.08379830624821272, -0.04974489244218888, -0.018406965573893264], [0.059868643151189734, -0.06521551111255529, -0.028093888570938357], [0.13010928165409127, -0.06599372173084783, -0.01877917338166507], [0.08031712224095143, -0.10367358761565071, -0.0352571216235355], [0.04848225903416682, -0.128363008995021, -0.044573820145095894], [0.022835823509425486, -0.14855213678126397, -0.051923946761656216], [0.13242209195669397, -0.03666199037235989, -0.027650547693694086], [0.06318849654396609, -0.03685125414083408, -0.04783680332095829], [0.07400893067146755, -0.011710083534745525, -0.047978569953993876], [0.09423421876785366, -0.00614625371252092, -0.04689216908675221], [0.12701430386285534, 0.0025618776609290547, -0.03637507706260918], [0.06158862808750151, 0.002567597493302731, -0.05558092746630641], [0.07374973607568507, 0.024424017239538312, -0.045084579628751474], [0.09334740968832941, 0.02709051690289136, -0.0356164524627914], [0.11791597022610525, 0.04289112288889802, -0.04499453144580013], [0.0657617551042414, 0.03756944569613708, -0.05893684812400753], [0.07701705319987855, 0.05182452163322909, -0.05217833728589883], [0.09454430420098825, 0.05416479496661225, -0.045114398172692666]], "right_hand": [[-0.16615170840266003, -0.09342878018038507, 2.703779379842433e-07], [-0.11512998091385006, -0.10119149378094763, -0.01626764542668632], [-0.06592774777388022, -0.12893307256261943, -0.024916950185077398], [-0.024691869937749453, -0.14726102174217573, -0.03330113238785008], [0.008776397181060464, -0.15228628625179122, -0.04186185075264217], [-0.07215983814894035, -0.22407633332007995, -0.012878833284278175], [-0.04058383653399868, -0.2810661378252774, -0.025948226657529435], [-0.023586022619860637, -0.31638100973130134, -0.0370922916431189], [-0.00956534227928716, -0.3477168469461832, -0.04510574986449754], [-0.09520986154537321, -0.2426695886971331, -0.016256428580751468], [-0.06227406772592511, -0.3072545078789576, -0.027404771197829293], [-0.04146061631840196, -0.34640497792627334, -0.03731833030988942], [-0.024827970606695702, -0.37839570656524063, -0.04451909976243882], [-0.1225992592782562, -0.2492522538666853, -0.02214949890831069], [-0.09557679270983796, -0.31344577588872063, -0.03360942302769276], [-0.07668594934161739, -0.3475486799567037, -0.04123894729522187], [-0.06081525582056616, -0.3745186200507726, -0.046264872915599733], [-0.15414178420303826, -0.24709871738952907, -0.029848295340944124], [-0.14038237483575278, -0.3011593408884591, -0.04045708587638604], [-0.12954546680747644, -0.3352268192138127, -0.044161732667003], [-0.11837508471642796, -0.3663428248574152, -0.04619684216959364]]}