{"label": "E", "timestamp": 1746068026944, "left_hand": [[0.14506252197565098, -0.009535405226773116, -2.6124095102878264e-07], [0.09290327651890361, -0.04778592619309041, -0.0015046651149484597], [0.055426124497769874, -0.0913455482024774, -0.011593684811283492], [0.025906264099257264, -0.11805547465478662, -0.023974137558684237], [-0.000634041584574913, -0.13129763259418273, -0.03576971274671083], [0.08104446174986558, -0.18244558032880898, -0.012775586582385652], [0.03671517518255554, -0.22257045430219008, -0.032331489058199984], [0.008827075056714704, -0.2526354844644041, -0.04440279004679363], [-0.015234415344598112, -0.27877107468223183, -0.05433196494468392], [0.09791696383574003, -0.16944420756134648, -0.024121124744155377], [0.02601998432503795, -0.14156985383642418, -0.048627286668038616], [0.03748890117711362, -0.10658387993240215, -0.05018472488184803], [0.05644063566426155, -0.10550202032764397, -0.04911729788227503], [0.10590688084495678, -0.13936177124212526, -0.03657313799666252], [0.03799091259767137, -0.0998965236725611, -0.0574119230592552], [0.0532915494434477, -0.07391109503229973, -0.045763056111875915], [0.07242180861784946, -0.082199237531574, -0.03589954203606793], [0.10751721815515809, -0.10091576574326501, -0.0499492340826708], [0.052922851333096745, -0.07216106215432229, -0.06448346444606647], [0.06453722117411247, -0.0528359879149548, -0.05736519422236651], [0.08189611377040995, -0.06037450525245026, -0.050013636863597624]], "right_hand": [[-0.14506252197565098, 0.009535405226773116, 2.6124095102878264e-07], [-0.09526042722705948, -0.011074377293244715, -0.016396945916088302], [-0.052865076281184226, -0.058694944994766275, -0.023420033192275463], [-0.025375353994950296, -0.09915095994741732, -0.029736565782207916], [1.3556718438337339e-05, -0.12107513047734145, -0.036462140272362456], [-0.07703307897402985, -0.1456943543172211, -0.0165583643120205], [-0.05209206438537516, -0.2046549886777929, -0.0308250391687392], [-0.03875988537243132, -0.24383658283489662, -0.04246537598340564], [-0.029050128472968936, -0.2778863955945455, -0.051184139554473804], [-0.10898730200793562, -0.157548661337906, -0.020190914912055373], [-0.09602504846256761, -0.23452058444875845, -0.03316526629443307], [-0.08764958507564032, -0.2810180533427662, -0.04413169473030222], [-0.08197607051471376, -0.32021207728122, -0.05216964045928673], [-0.13909301348325756, -0.15207268434342577, -0.02591472601416746], [-0.13184975366289403, -0.22345383908589384, -0.03932638198631811], [-0.12389083300250173, -0.26800500952387446, -0.04840157009548854], [-0.11714824566754153, -0.3069223425126707, -0.05473173750841], [-0.16952642933761983, -0.1335732421514354, -0.03326702536616775], [-0.1728127117805882, -0.1887252754653059, -0.04676541365239314], [-0.1729738303108348, -0.22601850242739638, -0.052303623237070725], [-0.17203673191185356, -0.26186302386800797, -0.0555573528190977]]}