{"label": "E", "timestamp": 1746080354866, "left_hand": [[0.14350674082514486, -0.0108933529998618, -4.0481952475002736e-07], [0.1001404065608189, -0.06162927358710689, -0.006600920301914215], [0.07563445473634403, -0.12590960290012862, -0.016027249709627996], [0.06841519241606164, -0.1738656506509813, -0.02823110760056043], [0.06566410415950692, -0.21769926546703489, -0.037915322227911545], [0.12514719376592567, -0.21252562456912666, -4.0851490202105076e-05], [0.08968581454668408, -0.2547989602268115, -0.026901925604503933], [0.05848630631188023, -0.26371830669733715, -0.0439829898532589], [0.032083833926881626, -0.26272825577354325, -0.05327504770705119], [0.1537985328006226, -0.2046540612675084, -0.008640120235160297], [0.09354767772264092, -0.2107159470044305, -0.03451385434033944], [0.09178015774371269, -0.152703521108104, -0.03803589333092145], [0.10750240941086296, -0.13335204764255193, -0.03563963057184358], [0.17525902715263897, -0.18317191732357446, -0.021308391941602462], [0.10922634480643921, -0.17400981817832697, -0.04462011879242466], [0.1125823577245403, -0.12195331325546913, -0.033122067921703954], [0.13042724791224233, -0.1100713567150772, -0.021217893538570818], [0.18936824152217122, -0.15091842867321256, -0.035973588777864086], [0.13375700407479743, -0.14615719007708647, -0.05059474872350381], [0.13136356218415796, -0.11027794519388393, -0.04266877349436483], [0.1441856655042626, -0.1009810151626262, -0.033496585985840294]], "right_hand": [[-0.14350674082514486, 0.0108933529998618, 4.0481952475002736e-07], [-0.08659517221501152, -0.0252986897537582, -0.005768512476847593], [-0.049264731945898706, -0.08625460395232502, -0.004683627370755582], [-0.02633807911901965, -0.1336275397189871, -0.005514270560416964], [-0.005771191039797152, -0.17102290837817286, -0.00590347332156637], [-0.07183591967459808, -0.16309907619361988, 0.012253879009889378], [-0.03698933178591236, -0.2051520834243318, -0.0013731473017927706], [-0.010880087018750345, -0.22513596144776254, -0.014757613010079738], [0.012691670644505158, -0.23872150847531853, -0.02310558455154342], [-0.097036309680497, -0.17897299731827185, 0.0062891386817094915], [-0.07285760917339773, -0.24093009302178794, -0.004342419188840006], [-0.04841020502122726, -0.26865429134046653, -0.013336991047407137], [-0.023532520326114862, -0.2890057231701816, -0.01891897622271792], [-0.12475253719838485, -0.1796855991403725, -0.003485600786351721], [-0.1088407598663968, -0.2433985949853469, -0.0163371489912029], [-0.08650608679440905, -0.27192708991373943, -0.022608803372976122], [-0.061459445585348535, -0.292304105771568, -0.025551320807217313], [-0.15389600692845115, -0.16742781220770891, -0.014538073254093032], [-0.14847451693587824, -0.22155175123029672, -0.025683761472274313], [-0.13266499417362518, -0.24916700847627518, -0.028461307792962767], [-0.11112521991297658, -0.2697190353949441, -0.029164975590903454]]}