{"label": "E", "timestamp": 1746080353049, "left_hand": [[0.16342943659897138, -0.021735066916783684, -2.7619704855424323e-07], [0.14790080614559906, -0.08068222136267622, -0.002400169703829898], [0.11369461860414153, -0.13752995687971653, -0.013739949190864674], [0.07182499511873273, -0.17020721801204416, -0.025497957948858712], [0.0401262226772204, -0.19403934328246406, -0.03664388291984988], [0.13322000553604377, -0.1990482417805296, -0.021347423613709813], [0.07161694168602031, -0.23035136567515574, -0.04203431695314703], [0.0312896413784886, -0.24315266419222084, -0.053924947921179515], [0.0004686801036221337, -0.25168237071287314, -0.06234082730315789], [0.13384073593856807, -0.17473742413767612, -0.029638931449986413], [0.05837237960061813, -0.15964552027511966, -0.05169645395006802], [0.07084941175126022, -0.13061145391119275, -0.05319403212208805], [0.09267250593015837, -0.12751304762127352, -0.053719431602427876], [0.12724863797726124, -0.14026919257138648, -0.0383231799878244], [0.0564245217061468, -0.11961666123763084, -0.05581178898148865], [0.07166334615607836, -0.09379890886928367, -0.04566172915776385], [0.09235405021042088, -0.0962692810966086, -0.03836380155299966], [0.11762600530745924, -0.10282816959803909, -0.047631321493700404], [0.06312468155511922, -0.08638395877456495, -0.061012524567566985], [0.07516563274235497, -0.06730010028733675, -0.05655868405896532], [0.09320240462650817, -0.07013250808454063, -0.05193235006481527]], "right_hand": [[-0.16342943659897138, 0.021735066916783684, 2.7619704855424323e-07], [-0.11077861214533526, -0.0032163745231493963, -0.005135157274329547], [-0.06848672815825478, -0.06209606090474884, -0.0036048021623579147], [-0.042009366511817296, -0.10226808782029502, -0.0035071645723241647], [-0.02798946643517134, -0.12756171178726483, -0.003575048133163019], [-0.08066767961406998, -0.13835805473583065, 0.00310146056797221], [-0.04787822054348463, -0.1813493347901121, -0.010000706626876583], [-0.02459546367098236, -0.2070373160491491, -0.023277231682517798], [-0.005509305136107802, -0.22776853322343796, -0.03231493600723813], [-0.10674711284183144, -0.15591226048309326, -0.004526476586880183], [-0.08386040803334632, -0.2303575394872591, -0.015491166882473992], [-0.06576692181643957, -0.2748844039833309, -0.02628520221744727], [-0.051799357911676475, -0.3132861003661626, -0.03375890188444871], [-0.1336950965180837, -0.1553253851678548, -0.014649986244380199], [-0.11923671455110231, -0.2284309469455883, -0.026673143587132537], [-0.1062015173290881, -0.2716638934095894, -0.035416068559773264], [-0.09454241440286044, -0.3097371066719798, -0.04099717956933176], [-0.16087074455961206, -0.14039674433647648, -0.025760599683441052], [-0.1551353336431464, -0.19775170088710778, -0.037464442571561625], [-0.15061604265590636, -0.23744681090559652, -0.04216477404157978], [-0.14574649879901078, -0.2750874941553328, -0.04501744344272096]]}