{"label": "E", "timestamp": 1746068021521, "left_hand": [[0.1940727205837162, -0.11404776133906956, -4.086377347917498e-07], [0.12081654644710668, -0.12355525932380255, -0.002726967901980482], [0.0696743875601574, -0.1541361467748855, -0.01279840193783628], [0.03501990027685166, -0.17640788270572885, -0.024146068765117334], [-0.00201576562853456, -0.18690073371578123, -0.034666182278822406], [0.07944558012810808, -0.259741304373806, -0.014089118409270305], [0.018718254453512, -0.2421613817931809, -0.036442442754852665], [-0.021290516811752976, -0.23258496915990132, -0.052633752797158824], [-0.056345263486405346, -0.2260017234902588, -0.06481605225243298], [0.10131233915108469, -0.2579677856502893, -0.025062554256262606], [0.03823846239834967, -0.1887713262843924, -0.050155816452224875], [0.06210826920893288, -0.16081906821883726, -0.054615614315341926], [0.0842144057196626, -0.1630211271157258, -0.05620829895843637], [0.12044230634790713, -0.2360432735255844, -0.03730186362203495], [0.06123659860491032, -0.15557708058373337, -0.05862135121339702], [0.08642132803564406, -0.1357035938759866, -0.04805321751542331], [0.10567064353700654, -0.14724614094595756, -0.03929364347553066], [0.13688771483963325, -0.20096834366169647, -0.05051831747358891], [0.08667135641121064, -0.14203819724450403, -0.06483708046073595], [0.10294202225492846, -0.12548165962650487, -0.05699735223061809], [0.11941048335315499, -0.1355464081709037, -0.049322858664181894]], "right_hand": [[-0.1940727205837162, 0.11404776133906956, 4.086377347917498e-07], [-0.14170391013315276, 0.08710407912500245, -0.02090277767735034], [-0.09549775686907683, 0.049013148544836266, -0.03654128566864223], [-0.0536116085655661, 0.03012319108024902, -0.05211681390249938], [-0.017554997557773924, 0.024206501314385485, -0.06899519435824583], [-0.1213875118486145, -0.0570755301803015, -0.029121118524395983], [-0.09216444237408157, -0.12340668187051411, -0.05128050643455616], [-0.07536787070675176, -0.16673507710602778, -0.06882606895928983], [-0.06273569890610942, -0.20641423014227067, -0.08153971518828619], [-0.15567298720824557, -0.06763790376628705, -0.03511483876941737], [-0.14447732350507655, -0.15328757741155427, -0.054473407941065186], [-0.13775104467991148, -0.20780054775470516, -0.06991972424853447], [-0.13407670723812123, -0.25386750996434193, -0.08128310295912257], [-0.18939423300181252, -0.05641940631047679, -0.04338547808971495], [-0.18683926009844684, -0.13660449362875754, -0.06186705121343347], [-0.18260565377806723, -0.1906521563501941, -0.07450146018685856], [-0.17876299340147134, -0.2379985625376986, -0.08308652563078674], [-0.2218468802420889, -0.029070017675679002, -0.05361000514950058], [-0.23212540037271664, -0.08954157614017885, -0.07140958405345703], [-0.2379642024818072, -0.13296548892667734, -0.07909233935307732], [-0.242313789189005, -0.17445487950058833, -0.08350372187912443]]}