{"label": "E", "timestamp": 1746068029227, "left_hand": [[0.12715168943756555, -0.013407159678835708, -1.6082408285357688e-07], [0.1214566621454908, -0.09323241162221206, 0.009693676002916084], [0.09124011037444502, -0.15424520931277086, 0.008749598877154827], [0.05759259992747948, -0.18153200250138346, 0.004917397380887948], [0.02669411961817527, -0.17927575584525274, -0.0007443314578501055], [0.0775565290322946, -0.19304762012802823, -0.0069403259321154645], [0.0249895727272669, -0.23976137172715653, -0.015610997922807594], [-0.0036865789572400123, -0.2664521407104091, -0.019146569596245243], [-0.024881506174299666, -0.2865823893862671, -0.021577665362063785], [0.05516216599782528, -0.16411858127396392, -0.016930526270831497], [-0.0019223839033393581, -0.17879152620304695, -0.025615210462389515], [0.00804057465848285, -0.15515708517876103, -0.021375576619659782], [0.02852907825194484, -0.1439573649552027, -0.016866748421707965], [0.035793300506788264, -0.1234538120936238, -0.02555957048212898], [-0.004145490149893464, -0.13059448397404838, -0.030546338734547738], [0.006208017503668108, -0.1117591584930896, -0.02039297005119113], [0.02298952956877405, -0.10470365906626289, -0.01329199118720562], [0.019309320248571366, -0.08003772565280823, -0.033800897345621334], [-0.0026571221073758457, -0.08897287409319243, -0.034853331203056864], [0.009567778046384248, -0.074528229763415, -0.025660815691303095], [0.023056450782315243, -0.06595412653046799, -0.01797169604840748]], "right_hand": [[-0.12715168943756555, 0.013407159678835708, 1.6082408285357688e-07], [-0.07849113889905715, -0.012272929732856644, -0.013644218106742621], [-0.037123331036884255, -0.061443188461720144, -0.019787025450624853], [-0.012020214097510303, -0.10234508653542837, -0.025956277652045365], [0.008987534988441659, -0.12823792411129029, -0.03269079368642773], [-0.06057711223008273, -0.14630335831055954, -0.013786468569070417], [-0.03795538631666161, -0.2063301773559506, -0.028226807390150276], [-0.02814957596339768, -0.24528790668151498, -0.039955476224737496], [-0.022309087660344805, -0.27836873670882567, -0.04837281148329407], [-0.09213986448952036, -0.15614283511164734, -0.01902116522289521], [-0.0814636666781144, -0.23496694478559835, -0.03249033594848054], [-0.0754224376056661, -0.2831410929152276, -0.04387346055050327], [-0.07253727791810828, -0.3232358196053761, -0.052014048230744125], [-0.1219017819875751, -0.14894516813069486, -0.026254203987619847], [-0.11811476403195295, -0.222753663215734, -0.039804105860188385], [-0.11270130442952468, -0.2681686263824072, -0.04925143830137397], [-0.1082651552767986, -0.30696701186151176, -0.05577994460717787], [-0.1519212295144999, -0.12874754081673281, -0.03487713729264835], [-0.15771947465917596, -0.18432919944551016, -0.048409960075602436], [-0.1593683987232449, -0.2226915678313306, -0.05413415961917131], [-0.15988679798029365, -0.2589034232487171, -0.05750175355752582]]}