{"label": "E", "timestamp": 1746068028213, "left_hand": [[0.18859038678607076, -0.06323695788148086, -3.38053913766748e-07], [0.1200106694649683, -0.08977430611938306, 0.0018978080363569096], [0.07515777531344715, -0.13247840675144193, -0.006354279685682775], [0.04149841002306594, -0.1612606364751793, -0.017308586550451352], [0.00795172273716395, -0.17639312465843426, -0.02723595477298707], [0.10310048198168381, -0.2368316643635649, -0.003592357870032022], [0.035000053738357656, -0.23382786055649687, -0.02121371400204595], [-0.005867731057298986, -0.2337893582426259, -0.035448967613569846], [-0.04093631459901917, -0.2381242728672896, -0.04743406844644262], [0.11319441736336758, -0.2284959853326271, -0.01638490411359977], [0.0381420439321955, -0.183639303282232, -0.037933661456597725], [0.05823516927562645, -0.15228878222576056, -0.042746951148629066], [0.08097052190196463, -0.1508383765676779, -0.0453021976049403], [0.11851833320479327, -0.20376318732348142, -0.03012543535684024], [0.049417995554909805, -0.14753940433696133, -0.04669976447113525], [0.07199468796132384, -0.11969611802714497, -0.036945445389760564], [0.09322192940685992, -0.12531563382500233, -0.03028734405965948], [0.12114468967089939, -0.16772722715224186, -0.04508542130680165], [0.07090655407466365, -0.12118754327366675, -0.05725294962697955], [0.08733601403756146, -0.09954487960225496, -0.05169276359328919], [0.10547774813576033, -0.10554443193777288, -0.046540987377749005]], "right_hand": [[-0.18859038678607076, 0.06323695788148086, 3.38053913766748e-07], [-0.1342444187052622, 0.04392879067053049, -0.01889960596720884], [-0.0871302448221476, -0.004324485915738511, -0.02692636296541409], [-0.05583124398517102, -0.04654296832253545, -0.03402102563425252], [-0.027294939999720415, -0.07107320963809712, -0.04134345370342177], [-0.10924589239789356, -0.09946130608659227, -0.017516044437554685], [-0.08102913843833734, -0.16089086082813941, -0.032995775663709134], [-0.06519015916699765, -0.2015090278828093, -0.04571687363871191], [-0.05315144937608954, -0.23746951776509131, -0.05528297250451928], [-0.1421260773002792, -0.11435925620222591, -0.02077379180208458], [-0.1257726869774266, -0.19394655970303407, -0.0349292223373768], [-0.1157649382821477, -0.24279664612834684, -0.04690017548782547], [-0.10880517755611877, -0.2850804338296547, -0.05568690517004466], [-0.1740123942550711, -0.11032332187412823, -0.02652641598462162], [-0.1638280527553254, -0.1836200521252965, -0.04127770189235053], [-0.15381292005464656, -0.2299179577751114, -0.05101097775703763], [-0.14488700007258573, -0.270907171101127, -0.0577172968821406], [-0.20655030173831848, -0.09233852186472105, -0.03418925149753565], [-0.20858610559073593, -0.15031205041654241, -0.048989723152273], [-0.20796395518770608, -0.19033393506112567, -0.05526667614844593], [-0.20613754063127193, -0.22909219582058324, -0.05897068385068915]]}