{"label": "E", "timestamp": 1746080350122, "left_hand": [[0.14259348052367665, -0.03103574404271152, -2.522141456707405e-07], [0.13304749305401137, -0.0963860519676949, -0.001366722516024595], [0.09771663118639784, -0.1521908446712975, -0.010670959294115769], [0.051543893202317906, -0.17755667742476403, -0.019734278271650287], [0.016273479115125486, -0.1865937780138139, -0.029642774100922257], [0.10609337125756613, -0.19792187309323783, -0.026344501075515947], [0.048683682112978445, -0.23208781650496263, -0.04339912312654706], [0.012693955180384377, -0.253320414210065, -0.05264833206489682], [-0.016273144605923936, -0.27216626908510294, -0.060056146556766346], [0.1038403534000738, -0.16721727348304805, -0.03420150239403031], [0.031179996216626593, -0.1594261212847092, -0.05248812183436667], [0.04172089275974626, -0.13381070531286338, -0.051799067313946325], [0.061616162031079176, -0.13011788114385642, -0.05137588365846896], [0.09574200369264178, -0.12769697902121016, -0.04137639517730943], [0.0292484613788348, -0.11596247493891597, -0.057431626715435995], [0.04341756278402689, -0.09248335279023367, -0.04752729134435829], [0.06335513763084984, -0.09155160692483649, -0.04014867015920338], [0.08582526196558898, -0.08764115500470407, -0.04848766726200569], [0.03549532233270453, -0.08286337975599047, -0.06038395573577851], [0.04845775066284983, -0.06728851326979429, -0.05423464356818404], [0.06575608726347426, -0.06657829120387004, -0.0483844711733278]], "right_hand": [[-0.14259348052367665, 0.03103574404271152, 2.522141456707405e-07], [-0.09218430156404879, 0.00510124564661157, -0.011675184202870642], [-0.057852579327438654, -0.054318056718811826, -0.014507540022301691], [-0.03952238022509459, -0.10101510836080216, -0.017703454461847224], [-0.018357392732728812, -0.12742645946221626, -0.021533218335238344], [-0.078354864737512, -0.13769640355208115, -0.009275860998257422], [-0.05275385233834463, -0.1975939360136486, -0.02240099915434518], [-0.037104311592155596, -0.23763881961156286, -0.03401255634731121], [-0.02517126646023609, -0.273161355251664, -0.04272180102444575], [-0.10995813315616931, -0.14968143534932377, -0.014088368017616431], [-0.09857734303899547, -0.2269268511273686, -0.025364455524892165], [-0.0908160998986775, -0.27443026671521076, -0.03551378937058679], [-0.08561507212494503, -0.3153945980461123, -0.04318105756190781], [-0.13972270287897062, -0.1436795925470828, -0.020971769236703037], [-0.13497788662511553, -0.21526527005101212, -0.032734364713047914], [-0.1274610910030825, -0.26048446004055864, -0.04143517041172279], [-0.12113093725802704, -0.3000942061982931, -0.047749371019416134], [-0.16984679128538976, -0.12323002185177122, -0.02927431221541595], [-0.17426951453217682, -0.17963882011130033, -0.04157980628736905], [-0.17586006643151897, -0.21915616302135985, -0.04688899367602005], [-0.17681599534448694, -0.2566723144716579, -0.05021259839456425]]}