{"label": "E", "timestamp": 1746080343993, "left_hand": [[0.14160134607308775, -0.02723333287803464, -2.5754173409988774e-07], [0.12847398220870854, -0.09089111457664961, -0.0034580367756881294], [0.09337818116940065, -0.14222133069338022, -0.014356673662255447], [0.047543819625368564, -0.16790999776459847, -0.025523088241587274], [0.013309674379225858, -0.18390350683366855, -0.036874656274335976], [0.11022468759101473, -0.19898042935140006, -0.022720491963874122], [0.059130544864615664, -0.24180229790833516, -0.04026438795474077], [0.025324690390594456, -0.26843815811169236, -0.04992624871532576], [-0.0011216909145181117, -0.2910796581615121, -0.05770997540671742], [0.1090529388081612, -0.17261330298183383, -0.029933911838037258], [0.03671927879168531, -0.15995506551185454, -0.05079823926348818], [0.038961130291681516, -0.13105935230637247, -0.0526393962538543], [0.05405726246604698, -0.12449468371467022, -0.05367237338984517], [0.10087518259282692, -0.13678310509058353, -0.03712344297384705], [0.0348592443871742, -0.11677570403680732, -0.05402892495423861], [0.04073598980357044, -0.09271144096975388, -0.04533443602301928], [0.054102004454559156, -0.09247299154222859, -0.03903483904676385], [0.09067706987013097, -0.09966328280858129, -0.044860648165819805], [0.03922680346739242, -0.08503233039056518, -0.05674132243017846], [0.046672901314329586, -0.06785833355438675, -0.05186209481504315], [0.06065455122939177, -0.06831094850388121, -0.047134999022008024]], "right_hand": [[-0.14160134607308775, 0.02723333287803464, 2.5754173409988774e-07], [-0.0924275649328301, -0.00014393147339560302, -0.008958512224745785], [-0.053422417545339565, -0.06272069679250353, -0.010935965403733003], [-0.029573528154760574, -0.10735225998289642, -0.013770378933740394], [-0.005703818234873935, -0.12999637770081093, -0.01729244506278439], [-0.07188301838600673, -0.14514111795810547, -0.006116980651111456], [-0.044551039692616035, -0.2039431656127357, -0.019085630768325267], [-0.027341301618989764, -0.24080983925406507, -0.030596252341693983], [-0.012576082963620288, -0.2730618258111214, -0.03930267179865295], [-0.10025580204978708, -0.15390905764926868, -0.012776702057010831], [-0.0839530658350908, -0.23091634255396687, -0.024623453608150936], [-0.07220245443720257, -0.27730862984853694, -0.03497626799825935], [-0.06256178420324246, -0.31738790713485443, -0.04245005271927583], [-0.1271218156864, -0.14533989964604074, -0.02146172081880076], [-0.11533707392373761, -0.21833180250880962, -0.03400813603835078], [-0.10372948788336603, -0.262356187516666, -0.04188662734875029], [-0.09369065019628271, -0.30228666043974994, -0.04755308088855991], [-0.15479944738375107, -0.1233484269918781, -0.0313167126280203], [-0.14741695887151687, -0.1772137137070362, -0.043739108270614856], [-0.13896579729163788, -0.2136511703244567, -0.048282635054527005], [-0.1308868278430186, -0.24962799790083107, -0.051224224474095435]]}