{"label": "E", "timestamp": 1746068019369, "left_hand": [[0.16853251796258018, -0.06017409418139968, -2.7923521948317134e-07], [0.10339039635112993, -0.07429768555165567, 0.0006548291346233201], [0.058194596258851636, -0.10715305899940913, -0.008153395604963986], [0.025097581953477388, -0.13060014113058788, -0.019913776719843724], [-0.0045009342947366976, -0.14556151130945644, -0.031130258032850175], [0.06470989444632304, -0.20870319505325302, -0.008364266423718897], [0.00737069098556504, -0.22493444676534477, -0.025079103174811334], [-0.0287545267265475, -0.23741644146662363, -0.0358841685849893], [-0.05997076969010669, -0.25013109468278216, -0.045129256164089], [0.07983855793055189, -0.2064259788512103, -0.020354321602225875], [0.01541814606408176, -0.1452835790720956, -0.043467449223944306], [0.03673059819965284, -0.11542224445289623, -0.04679479349153709], [0.05876942094318811, -0.11782154811446344, -0.047290708747403556], [0.09131681542521741, -0.18415902270248868, -0.03289970884801716], [0.03279397902198999, -0.11302832567186401, -0.05229877491365892], [0.055449257459039836, -0.0903592909013466, -0.041634431930361065], [0.07439715877548804, -0.10027443975466482, -0.03282816969196007], [0.09930625859746638, -0.15021927459338774, -0.04629414101146048], [0.050853194045776304, -0.09860770610134158, -0.05900452931173307], [0.06772321024217047, -0.08033486064893584, -0.05115867352643878], [0.08508293380957065, -0.08828308007187909, -0.043417783316867076]], "right_hand": [[-0.16853251796258018, 0.06017409418139968, 2.7923521948317134e-07], [-0.12175677582089561, 0.024889687101394192, -0.01330384859000852], [-0.08332508707257336, -0.03351486293445108, -0.02101771682422749], [-0.05389540266701528, -0.07410821920879831, -0.029247911387223144], [-0.02861094499597995, -0.09717464911257895, -0.03861126836454365], [-0.11510859778728125, -0.10889984184320638, -0.01854942503719277], [-0.09368826703662253, -0.170169103072572, -0.03573856186783401], [-0.08042114317801233, -0.21000844031872914, -0.04975786360062784], [-0.0701964315705773, -0.2463490532522415, -0.06033925566686088], [-0.14491214675569752, -0.11412629828783977, -0.025289243612579816], [-0.1456367073197844, -0.19229738723474327, -0.04076972023449285], [-0.146072543259892, -0.24123911838220988, -0.053772439105531554], [-0.1491284403379531, -0.2833683195120025, -0.06354675523242088], [-0.1707406357396066, -0.10052576434702921, -0.03374542639594786], [-0.17900615585424215, -0.17045830283306906, -0.048804999939741106], [-0.18187466813990483, -0.2180042186445487, -0.05933594268928127], [-0.18513829037843565, -0.26126770639560554, -0.0670828795766806], [-0.1933674286111373, -0.07225554879817848, -0.043594599149938164], [-0.21005012789177843, -0.12136231069615877, -0.05837643277353254], [-0.21982705726951562, -0.15712081351872847, -0.06505260992337404], [-0.22827321976310663, -0.19142164275580414, -0.06941453850472051]]}