{"label": "E", "timestamp": 1746080340759, "left_hand": [[0.17843651146777753, -0.0535915709246906, -4.1785827906862747e-07], [0.13826455292655984, -0.0997554796988443, -0.003253546931748217], [0.09954698300900924, -0.13939399479991935, -0.016725303129648414], [0.06171903089408149, -0.15721328840920246, -0.031277241949857655], [0.0308877400204709, -0.17055915174820888, -0.04599280772114959], [0.11369067691997134, -0.21923531693321457, -0.026776442623001884], [0.05602822259271699, -0.24001267354195097, -0.052326261324968405], [0.016047021861320638, -0.25495976511994617, -0.06813476109746563], [-0.015118813514325988, -0.2670323998933784, -0.07980542267337658], [0.1334830368211742, -0.20043820996488496, -0.03719427334997981], [0.05368325838662878, -0.15319643975025754, -0.06074790934552047], [0.068478521912853, -0.1205042226361075, -0.059788927334070076], [0.08995489814435728, -0.12640438563837633, -0.05842608150768413], [0.14688473074092123, -0.1634501110105618, -0.048412548589612844], [0.07179758808126945, -0.11027864624988569, -0.0666906286991383], [0.08876202331310844, -0.0919843337681542, -0.052510314676201875], [0.10981581911611939, -0.10657834381426774, -0.04281211080296391], [0.15538051690398283, -0.11939283890269445, -0.060589441684835474], [0.09326606262943803, -0.07761847485148596, -0.07504022873205309], [0.1045348607534296, -0.06537729078730471, -0.06731614869926217], [0.12353505694648322, -0.07874478398675532, -0.06016380833323517]], "right_hand": [[-0.17843651146777753, 0.0535915709246906, 4.1785827906862747e-07], [-0.12841957428767403, 0.04180066308816922, -0.030541021062269094], [-0.08697584380432531, -0.0024270539162979297, -0.04782106469138257], [-0.053535680482712615, -0.04384855592682855, -0.061888091322555336], [-0.016539240862646232, -0.07207205185471008, -0.07646973004627461], [-0.09970832899752548, -0.1005279690136375, -0.04005829185127263], [-0.06620674804634896, -0.16389144796010452, -0.06482097768324901], [-0.04714593237356342, -0.20980597481928467, -0.08277490919229878], [-0.03272116999930181, -0.251756291000933, -0.09606269715416242], [-0.1349425136500196, -0.11855130962744288, -0.041440393042352884], [-0.11769980347929271, -0.19968435744866636, -0.06604960962696646], [-0.10608243336996967, -0.2568703761875207, -0.08413984517355698], [-0.09679829466420607, -0.30759513259228866, -0.0967504030030633], [-0.1720082127217481, -0.11361279745012483, -0.04556273964954586], [-0.16206065187571886, -0.19042925144303768, -0.07042916750014015], [-0.15098684175565763, -0.24098226595772904, -0.08534041217381066], [-0.13939603008199067, -0.28560670333613636, -0.09447908807271259], [-0.20910490993757258, -0.090902681115979, -0.05183643178470203], [-0.2103187262250356, -0.15331249073581413, -0.07611944702724104], [-0.21002096645337673, -0.19673766808431745, -0.08744810638862423], [-0.20739063375176972, -0.23828755249530734, -0.09355294493840796]]}