{"label": "E", "timestamp": 1746068030242, "left_hand": [[0.17975747113290086, -0.05903901781431769, -3.5593154076687156e-07], [0.12074488561494685, -0.09621501160283286, 0.002436481603629927], [0.07711275657382559, -0.1444274264386644, -0.006707321558418294], [0.045123351094306374, -0.17505329566542918, -0.018364444628987977], [0.016263829445200242, -0.190261004900424, -0.028719220572583082], [0.10214198540465443, -0.24274080619289454, -0.007507360590657574], [0.030944954846963725, -0.2417887280002909, -0.0275797232218643], [-0.010645607360477998, -0.2378904329443829, -0.04353717938798021], [-0.045208834265525126, -0.23689153584385844, -0.05600451795418031], [0.10948125929675957, -0.22969534315884257, -0.01994886806049715], [0.03236156658842719, -0.1839170663100425, -0.041719959012976204], [0.05335865171367655, -0.1538063925335013, -0.04637411991258329], [0.0765645676189211, -0.153917042625194, -0.04947226096865093], [0.11255771614516093, -0.2026330301993729, -0.03315716622525062], [0.04183721677439584, -0.14932635262872357, -0.04852356589908585], [0.06702232116853257, -0.12366392032950842, -0.03814374019945104], [0.08993827853192927, -0.13176162303731156, -0.03196809660240649], [0.11449247588059072, -0.16659854606073454, -0.047641467093940654], [0.06418876962518977, -0.12340986097031056, -0.05857245186688785], [0.0822520104513901, -0.10243189708072856, -0.05253536107154936], [0.10127459366511674, -0.10928817230913825, -0.047616464203674644]], "right_hand": [[-0.17975747113290086, 0.05903901781431769, 3.5593154076687156e-07], [-0.12722567226451625, 0.03639286671008018, -0.014768687181498492], [-0.08271345085918609, -0.010320124562169738, -0.02191406565138609], [-0.0522082375667978, -0.04710029002606121, -0.02893633798566625], [-0.023237362839393552, -0.06662564925998236, -0.036438294694708405], [-0.10455707245467909, -0.10265943041201533, -0.013892254741304046], [-0.07725012015652415, -0.16118583039366263, -0.028114997727005108], [-0.06365611667426499, -0.20000062655672687, -0.03981826308088788], [-0.054185129632778946, -0.2337126772799346, -0.0485466267888544], [-0.1365422600145658, -0.11637305878162968, -0.019255737913109864], [-0.12041663773599062, -0.19643170415834377, -0.03268299883078572], [-0.11031204886704186, -0.24440606429669415, -0.04375843270559192], [-0.10375953415083304, -0.285330827890145, -0.051597694104356766], [-0.16782764784164633, -0.11164275564532332, -0.02682311338400782], [-0.15846939641878238, -0.18598813514826273, -0.04080972316894918], [-0.14846228835911818, -0.2314495290682275, -0.04998235390776351], [-0.13951633858033155, -0.2713484243083928, -0.056095179793392305], [-0.1999501521184579, -0.09314849029845473, -0.03587259258599645], [-0.20228894168890793, -0.1515380422209141, -0.04948401256140482], [-0.20105405198494486, -0.19095187670334138, -0.054630143991259], [-0.19837438420952794, -0.22869485262201253, -0.057546577655380515]]}