{"label": "E", "timestamp": 1746068030320, "left_hand": [[0.18199640226026767, -0.061010901362754555, -3.4515197896330973e-07], [0.1289414316628937, -0.10228000210993714, 0.0032665929181783615], [0.0842586363172697, -0.14950566601270704, -0.005886675453008625], [0.048984435794231194, -0.17614069762103698, -0.01762632535153552], [0.017556046090774543, -0.18669613124938597, -0.02823959131909939], [0.10551074788428919, -0.24508353375847228, -0.007415880450739836], [0.032987516836180696, -0.24201736892524014, -0.027226481886923323], [-0.009073428055528744, -0.23739332503338317, -0.04267502828763489], [-0.04379847597491631, -0.23567875380388814, -0.05455193395779365], [0.11193625722122749, -0.23053077782461137, -0.019835548967825814], [0.03449500195947908, -0.18724219899064076, -0.04098984861446197], [0.05408119363830467, -0.1572398163655154, -0.0450081350325554], [0.07673698824127721, -0.15639889700546503, -0.04751362023814488], [0.11389813551090873, -0.20199542388311575, -0.03291406446913469], [0.04358394852126022, -0.15115340640647476, -0.04790016703680931], [0.06830160863325799, -0.1257044219694777, -0.03797975880856447], [0.09137722710492216, -0.13312057246123535, -0.0319723278027215], [0.11400504600921813, -0.16510218867059132, -0.047075375502205995], [0.06518594471027996, -0.12285170135577782, -0.05779543716881071], [0.08288198703727682, -0.1018973378814068, -0.05244730424944465], [0.10143208882521762, -0.10867348539451843, -0.047982489886650145]], "right_hand": [[-0.18199640226026767, 0.061010901362754555, 3.4515197896330973e-07], [-0.12907476365439763, 0.041515418767516576, -0.015476377896030074], [-0.08297359096644502, -0.006284029540937662, -0.021989847021252555], [-0.051748825729702325, -0.04412949819402099, -0.02816732076418495], [-0.023281268115218353, -0.06278321368076384, -0.03477690631290129], [-0.10489071409123048, -0.0993554583641131, -0.013503308149449812], [-0.07704220122995302, -0.15706927763671436, -0.027383951160534548], [-0.06295641339773865, -0.19649984749292598, -0.0390700545592061], [-0.05297038414144283, -0.23002641459712442, -0.047757065333193904], [-0.13659977917560118, -0.11373802879769164, -0.01787323650142374], [-0.11985599383773107, -0.19378837118954764, -0.030600029120649932], [-0.10917229115997873, -0.242329081318659, -0.041425941600008113], [-0.10193007039080108, -0.2831425879224953, -0.0492252567273642], [-0.1675849141852962, -0.11000986662338595, -0.024515389719558998], [-0.15710179820899747, -0.18472448030402225, -0.0378750530449256], [-0.14690691670391176, -0.22971668028340997, -0.047027462997223005], [-0.13814915720121065, -0.2684400866452975, -0.05324831467403031], [-0.19944315944737395, -0.09256664172146611, -0.03276762769958909], [-0.20145270003850413, -0.1502327515954826, -0.046093882966019496], [-0.20074433556721666, -0.18940475817604727, -0.051502453284925434], [-0.19907836858188696, -0.2265957179326523, -0.054656365969330566]]}