{"label": "E", "timestamp": 1746080354001, "left_hand": [[0.1619879636508207, -0.01726832064444327, -3.523980028131785e-07], [0.10426550378584197, -0.0664182178857608, -0.007565725432634472], [0.0779672200212389, -0.11890052796541384, -0.019337566793284418], [0.06419837357612154, -0.16050708578041434, -0.03244438471361537], [0.046294634880396514, -0.19337867393369026, -0.04396244383936861], [0.1232783717539411, -0.20813197146091597, -0.013449744031735612], [0.07981914628180353, -0.24699177854111212, -0.03880874913212943], [0.04637824793828865, -0.2696866278314534, -0.0562384110570632], [0.016432663735554312, -0.28484130922525985, -0.06835271263326685], [0.14586901363715576, -0.19747221273103502, -0.02234021004020859], [0.07316783049823034, -0.1763354083376818, -0.04902435468065686], [0.08117338949876683, -0.12948791815208469, -0.052256854033681126], [0.10060905945665058, -0.120118642533937, -0.051429975466153376], [0.15693711712365868, -0.17007254316937004, -0.033866558391528724], [0.08231843531620593, -0.1281573172480426, -0.055072806930500755], [0.09430451132548817, -0.09270587496615885, -0.043152576204308575], [0.11426220684776843, -0.09383909962713734, -0.03301601434243687], [0.15861794553078296, -0.13296041375391338, -0.047545325153094314], [0.09916815521810843, -0.0976053118377487, -0.0624197998312159], [0.10602310792691251, -0.07079410521111078, -0.055659648060525604], [0.12280869702529873, -0.0725085024074873, -0.04819219366255046]], "right_hand": [[-0.1619879636508207, 0.01726832064444327, 3.523980028131785e-07], [-0.10767786388790589, -0.009722757028408921, -0.013407315810872029], [-0.06634994761804838, -0.05815679469033467, -0.01889828417552488], [-0.04240730730193696, -0.10145175963297774, -0.024871664873821652], [-0.0218639290817763, -0.140123911002949, -0.03088276154844779], [-0.07443273542821431, -0.1494652194948362, -0.004836220212807083], [-0.03789757730091186, -0.20132014331940895, -0.02041312985069991], [-0.014577401190413695, -0.23203830393932692, -0.0342394216587133], [0.005891816778153473, -0.25986534743630657, -0.04376269409755573], [-0.103377331286405, -0.16384921915158857, -0.01058959373073847], [-0.07722759456283049, -0.2334222442078864, -0.023170571627050624], [-0.058043628741291, -0.27110018277421216, -0.03465779328911883], [-0.04085072460374453, -0.30399040881354533, -0.04263762479887412], [-0.13509442081594317, -0.15892799345850858, -0.01937840538781646], [-0.11720872277014759, -0.22331074824332675, -0.03398731078397166], [-0.09847048044909072, -0.2605007242988899, -0.04242884700921556], [-0.07836458798971889, -0.29335258306559914, -0.04777680048990297], [-0.17034162893646823, -0.13865017937172702, -0.02975784928167909], [-0.16366196503117372, -0.18847137002069284, -0.044337075646293696], [-0.14996681546479207, -0.21868015000664429, -0.048568519354700086], [-0.1325611511053038, -0.24655229512844754, -0.05036124715839009]]}