{"label": "E", "timestamp": 1746080349817, "left_hand": [[0.14082624685093764, -0.012328820274167243, -2.4080407420296915e-07], [0.12320106565924628, -0.09570707143822761, 0.0024438773912144516], [0.08244357840350491, -0.1545958107714898, -0.0050129262393150765], [0.035544549349679835, -0.1851107709657167, -0.013997589060872999], [-0.0007779542816494943, -0.1955045028337788, -0.024449920449350585], [0.09630238532300894, -0.2015943539535036, -0.010482733014467081], [0.03773791884531836, -0.23970072203969475, -0.022268174177081934], [0.002444366028462427, -0.26187585075340747, -0.03170992887277315], [-0.024282280072318176, -0.28229606179213945, -0.03941317768386251], [0.09337290227814811, -0.17524895532266355, -0.017890848393366215], [0.014069676170164856, -0.1606685082438777, -0.02960247837829759], [0.001836636808527111, -0.13358075489302088, -0.033501348303171016], [0.004912423617839356, -0.12225613134180181, -0.037802043852763124], [0.08579171765368157, -0.13933725857141774, -0.024634855816614405], [0.01762932601830791, -0.1216001574887315, -0.03333141519806609], [0.019612295308329968, -0.10333420333234651, -0.03034710653092735], [0.030928724929794354, -0.09920718128277947, -0.029418270509469935], [0.07714559018684729, -0.10214091445008315, -0.031228468493251244], [0.027399208832664976, -0.0956670207348473, -0.036722881287672746], [0.03072357037079653, -0.08300142611882388, -0.03301530755520564], [0.040907361505938676, -0.07895676455010871, -0.029891642255063453]], "right_hand": [[-0.14082624685093764, 0.012328820274167243, 2.4080407420296915e-07], [-0.09475185641919842, -0.00997555428013848, -0.013802168383089293], [-0.06429616820282304, -0.06825725360251012, -0.01713346269414704], [-0.04703613379199818, -0.11370350656871009, -0.01978014268738451], [-0.0281251565484767, -0.1402276017891065, -0.02257648035644932], [-0.08312514871471073, -0.14496430581756908, -0.011924171852614168], [-0.06023079207337292, -0.2038227199528607, -0.024680156952787285], [-0.04519550531442002, -0.24203982095891402, -0.035574761921799404], [-0.03410657211182192, -0.2749797631772188, -0.04348165525401416], [-0.11347483275105896, -0.15715591605773696, -0.015018123388504346], [-0.10281121810787627, -0.23356584259571062, -0.02693937941542028], [-0.09374425194041769, -0.2797563647514962, -0.036648523289618665], [-0.08679338727679888, -0.3175290599365327, -0.04310900375243777], [-0.1423831700831081, -0.1520062609432737, -0.020262549532799514], [-0.13837141824628146, -0.22222410368654605, -0.033340319874648194], [-0.13137094967613377, -0.26555655251238885, -0.042135898015287686], [-0.12542841698973187, -0.3022035970250294, -0.04745120260919555], [-0.17170304179367696, -0.13221095191650967, -0.02684852347585665], [-0.17567058852815892, -0.18881285734978212, -0.040210094786591453], [-0.1777615051848205, -0.22731823918351268, -0.045790754435089585], [-0.17917011445949227, -0.26304316028362157, -0.04861505173566395]]}