{"label": "E", "timestamp": 1746080345613, "left_hand": [[0.15893684648926357, -0.027200303314469352, -3.1666179758542967e-07], [0.12955626615488144, -0.08451949738265897, 0.001209274768305702], [0.0960967443798316, -0.13863177741444419, -0.008949517327309631], [0.05914060581014402, -0.17186556707054815, -0.02080147657049827], [0.02933654317982702, -0.19690973873677842, -0.031949707957394144], [0.11913622466938231, -0.21520550838039332, -0.013821637094460182], [0.06518316230435035, -0.24905431693363636, -0.03418872985340291], [0.027712881614861604, -0.2652900151425706, -0.04740508113220401], [-0.0022731678928024856, -0.2758776146650039, -0.056799236234527796], [0.127727014464957, -0.19517752725390866, -0.02442972265115027], [0.05302148471767708, -0.17398556406497853, -0.044162803926232626], [0.06372947748367154, -0.1424408244760582, -0.046091165277562886], [0.08339406868137468, -0.13969951160500216, -0.04740096828715856], [0.12787664070600224, -0.16149615163204706, -0.035624667930156194], [0.056421937044129115, -0.13280848925229355, -0.050468822288990654], [0.06960339169282022, -0.10548114124904373, -0.04007159171593628], [0.08822818894007137, -0.10955812270271893, -0.033360494605320666], [0.12317042002402953, -0.12219566011006307, -0.04749422405124367], [0.06475993021952092, -0.10232318518560117, -0.058445406373518895], [0.07542851473641066, -0.08189469948303002, -0.05237915801526746], [0.09295576096970716, -0.08435310699755015, -0.04697893513054263]], "right_hand": [[-0.15893684648926357, 0.027200303314469352, 3.1666179758542967e-07], [-0.10335424259828867, -0.0003377224395498244, -0.003933085047147071], [-0.06499287675867327, -0.06292544494730798, 0.0002408386305229805], [-0.044021662317505934, -0.108329294262117, 0.0025137560678732563], [-0.023074697502639546, -0.13327475764725638, 0.004210385283560907], [-0.07701174635692419, -0.13216769861129551, 0.007706929751550977], [-0.044018889144420786, -0.1868679330389828, -0.0007449902741461506], [-0.023407332316379027, -0.21857143157429645, -0.009501538411151885], [-0.006528091144287042, -0.24641692507503427, -0.01597676529191189], [-0.10161731880626672, -0.14913080220555638, 0.0009618233968910029], [-0.07141575413312834, -0.21822897597466898, -0.007353373771209801], [-0.051739861733830106, -0.2616231922434663, -0.01669332298327198], [-0.03630600671408694, -0.300513921378463, -0.023314062608440343], [-0.12856801569214737, -0.15208612897545412, -0.008234542351509649], [-0.10460640322447164, -0.2194242761271437, -0.01835075392519013], [-0.08531448061737627, -0.25992056822381326, -0.027489588142168477], [-0.06865519585787991, -0.29450612337698556, -0.03365010353438946], [-0.16053114995119225, -0.14366456529084976, -0.01822612664057929], [-0.14861309457750288, -0.19894724947011974, -0.02860556876785723], [-0.1382279158393599, -0.23616227313022226, -0.03370873894312682], [-0.1272708170669876, -0.2706077100643555, -0.03715777131951688]]}