{"label": "E", "timestamp": 1746080345044, "left_hand": [[0.15568595184692138, -0.0278178533498791, -2.7776586585490327e-07], [0.13106377754484874, -0.08540971081539563, 0.000631152540946317], [0.09759546375569174, -0.14072778031461855, -0.00813956660265394], [0.0601336619175873, -0.17237594085253938, -0.0182911889504875], [0.029202729732909712, -0.1903577850722113, -0.02784015098043826], [0.11875238745904589, -0.21009648937256512, -0.013653005229230332], [0.062250691240025684, -0.23959316680726722, -0.03157884817062406], [0.026011332163136926, -0.25478080132739317, -0.043483376669322164], [-0.002556830016490814, -0.2673313887048504, -0.05248614857744233], [0.12332262291216972, -0.18768505221404502, -0.023351316623538187], [0.05284048721765711, -0.1699244311565465, -0.04201243399466317], [0.06522603573430723, -0.1415150471858842, -0.04432737817344665], [0.08583202207559355, -0.13984135279644114, -0.046020955181399814], [0.1209675676458409, -0.15403376582590217, -0.033403653994982886], [0.05335676884243355, -0.13024894360982858, -0.04809009556616212], [0.06801937702085581, -0.10382006636015385, -0.039449131271994106], [0.08762378024138004, -0.10645850700274863, -0.03368608260227788], [0.11506486352429664, -0.11609946653461084, -0.04406196692666164], [0.0597613752851695, -0.10108694850519201, -0.054980059042924266], [0.07029465946533096, -0.08127283364362262, -0.049861122896092194], [0.08764417784899325, -0.08209499859999285, -0.045118280261910684]], "right_hand": [[-0.15568595184692138, 0.0278178533498791, 2.7776586585490327e-07], [-0.10400055489405415, -0.004735274313930959, -0.004906955704565498], [-0.06642032575788645, -0.06741889972663433, -0.0021664699080788836], [-0.042659556562275595, -0.11105249254156864, -0.0015685593548896782], [-0.02181368627719742, -0.13341970122417496, -0.0015937166672435157], [-0.07805455566223281, -0.14147901814431788, 0.009225144590664067], [-0.047331073205676935, -0.18521274099741686, -0.0024004777062926036], [-0.024193481216126418, -0.21111410784030235, -0.015567901328699646], [-0.004839746417082597, -0.2349208221421707, -0.025384319415109508], [-0.10389442674751212, -0.1575140823803429, 0.0012873564210352816], [-0.08802482548096736, -0.23078192540528747, -0.009508419629877253], [-0.07854205848418862, -0.2763817062245779, -0.02171025840627627], [-0.07170823386857779, -0.3189125559023792, -0.03034561083389426], [-0.12999249923213296, -0.154430368022247, -0.009418584324861928], [-0.11368951948858626, -0.223893431162143, -0.02223976818252464], [-0.1013568027952195, -0.26618881974374387, -0.031067698765683972], [-0.09187468205927601, -0.30667742459513825, -0.036709528088572065], [-0.1586694351885971, -0.13714543533080953, -0.021119074898246385], [-0.14550021462657753, -0.1905068693686477, -0.03347057228491], [-0.13434831745750483, -0.2253316846510367, -0.0374239088550099], [-0.12348531907744899, -0.26053351234820143, -0.03969091360698955]]}