{"label": "E", "timestamp": 1746080569065, "left_hand": [[0.17271521442459103, 0.05694099195885778, -2.798566475852398e-07], [0.13613096255379792, -0.0010241823393528661, -0.0041431972766422884], [0.10993803770025506, -0.059573999169501665, -0.01643020236679437], [0.08473717708518631, -0.10080251150082928, -0.029700500311892516], [0.05790176326505276, -0.13216700070825357, -0.042401995259486215], [0.1463588638719786, -0.13903451927428162, -0.020725111038607868], [0.10766061468155359, -0.19293059678408453, -0.04398468450224595], [0.08045252086874638, -0.23140689677937235, -0.05882722484405054], [0.057013247106750396, -0.2634116956619575, -0.07033487273807251], [0.15992653988548985, -0.11739876785675611, -0.03091224717662593], [0.07621864425843888, -0.11204596262532031, -0.05713348695012993], [0.08069042332347685, -0.07388800844414445, -0.05919095493114336], [0.09968356172153174, -0.06630373573755702, -0.05888114643831242], [0.16078111834036038, -0.08212348728304197, -0.042054953678367125], [0.07984892061718545, -0.06405132167487577, -0.06316817765924751], [0.08992482164767636, -0.033670137223867726, -0.049883735478024556], [0.11005004904811555, -0.034346436944874936, -0.03936769956660957], [0.15443904174878775, -0.04204483681624502, -0.05436547475122372], [0.09020698699241894, -0.0322047224235624, -0.06969580610535345], [0.09802285701930874, -0.009478563597019648, -0.06167392427429281], [0.116376087747418, -0.009767965035636112, -0.053515440013193596]], "right_hand": [[-0.17271521442459103, -0.05694099195885778, 2.798566475852398e-07], [-0.11497611516451586, -0.04939218034388617, -0.010839788911418825], [-0.06186375740085948, -0.08195582995012804, -0.009980613183092074], [-0.030339566332148665, -0.11082424761811226, -0.00936114893296427], [-0.007867390168945, -0.11829536643570122, -0.00870831428281688], [-0.051631709081511316, -0.17107795297386585, -0.0010133600523642109], [-0.006224669910560574, -0.20935473143339162, -0.009832232925917605], [0.021340785380403685, -0.23500623989471656, -0.01940923821120585], [0.04397964560073708, -0.2582422048086598, -0.026809728415161136], [-0.07696345413138644, -0.20278846288074429, -0.003988604452030054], [-0.04043032039743332, -0.26638767679568753, -0.011106176212657009], [-0.01661498133568818, -0.302172171028064, -0.019762571702897285], [0.0029506548051715215, -0.3317358884530166, -0.026425234229748223], [-0.1058341357234774, -0.21757216235394292, -0.009262467231713561], [-0.07713206358191536, -0.2769453916556984, -0.01715911187557171], [-0.05633808992688116, -0.3092676477092882, -0.02440566846412458], [-0.03853674888475464, -0.33617305275320764, -0.02972610698619326], [-0.13957176750716282, -0.22061872714019706, -0.016166145770134532], [-0.1236671293867598, -0.2717597994356229, -0.02476996717701524], [-0.11160674019044393, -0.30580710218403934, -0.028291038290094377], [-0.09864277021933972, -0.33741660299105264, -0.03044922444614612]]}