{"label": "E", "timestamp": 1746080565797, "left_hand": [[0.10591274582071643, -0.11463064637172257, -3.263774273303107e-07], [0.03932740624839427, -0.11000183117330159, -0.0016616954034150463], [-0.010731435799131075, -0.13106612226243905, -0.011516498890176835], [-0.04975080556362679, -0.14964712326152102, -0.023879868423074938], [-0.08279013038646023, -0.15764753856468836, -0.035599445100954696], [-0.01618352129983104, -0.2392509170837635, -0.009788335595781792], [-0.06952771790656437, -0.24928906648366855, -0.02772209633260199], [-0.10313856009786314, -0.25972375859492036, -0.03949434265356987], [-0.13342155115546023, -0.2711945647409427, -0.0503525570696657], [0.00042856373163834336, -0.2457641857773144, -0.022122673807146498], [-0.061313312609655446, -0.17012663006957648, -0.04659517637308721], [-0.0367256691624973, -0.14177638406903392, -0.04856913907425918], [-0.016696112349218233, -0.14991802300362303, -0.04825108872471758], [0.0163325564894015, -0.22835553408528086, -0.03587076407749539], [-0.03536327398559782, -0.14216379914450047, -0.057706141394825466], [-0.009377446538065503, -0.12273220861667929, -0.04645108178177519], [0.007905116416459365, -0.1383034884330769, -0.03735644336657641], [0.0305680598623737, -0.19721066070292526, -0.050873734464898394], [-0.00832730141651162, -0.12770817115739272, -0.06809911171928043], [0.010986988376718139, -0.11120858954491257, -0.06336628923270991], [0.02557082780735324, -0.12317729761467293, -0.05779736999274264]], "right_hand": [[-0.10591274582071643, 0.11463064637172257, 3.263774273303107e-07], [-0.07432223153680234, 0.04692252267788782, -0.023269643510359254], [-0.07068340397136627, -0.032606696109169345, -0.0329627337800177], [-0.07760932671494562, -0.09380431062727745, -0.041201688172032486], [-0.082353277487819, -0.1436359806766853, -0.04904810646031072], [-0.13414513918310272, -0.09176638548699807, -0.01946471817903645], [-0.14780350001666012, -0.16769842420070538, -0.03641862654076523], [-0.1593416383975945, -0.21414212808196295, -0.05030855868066383], [-0.17160257940494444, -0.2525842916258633, -0.06026741970400668], [-0.168777767143546, -0.07224657529704118, -0.020698020989410832], [-0.1986124214629409, -0.14738667484930498, -0.03484267652485796], [-0.21788604020885302, -0.19365818481832847, -0.046817099980573575], [-0.23551335184786926, -0.230943983031501, -0.0556518767249674], [-0.19344819612543207, -0.03826455673131868, -0.02513863839890825], [-0.2257390123519639, -0.10265467864737839, -0.03931628741934174], [-0.24338341177443037, -0.14500408593277497, -0.048954463284297325], [-0.2587337391213452, -0.18180261697936295, -0.05575381437474874], [-0.21052035645938688, 0.007808947220283753, -0.03204141037997154], [-0.24191505111307912, -0.03488648237321541, -0.046369941344211726], [-0.2622087362362607, -0.06413346553134293, -0.05253604146840999], [-0.28093813561310754, -0.09316231941899246, -0.05613440495036526]]}