{"label": "E", "timestamp": 1746068019423, "left_hand": [[0.17062266502456797, -0.05787748433954932, -2.60334907295272e-07], [0.10350127525445742, -0.07137260758624654, 0.0017421327824127199], [0.05660735803548152, -0.10513549670113462, -0.006542838565646694], [0.02284965338802505, -0.12886557725795142, -0.018075114342005878], [-0.0063555431210636885, -0.144821685334422, -0.02907549829457444], [0.06364540900724601, -0.20818015226044218, -0.006042339203779545], [0.00781433401407917, -0.22409612619210226, -0.02199942221025507], [-0.026725770437705583, -0.2358838087590969, -0.03238670451715505], [-0.0568533018939916, -0.24919083588915253, -0.04139453761080159], [0.07737451545513302, -0.20555403759519358, -0.018716160665061456], [0.009671555776992352, -0.1436599553296809, -0.040979149212013], [0.030091399356510447, -0.11314636296087786, -0.0439123696711847], [0.052693267035753666, -0.11512532875286491, -0.04417724649984936], [0.08752888613114021, -0.18347996234382366, -0.032023754846242425], [0.02944884373948218, -0.11149338192809943, -0.05012557301152461], [0.052242445758126005, -0.08847434653174953, -0.039381906888847434], [0.07129968395882033, -0.09844043917997719, -0.03092909888889778], [0.09460045423007221, -0.15038298168829833, -0.046323814981843174], [0.04905331612091833, -0.09814328733613384, -0.05802656494394529], [0.06616142195624962, -0.07928837979862577, -0.050493641775553634], [0.08318512102357152, -0.08698831444582585, -0.04329983223427992]], "right_hand": [[-0.17062266502456797, 0.05787748433954932, 2.60334907295272e-07], [-0.12438617465814784, 0.02038728148582482, -0.012061245815799107], [-0.08618601811078415, -0.037981544837330794, -0.019837770736799723], [-0.058319960443723465, -0.07870749205736297, -0.02826174155784181], [-0.036327949854461784, -0.10587701197720836, -0.0379293663488375], [-0.11598579117426652, -0.10889296221108645, -0.019271498418526697], [-0.0955148760427686, -0.17032971987578974, -0.037079591206790524], [-0.0824500863317873, -0.20890024750002215, -0.05118309067311189], [-0.07133879485347985, -0.24424505860942647, -0.0618765663758837], [-0.14347629329702688, -0.11027294010358456, -0.02697496754228994], [-0.14506219459768577, -0.18712548428725875, -0.04365072744994174], [-0.14463088328960338, -0.23559361501628018, -0.057421653563026816], [-0.1458489147915404, -0.278193610779486, -0.06794428059892405], [-0.16705165843101616, -0.09289365023935246, -0.0362887410616321], [-0.17618350660059942, -0.1632589703769785, -0.052959816757481654], [-0.17866977707854798, -0.21076151678575475, -0.0643881509256228], [-0.18102568548726225, -0.2550551052432867, -0.07286011075756489], [-0.1868570289254272, -0.061747643799461946, -0.04670927331371573], [-0.20184957644306228, -0.11053953087625211, -0.06349902613054775], [-0.210310127035821, -0.1471522398782843, -0.07164461464211307], [-0.21775545430656607, -0.18368333899605313, -0.07716257066737252]]}