{"label": "E", "timestamp": 1746068017626, "left_hand": [[0.20487538641280806, -0.08915453829921866, -3.130264912769231e-07], [0.15157295678947327, -0.08931854409592485, -0.006521903829136104], [0.1087121303393756, -0.11204649319990569, -0.01719380142075457], [0.07744050116269789, -0.1323615826728531, -0.027894832396131743], [0.04851957213028017, -0.14055324062412616, -0.03807152912531293], [0.11183250681028312, -0.2124726845787402, -0.01805517291209867], [0.056470033413801975, -0.20765202538662625, -0.038021560934528804], [0.015974591232533246, -0.20758254864183284, -0.049836464612535616], [-0.016315228196563236, -0.20977246754376833, -0.05910276732217168], [0.12999905089443875, -0.20974761367076475, -0.026602334883421175], [0.06608342219623142, -0.14418180686558973, -0.04992520496922664], [0.0867181890297278, -0.11208255860045178, -0.050428133135181026], [0.10779357881735138, -0.11661310711527054, -0.04810373171233027], [0.14704181297230715, -0.1868869617518447, -0.03649006193147301], [0.09153180381073095, -0.11051884815944263, -0.05801004645607277], [0.11369729141348524, -0.08747682745868414, -0.04668042891091277], [0.13152491002785963, -0.10147104621556352, -0.03629700414000091], [0.1634874867957424, -0.15333314180938593, -0.04734308413795149], [0.11384770447325934, -0.09158709251624489, -0.0639257829194107], [0.13042498972399696, -0.07411685374442085, -0.056976446554349136], [0.14710808996698332, -0.08754836295742895, -0.048979278840821615]], "right_hand": [[-0.20487538641280806, 0.08915453829921866, 3.130264912769231e-07], [-0.149541189877828, 0.07478572554024353, -0.021099891725558994], [-0.09833722583331075, 0.0294270600490224, -0.030709645132976384], [-0.05424925800686008, 0.00200187777295336, -0.0394791525310494], [-0.018233118730005524, -0.002599710155320712, -0.04861534447138383], [-0.11364388783207137, -0.07317062066324295, -0.018885684797903275], [-0.075752893420638, -0.13112074934251014, -0.035355257530159855], [-0.05287859915625691, -0.17000681643187193, -0.0497534106334754], [-0.035116563017153414, -0.20440174898266514, -0.06076972551405645], [-0.14742310412581103, -0.09431898459695086, -0.02191592102144348], [-0.13119141669199832, -0.17719380245486485, -0.03697508451900978], [-0.12155974716665108, -0.2276114465112721, -0.05031568920325144], [-0.11600654363180811, -0.2698465357814685, -0.059734556742604784], [-0.18190323932507457, -0.094194715231933, -0.027632508696114257], [-0.17473016849445192, -0.17250210063375448, -0.04340659775729995], [-0.16823951258805508, -0.2209923045148967, -0.054503207142518405], [-0.1631769622087846, -0.26339698054130606, -0.06158856389289268], [-0.21715047120748032, -0.07678331217544278, -0.03548535279679619], [-0.22084055202484096, -0.13937612944921848, -0.05081456497249729], [-0.22296860909117672, -0.18033982653523914, -0.05688601020607466], [-0.22366635305084784, -0.21932602844028498, -0.05996706571672378]]}