{"label": "E", "timestamp": 1746080353516, "left_hand": [[0.1578934403552989, -0.006633777079289212, -3.5953102816159537e-07], [0.10902842022141448, -0.04624026309611489, -0.012145811643991637], [0.08194359383028901, -0.0930670783124629, -0.026041130725881857], [0.06895032795424255, -0.1329258377972297, -0.04105019685919883], [0.06428812021017724, -0.1714860901347127, -0.05353176608064297], [0.12018263371562143, -0.1868172885521325, -0.013864687089468019], [0.08547953996715639, -0.23482246710354346, -0.04151862828790386], [0.05397899021903283, -0.25438503518985056, -0.058187940134783386], [0.02746654900726953, -0.2607377768536175, -0.06818741545143739], [0.14910541174785688, -0.18486094613033394, -0.020681245734113108], [0.08636971307195503, -0.16774357165426781, -0.04705239336878159], [0.09165388009638707, -0.11814900502574767, -0.04943011564911914], [0.10988194273673685, -0.10960057098376942, -0.04715834476002197], [0.16943014086893432, -0.164006638413821, -0.031221224243142224], [0.10360274686097345, -0.1197747990832821, -0.05342163595144786], [0.11247117030984725, -0.08069352946714892, -0.041477439690929194], [0.1301730381133005, -0.0832411735015877, -0.030716126936895256], [0.18035968094978908, -0.1304492934602843, -0.044332198032943214], [0.12497607421555332, -0.09131600365263645, -0.05901330712913019], [0.12908852311747485, -0.061041516004522685, -0.051605347499417906], [0.14410747808128108, -0.06159249789192151, -0.04338879188341865]], "right_hand": [[-0.1578934403552989, 0.006633777079289212, 3.5953102816159537e-07], [-0.10263366695313669, -0.017023464984566066, -0.012385418949510152], [-0.05758218346084023, -0.062464366086069596, -0.01917228052655612], [-0.02519060447623951, -0.10090361847965326, -0.02650624209632162], [0.004982166574829486, -0.12372466450263267, -0.034318527747297815], [-0.0704945652773529, -0.14425914588495073, -0.010979497852701853], [-0.030320749334885932, -0.18785047641542132, -0.02918971549837721], [-0.004826167152548197, -0.2135676120660025, -0.04408254392025667], [0.017711071218997475, -0.23461369327850687, -0.05403502372298548], [-0.10065724620506776, -0.16309901653005035, -0.017387439625646574], [-0.07834062481344505, -0.23070019307140638, -0.03426840582393941], [-0.056979752136379076, -0.26458225654015816, -0.04665195306421341], [-0.03622430724464913, -0.2918289325867015, -0.05494655425555037], [-0.13325747671017957, -0.16374156373887708, -0.02653570984293542], [-0.11858015905428324, -0.22757001258198856, -0.04451896213941084], [-0.09694226662694903, -0.261492966530434, -0.0547081113910351], [-0.07378408817941583, -0.2877207643431727, -0.060588146063726214], [-0.1677691434921421, -0.15084112699768867, -0.03691916531343343], [-0.1655351494133602, -0.2083995935726248, -0.0531234779023549], [-0.1597585639851585, -0.24766484996329227, -0.059728207656836736], [-0.15015629299916872, -0.28280707811058203, -0.06340855976617193]]}