{"label": "E", "timestamp": 1746068022018, "left_hand": [[0.17384536052852034, -0.12002144911931382, -4.1134773774982616e-07], [0.1117814392820174, -0.12170413869135271, -0.008713768778432615], [0.06553564635185127, -0.14791048986553398, -0.019168989899413545], [0.03773743944924266, -0.17309370555205827, -0.030227444492812033], [0.014903208609049682, -0.19119109414463026, -0.03986042342865356], [0.06638729974579954, -0.2556920293524272, -0.015872686424395852], [0.011401873934149213, -0.2527663037255049, -0.04013431194701082], [-0.026055104951645525, -0.25082826083200227, -0.056778460528690074], [-0.05902004027452532, -0.2507445618244274, -0.06912518357715607], [0.09159777542656047, -0.2672489629559593, -0.024801715373689397], [0.035248070553169336, -0.19761975363384052, -0.05316686188341961], [0.060978848001182924, -0.15846069810429347, -0.05777982246499377], [0.08497709043643255, -0.15813530037525603, -0.05718068691025674], [0.11615007478438102, -0.25575420083747763, -0.036026568490120446], [0.06667013448744588, -0.17096909899763846, -0.06108602552501233], [0.09134121656383536, -0.14167921930571034, -0.05045454473800248], [0.11033405168189096, -0.15191820107597417, -0.03978171573094399], [0.1379221499646614, -0.22882415586323315, -0.04905656587742991], [0.09777841325340672, -0.16288104886648144, -0.06633149547195705], [0.11279394632426802, -0.13706135659972132, -0.0592263674163814], [0.12716453942318107, -0.14365709426660384, -0.05089310957759035]], "right_hand": [[-0.17384536052852034, 0.12002144911931382, 4.1134773774982616e-07], [-0.12263923276260558, 0.08596604021832074, -0.019711198996195143], [-0.0776484820941707, 0.04140047657190501, -0.0348364286334399], [-0.037284032920554405, 0.017510437615583754, -0.05011025814563007], [-0.0028182971388047632, 0.007591047293996482, -0.06703455975472117], [-0.10819126359701908, -0.06374077993529809, -0.029736583150291675], [-0.08490677539714712, -0.1375065211626431, -0.05195322012286314], [-0.07201646395277779, -0.185020297470938, -0.0693604547954649], [-0.06271507344637965, -0.22794396312513826, -0.08220836317118188], [-0.143422837917214, -0.06796209337494613, -0.03698651147308719], [-0.13790952868574138, -0.15765510130710597, -0.05688704535230316], [-0.13466802505698974, -0.21499025005157418, -0.07301151031416224], [-0.13375584857114428, -0.2627268792730417, -0.08510556175539895], [-0.1769574529932967, -0.05066282230316461, -0.046325735062641794], [-0.17901499208897195, -0.1338643595861087, -0.06536117622313355], [-0.17903969338338854, -0.19060657885304766, -0.0791953649679457], [-0.17912907565690986, -0.2398644535290625, -0.08891757548465087], [-0.20824491455530925, -0.017833375056332687, -0.057448003383523336], [-0.22221056880481757, -0.07930515411755867, -0.07679723586305151], [-0.23137811962832114, -0.12437424036509949, -0.08601807038016335], [-0.2391818219405344, -0.16759865165968635, -0.09160906936506619]]}