{"label": "E", "timestamp": 1746068040717, "left_hand": [[0.12896836069570045, -0.03323484903145383, -3.361171510100571e-07], [0.11107401170055231, -0.10124931449379565, 0.00789221572387832], [0.07531543554785032, -0.16017632047294303, 0.0027286075582966672], [0.03114463493698712, -0.19155111154229648, -0.005745649238799066], [-0.005635002528853406, -0.20587754037128705, -0.01411116005853176], [0.092880743706377, -0.22326004806502403, -0.0019529286921002632], [0.02422916688826248, -0.24971936912683626, -0.014264774244709713], [-0.014045893348403558, -0.2611692314468808, -0.022060492638483076], [-0.039938693925751806, -0.2726591029252567, -0.029057237912731664], [0.08633000282400383, -0.20638593260732482, -0.013789424054949031], [0.0059549608266582675, -0.18768077732420005, -0.028693930611625573], [0.01711494069895392, -0.15412937307277644, -0.02872223594145653], [0.0384750485438998, -0.15044190830077714, -0.028925509483458445], [0.07451391874261266, -0.17740900076685992, -0.025483457209660474], [0.0034548942938715625, -0.15042029415777056, -0.037329456184723504], [0.019296911429237396, -0.11901232307952507, -0.028278783857957422], [0.04079134887359226, -0.12076178101198537, -0.02315301283771597], [0.060495261513774316, -0.1424637142292034, -0.03735813803752439], [0.009799243104301043, -0.11811331269306626, -0.04796429573437244], [0.023208243537738885, -0.09181207379420109, -0.04428073990312966], [0.04116421583422493, -0.09000499347623601, -0.04091577998886926]], "right_hand": [[-0.12896836069570045, 0.03323484903145383, 3.361171510100571e-07], [-0.08238259349169667, 0.0015896282430573846, -0.014147441352038685], [-0.04718635295747227, -0.049699077560179314, -0.01970037768166398], [-0.026439902823760034, -0.09146679935655555, -0.02510589952011999], [-0.011702851265182746, -0.12313929075517094, -0.030771575737027417], [-0.08066843099489074, -0.13144054728338558, -0.010865296371614533], [-0.05893016762240631, -0.1889015395224579, -0.024890034015284057], [-0.04654926459546872, -0.2275934538001519, -0.03718585722212354], [-0.03730685010193243, -0.2609068725408116, -0.04599347966046908], [-0.1114955564704881, -0.13895946380983862, -0.015053788187968821], [-0.10615263229433798, -0.2138868220187596, -0.027116606909287758], [-0.10183516124123518, -0.25980758642500457, -0.03794651984801337], [-0.09939584424655847, -0.2990925559967685, -0.04583481977907197], [-0.13945434720649727, -0.129182329214581, -0.021624684546117743], [-0.14066384245786873, -0.19707134067240803, -0.033943241405099585], [-0.1373055104975675, -0.2412790922703048, -0.042694250309562067], [-0.13383924578484835, -0.2811318699776055, -0.04877655062980591], [-0.16583066076165656, -0.10600387410478365, -0.02982008782091246], [-0.1753995177958997, -0.15729865026307752, -0.042357084049765126], [-0.17965161756329218, -0.19360889292536876, -0.04759644716385805], [-0.18247608019133083, -0.22950665036277162, -0.05062181210145442]]}