{"label": "E", "timestamp": 1746080352469, "left_hand": [[0.14741637035126526, -0.023101784639707423, -2.8535881724955433e-07], [0.13219622865742298, -0.0822489259515381, -0.0027836134330910685], [0.10110698862342349, -0.13955762047251308, -0.01265876414344652], [0.062229438156479744, -0.17326713273406302, -0.022894229727103654], [0.03084582195754817, -0.19415055444799267, -0.032897375180126955], [0.12183871286456162, -0.19702730813931896, -0.019299073789548614], [0.0682099577415705, -0.23246882184640988, -0.03796132904226787], [0.03337301878653841, -0.25471977551062597, -0.04829894813921943], [0.006412086039464601, -0.27295727289502203, -0.055968516238099515], [0.12411619231526427, -0.1720176360533489, -0.026916131224770098], [0.05167125449413431, -0.16472927460570116, -0.04810422356707224], [0.061337449105254495, -0.13483937417405864, -0.04917509004571531], [0.081269073012063, -0.13029197047925128, -0.04878314392541834], [0.11863423725352798, -0.13780346763589954, -0.034898105633123795], [0.04976140902312511, -0.12368879902474426, -0.05350552877617808], [0.0630821480446067, -0.09661892890086007, -0.044219917808416304], [0.08325905905148827, -0.09729806681751134, -0.03637357369756612], [0.10936162539450052, -0.10133353604220974, -0.04324550382657063], [0.05427479451021389, -0.09025253999449649, -0.05701364655814155], [0.06555404550802651, -0.07063194535197996, -0.05224045195410914], [0.0838969400022669, -0.07178116743203528, -0.046860640516653396]], "right_hand": [[-0.14741637035126526, 0.023101784639707423, 2.8535881724955433e-07], [-0.09567536864229402, -0.003237603807503757, -0.00875346524446775], [-0.05563368346237649, -0.06172767948164473, -0.0095208446860861], [-0.0314496649225805, -0.10430352335631816, -0.01127390046022323], [-0.007829676177969471, -0.12273613098440242, -0.013437242148945726], [-0.07822256450861552, -0.14209193739149092, -0.001999396709229455], [-0.04513987728033567, -0.19410569788107074, -0.013451608413847804], [-0.023546424370419625, -0.22794269930945438, -0.025006495895305673], [-0.00652507791196238, -0.25768746857351615, -0.033469390354013286], [-0.10711883660445971, -0.15808025768288506, -0.007257314925576178], [-0.08948031679027112, -0.23112320395086305, -0.016472448745664607], [-0.07691167682978604, -0.27678277857719696, -0.026137114268014884], [-0.0681383810591673, -0.31657713952018385, -0.03343342648281547], [-0.1355115996700136, -0.15688099719263907, -0.014755482309588794], [-0.12691274610409123, -0.22692049172356688, -0.024509014218970164], [-0.11693698580273208, -0.2690353097715427, -0.03276389574314052], [-0.10887732082914903, -0.3064585818585177, -0.03879901257381681], [-0.16482334879466243, -0.14109116918767722, -0.023602307842850393], [-0.16643152000850225, -0.19639492548025295, -0.03381907082902272], [-0.16630366494815535, -0.23431383494247635, -0.0381660069068769], [-0.1657043313734485, -0.2705051336813178, -0.04095806119439226]]}