{"label": "E", "timestamp": 1746080341463, "left_hand": [[0.17674604743001093, -0.03804345105280281, -3.240301851920766e-07], [0.13591370367004754, -0.08873143860208738, -0.002349603463973062], [0.09775933616414241, -0.13357656886979033, -0.013908653425225417], [0.06150650945964059, -0.16084205988940017, -0.0269305155164577], [0.03441093214346674, -0.18267810027947406, -0.03900959409411346], [0.11291617392740998, -0.21685391550196526, -0.01625602249411433], [0.05568494716356957, -0.24080302688284774, -0.038489486889073055], [0.01641362724622579, -0.2551934479771197, -0.052789670482243825], [-0.015327136804536593, -0.2662509807486589, -0.06318051303002739], [0.1278023017224914, -0.1983040361521322, -0.026623817022758664], [0.05376284149044458, -0.16025626525941153, -0.05041289151729438], [0.06934805323843102, -0.1300217259552215, -0.05290555576529863], [0.09074265871933956, -0.13260993877511792, -0.053450778377654926], [0.1359576727448923, -0.16450500020660852, -0.0381183862749084], [0.06487111717031478, -0.11978358366425283, -0.05690752239230496], [0.08235393521761973, -0.09749763093268647, -0.045934114954001876], [0.10234473469179262, -0.10760743544431127, -0.03758585699498681], [0.1395765223016244, -0.12405349191132892, -0.05067688342457539], [0.08125308587141482, -0.09263219320510263, -0.06331978730550133], [0.09367714828457688, -0.07535551061754026, -0.056282534848507544], [0.11156051486886685, -0.08244386089929019, -0.04956293766228146]], "right_hand": [[-0.17674604743001093, 0.03804345105280281, 3.240301851920766e-07], [-0.12277725300827101, 0.01820382569481657, -0.012308141327628933], [-0.07752830897247141, -0.033030408654222666, -0.017419481632837717], [-0.04496391572497492, -0.07237559174988034, -0.022836108371396803], [-0.013712368474675963, -0.08682174486337428, -0.028635549233710034], [-0.08876684912085071, -0.12193141618379014, -0.011337433496742974], [-0.0537048785679786, -0.17938999226912938, -0.024725505960824446], [-0.034040805014354, -0.21785072363324698, -0.03583281069076005], [-0.019376347877968575, -0.250374575284519, -0.04411532038201115], [-0.12005682874976165, -0.13918124680867058, -0.01682291655690364], [-0.09800714895267, -0.21767934970223313, -0.029106880781461883], [-0.08443204187031376, -0.26496439856692444, -0.03917233341552622], [-0.07509546842304801, -0.3051138020010937, -0.04638918372412867], [-0.1515745227570659, -0.1381106566228293, -0.024265549484499504], [-0.1371161605185459, -0.211978175057582, -0.03652088969936725], [-0.124659425513329, -0.256934140654633, -0.04458319656485217], [-0.11413481496489636, -0.29574958563454135, -0.0502236703603288], [-0.18480159567271356, -0.12285789002007114, -0.033111848987378276], [-0.18395263558369113, -0.18115735438087738, -0.045148482095700236], [-0.18138661011060286, -0.22090519523113256, -0.04951099310833954], [-0.17808911202569494, -0.25818606271233163, -0.05194445222638969]]}