{"label": "E", "timestamp": 1746068022712, "left_hand": [[0.18889827448725227, -0.03951783894814022, -4.1440056057128833e-07], [0.12786978210835157, -0.06294819611434131, -0.00493436860872254], [0.0859185304187259, -0.10642416180789674, -0.015565524625070814], [0.05658366016198419, -0.13948886661946014, -0.027751681928893542], [0.027556235919926696, -0.15936030464132905, -0.03916001336601951], [0.10361904931036413, -0.209110236707461, -0.014969853702421196], [0.04269939630498869, -0.22484263805639548, -0.03457352147796934], [0.005422644415124809, -0.23822944545912153, -0.04629777764993172], [-0.025271594773676895, -0.2530705009360771, -0.0556589867210905], [0.12066235993768708, -0.20282471703996943, -0.024529925868085892], [0.05084754092947147, -0.1495697582825714, -0.05023407863955128], [0.06772222846672456, -0.11570966413179587, -0.05319322360768266], [0.08760700779343586, -0.11599629587706961, -0.052871611052804975], [0.13111456166237415, -0.176257250609857, -0.03523105066714337], [0.06533129242261532, -0.11274459351537969, -0.05796421863550986], [0.08470736000179664, -0.08514152548927942, -0.04734084074888553], [0.10344776712860745, -0.0922105373530051, -0.03765776123680185], [0.13665225763936148, -0.13814001943812637, -0.047118457014173686], [0.08482390157193194, -0.08978929683294803, -0.06299833766270724], [0.09952161825304644, -0.06877142352280094, -0.05647645683674495], [0.11662315381902864, -0.07538673932906839, -0.04907639378881364]], "right_hand": [[-0.18889827448725227, 0.03951783894814022, 4.1440056057128833e-07], [-0.14101921973162226, 0.02359130098286511, -0.02191997580028171], [-0.09640089908013563, -0.0067933603332621, -0.03679418109590603], [-0.055940572591454, -0.016463376484354267, -0.05085182460784218], [-0.02110908473964519, -0.009648216183901243, -0.06566608858989303], [-0.10544169619923653, -0.1101536295914513, -0.02744821309013743], [-0.07167790242929073, -0.16863251150679417, -0.04681717447601782], [-0.05166580762647175, -0.20769805271293215, -0.06228408500474883], [-0.03503298281669654, -0.2429048163406428, -0.07355819821590343], [-0.13668414381639887, -0.12985956207902108, -0.030900396064929392], [-0.11798050550911934, -0.20868936667841223, -0.047118995709472304], [-0.10666836270220266, -0.25796627842594827, -0.05999264712845475], [-0.09768287927482806, -0.2999713308758232, -0.06937597995706374], [-0.1693594292350712, -0.12896752851091628, -0.03664282204399669], [-0.15856679500486107, -0.20263482121640516, -0.051780913535530715], [-0.14929979170674856, -0.24923725980712472, -0.06192105021988797], [-0.1406581792655265, -0.2896974946029896, -0.06876387309700518], [-0.20336256418003323, -0.11188423981547453, -0.044600133858943666], [-0.20613842666901105, -0.16910170365028931, -0.05868377228443872], [-0.20687446783255828, -0.2082043346008173, -0.06407050176938857], [-0.20532105397697442, -0.2463436637413934, -0.06700633383885204]]}