{"label": "E", "timestamp": 1746080344818, "left_hand": [[0.15329555188329655, -0.023477410953452023, -2.88420996790788e-07], [0.12335295208124553, -0.07901366599603911, 0.001080680004947811], [0.09318432597992986, -0.1335643887263172, -0.008387726003571266], [0.0607460691647444, -0.16912698073452578, -0.019464697304429825], [0.03219145339064305, -0.19225736565624288, -0.02974477677746793], [0.12015063261068652, -0.2049754083390414, -0.013079631996626854], [0.06671374794708214, -0.24037318449991163, -0.032027613376118085], [0.031177177386716617, -0.2597203911857172, -0.044336711491626615], [0.003056599362637778, -0.27381687002675686, -0.05342115923061466], [0.1273904799615739, -0.1851130770684346, -0.023453298607657498], [0.05512479590269303, -0.1704040333286706, -0.04249082003938298], [0.06701599707202864, -0.139258041646369, -0.04378096842756729], [0.08773327301976888, -0.1368024976959096, -0.04452393580885755], [0.12640102441559012, -0.15362216108672386, -0.034401214786494716], [0.05696575328809565, -0.13102685719865376, -0.04886791127465943], [0.07103126660620203, -0.10401175034494217, -0.03817669417673186], [0.09103023049448332, -0.10768641914334803, -0.03114259391022755], [0.12095717739483183, -0.1170612662402648, -0.0461235242490173], [0.06461525829402642, -0.1028899857449255, -0.056804577969912305], [0.07496202648438044, -0.08211722406378447, -0.05055289510086573], [0.09297847631099278, -0.08333995188143228, -0.04498395997785104]], "right_hand": [[-0.15329555188329655, 0.023477410953452023, 2.88420996790788e-07], [-0.09985292248466836, -0.00484561393484595, -0.008007176715724458], [-0.06110354380861324, -0.06832541634399057, -0.007079770438050503], [-0.03905491050672952, -0.11472309903607603, -0.007413783869317178], [-0.019359596898278576, -0.1412586105895414, -0.008224803591872817], [-0.07418540636525466, -0.14299544215057503, 0.0016738302295021558], [-0.04076852292968779, -0.1944876439343746, -0.010016313345702289], [-0.01957273257261171, -0.22756819014832055, -0.021592614963139994], [-0.0028644409785658306, -0.256250431115843, -0.030241581262162694], [-0.10287715516948902, -0.15849950117144002, -0.004329074462337573], [-0.08694416260567843, -0.2341813609691533, -0.01568268502954669], [-0.07622448705123479, -0.2793764124079251, -0.026645835014652425], [-0.0680640208921577, -0.3195493043964849, -0.03429710647656178], [-0.13086640494795368, -0.15501026521366357, -0.012851859257881987], [-0.11714011122722932, -0.22475867444120196, -0.02541468525532771], [-0.10393981104990524, -0.26952601334342696, -0.03420039176070348], [-0.09323883090491193, -0.3107757529097266, -0.040014291292475516], [-0.15990415894250762, -0.13815168975007477, -0.022527097698493006], [-0.153009155825036, -0.19340266965830838, -0.035204251679305805], [-0.14722488821699525, -0.23211357662455243, -0.04003333198652223], [-0.14159674929601299, -0.270282917211687, -0.04287904002470334]]}