{"label": "E", "timestamp": 1746080343210, "left_hand": [[0.1633738210153539, -0.02465261068773157, -3.154255860904485e-07], [0.12295108295385895, -0.07328405288746781, -0.002281542286320886], [0.08957402512910738, -0.11970533253512768, -0.01246109086185204], [0.05935224816955381, -0.14911833611853453, -0.023835624770170764], [0.03402299792280215, -0.17164155035467635, -0.033922344348397526], [0.10972915981886183, -0.20160136387762947, -0.014057156185273133], [0.05715360660574165, -0.2308518023438739, -0.03590049803336038], [0.02067168217133436, -0.24848685989724506, -0.050174491000550714], [-0.009521371772650184, -0.26135246667451256, -0.06029528688113477], [0.123688068654856, -0.1846267767721628, -0.02383403815131283], [0.05170910537244743, -0.15524857451882298, -0.04654629343088023], [0.06563349097119474, -0.12327803072340132, -0.049040522832817346], [0.08609854024525614, -0.12325089680966185, -0.04935784163846131], [0.13009790952205283, -0.1535597168219287, -0.034841009082000475], [0.061380259924418624, -0.11572578455094489, -0.0528635740824493], [0.07781546614139213, -0.09112156201392295, -0.041995597419443025], [0.0970343814882704, -0.09863602729038196, -0.03349727202385239], [0.13167850965680936, -0.11499865128129103, -0.04693660166993247], [0.07608449724601495, -0.08795086686097836, -0.058617761466662456], [0.0880552013279744, -0.06944811998113011, -0.05117628562361172], [0.10531101972972473, -0.0746278768496222, -0.04413136517618061]], "right_hand": [[-0.1633738210153539, 0.02465261068773157, 3.154255860904485e-07], [-0.11190036951234149, 0.0028510870474774373, -0.009540520957620669], [-0.07204946974420817, -0.0484075377519534, -0.012296698277585652], [-0.04559072564456196, -0.08524907593038664, -0.015936992884933544], [-0.019912429180950823, -0.09884725865107417, -0.020221807330571856], [-0.08662669810207814, -0.1335478396621077, -0.007760441366795724], [-0.05339043469942422, -0.18843219892337323, -0.02024201127055155], [-0.032868992174186866, -0.22552263017585888, -0.031291755111655835], [-0.016650956585993495, -0.25744929489701224, -0.039620796468911014], [-0.11692926102589118, -0.14865797331851546, -0.013596306722818766], [-0.09995862681122548, -0.2231166505508369, -0.02430563391488949], [-0.08873636982720869, -0.2681672901429688, -0.033832435946447824], [-0.08074203552577294, -0.30617260704626903, -0.04097523265172083], [-0.1467370570950755, -0.14593540488150245, -0.02128081830989709], [-0.13718633659801094, -0.21614824039055514, -0.03209360099701439], [-0.1277882493316741, -0.25921574049073404, -0.03973893874102283], [-0.12002926101119392, -0.2966076044965114, -0.04536668824497963], [-0.17743089661686817, -0.12918174265788818, -0.030282270725522805], [-0.17901864770985765, -0.18413312228881476, -0.041752514498954875], [-0.17859274855576684, -0.22221308725055783, -0.04616634911532255], [-0.17785635876795586, -0.2581025945229109, -0.048747025656786895]]}