{"label": "E", "timestamp": 1746068038950, "left_hand": [[0.12713325566738107, -0.031129954165551737, -2.934811861794946e-07], [0.12160597446467065, -0.10168488748053256, 0.007034016225619498], [0.09070939724695862, -0.16218162047778534, 0.002471917277873075], [0.04865061219144631, -0.19108288324458822, -0.004761743205626154], [0.013652322220699802, -0.1970685973693933, -0.012888125923299099], [0.0923894545361313, -0.21097897292378384, -0.009773027340555508], [0.029593152866510104, -0.2441832334823188, -0.022563769193935736], [-0.007364416925737473, -0.2605798150835312, -0.028840099911489187], [-0.033199618693105455, -0.2737036637904337, -0.033897819176470265], [0.08283894822103106, -0.18541994495737577, -0.02072524377662886], [0.008261890087688146, -0.17717468535546088, -0.035669753882307316], [0.017875021471199935, -0.1500234631625527, -0.034271420575166696], [0.03897806493043717, -0.1477072066974304, -0.03294715080976756], [0.06964738558583876, -0.14942485736588382, -0.03102421221002087], [0.003968130181230537, -0.1353379304656273, -0.04391323983317228], [0.016023410004870564, -0.11008026844885566, -0.03506511652592915], [0.0365064377794827, -0.11130980117925794, -0.028677316567714987], [0.05483330187000709, -0.11115030439082177, -0.04100900515093541], [0.003774157513258873, -0.1030998656001916, -0.05062136575555798], [0.011559196215283991, -0.08381987180814728, -0.04548202129274381], [0.02612548454695427, -0.08180830509753685, -0.040581750091642055]], "right_hand": [[-0.12713325566738107, 0.031129954165551737, 2.934811861794946e-07], [-0.08043975709356874, 0.0008065384451173481, -0.013168246742548566], [-0.045475369932551614, -0.05299385094496334, -0.017466684331298537], [-0.026175204083332262, -0.09482340807803218, -0.021711240464203654], [-0.010887673016485846, -0.1228945677692905, -0.026433799853082078], [-0.07770570981700098, -0.13309085498749848, -0.010583902491430583], [-0.05620245732796968, -0.19210269534874697, -0.02391771967726776], [-0.044401139119604784, -0.23196859440699605, -0.03569239013964861], [-0.0360691396718373, -0.2661023283454548, -0.04424633952332198], [-0.10855767928100551, -0.14034289292425803, -0.01489671553626679], [-0.10238276042901558, -0.21528648650558807, -0.026307856301793574], [-0.09804118357793626, -0.26202553266758993, -0.036797477896305365], [-0.09560114403469451, -0.3015862376698978, -0.044587593996812606], [-0.13678890883050612, -0.13125574793158504, -0.02140584583383028], [-0.13681325283586962, -0.2002429685621827, -0.03308583370284586], [-0.13324050643666568, -0.2445136884553133, -0.04181848917485616], [-0.12989068419203806, -0.2831600491205786, -0.048077279658319136], [-0.1640465615478048, -0.10897841567125438, -0.029459763158183525], [-0.17338693462640112, -0.16057532873405497, -0.041601906037684475], [-0.17785467852599332, -0.1962717552653953, -0.046778339578349995], [-0.18118082152623255, -0.23098669660120946, -0.04988363007136204]]}