{"label": "E", "timestamp": 1746068038572, "left_hand": [[0.11743029577272669, -0.024510669165499745, -2.872364814750495e-07], [0.11402615212274968, -0.09757073815032337, 0.00775853240261307], [0.08710432859393495, -0.1575793087018602, 0.0045280716314518256], [0.04854789428779647, -0.18953959878690702, -0.00096997374971911], [0.014723710549648316, -0.19712606339786215, -0.00755221425884282], [0.0884049253449474, -0.20317013377006926, -0.00867480685636186], [0.031988826750816345, -0.24688506655512515, -0.020291618572744377], [-0.0028230312914804202, -0.26582091215221104, -0.025923753563383937], [-0.029319884330057985, -0.2801632670037496, -0.030027339217418157], [0.07300694197077304, -0.17955719480549723, -0.018382125563229483], [0.006976792775605243, -0.18732514439875655, -0.030971119293663446], [0.01269434529503432, -0.15615306850156027, -0.028696152803098784], [0.03083052554022791, -0.14588986007920474, -0.026082396096699323], [0.05499859503890683, -0.14579551343682035, -0.027157029103483214], [-0.0005171044574979165, -0.14566535339295061, -0.036716817839052875], [0.007045545382023643, -0.11788542251567956, -0.02735562810136981], [0.024530423564026068, -0.11227476273469661, -0.02056635669110573], [0.036368189853215216, -0.10882641120441472, -0.03548783363408382], [-0.0033402726154808287, -0.10770588514851404, -0.040551939848449355], [0.00587615798473337, -0.08667958621453528, -0.03306068584967557], [0.021105384961335294, -0.0804018847225746, -0.02655122659821418]], "right_hand": [[-0.11743029577272669, 0.024510669165499745, 2.872364814750495e-07], [-0.07094196861442742, -0.006700550551409215, -0.015726489132760254], [-0.035636592775228834, -0.0625542190646338, -0.021205568879910115], [-0.016357645667479638, -0.10830604476194075, -0.026068820650483413], [0.0001525377170271546, -0.137424712522252, -0.031151740306170645], [-0.07038325674017198, -0.1401633199927787, -0.011713510529068365], [-0.04966000305379391, -0.19895578604750805, -0.025543181996278037], [-0.03912374595896716, -0.23841052083166797, -0.03758094731361885], [-0.031792742674913034, -0.2717447453019791, -0.04625655278062202], [-0.10166900026768776, -0.14695919806317348, -0.014978888653831473], [-0.09600738052561034, -0.22294784522398248, -0.027081954975480972], [-0.09216879978564048, -0.2701172429097649, -0.03791254918668736], [-0.09006034850366995, -0.3100427528403292, -0.04578951009779596], [-0.12994133119875695, -0.1371156679596254, -0.020706914312086645], [-0.13132548494954066, -0.20649881835500578, -0.033404927914526296], [-0.12852026911446793, -0.2503234268307251, -0.042490094984694415], [-0.1255775480665584, -0.2887613803678732, -0.04874331733240733], [-0.15740510045527187, -0.11370428773105637, -0.028133032686908924], [-0.16746501649925952, -0.16513908434482946, -0.04098600340694582], [-0.1723036579618535, -0.20024579845566112, -0.04632843050551398], [-0.17562490613348797, -0.2347490225348388, -0.04949754300547236]]}