{"label": "E", "timestamp": 1746068018094, "left_hand": [[0.20826862208066846, -0.06816618234970567, -3.4983096301211686e-07], [0.14084843144663042, -0.07863509981058694, -0.0014708957945352567], [0.09553736964290004, -0.10655007446384396, -0.011276540540496155], [0.06400114062067581, -0.13026187617877064, -0.023201244777026897], [0.03909460943491651, -0.15060486423544528, -0.03441625987360164], [0.10420935083920846, -0.21165711870600704, -0.010969709139943235], [0.04474151469338472, -0.21675442613442394, -0.030938133722401708], [0.00609021990831049, -0.21896414787110702, -0.04474812589991212], [-0.02604666644899028, -0.22077246297274097, -0.05508158375289656], [0.1218537629508217, -0.21025483440512152, -0.02215930645660409], [0.05778834400589646, -0.15298011173592999, -0.04567100103243731], [0.07715473731922898, -0.120124494451325, -0.04930894839747606], [0.09803538753218657, -0.11893177443469677, -0.04972450292169027], [0.13615410432221792, -0.18889801617659419, -0.03443169998708189], [0.07798873344493301, -0.11725864960146538, -0.05382604408208897], [0.09825768642983562, -0.09244019545661733, -0.04371983007881682], [0.11632655337411965, -0.10057189978514791, -0.03507030392798536], [0.14660224935288976, -0.15453659138413925, -0.0476977988845038], [0.09821798155157986, -0.10107406965391688, -0.05978612762037244], [0.11251415875281753, -0.08096350039678818, -0.05163323928667491], [0.1284149456620038, -0.08776349342450374, -0.043648285640795134]], "right_hand": [[-0.20826862208066846, 0.06816618234970567, 3.4983096301211686e-07], [-0.15235679356789772, 0.04749461221517294, -0.016907508617934306], [-0.10144596394348201, 0.0006577209924234108, -0.02529503401914741], [-0.059668781566264505, -0.02909120746129247, -0.033768831281402914], [-0.025365582525154178, -0.03434987648335248, -0.04289381729677427], [-0.12202541391840303, -0.09688781970942846, -0.015157298216186848], [-0.08395671559085731, -0.15039193472065293, -0.031639027717355356], [-0.06067665600637886, -0.18616443214985115, -0.04623798487815778], [-0.04199890022786769, -0.2182909080817556, -0.05708561485198149], [-0.1541510424901008, -0.11795179025052793, -0.01976727214516779], [-0.1358327369112624, -0.1992003910414258, -0.03365695249754335], [-0.12701687395186007, -0.24806821099724938, -0.045568857812095194], [-0.12194067789773524, -0.29000706970190104, -0.054337008339288666], [-0.18590063681236652, -0.11802308955934697, -0.026821987703583627], [-0.17513073700607323, -0.1928216570878873, -0.04024589836063995], [-0.16667241163330573, -0.238898829359621, -0.048666749228267116], [-0.1601552674425793, -0.27960284214022674, -0.054581719914404345], [-0.2185791316034842, -0.10184371482449664, -0.03595207603791377], [-0.21774845228773201, -0.16098151627496513, -0.048095443845492594], [-0.21595722965198133, -0.20100756825935365, -0.05171978502664125], [-0.21397571412410243, -0.23820706869718075, -0.05375818868725278]]}