{"label": "E", "timestamp": 1746080570707, "left_hand": [[0.14327880143846514, -0.017994808593585716, -2.4280266024941747e-07], [0.11244163952099329, -0.07738000907227022, 0.0009595762201732586], [0.08336335275703555, -0.1330266097988568, -0.008023072668016239], [0.05407175979281127, -0.16795589820820037, -0.01885928497620981], [0.02668969734358603, -0.18901525477035017, -0.029455756332752513], [0.10528385452729482, -0.20189972454438718, -0.01588250449435779], [0.05810140307356363, -0.2441002190144275, -0.034344711394058], [0.02768653714432083, -0.2747934725838217, -0.045827172211689374], [0.0023844825426455564, -0.30024919984490317, -0.0552408955228777], [0.11489357124425358, -0.1809639724297199, -0.026860123176810205], [0.03350032544867782, -0.16525512322026764, -0.04736876524632197], [0.040686690958797074, -0.13307513800709034, -0.04745293528625033], [0.05920665606488577, -0.13075852371421526, -0.04699022007795112], [0.11484688694030526, -0.14753088662707894, -0.03824437513779627], [0.03967254360193063, -0.12022387946364493, -0.05390510211225963], [0.05515136575180274, -0.09603512398108181, -0.04188953032571308], [0.0768373983294311, -0.10121947041353244, -0.03381129921918715], [0.11009971345111211, -0.10957093199041207, -0.05042909109314209], [0.05168583146157845, -0.09132939643139035, -0.062477187884537724], [0.06266330608900858, -0.07185433081247757, -0.05581929477161615], [0.0808865283259249, -0.07411738806725036, -0.049734447298968594]], "right_hand": [[-0.14327880143846514, 0.017994808593585716, 2.4280266024941747e-07], [-0.08898858089477185, -0.004004310550288483, -0.008903045212742409], [-0.054495711104205466, -0.06452979820171414, -0.008264128449143211], [-0.04006169121994145, -0.10793044387339165, -0.008392529928867753], [-0.023185021994216563, -0.13010184234718644, -0.008899262458816391], [-0.06725701645337344, -0.1499322786101582, -0.004281497852310417], [-0.04172761683471467, -0.21169299355155566, -0.01468553297993971], [-0.028404947397988663, -0.2523074160344471, -0.024271092979252867], [-0.019798859402087525, -0.28828339252059954, -0.03178026746003089], [-0.09864173412972202, -0.1648919159829965, -0.00954149052354141], [-0.082566304176295, -0.243296591047942, -0.019301537823389395], [-0.07249724575774065, -0.2912547814158449, -0.028227024614694552], [-0.06563104908259906, -0.33165621200033657, -0.03487830691168448], [-0.12903627520491193, -0.16209588657596635, -0.016828576686058132], [-0.1193223778958387, -0.23622067121381535, -0.026992583079389766], [-0.10993807847774707, -0.2812994793196134, -0.03519901005983571], [-0.10246192664644056, -0.3200683631475858, -0.04112230113458493], [-0.1606222927502154, -0.1453028216468096, -0.025378168921402426], [-0.1597289630309459, -0.2045202687424554, -0.03648160002195164], [-0.1584175699219202, -0.24577402312932844, -0.04183973967164792], [-0.15686039275305888, -0.2842284374628411, -0.045258212495683736]]}