{"label": "E", "timestamp": 1746068020138, "left_hand": [[0.20054992760728985, -0.08849659740024356, -3.304335826953997e-07], [0.13273994544205317, -0.09743708458794634, -0.00272647020771806], [0.08409725810360288, -0.1263826739523134, -0.012658223522178021], [0.0506410164307601, -0.14814976150238965, -0.02409517025631792], [0.01626326701786429, -0.1603351629977358, -0.03459537179759854], [0.09066591915864793, -0.23508339235645292, -0.011494588418253886], [0.02921962425275369, -0.2234859258434773, -0.029985599984156862], [-0.01039769396645545, -0.21715279324378942, -0.043013213024812556], [-0.04399520072469256, -0.2136642923686913, -0.053280621378992005], [0.10692492081219077, -0.23094369677439408, -0.021661370802229196], [0.04430970340477169, -0.1615547972545728, -0.04469129123831085], [0.06548349177468815, -0.1353403643822656, -0.048592669927395186], [0.08552077913808831, -0.13964824056197442, -0.04985926159186254], [0.1201368690747859, -0.20715279428480196, -0.032807283221618216], [0.06517813422476085, -0.12957094516700088, -0.051334616845955264], [0.0874015094185104, -0.11051528236821766, -0.04115320697990249], [0.10419541847803948, -0.12183581921646663, -0.033147191994861366], [0.1301780329348702, -0.1711748597727824, -0.04523876729054905], [0.08812517987269501, -0.11373526615309569, -0.05777819993228299], [0.10457308635939981, -0.09770628697215714, -0.051129944343300274], [0.11940544770925815, -0.10762768979965888, -0.044586163595512596]], "right_hand": [[-0.20054992760728985, 0.08849659740024356, 3.304335826953997e-07], [-0.14919742241380057, 0.060734959743542316, -0.01677387326056733], [-0.1037737736271377, 0.013644014308321102, -0.0281231481486248], [-0.06383751013232349, -0.012868497819115548, -0.040028279171039564], [-0.02877085121215089, -0.019575210167046775, -0.05297606136948493], [-0.12558557070240065, -0.0784611994620121, -0.022871815621113265], [-0.09452911043087091, -0.13858464065757278, -0.042050182967400304], [-0.07582221501170207, -0.17756624236168023, -0.05746705282967559], [-0.06035640570615952, -0.21368737968692988, -0.06904880484251956], [-0.15822652520374972, -0.09149823234118658, -0.029355997945610154], [-0.14674262844661298, -0.17318359824450275, -0.04630904881136006], [-0.13870691837325913, -0.22346534339292887, -0.059365187214378855], [-0.1334659553481371, -0.2668000034184771, -0.0691393640803085], [-0.18991645706179092, -0.08350453787871111, -0.03792687831790362], [-0.18729563290223455, -0.15974581016572936, -0.05409790535538968], [-0.18291331961663881, -0.20871405941141913, -0.06406010089845883], [-0.1790424483255545, -0.2522309603768404, -0.07111859355648081], [-0.21986867240602204, -0.05886746272638903, -0.0483915981720448], [-0.22957056847905274, -0.1171521419907515, -0.06401354816874541], [-0.23485286182106246, -0.15815467567344837, -0.07018047925256683], [-0.23920847227184797, -0.19698915184699958, -0.07382369115377346]]}