{"label": "E", "timestamp": 1746080345824, "left_hand": [[0.16076586679697488, -0.035015956410279214, -3.025173376805749e-07], [0.11843868025711131, -0.08887555556709717, -0.0009497807357417921], [0.08718161607418398, -0.146371135106587, -0.010864830322834595], [0.05867813152214208, -0.18569377239447865, -0.022327757044068412], [0.028504285967638647, -0.21138757822386287, -0.03294089851931496], [0.12356841495258268, -0.2230748749498306, -0.012366103179324621], [0.0683466623599047, -0.255181524024846, -0.03226205205663116], [0.03214393599014826, -0.27299077122471005, -0.0453658930296171], [0.00329936474215411, -0.28618700698004723, -0.0548071012788683], [0.13273985722152107, -0.2046042700736934, -0.022487022576508742], [0.0572559984558308, -0.18551788276087686, -0.043501810896526154], [0.06774640207794137, -0.15166267139306472, -0.04563351311422021], [0.08705954782486897, -0.14690032247904938, -0.046353711567201944], [0.13333349527986918, -0.17345311928884138, -0.0336477259857615], [0.06072735120302359, -0.14401657608334498, -0.049936155279022724], [0.07370028726524619, -0.11407433963630136, -0.03950232263484172], [0.09183611132078452, -0.11647483242716745, -0.032134735062404565], [0.12853529356284146, -0.13619087932041743, -0.0458942578965986], [0.07146290363820218, -0.11371226850564481, -0.05711234688055525], [0.08045672690304052, -0.09125812195645709, -0.05103563948057796], [0.09693239746003378, -0.09293232131782936, -0.04549762044586132]], "right_hand": [[-0.16076586679697488, 0.035015956410279214, 3.025173376805749e-07], [-0.10442403045842266, 0.008883649710169783, -0.005264234306624936], [-0.06453306297313278, -0.054960870726052775, -0.0014978410006428078], [-0.042499933780730755, -0.10171043724783807, 0.0004742063043870258], [-0.02046009800517699, -0.12623189859848646, 0.0019419001521880938], [-0.07622936507962189, -0.13000226372280232, 0.008032254849135558], [-0.04603957557272002, -0.1869822799549745, -0.00035996501293542016], [-0.026841306424620834, -0.2209524311912674, -0.009463361388612456], [-0.01073707090683558, -0.25092566976797465, -0.0166216516328762], [-0.10275360618630874, -0.14618111525062152, 0.0011540932150847169], [-0.07773043758221274, -0.21992231689107003, -0.007556320479676818], [-0.0608566111028252, -0.2668719842334325, -0.017710046509735004], [-0.04705825915572168, -0.3088335987218748, -0.02506005434563629], [-0.130702700954359, -0.1469682319059316, -0.008386129651044521], [-0.10872290807890887, -0.21629401322621963, -0.019596433831523558], [-0.08990191586792029, -0.2591782468754746, -0.029708093451459083], [-0.07336951352263102, -0.29688982791506396, -0.036510886018324466], [-0.16286846497457655, -0.13555615816779398, -0.01886473480110496], [-0.1512980694763132, -0.19201065666734152, -0.030776385714393572], [-0.14130787572587736, -0.23028171015299664, -0.03684491023933039], [-0.13078490932267792, -0.2671531545685859, -0.04091111371320848]]}