{"label": "E", "timestamp": 1746068018337, "left_hand": [[0.22081026806551618, -0.07359611717440619, -3.833079980529786e-07], [0.15250369487620954, -0.08084497058979202, -0.002581856425672209], [0.10462549885713097, -0.10845502807768076, -0.012661576677550314], [0.07295499082004936, -0.13189627943491639, -0.024596721558076306], [0.047112712307698194, -0.15184941368795404, -0.03555726443134888], [0.11003007401104233, -0.21787458035726112, -0.012551778451351086], [0.049253563354306404, -0.21498682434789437, -0.034104225901007514], [0.009639204539258971, -0.21156480046699705, -0.049215387304007735], [-0.02319658617228049, -0.2082435485039877, -0.06017185763950034], [0.12955847401883633, -0.21768609318498153, -0.022978040414836514], [0.06751075482363751, -0.14997546342240584, -0.04705040781322669], [0.0879730989530368, -0.11861203240349642, -0.051120224432357225], [0.10858525111623749, -0.12088956119260791, -0.0520778368243749], [0.14544377039991335, -0.1967405297932107, -0.03466607351991431], [0.08684512103142596, -0.11901988133955667, -0.05468108273678182], [0.10756948196437437, -0.09473745689082212, -0.04421730203965078], [0.1255716267287146, -0.10426614609977183, -0.03517803216753838], [0.15759000158609457, -0.16207876960021245, -0.0474901161126353], [0.10772503296670616, -0.10620810391146415, -0.059941322856816026], [0.1215518923538462, -0.0868786216811866, -0.05162994049985537], [0.13694344069691264, -0.09431419520161194, -0.04337156709227329]], "right_hand": [[-0.22081026806551618, 0.07359611717440619, 3.833079980529786e-07], [-0.16357935328348333, 0.05760460041811742, -0.018591661062418392], [-0.10973008980443115, 0.01501366592228658, -0.027772290178090367], [-0.06447066289261195, -0.010417082263920751, -0.03682765386051818], [-0.029468742255890336, -0.01331320730007752, -0.04645994965772029], [-0.12347897734960082, -0.08934156981750804, -0.015375922340942266], [-0.08260742382100868, -0.14205961575167583, -0.03188227996650804], [-0.05807957336670172, -0.17815051611772284, -0.04696669300272594], [-0.03852290028306577, -0.21093754068195505, -0.05821078727762407], [-0.15500242612414344, -0.11247076200865835, -0.01955420651714807], [-0.13366815702474702, -0.1931031691350241, -0.033540847437390955], [-0.1224457584087415, -0.24263676356168865, -0.0461968284371461], [-0.11516387065300561, -0.28549742123764354, -0.055469728527438096], [-0.18750573822593394, -0.11427697469666856, -0.026355252574941406], [-0.17318208751831424, -0.18859871839915016, -0.039994250626116036], [-0.16210682179264937, -0.2355614754174436, -0.04906248690253612], [-0.1530271885460955, -0.27765630578561035, -0.05529747014977695], [-0.22201278186501935, -0.10023966250975018, -0.03540892281793077], [-0.21764532792545593, -0.16036748769115763, -0.04790040703745099], [-0.21316159114445232, -0.20103420867549904, -0.05185695955500986], [-0.20840417982463488, -0.23908657822068138, -0.053982354898917145]]}