{"label": "E", "timestamp": 1746068018007, "left_hand": [[0.20751863929696887, -0.06713434354720432, -3.973467574212775e-07], [0.14179906367338255, -0.07932727501645631, -0.002232913447492656], [0.09558588317886958, -0.10824653840399126, -0.011354543428589034], [0.06421401142859692, -0.13216544908972802, -0.022141503917801533], [0.03873970226934589, -0.15067578549457455, -0.03200965243092157], [0.10410067360711749, -0.2135705989463714, -0.011948941363778763], [0.04553630706945929, -0.2156882303058074, -0.03195338695075348], [0.006180728339098396, -0.21705767242215554, -0.046069684695503856], [-0.02675136377907895, -0.21840773052305423, -0.05687274127092834], [0.1221347032840794, -0.21271837733181048, -0.02218522192466058], [0.05878012220215705, -0.1487487877298634, -0.04474857001568358], [0.07761145211657312, -0.1161803146676668, -0.04792881128298601], [0.09735908662199864, -0.11590028315094379, -0.04858079167824921], [0.13591317006678572, -0.19146541972611508, -0.03359891868516048], [0.07801403207922838, -0.11605224515265754, -0.05245760983655814], [0.09780728170558717, -0.09091968775832675, -0.041868509756288086], [0.11525723531503883, -0.09771624433949624, -0.03308191818230481], [0.14597670475428914, -0.15707641632734756, -0.046197055035826516], [0.09906174575019602, -0.1016237146777082, -0.05818281983996257], [0.11230059433167165, -0.08140768135119834, -0.05042153479336793], [0.1265269668843031, -0.086705930688436, -0.04282749715370464]], "right_hand": [[-0.20751863929696887, 0.06713434354720432, 3.973467574212775e-07], [-0.15230515182803772, 0.046878867124580906, -0.01598648079633001], [-0.10090428803465916, -8.758971160178214e-05, -0.02388420586522726], [-0.059374637671022544, -0.028938816169288062, -0.031894186142375235], [-0.027644619714902247, -0.031252650411469796, -0.04057662178384168], [-0.121392830722643, -0.09943703379060156, -0.01413857264751554], [-0.08379820782365953, -0.15242357755426617, -0.029446113374048507], [-0.05960107383159616, -0.1870684788883327, -0.04345734204003186], [-0.040420542325426655, -0.21766267551132018, -0.05383735875216578], [-0.15316496792626352, -0.11887874320642758, -0.019118830104441698], [-0.13642337471223492, -0.20282286155434087, -0.032147980526246435], [-0.12760155015867772, -0.2516519920840667, -0.04424518533711283], [-0.12208756926641315, -0.29280056813402927, -0.0530143337081388], [-0.18453047477594084, -0.11780502787304321, -0.026354679346681436], [-0.17487144880884886, -0.1926497734262874, -0.039282726697855264], [-0.16664761148811824, -0.24029334478224326, -0.04850307780909578], [-0.1598888826684415, -0.28178856681993236, -0.05479544505806813], [-0.2174222317475424, -0.10143551613965053, -0.03549714179509688], [-0.21776068051480524, -0.161375810241612, -0.04723973243775661], [-0.21708385530869545, -0.2013397673872108, -0.0510726773844808], [-0.21503780497148509, -0.23837027686146028, -0.05313641201936798]]}