{"label": "E", "timestamp": 1746068029793, "left_hand": [[0.17243900658925873, -0.04651198541132723, -3.404893006409234e-07], [0.12614416561216651, -0.10139847537825666, 0.004967893940330437], [0.08363078158590387, -0.1546196812941255, -0.001927341869565049], [0.04856397249365228, -0.1832012305090734, -0.011462679123633485], [0.017928987175757985, -0.1928876203744331, -0.02018332862330821], [0.0962880810429974, -0.23606720612157378, -0.006825391470269975], [0.025751333729465968, -0.24119265867913026, -0.02552733985922616], [-0.01543043512225869, -0.24574529599681433, -0.03924633382755136], [-0.04846620417428765, -0.25214878474241326, -0.050194101939890365], [0.10234072132358688, -0.21953211882274248, -0.02015390481057081], [0.021559560507326207, -0.18217815239740104, -0.041141867255346576], [0.038333701432187554, -0.15189862922617464, -0.04480974707183242], [0.06102670905387411, -0.1501143168251928, -0.046911878961780375], [0.10434700049943164, -0.18952841962483383, -0.034022321785371], [0.03189685043580234, -0.14138384006766397, -0.04987696928669878], [0.05434586616918126, -0.11634652573958101, -0.041304435776898574], [0.07752834136459938, -0.12487525245795617, -0.0357505715785123], [0.1050233801411541, -0.15234664321797023, -0.04864745210514204], [0.05154598737942821, -0.11134714956824812, -0.05951206961814473], [0.06809973806386267, -0.09040938119779637, -0.054766422753695046], [0.08693380670405415, -0.09769964737933974, -0.05078577763217041]], "right_hand": [[-0.17243900658925873, 0.04651198541132723, 3.404893006409234e-07], [-0.11971610147682926, 0.026200564898583516, -0.014783438805168633], [-0.07622491833527062, -0.022628740659087848, -0.02091379730678493], [-0.04663185998929137, -0.05921579263428403, -0.026795354620651277], [-0.02009549325583063, -0.07795169882150187, -0.03332510812515457], [-0.09823762816347455, -0.11500433851058954, -0.014957589348547184], [-0.07241960470893095, -0.17513099709962754, -0.028802416267631584], [-0.05968762852509485, -0.21596235798861163, -0.040342906265139256], [-0.05100245394827234, -0.2514491512177592, -0.04908034991381559], [-0.13057782094858922, -0.12726940547372748, -0.019559025333696925], [-0.11677092649133088, -0.20511332034532984, -0.03221933730466227], [-0.10714824716465125, -0.2530811425710233, -0.042967578175480775], [-0.1006660708032298, -0.29369904533423313, -0.05084859557414776], [-0.1618883512723281, -0.1220349401967846, -0.026170102222532996], [-0.15379449303067153, -0.19534754733424936, -0.03918696455465286], [-0.14443273015315708, -0.24057405438762278, -0.048152507233461726], [-0.13621274915661705, -0.27976779013116687, -0.05438410156078957], [-0.1934852544395082, -0.10328025470231389, -0.03433995290165633], [-0.19725433095814882, -0.16026432373639896, -0.04760984321467867], [-0.1974091790978302, -0.19898062457345128, -0.052954897745444], [-0.1964928648255399, -0.23525835121856378, -0.0560218716082917]]}