{"label": "E", "timestamp": 1746068027874, "left_hand": [[0.1819227882084422, -0.0490008006835742, -3.478387703088782e-07], [0.11619529475531579, -0.08348964950323884, 0.00038300515632628174], [0.07214533824610316, -0.128512734026304, -0.008022934739259755], [0.03866384996951175, -0.15932146807413244, -0.018708351588570215], [0.004964989847593266, -0.17774771633022896, -0.028216865370341224], [0.10054579500235729, -0.2253122360822228, -0.006842397265155099], [0.03801918448809922, -0.23437286985283334, -0.026855942565887497], [-0.0006711650425999083, -0.23980428969911977, -0.04096797856544544], [-0.03290976731681033, -0.2453933866496955, -0.05170602394996214], [0.11404576540327124, -0.2167951498055402, -0.018660396282807135], [0.03667529837884392, -0.17566068727774645, -0.04143174740936188], [0.05459428279285176, -0.14013962868236488, -0.044616127062793255], [0.07681845570268242, -0.1377228875629736, -0.04543301022177118], [0.12204627526965434, -0.19140849945966523, -0.031832991599910786], [0.05061331312749943, -0.13985662091324275, -0.05044248526466288], [0.0717347365044311, -0.11090698196989004, -0.04010890888306924], [0.09306122499097828, -0.11653677130712894, -0.03229383700469267], [0.12524531927100258, -0.1552669409079753, -0.04621720803453812], [0.07324733334309645, -0.1096470268551428, -0.05960445510188699], [0.08755935969199802, -0.08623886109581912, -0.05445430428572133], [0.1049667894097036, -0.09231989740914916, -0.049277155862789926]], "right_hand": [[-0.1819227882084422, 0.0490008006835742, 3.478387703088782e-07], [-0.1282554949585856, 0.031279997151542435, -0.018476903324869974], [-0.08175536638891076, -0.01578982483141694, -0.02595533175645421], [-0.050797442640732014, -0.056388755746780705, -0.03246198190717344], [-0.0226463741035527, -0.07869275740588225, -0.039240839016099364], [-0.10440065599084904, -0.11108828234847629, -0.016109309578913055], [-0.07712923614358279, -0.17160748037442425, -0.03060264220043139], [-0.06147624712456047, -0.21133567437401093, -0.04274964673808445], [-0.049114814809821675, -0.2458289555046215, -0.05180823233309167], [-0.13695857326214295, -0.12541964111746118, -0.018949221460045816], [-0.12085205038319038, -0.2037327758060488, -0.031841178408293626], [-0.11054636160696998, -0.25177214223230865, -0.043013737616274465], [-0.10283715830467163, -0.2924816923123443, -0.051209640488200876], [-0.16841435397971127, -0.1218134374882606, -0.024287550988406643], [-0.15824283691409352, -0.19468897538658395, -0.037830674533723053], [-0.14796553378882474, -0.24005264056882425, -0.04692239636827551], [-0.1382801563599363, -0.279617074824632, -0.05322124952623637], [-0.20074737862274328, -0.104566655466223, -0.031553196077418334], [-0.2031072777118652, -0.16187973665420688, -0.04541312376281962], [-0.20210915900863669, -0.20083003650666048, -0.05111012567701589], [-0.19939061995084711, -0.23862138135124117, -0.05439495729248385]]}