{"label": "E", "timestamp": 1746068019771, "left_hand": [[0.20071726981567845, -0.0821259797670083, -3.596208019754323e-07], [0.1409207634246882, -0.10364650533392906, -0.0015894435047404747], [0.08899689844449765, -0.1311132806394083, -0.011832704029984986], [0.05186520859844241, -0.14493526143058238, -0.02371477669742242], [0.017609132653445027, -0.15255342870635974, -0.03458732572483385], [0.08736252473661797, -0.2280135530682233, -0.012009605041629422], [0.025173371635707716, -0.22092025039911817, -0.03098836406260394], [-0.015469836572432418, -0.21787196765202835, -0.045222756446060254], [-0.04912104491282655, -0.21533406096400415, -0.05652849900308218], [0.10019179424977823, -0.21786822263164538, -0.02253515671852985], [0.040373894429850336, -0.14671835926042046, -0.044586784691698196], [0.06206935926141024, -0.12649613863476328, -0.05001137357149019], [0.08228029801316376, -0.1352349564473874, -0.05326434508888631], [0.11141037730898105, -0.1905644259319572, -0.03364473920400824], [0.0595391766779259, -0.1144293084588194, -0.04956487936792583], [0.082483793058223, -0.1006385049623335, -0.039831507025068144], [0.09874289267636478, -0.11717618728421292, -0.033363189741935986], [0.12117139843513483, -0.1528809307388498, -0.0459642763334812], [0.07990717222198992, -0.09812508134506291, -0.05619683648701041], [0.09853672930428269, -0.08682551222007852, -0.04851706070013615], [0.11371997819190889, -0.10080408167601523, -0.0419242536730394]], "right_hand": [[-0.20071726981567845, 0.0821259797670083, 3.596208019754323e-07], [-0.14877608411621668, 0.05568707211838795, -0.01694315957602507], [-0.10333990519645139, 0.008403708707481153, -0.02712616550281503], [-0.06824695763412623, -0.023249531258602425, -0.03725836203587801], [-0.03686621471365797, -0.03597431470307803, -0.04829017683246645], [-0.12648689311569283, -0.08095406926366973, -0.021466750678923986], [-0.0959897643482072, -0.14069332365555542, -0.04037252788373623], [-0.07697971319500543, -0.18032289528429193, -0.05562741198937529], [-0.06137224712349914, -0.21631647343596483, -0.06662276842737615], [-0.1587813273840944, -0.09448052113387327, -0.027021103052087058], [-0.1469395495267892, -0.17669092770414, -0.04368612191858156], [-0.1387742581794384, -0.2269356191701197, -0.05661334126953933], [-0.1333385717509647, -0.26960790282812636, -0.06572064568146958], [-0.1898543232545927, -0.08730005311535467, -0.03464898690027989], [-0.1853594093526966, -0.16248365453469124, -0.05066293689899351], [-0.17885421532198095, -0.21265288383995423, -0.06030066493222694], [-0.17313229230436195, -0.2564255481119849, -0.06657078871477949], [-0.22075315227090583, -0.06432355724904762, -0.04402906338275984], [-0.226730134582982, -0.1223815783655118, -0.05858446838057388], [-0.22926780720723228, -0.1625751032511677, -0.06345355077988839], [-0.23116077457255552, -0.19995803715216495, -0.06593315218182533]]}