{"label": "E", "timestamp": 1746080344225, "left_hand": [[0.14493718817339668, -0.02283767632006135, -2.77710135320301e-07], [0.11594309750193026, -0.07760830554837819, -5.572260079130595e-05], [0.08487343575158103, -0.13276312309564997, -0.008779213540459999], [0.051712687856144704, -0.1667011878351035, -0.0189729189804032], [0.021537407532025807, -0.1851790303252381, -0.029059764151298153], [0.1081879698364143, -0.20107952765738735, -0.013996159562973278], [0.05817605596567127, -0.23727437303449198, -0.03125899471779617], [0.026138005522391216, -0.26181403608091797, -0.04140182642604065], [-0.00022566002299045175, -0.28017028374987024, -0.0491933638827411], [0.11677754346569189, -0.18173348290957897, -0.023344737397160534], [0.043415855863620616, -0.16661944308060606, -0.04280752600229926], [0.05205093233564201, -0.1347435190655691, -0.04307989158634392], [0.06996638374382946, -0.13012395821650957, -0.0422676608320408], [0.11654822517450728, -0.15000384953169807, -0.033160011279228324], [0.04728443939966088, -0.12652442276650777, -0.05029198191205773], [0.06183127727344501, -0.09940003788979253, -0.04028455373459695], [0.08163399416371561, -0.1015033115804251, -0.0323872397081592], [0.11121817852887893, -0.11293410676499176, -0.043412473267129714], [0.05667666713869496, -0.09531612768557875, -0.0557278276783917], [0.06820905192988082, -0.0754078522182646, -0.04992213600895443], [0.08635823159639104, -0.07722295460172322, -0.04414006773166411]], "right_hand": [[-0.14493718817339668, 0.02283767632006135, 2.77710135320301e-07], [-0.09543739175922572, -0.0031158622814709135, -0.008987161657082321], [-0.05680275210823615, -0.06615574116239314, -0.01010188608910584], [-0.031612258093437574, -0.1119853223805206, -0.012082263892967163], [-0.005146702261859112, -0.13380171044729833, -0.01497865263375679], [-0.07309884353798402, -0.14550151362729308, -0.004167527677462616], [-0.044309896519663, -0.20138028741621025, -0.01619876149923516], [-0.02631089627951248, -0.23547005502521667, -0.0274175149400136], [-0.011489397634241325, -0.26709866006502325, -0.03621122995717791], [-0.10021138163934172, -0.154942251004847, -0.010499581185252965], [-0.08399805727465516, -0.22895757591801508, -0.0221817614099213], [-0.07560282287903446, -0.27521247842131347, -0.0331632410790244], [-0.0701402767662094, -0.3180482532211713, -0.04123989293385984], [-0.126673910629839, -0.1469180351626822, -0.018941492953217478], [-0.11239864655054517, -0.21592572211863223, -0.0320901507458462], [-0.10170605981960226, -0.258950985188295, -0.040374592234109934], [-0.093689180559131, -0.2996186998711996, -0.04613806849085185], [-0.15504497317120847, -0.12633274955843896, -0.028482391709396968], [-0.14357947956338651, -0.1782911427427476, -0.041596924875630985], [-0.13296535015689262, -0.21300472024875272, -0.046373876449586376], [-0.12352210711619203, -0.2478601383341654, -0.049426575974455655]]}