{"label": "E", "timestamp": 1746068031605, "left_hand": [[0.15428241573382437, -0.05002712017415054, -3.4743291717769626e-07], [0.10035998496118727, -0.07947732089510656, -0.009878846800921003], [0.06572861846666568, -0.12255901440657518, -0.022276416615575785], [0.04685460630937347, -0.16211956380230003, -0.03625956955594421], [0.038980879314299714, -0.19753898364519085, -0.04862021833465159], [0.09476928752275478, -0.2242251550141415, -0.005554931197629011], [0.0474771858277904, -0.24511391160150336, -0.029751459787018805], [0.014497844556909075, -0.25668991622587867, -0.046175692341101394], [-0.0125923133305862, -0.2652444824741203, -0.05721568896161184], [0.11937707617294134, -0.22977056312445673, -0.013317547025783463], [0.05754374450585099, -0.21190864726608336, -0.04061894404957341], [0.06800693583887857, -0.15830064770894028, -0.044887772610471076], [0.08646437185357254, -0.14411882889457933, -0.042465751462375884], [0.13981591434303745, -0.218905860359655, -0.024388355799208675], [0.07775016250863594, -0.17818516163809728, -0.04875984952184547], [0.09065383699516436, -0.13252438011398177, -0.03738818532436493], [0.10834147342642125, -0.1280375237773541, -0.025083963764241896], [0.15457095373387358, -0.19349504884592011, -0.03759398938430186], [0.10400973839335022, -0.1554770972798875, -0.052927648729604], [0.11216852874743001, -0.12170092086238403, -0.04505443341112222], [0.12756699550294198, -0.11948695574620323, -0.03583629699469175]], "right_hand": [[-0.15428241573382437, 0.05002712017415054, 3.4743291717769626e-07], [-0.10195348866205278, 0.026361768409640978, -0.01495509358678929], [-0.05908065439575338, -0.025242696004633306, -0.021195963893806305], [-0.029922371120244692, -0.06502690756832764, -0.02731999939574731], [-0.003209116590286451, -0.08977991717498898, -0.033955204275363304], [-0.08057114265527324, -0.11483141272660388, -0.013968997598415968], [-0.05463066257265888, -0.1756270880640881, -0.028710715548677407], [-0.03999052432535933, -0.2157897023167285, -0.04108016099995722], [-0.028806749557368918, -0.2509549259885104, -0.050188762927338995], [-0.11268846356160642, -0.12779168102409544, -0.018760246472284168], [-0.097971835613535, -0.20668797529983537, -0.03173325759932054], [-0.08779089936798543, -0.25607649928829473, -0.04290769129464357], [-0.08049324881873736, -0.2984065517856134, -0.05112382810025492], [-0.14374827984634722, -0.12237542960515821, -0.025839832060003388], [-0.13565914890550926, -0.19653245629150556, -0.039096280782920725], [-0.12590883016019808, -0.24270158256001656, -0.048151097170867393], [-0.11675019994649549, -0.2830967597734356, -0.05448914884456008], [-0.17511160364631628, -0.10311425675957829, -0.03458512278303833], [-0.1789267119138753, -0.16048924318572383, -0.04804904743940823], [-0.17866678020515397, -0.2001810673759283, -0.053611569941779326], [-0.17711009341999912, -0.23806888649522148, -0.05688916789920051]]}