{"label": "E", "timestamp": 1746068022589, "left_hand": [[0.1943627518364576, -0.06029152967710959, -4.222845371864236e-07], [0.13111500599954523, -0.08507311128766451, -0.001447129387571345], [0.08487121241049131, -0.12592238604131079, -0.009758659610280024], [0.0511144947737771, -0.15549201050577754, -0.020017267701966754], [0.01788513728763925, -0.17300773590468793, -0.02945394718279388], [0.0977753586834391, -0.22233860559955196, -0.009580308763117527], [0.031692290399702026, -0.2248783890887272, -0.02804728542154592], [-0.007852021860426672, -0.2291629010080023, -0.03985693207163803], [-0.039617264141236196, -0.23677023059256144, -0.04897984643287178], [0.1125822052650002, -0.21651041392737613, -0.02008732063732937], [0.04473374396846042, -0.15814846032472651, -0.04518324302371009], [0.06447878816601865, -0.12669162808450707, -0.05033168800829236], [0.08589896247913359, -0.12635291786150815, -0.051336925490121525], [0.12333397583695252, -0.19230019031605514, -0.03139430426525824], [0.06158881675419468, -0.12442867915355199, -0.05330956065076771], [0.08492789240876195, -0.09899882006277669, -0.04517167676156299], [0.10451144584458076, -0.10621985184245553, -0.03700926696477324], [0.1311780152642894, -0.15655485494001573, -0.04348812435251325], [0.08317926722878098, -0.10488022008332908, -0.058387616162497644], [0.09939461176736734, -0.08533832644623918, -0.052941984957816164], [0.11632256558421125, -0.09183815248125608, -0.04633760499057264]], "right_hand": [[-0.1943627518364576, 0.06029152967710959, 4.222845371864236e-07], [-0.14484797916387132, 0.04139852755355467, -0.022314875566239355], [-0.10053274613264168, 0.010624358659173135, -0.03785268305153974], [-0.058465630766152986, 0.002475380841140231, -0.0528878142303023], [-0.02214841782422881, 0.010685242423982175, -0.06891186967889175], [-0.11155065291314059, -0.09244221956282538, -0.026819077092353164], [-0.07983843004738006, -0.15094754994443374, -0.046093671400098644], [-0.06167001085171736, -0.18977708019303785, -0.062031384317989165], [-0.0474536281521406, -0.22590618639070137, -0.07372357643208159], [-0.14367491574966268, -0.10952524040827136, -0.03068573343687747], [-0.12625231086457778, -0.18891422168603123, -0.04651387388102783], [-0.11686841758422341, -0.2383116195288654, -0.05971960793019052], [-0.11044947863007189, -0.2800319950059335, -0.06957249277123546], [-0.17710286577974127, -0.10657901409816378, -0.03693995795438793], [-0.16624791399427044, -0.17976132301529565, -0.05135425421875947], [-0.1572073834201064, -0.22753729504093456, -0.061505228617376055], [-0.14925751771266504, -0.26917017077067235, -0.06860090903837948], [-0.2119677600409772, -0.0884973389165211, -0.04557290620348773], [-0.2146393599511306, -0.14648343328063856, -0.05857747054003832], [-0.21507348150455174, -0.18633641536468276, -0.06323376782296987], [-0.21392030332306974, -0.2244994360669561, -0.06591354500370708]]}