{"label": "E", "timestamp": 1746068037258, "left_hand": [[0.10281962301850198, -0.01054381201488622, -1.7707706169153729e-07], [0.10336756958696065, -0.08399622687309068, 0.007847753739820069], [0.08044173177238745, -0.1430586256996366, 0.006206522914216885], [0.050929429252562795, -0.17192910948533643, 0.0026037079489143714], [0.024376063539031937, -0.17136921247923334, -0.002929466250020045], [0.07543090904531871, -0.17356104098076292, -0.012948930049891214], [0.029390940124806902, -0.23325894550105258, -0.02418714615553783], [0.0015703212886307748, -0.2646660680306332, -0.02907833518384701], [-0.02097261690283061, -0.28700510979747973, -0.03172843710457644], [0.05431524582616152, -0.14872934061422874, -0.022025334946973944], [-0.0057100288985036, -0.17671291612485632, -0.033470836249747685], [-0.00799784095044213, -0.15392634524792004, -0.030110781209242394], [0.0047805551070159305, -0.1363165097111439, -0.025594035708150015], [0.032945287428578135, -0.11397928373517621, -0.02958598861371975], [-0.009277445673832941, -0.12992940195331026, -0.037991018029509015], [-0.0021924196892575687, -0.11147775731956866, -0.028987033629105277], [0.013778305643966468, -0.09974483453136923, -0.02116667963899165], [0.013564295686433438, -0.07763960751094348, -0.03656119356012786], [-0.01056317341297795, -0.09406026893286414, -0.039811108215523534], [-0.0012535080079694582, -0.08160254999014677, -0.031124963756612316], [0.012601250877534805, -0.07253470147973434, -0.023146471008107274]], "right_hand": [[-0.10281962301850198, 0.01054381201488622, 1.7707706169153729e-07], [-0.05860323598652314, -0.026776898016254044, -0.0147453529325541], [-0.027703669235270893, -0.08199471859227961, -0.021432199466556893], [-0.013615475652599584, -0.12570228301508435, -0.02805874749153545], [0.00043992812501560797, -0.15802690778466083, -0.03492399152053709], [-0.059664396844420986, -0.1546089137075814, -0.013851269908202617], [-0.044409452052863015, -0.21472176867137902, -0.02952134329135622], [-0.03657558124154889, -0.25327822996480154, -0.041969846039671146], [-0.030374845414964675, -0.28652557209468865, -0.05054431672030327], [-0.09025327333076612, -0.15813121019095652, -0.017927228214612147], [-0.08973632189033215, -0.23084151553975185, -0.031972605553929834], [-0.08688422115202545, -0.27677599967851196, -0.04282078951488026], [-0.08468056889593603, -0.3160788143646767, -0.050259274501559655], [-0.11722389089717461, -0.1450280409323567, -0.024320934049767116], [-0.12326876430204328, -0.21247715555127875, -0.0377987632525199], [-0.12213748435683612, -0.256262144452603, -0.0463222228777653], [-0.11970039740357967, -0.2951125316160746, -0.05183285260115624], [-0.14156868482816526, -0.11875084434318771, -0.032340683256147015], [-0.15254296596441924, -0.16850756828188906, -0.045261663764519164], [-0.1577179910829377, -0.20443750918292863, -0.05057320574204701], [-0.1617955817536765, -0.2385122607658351, -0.05338031287148405]]}