{"label": "E", "timestamp": 1746068022087, "left_hand": [[0.1743775822867436, -0.11368528753002367, -4.3982049177789935e-07], [0.10974732461646954, -0.1190721922093147, -0.007856535947129841], [0.062370760506399905, -0.1509793410446938, -0.01816088107164827], [0.03147497068273675, -0.17994190127863585, -0.029548529367985646], [0.0012639597856724022, -0.1979097620513934, -0.03950517157685727], [0.07156809298757547, -0.25504615386729734, -0.014152315190878588], [0.01417458430790098, -0.2530684129120274, -0.0393244115586407], [-0.02512446602023856, -0.25107103891501487, -0.055919310559758684], [-0.05874809664492663, -0.24847587433740176, -0.06782279190445326], [0.09366440742565157, -0.2629349110269303, -0.023859334671451342], [0.030772593099494736, -0.19545239642593645, -0.053827981060548945], [0.05517349819526023, -0.15373713387694155, -0.05838324504312703], [0.07905208104441463, -0.15206334966405663, -0.05714481311385282], [0.11430821992406681, -0.24905435051488972, -0.03599519855626036], [0.05865116922473782, -0.16783645206382983, -0.06266900814902512], [0.08478027220713187, -0.13736832430299492, -0.05172495997468349], [0.1049248024829536, -0.14680257686092987, -0.04030209598206181], [0.13297313946601125, -0.22056717460628888, -0.04982957178611148], [0.09044502977180925, -0.15714004738168127, -0.06814557283667388], [0.10649907340061371, -0.1336286342769771, -0.06124153159715356], [0.12173053915066322, -0.14212187342844124, -0.05279969130777967]], "right_hand": [[-0.1743775822867436, 0.11368528753002367, 4.3982049177789935e-07], [-0.12398474813881205, 0.0813330740604839, -0.020427657902685418], [-0.07939700736142236, 0.03710907153460564, -0.03530235562125541], [-0.039949692027663374, 0.012646252501958884, -0.050331865756525374], [-0.005074252778905779, 0.0026231067344003726, -0.06651516637113479], [-0.11255787665265116, -0.06977306064829807, -0.02631387850673274], [-0.08662003038026679, -0.14169122106462345, -0.047458060888449775], [-0.07245382259173602, -0.18844379269443853, -0.06444656438497856], [-0.061963430039233956, -0.23000088792961917, -0.07677552634341889], [-0.14784548722468477, -0.0771415544570832, -0.03233902248964026], [-0.14092026877159938, -0.1653084221944977, -0.050997664237806516], [-0.13650479523261513, -0.2212698953388248, -0.06647544071270237], [-0.13450276420947135, -0.26801276074575586, -0.07780645099255187], [-0.18080335919792045, -0.06357833350988888, -0.04067879424708312], [-0.1818796837241668, -0.14368472237674795, -0.05822624811351156], [-0.1801525643067476, -0.1975507788686686, -0.07069041089374009], [-0.17853136772314956, -0.24442296253806423, -0.07921148190400419], [-0.2118664833236772, -0.033596105149186234, -0.05105164284726683], [-0.22389401313810892, -0.09261920531482684, -0.06772718806011227], [-0.2316506700749305, -0.13421203709789858, -0.07474401511933136], [-0.2379145295407243, -0.17378568039313264, -0.07870805737922028]]}