{"label": "E", "timestamp": 1746080351068, "left_hand": [[0.12978061730934098, -0.024814787632848934, -2.8674438166587197e-07], [0.07762490501697629, -0.06469100286939423, -0.007877488447011836], [0.05357456453581737, -0.11383433577183755, -0.01693980812490253], [0.04329346414249221, -0.15382757458872853, -0.02758976429140892], [0.029646136654904946, -0.1876771536617892, -0.03677018007838605], [0.09320061840207823, -0.19920726174721304, -0.00711215271595485], [0.05362411964153194, -0.23480198625190618, -0.02678200042339777], [0.026238020438132743, -0.2598838317078167, -0.04017326304917037], [0.002437802215099054, -0.2791608069429432, -0.049914889430561], [0.11382027495060283, -0.19455490952176535, -0.014545345848969144], [0.04864619780284977, -0.17916095034049576, -0.03863133217422484], [0.05569045412456776, -0.13371395115601695, -0.04246102613253359], [0.07396036948444662, -0.12241761644617004, -0.04098108802993028], [0.125615680811924, -0.1747764381812938, -0.024475798401478656], [0.058943999088156084, -0.13766126759960925, -0.044948099890192966], [0.06877550521140313, -0.10067246840432072, -0.03583756530916801], [0.08657419727716271, -0.0984011079827247, -0.026576822925220647], [0.12920512099877732, -0.14453522958014237, -0.0364695982458646], [0.07650039132763173, -0.1100194922114775, -0.05082161683940427], [0.0822207792845299, -0.08289646139090087, -0.04587663232779383], [0.09702473154417021, -0.08205183431283763, -0.03929698201175937]], "right_hand": [[-0.12978061730934098, 0.024814787632848934, 2.8674438166587197e-07], [-0.08120515384641606, -0.007322578446631073, -0.008663524288328832], [-0.04866149065709949, -0.06836613779706885, -0.010914320881094572], [-0.03140219437895602, -0.1128967782034998, -0.014249051686900703], [-0.012764996288049016, -0.14044339370828227, -0.017994815840572314], [-0.06944860591526648, -0.14693124045312933, -0.0061807137560229595], [-0.044985729934877566, -0.20631730472071627, -0.019697364464064043], [-0.028007298071995597, -0.24445306798473387, -0.03165021754452576], [-0.013979057265896743, -0.2778958023777291, -0.04022711071435785], [-0.09896925120735756, -0.1567998640154633, -0.012467771509181371], [-0.09019854506610776, -0.23309239377299235, -0.023646779519448748], [-0.08179046730894056, -0.27919851106441823, -0.03321631728935091], [-0.07544025625234096, -0.3189884253216745, -0.040276827157729136], [-0.12640877762023275, -0.14868166602625468, -0.0208262159363156], [-0.12310763315889019, -0.21993373360253046, -0.031983316248407466], [-0.11649503818225415, -0.26497486591092395, -0.03963926229501479], [-0.11069617167790824, -0.3051643499866333, -0.04517059429685874], [-0.15317911454516525, -0.125815837286663, -0.030471587293899167], [-0.1585397488616825, -0.1804880259023705, -0.04192885142731096], [-0.1606975862411818, -0.21929600984666933, -0.046446007585441686], [-0.16269130900065085, -0.2561449439606356, -0.049134284068098825]]}