{"label": "E", "timestamp": 1746068027486, "left_hand": [[0.14670699135907908, -0.011501744234695353, -2.5969941004443726e-07], [0.09226710326028788, -0.0513512142532635, -0.002065341035012806], [0.055569936708670054, -0.0952158817159295, -0.012212772929895982], [0.026777746235897175, -0.12296786815538605, -0.024514400141635664], [-0.0012441779308431775, -0.13338988392525705, -0.03634398000913944], [0.08334320035486685, -0.1853048768242046, -0.013315825242061454], [0.03658469810966063, -0.22293729781133556, -0.03353965874957583], [0.00724491133936796, -0.25258964405532525, -0.04690182874862229], [-0.018322458097912647, -0.27918987823625546, -0.05799553541102034], [0.1009594257657659, -0.17390594997777625, -0.024369589447660843], [0.029636837225152667, -0.14337701872698544, -0.0495164731367071], [0.04096708448020425, -0.10696076517068519, -0.052009390804585394], [0.05941702626407117, -0.10449880381862599, -0.05173250656307572], [0.10917247245612641, -0.1443964393284015, -0.03657417727842276], [0.04196051456958948, -0.1009521986976537, -0.05747239219023421], [0.05717340316851957, -0.07491024430623522, -0.04627207505102581], [0.07639430703205714, -0.08217115843928019, -0.036750230453180745], [0.11044856619707996, -0.10569225760681834, -0.04986883759579849], [0.056452132793197995, -0.07552189666708485, -0.06427439872031016], [0.06656455173841173, -0.055425889121266086, -0.05761325268548932], [0.08292420995884671, -0.061401372680019994, -0.050710033535376266]], "right_hand": [[-0.14670699135907908, 0.011501744234695353, 2.5969941004443726e-07], [-0.09643007404740034, -0.00869575648504687, -0.016114498951892976], [-0.052934323723119965, -0.05643494045104289, -0.022646210048480015], [-0.026136377607406093, -0.09766496003352783, -0.02854881833248689], [-0.0009852828045258263, -0.11997577217969305, -0.03481128326711995], [-0.07768319403022796, -0.14658058500004836, -0.014722431248172364], [-0.05281911707523206, -0.2059549446290845, -0.02827246433782241], [-0.03946964494508149, -0.2450832564938856, -0.0395730598526264], [-0.029754849411904, -0.27846690209330494, -0.04798814461869797], [-0.10980493069318722, -0.15768270827903672, -0.01826700515900752], [-0.09743847449216084, -0.23479857746245725, -0.03052787911321701], [-0.08936458252942647, -0.28117891551318397, -0.041334433261865235], [-0.0841174841925518, -0.3198119263248796, -0.049256899069984796], [-0.13972488045612638, -0.1516786306681867, -0.023964037582796534], [-0.13326170446566465, -0.22272668039778012, -0.03684030508393004], [-0.12514694141276783, -0.26663159050990315, -0.04573370336528899], [-0.11825346309358861, -0.30431058344216705, -0.051909457510270006], [-0.17003042348045538, -0.13266650378471018, -0.031325395618230036], [-0.17431149623156283, -0.18827381027104112, -0.044550436488709745], [-0.17499191796103286, -0.22600045247536152, -0.05003973980120322], [-0.17450453974967775, -0.26225524165899367, -0.05320308586912]]}