{"label": "E", "timestamp": 1746068036519, "left_hand": [[0.11071837529556805, -0.01557649029713875, -2.0141738381511706e-07], [0.10914250768244418, -0.07942194905088655, 0.004732998536315963], [0.08301903907974115, -0.1355208392911509, 0.0004725377153021815], [0.0463104602527087, -0.15895275654973284, -0.00466833145264353], [0.01469192626519134, -0.1553525832469187, -0.011638141389023662], [0.08237981556143252, -0.17126479383655147, -0.01885646720483703], [0.03459829803557201, -0.22792479798814907, -0.03182986151231678], [0.004529245547973624, -0.259673878214607, -0.037327226243442764], [-0.01994844692386955, -0.2831770463687033, -0.04085469615603716], [0.06637959532870936, -0.14723564431453864, -0.02751065875917457], [0.0004084813630089346, -0.16674274259448346, -0.041647378099623544], [0.0034148202961435488, -0.13821281012832773, -0.03774240638618525], [0.020616468640453453, -0.1230975943952605, -0.03273358851141587], [0.04837361099935881, -0.11264059735014847, -0.034799106771999204], [-0.0025732543024076064, -0.11963161692097168, -0.047200344013453834], [0.007683329935333396, -0.09760772810391939, -0.03756098088324884], [0.0256098203306247, -0.09101912822144993, -0.028942902437345742], [0.03084593265214205, -0.07583582876543907, -0.041371537819002185], [-0.0015293668078971228, -0.08492481700653728, -0.04851177893524037], [0.01054263655243758, -0.06761300978579488, -0.03980125732901421], [0.026171185937791382, -0.060313159427349404, -0.03159634808101774]], "right_hand": [[-0.11071837529556805, 0.01557649029713875, 2.0141738381511706e-07], [-0.06777625550842895, -0.018662239265721466, -0.01565354464938067], [-0.03676611229962466, -0.07342445683323444, -0.02283258231869411], [-0.02189858624130825, -0.1185429904920685, -0.029339690431426438], [-0.010825689491785747, -0.15297284109111547, -0.036437685975121856], [-0.06663439541075468, -0.14398285321116758, -0.01874328273474014], [-0.04880302506584825, -0.2047073675289576, -0.03530498655705191], [-0.03938855216281563, -0.24441924396447068, -0.04805758331648417], [-0.03280603492965414, -0.27900650933267723, -0.05699082951698253], [-0.09715098406484968, -0.14715787030200786, -0.02301065974267954], [-0.09226162470319182, -0.22087840533397063, -0.03816301896399934], [-0.08859106046562759, -0.268299410527744, -0.04979348228670264], [-0.0868716003795302, -0.30873797478368364, -0.05811369706655901], [-0.12503607180575013, -0.1337098038709895, -0.029366409517244306], [-0.12634006596946082, -0.20234595721968943, -0.04438138738464687], [-0.12461378912120795, -0.24807699268918262, -0.053975314173254005], [-0.12271719809233211, -0.2883348603113702, -0.06049022485682276], [-0.15156181327423743, -0.10732620762443347, -0.037184270875547626], [-0.16093087605398818, -0.15821977633347045, -0.05234121568033279], [-0.1660495093452507, -0.19536001351484045, -0.05905439451302517], [-0.17013058948714413, -0.23157107357778706, -0.06300834204071895]]}