{"label": "E", "timestamp": 1746080568815, "left_hand": [[0.17538089029212428, 0.03403891645627801, -3.4837643625072434e-07], [0.12323565671615293, -0.01285129354816465, -0.00411701387338348], [0.09440551541880225, -0.060451295872127796, -0.01731642402661112], [0.07493866410805482, -0.09829813960206835, -0.03244501738922391], [0.060591100881073, -0.12975151120977296, -0.04781278520183518], [0.13516295700174064, -0.14808792583964053, -0.02189368553664773], [0.09255909735493736, -0.19621215455630256, -0.0459405458141153], [0.06354659063961147, -0.23034676834662962, -0.06145138273078663], [0.039479230414131594, -0.259259910919758, -0.07329293693334103], [0.1553153106774526, -0.13599843817860574, -0.032754571240708526], [0.07404637919802216, -0.11966507578727031, -0.060310433120186184], [0.07602861753134141, -0.07397312781674341, -0.06117242977100375], [0.09183145848939932, -0.05780653101218495, -0.05902998583427148], [0.16464417929739011, -0.10615214592024065, -0.04472174541548336], [0.08496842296992686, -0.07271937616587518, -0.06640286665205693], [0.09186749070819962, -0.0365216635041564, -0.05135929872810146], [0.10955723298771572, -0.029770412644656203, -0.038951153781479286], [0.16572828278397736, -0.0671777904777699, -0.058118487273449135], [0.101711450493599, -0.041826369146783865, -0.07268065945537674], [0.10453031455661582, -0.015924036385763896, -0.0636295780469668], [0.11970301559412476, -0.01292145039771114, -0.05454427662840797]], "right_hand": [[-0.17538089029212428, -0.03403891645627801, 3.4837643625072434e-07], [-0.12044451626618952, -0.03413230348923929, -0.011062561518016241], [-0.07082043584425313, -0.07519771456580623, -0.011237988746801514], [-0.04032327454181747, -0.10893332452147692, -0.011479180736110024], [-0.01800877578385861, -0.12114884016662149, -0.011837763574727664], [-0.0670763491841356, -0.1657379690922078, -0.0024499114048565696], [-0.025894744799649077, -0.20816607629295686, -0.011388315958464767], [-0.00010771513879010686, -0.2357811687815154, -0.021267866832926943], [0.02067320999618186, -0.26086881307546034, -0.02878789025009638], [-0.09341323050388733, -0.1931515778914041, -0.006007198167129964], [-0.06106969352843243, -0.258225786240189, -0.012732728381033585], [-0.04108524999232993, -0.2961318075906534, -0.021123682319740784], [-0.02565667781049314, -0.32948818904116217, -0.0277841121171553], [-0.12247404158782846, -0.2045418073580618, -0.011865311000828858], [-0.09667490934053714, -0.2682234128410603, -0.01986921267392439], [-0.07808393768255681, -0.3024962419836208, -0.026844884644423833], [-0.062404962775480674, -0.3313182018477615, -0.032148342406532554], [-0.15649979568653294, -0.20443659327916489, -0.019324861227254395], [-0.14292874797012067, -0.2592571555147909, -0.02750766286669347], [-0.13193955709871044, -0.29436949296455295, -0.03019604525737966], [-0.12024377441662613, -0.32729297909931027, -0.03206895495034634]]}