{"label": "E", "timestamp": 1746068031732, "left_hand": [[0.1458982554365799, -0.05084777282304662, -3.561844160502877e-07], [0.09577181995120623, -0.07672500080039986, -0.01027005151665572], [0.05896150033327735, -0.12294733481321188, -0.02031324886633834], [0.044289101818584926, -0.1680977819971789, -0.0320045614049117], [0.045982770603419716, -0.20723880933248232, -0.04191831134013888], [0.08576564979761932, -0.21626436980557429, -0.0019351709803707893], [0.047188312397183345, -0.24331775666128502, -0.02534619063097614], [0.019170294776481096, -0.25408783448616773, -0.03994385041551084], [-0.005156304587351046, -0.2662166976800034, -0.04983045544608764], [0.11488308418592547, -0.2250087109916589, -0.009233091492763681], [0.06273329446030017, -0.21322825553676666, -0.03768498464824324], [0.07272088671815119, -0.15673393344770098, -0.041862469362088164], [0.09042836472248462, -0.14390782161260637, -0.038735174203457574], [0.13989071262919528, -0.21716147521378482, -0.020354661089556622], [0.0857571309179684, -0.18331247698908434, -0.04840387098516712], [0.09916589561777485, -0.13289546107494002, -0.03830361112939059], [0.11785376672091716, -0.1285058315915397, -0.025390274028322248], [0.16026753584934308, -0.19665210400178038, -0.033334514336910585], [0.1121176248307728, -0.165334007166251, -0.05122252821695343], [0.11930188000304587, -0.1274023238365328, -0.044445449622515], [0.13448897286229708, -0.12440902054766578, -0.03543233658021239]], "right_hand": [[-0.1458982554365799, 0.05084777282304662, 3.561844160502877e-07], [-0.0928762671966387, 0.026547837071229215, -0.014709459442917374], [-0.049886174201659673, -0.02533002231525664, -0.02083878432751502], [-0.020338704843404706, -0.06569492869374174, -0.026825229973024015], [0.005873045580353596, -0.09033407949516176, -0.03332970441863311], [-0.0734296863826656, -0.11525594159075965, -0.014166308671276088], [-0.047835554733598754, -0.17631607033250352, -0.02889680973536727], [-0.0335723752823635, -0.21664726216186167, -0.04128801050449817], [-0.022918120530248796, -0.2523493092276908, -0.05040797351999295], [-0.10562426523696812, -0.1284985159434779, -0.019058022632181287], [-0.09062689793468819, -0.2087260035766254, -0.03206189539013291], [-0.08045901345552454, -0.2582498125529079, -0.04327851652236703], [-0.07332760421464529, -0.30087903232968033, -0.05150379563322438], [-0.1369608437097063, -0.1233509468174638, -0.026130318609126936], [-0.12841770690995308, -0.19772887595087718, -0.0393906376197056], [-0.1181735616126715, -0.2434977119777527, -0.04831592678831889], [-0.10897314752504968, -0.2835261226100266, -0.05453772002053984], [-0.1686814696410574, -0.10477565006179884, -0.03482440081173431], [-0.171696479227792, -0.16273093594636495, -0.04813645878064481], [-0.17096255608769692, -0.20274322327534475, -0.053419328290775635], [-0.169096055117402, -0.2407646917462425, -0.05651050845325901]]}