{"label": "E", "timestamp": 1746080345733, "left_hand": [[0.15933000991183344, -0.033663398179992095, -3.0882040536047533e-07], [0.1185189794557564, -0.08825404440857104, 0.0008916740753245979], [0.08657363863302331, -0.141747879115116, -0.00873431541063236], [0.05713664892066163, -0.17942939683377487, -0.020164960497058435], [0.03042097280152924, -0.20697456561300676, -0.03082445800703103], [0.12140327797803727, -0.2221875729961085, -0.012474422306600098], [0.06608385207057593, -0.2541161142872757, -0.03238656181812444], [0.02908117858108227, -0.27156295411957176, -0.04542107205118086], [0.00019120519479604102, -0.28373179375393726, -0.05467499296444015], [0.1315570159062781, -0.2031288202152692, -0.023371610557282197], [0.05448931221204707, -0.18266939070109003, -0.04445238327239252], [0.0641523269813894, -0.14869724323545205, -0.0466071916092868], [0.08389548173116004, -0.14291946749945833, -0.047211427392500234], [0.1326924789821404, -0.17103468354152393, -0.035019096307901565], [0.05906396360093442, -0.1403376026494527, -0.051674213479560166], [0.0716731277995007, -0.1110374933308773, -0.0413363175284427], [0.09070931278856223, -0.11346555194326334, -0.033637374309190275], [0.12833946351847328, -0.13278181333326805, -0.047401558933023266], [0.06892048876395306, -0.11238175058477286, -0.0585773262579786], [0.0772145732831652, -0.08964360566237863, -0.05184875598108001], [0.09374421763768823, -0.09034383876882575, -0.04552399023406654]], "right_hand": [[-0.15933000991183344, 0.033663398179992095, 3.0882040536047533e-07], [-0.10474574245275883, 0.007513474706601381, -0.00488527964411636], [-0.06595143471023823, -0.05678010096782231, -0.001151493048888557], [-0.044266607785798884, -0.10281742780036902, 0.0007660255229576145], [-0.02188424241661722, -0.12691376643016336, 0.0021982193873498366], [-0.07738532641666265, -0.13114046962641773, 0.0077904685531008586], [-0.046713739550564244, -0.18626587989113308, -0.000706482677845645], [-0.02684164102780975, -0.21864682962008358, -0.009753610015182101], [-0.010241156543312731, -0.24693138830866054, -0.016718478966343084], [-0.10358781684534164, -0.1472047795877922, 0.0009031883101854899], [-0.0783538046750053, -0.21983547016052665, -0.007693310885121053], [-0.061069023481799746, -0.266099148576277, -0.0175724709433095], [-0.04714126447166725, -0.3075363510460081, -0.02474914056761873], [-0.13114738522305858, -0.14792181222580522, -0.008594206159510344], [-0.10887442732950091, -0.21613700486659237, -0.019541033157656474], [-0.08979636982379206, -0.25852306508912803, -0.029444709637498064], [-0.07337505929062002, -0.29601631437320824, -0.03616624063699397], [-0.16257271949289795, -0.13669795676804364, -0.018981027720082075], [-0.1507441651069424, -0.19267892212403465, -0.030659946804748216], [-0.14082818897006152, -0.2307821122954064, -0.03656533740341238], [-0.13064558868871687, -0.2673843548451571, -0.04053766611363649]]}