{"label": "E", "timestamp": 1746080344060, "left_hand": [[0.14145091259881926, -0.02702942052104129, -2.4223254978685475e-07], [0.12959665382795482, -0.08995120405357117, -0.002637055494597067], [0.09494724697656125, -0.14416635851288281, -0.01219911934031037], [0.049497313884035235, -0.16993990107235316, -0.021964105787245856], [0.014036296758064828, -0.1817784113976688, -0.03235167951964852], [0.10735237829659616, -0.1987323802628954, -0.022087662942491326], [0.05554423240721223, -0.24002625819446818, -0.04006170203508938], [0.020964845567566334, -0.26683588694852994, -0.05026301001824809], [-0.0071940211637299195, -0.28780926292410186, -0.05809669568808714], [0.1076004768849339, -0.17318807853773388, -0.02940487531201085], [0.032733093597356655, -0.16308444120244983, -0.049677167843833386], [0.03371135473034331, -0.13413980779952858, -0.051005327132410294], [0.04728134607280314, -0.12670177658620915, -0.0514420284989308], [0.1008395884495825, -0.13639017990719032, -0.03675351390652612], [0.031893984114013854, -0.11690010559916561, -0.054770432180193694], [0.036273303776093266, -0.09148053963887637, -0.04724732907543865], [0.04911054821360899, -0.08978907582567794, -0.04109705128319037], [0.0913021683027216, -0.09740651817636463, -0.04428653045585098], [0.03865854718665996, -0.08228716245631192, -0.05717976263632411], [0.04653733297219721, -0.06440484291629942, -0.05282934036231097], [0.06103890543981193, -0.06378063914375308, -0.04822965855685874]], "right_hand": [[-0.14145091259881926, 0.02702942052104129, 2.4223254978685475e-07], [-0.09150550496313414, -0.000681826931003042, -0.00817115595311861], [-0.05374477060011581, -0.061693162495947196, -0.009380299014439413], [-0.031116939658385096, -0.10557475231496258, -0.0115833954999826], [-0.007928807290469443, -0.12724776307919655, -0.014549014557230233], [-0.07341992952396832, -0.1443191588153356, -0.004926905503967669], [-0.045376329299900264, -0.2025896995259771, -0.017365627829313945], [-0.028350927100889576, -0.23899538110109678, -0.028257166962013743], [-0.014034338297528634, -0.27060889145698125, -0.03651339049253681], [-0.10161427063837894, -0.1529966734546034, -0.011799123966107408], [-0.08485033301610764, -0.23015379996371435, -0.023634369769897846], [-0.07328633021089614, -0.2762318537498591, -0.033761766058130006], [-0.06380293934645645, -0.3163277595427249, -0.04098897757561185], [-0.1283617536034674, -0.14421853028634185, -0.020686518189679606], [-0.11589734351916171, -0.21730585465935137, -0.0335898455275558], [-0.10465057094018414, -0.26125601078744837, -0.04166057306458689], [-0.0949872439901922, -0.3011830447872757, -0.047233190807495655], [-0.15600031592220967, -0.12205037224180232, -0.03060121455900788], [-0.1482363726472897, -0.17663819953180554, -0.04368645915707666], [-0.13997790799182316, -0.2137687134084653, -0.048665421073740764], [-0.13211178153366934, -0.2500553932681176, -0.05176784970411474]]}