{"label": "E", "timestamp": 1746068037605, "left_hand": [[0.0, 0.0, 0.0], [0.007716866525412167, -0.07291936780132469, 0.006636480181277235], [-0.010892267363825592, -0.1351086871434182, 0.0054619070554703065], [-0.03362298916680479, -0.17764417621426945, 0.0034266863090390647], [-0.05254830682227197, -0.1963458466353789, 0.00021659696963907313], [-0.016854548335120373, -0.15687480581542124, -0.018004978036740008], [-0.05499415810484003, -0.2260825088515871, -0.02611372236116177], [-0.07663837410218108, -0.26091848977380266, -0.027341322009812583], [-0.09334557325331483, -0.2862200556154213, -0.027469451509596586], [-0.04344658609420103, -0.1322528297570619, -0.024655209120610744], [-0.08392478606561911, -0.1820491391104167, -0.03176394658770684], [-0.07710454088017563, -0.1657846511528878, -0.02541943913710659], [-0.06047156589927243, -0.1471672632206906, -0.019551685622618425], [-0.06600986281463161, -0.10105806389163043, -0.029263181551366996], [-0.09180808147231102, -0.13789034109834536, -0.031099278372058822], [-0.0822080903016697, -0.12446283821789367, -0.019620143109883144], [-0.068572266161099, -0.11002660003707475, -0.012331916501322131], [-0.08521648157236403, -0.07009573851235265, -0.03357348218849848], [-0.0963630688578262, -0.10207082251947035, -0.0321917543601516], [-0.08490718308820126, -0.0898882284097926, -0.0223332514376396], [-0.0735237794294888, -0.07729450830105071, -0.014844583017318606]], "right_hand": [[0.0, 0.0, 0.0], [0.007716866525412167, -0.07291936780132469, 0.006636480181277235], [-0.010892267363825592, -0.1351086871434182, 0.0054619070554703065], [-0.03362298916680479, -0.17764417621426945, 0.0034266863090390647], [-0.05254830682227197, -0.1963458466353789, 0.00021659696963907313], [-0.016854548335120373, -0.15687480581542124, -0.018004978036740008], [-0.05499415810484003, -0.2260825088515871, -0.02611372236116177], [-0.07663837410218108, -0.26091848977380266, -0.027341322009812583], [-0.09334557325331483, -0.2862200556154213, -0.027469451509596586], [-0.04344658609420103, -0.1322528297570619, -0.024655209120610744], [-0.08392478606561911, -0.1820491391104167, -0.03176394658770684], [-0.07710454088017563, -0.1657846511528878, -0.02541943913710659], [-0.06047156589927243, -0.1471672632206906, -0.019551685622618425], [-0.06600986281463161, -0.10105806389163043, -0.029263181551366996], [-0.09180808147231102, -0.13789034109834536, -0.031099278372058822], [-0.0822080903016697, -0.12446283821789367, -0.019620143109883144], [-0.068572266161099, -0.11002660003707475, -0.012331916501322131], [-0.08521648157236403, -0.07009573851235265, -0.03357348218849848], [-0.0963630688578262, -0.10207082251947035, -0.0321917543601516], [-0.08490718308820126, -0.0898882284097926, -0.0223332514376396], [-0.0735237794294888, -0.07729450830105071, -0.014844583017318606]]}