{"label": "E", "timestamp": 1746080341211, "left_hand": [[0.1693651070197192, -0.03413495504447361, -3.220099266533138e-07], [0.12351630920997844, -0.0812463804046429, -0.004758853685696113], [0.08672260505515834, -0.12488305379870702, -0.01658971802941875], [0.0537662023865974, -0.15154092332290517, -0.02939569558475051], [0.028064303121366006, -0.17673324019236214, -0.04095709288833835], [0.10441127180694587, -0.2148500823401144, -0.01727661812600011], [0.04899329814843731, -0.23869826215896672, -0.0397390537975401], [0.011379051867872933, -0.25645217598280806, -0.05443070701325009], [-0.01975899818828366, -0.27199118262111205, -0.06536938061667251], [0.12259274539151757, -0.19808829504747288, -0.027043297858540673], [0.050330527614281285, -0.15816296826554582, -0.05178967585781477], [0.06470158008529114, -0.12592215190627956, -0.05492037582895726], [0.0851850161593414, -0.12716654343293984, -0.05558419472445968], [0.1333999183170529, -0.1650298574840183, -0.038175963578983424], [0.06301060333587394, -0.11643448555768794, -0.05809971506479324], [0.07964860670960389, -0.09355194661646735, -0.047303485727114514], [0.09905931460627526, -0.1041353927395821, -0.03870617991723585], [0.13892215735005276, -0.12441835096792064, -0.05059429364503159], [0.08014682119445785, -0.0903677474013533, -0.06369446400182391], [0.09191714826711102, -0.07274811702525977, -0.05606922559039896], [0.10946308458178622, -0.08030509369728174, -0.04866550355427114]], "right_hand": [[-0.1693651070197192, 0.03413495504447361, 3.220099266533138e-07], [-0.1178648193981278, 0.012667602597110495, -0.013270438527314837], [-0.0748277638332046, -0.038950923139627495, -0.019272781838122876], [-0.044805565019290054, -0.07967733239423012, -0.02540420200466538], [-0.015384918158249418, -0.09769318183219691, -0.03214579010257347], [-0.08938166994080818, -0.12561095534483221, -0.014054026308086692], [-0.056715227944544595, -0.18307377145206993, -0.029007412844368387], [-0.03734341961805413, -0.22218775306396266, -0.041191970506158304], [-0.02266184160811652, -0.25558000459496677, -0.05016665000648631], [-0.12057352021427233, -0.1407594466126796, -0.01948891153080395], [-0.10182609834227897, -0.21968156289704516, -0.033036024824564005], [-0.09020783681414331, -0.2674888780819629, -0.04393540660567087], [-0.08262686121906704, -0.3076395105428273, -0.0518026719851431], [-0.15160404877963965, -0.13749614568407745, -0.026870339337116637], [-0.1390203832053498, -0.21175161611985877, -0.040328628491837874], [-0.12824936655204758, -0.2587839792384528, -0.049406164396247135], [-0.11939723747335246, -0.2999032524423307, -0.055829749494724024], [-0.18380466299559867, -0.12027383958341885, -0.03564676868781825], [-0.18462958650367686, -0.17784026946206696, -0.04908326934660862], [-0.1838812582426165, -0.21790477420894372, -0.054605972174585286], [-0.182634320777573, -0.25597914457839593, -0.057872253232612796]]}