{"label": "E", "timestamp": 1746068029524, "left_hand": [[0.14674732483609665, -0.02344914934245843, -2.6113531481961747e-07], [0.13380554665109473, -0.09743221652802364, 0.0045731754027918715], [0.09123519994685861, -0.15862139714357154, -0.0005555550001951804], [0.04242656191504769, -0.18516824029440151, -0.007426515012303049], [0.0031470904337301945, -0.1863436413690644, -0.015307903748928153], [0.09255021015543109, -0.20837343500730188, -0.012808733914029686], [0.028884085892080025, -0.2411053184093214, -0.026860447732039695], [-0.006684122829650668, -0.25857190089529075, -0.03304222718649023], [-0.03330826148946034, -0.2724915395398427, -0.03768751176098977], [0.08148036446602254, -0.1797073091435113, -0.02306576794136287], [0.002143602463485524, -0.17147167800301363, -0.04001746718076767], [0.013134202475240202, -0.14134427928008791, -0.03717511067764212], [0.03437355833509573, -0.13690500708285344, -0.03344693307270201], [0.06889562775051963, -0.1390657480875108, -0.032847161564856495], [0.003930507604885129, -0.12388370790226719, -0.04892968353171223], [0.019721780483939074, -0.09952821193269858, -0.03861647747682521], [0.040368743930064725, -0.10179696933874399, -0.02979621731465793], [0.05625284483800911, -0.09576658893499647, -0.042275702279657906], [0.012477064461527918, -0.08681756315032697, -0.05391925891405584], [0.0279156091853269, -0.06760996184470316, -0.047418873520358076], [0.0452455422051392, -0.066166515821566, -0.04070895397420131]], "right_hand": [[-0.14674732483609665, 0.02344914934245843, 2.6113531481961747e-07], [-0.09684367856532036, -0.0014383067551017059, -0.014346886437353728], [-0.05402857422089561, -0.050171782991894065, -0.02073287292909817], [-0.027566643708455043, -0.0910416284985767, -0.026901665120547275], [-0.005009363858596207, -0.11680505447825174, -0.033605180656925485], [-0.07834458501060253, -0.13433794269914281, -0.014837032654654976], [-0.05297706621494464, -0.1930028020396857, -0.02935353762930693], [-0.04119690026492118, -0.23231285675444635, -0.04099450455442137], [-0.03338913613153617, -0.26580133677256074, -0.04945973937735132], [-0.11009250507227994, -0.14585706136475812, -0.01974665829109544], [-0.09794031576870768, -0.22529289193594293, -0.03330354118514353], [-0.0902710594975104, -0.2729570333307863, -0.0444928289700547], [-0.08575270222474816, -0.31258716808288023, -0.052410602691928605], [-0.1400022649711684, -0.13967842225545202, -0.026654934368523606], [-0.13482117155344098, -0.2132126982711888, -0.04055693832604985], [-0.12774137097138188, -0.2585225730994147, -0.04990062662825915], [-0.12167919134666498, -0.29750910630271116, -0.05625542332674489], [-0.16984170408198246, -0.12027309678942837, -0.03496541470347293], [-0.17444323031290776, -0.17623550415395156, -0.04885128675101064], [-0.1755262163355759, -0.21460335208115816, -0.054627841230234654], [-0.17556492144796795, -0.2513324617998803, -0.05795459955675798]]}