{"label": "E", "timestamp": 1746080340830, "left_hand": [[0.17614364932500484, -0.04294089188985493, -3.547229015101403e-07], [0.1353060861794341, -0.08812161243237916, -0.007339336190960976], [0.09430237323203357, -0.13161824268407352, -0.021078706721973848], [0.056948041717420045, -0.155094294951872, -0.034958491627440386], [0.024260729600763864, -0.1770747624349033, -0.04730559734604343], [0.10807325047121111, -0.21880962913767457, -0.022594552595828633], [0.05076422524390665, -0.23947848311627523, -0.04702701353172121], [0.012129783236647478, -0.25668048781860786, -0.06226605334703453], [-0.02065519215934721, -0.2704691076801925, -0.07356032663752034], [0.12318093573863736, -0.20020167932178032, -0.03158585321190084], [0.047743800061425576, -0.15749644888554115, -0.057433140429571025], [0.06633704321474686, -0.12423810032372566, -0.05925243936015528], [0.08786022417627314, -0.12830226484034035, -0.058686646845618515], [0.13248343209471725, -0.16545835212059212, -0.04210634856093604], [0.06200110115090557, -0.11426213344912296, -0.06273039748945261], [0.08341183331442077, -0.09155843724872942, -0.050415504487530856], [0.10335856256105343, -0.10498680301935082, -0.0409513087707416], [0.1387978342691467, -0.12359494997549404, -0.05412524533604552], [0.08296621749565461, -0.08312619680769175, -0.06936016984866164], [0.09875411547811838, -0.0671536178399952, -0.06243310506550337], [0.11691349237151195, -0.0778705166263174, -0.05538909668665758]], "right_hand": [[-0.17614364932500484, 0.04294089188985493, 3.547229015101403e-07], [-0.1264236759798791, 0.022903044420149492, -0.020814836962983942], [-0.08348217295525238, -0.023630689079088586, -0.03204181642948469], [-0.051686368472477096, -0.0648961648490682, -0.041894038369810475], [-0.0187260565390507, -0.08839603165894194, -0.05197883159034947], [-0.0966755278350796, -0.11604329559854445, -0.023929973249575236], [-0.0645271380170259, -0.17542745851453076, -0.04273518159858639], [-0.04615256282785939, -0.21758318022079787, -0.057147794704709216], [-0.03259712045275354, -0.25394534429040766, -0.06728255312134902], [-0.13035400198146974, -0.13286992555281807, -0.02707408422425853], [-0.1148584038461501, -0.21457537201425073, -0.04388572166259815], [-0.10390779529467692, -0.26554724508239486, -0.05602044326248227], [-0.09590703571655443, -0.309324780474843, -0.06420400113645988], [-0.16382786426345652, -0.12880840271553953, -0.03261108600516262], [-0.15437784785907424, -0.2050583082111946, -0.049699949454359696], [-0.14492479549485787, -0.253003960173538, -0.05925223236289386], [-0.13581557543886574, -0.29553308522537447, -0.06506196042847272], [-0.19762162602744288, -0.10856272999537254, -0.04002860615671471], [-0.20048221975307354, -0.16812818308430938, -0.057041895891470094], [-0.2013011206332597, -0.20851279679385235, -0.06330075380075297], [-0.20022367031655264, -0.24780994546204071, -0.06609720301787583]]}