{"label": "E", "timestamp": 1746080350746, "left_hand": [[0.13978813422729996, -0.030364217170123175, -3.061688962635897e-07], [0.08830460406040445, -0.07695813992479501, -0.006037041172900251], [0.06293024600080369, -0.12620984746136352, -0.015926258327197858], [0.048224264531442886, -0.16461915585375878, -0.02693020234611699], [0.029655639496457227, -0.19346993614890187, -0.03663299138554158], [0.1026795945539542, -0.2054750281264459, -0.012290825134322992], [0.05757329278628852, -0.2348594932329771, -0.03363761252997234], [0.026570562653610432, -0.25563799739351195, -0.048656306055221754], [-0.00033956693556602804, -0.2718888055107302, -0.05978831252448423], [0.12139924253358728, -0.19521383849652182, -0.020853988178537577], [0.052681768739957675, -0.17340598447549965, -0.044102075386141054], [0.062078478157591495, -0.1320346549729333, -0.04686175958494387], [0.08053018851204073, -0.12434359345073989, -0.04645471930580964], [0.13058390963499897, -0.16998530108899193, -0.03152622248385547], [0.06127349183258659, -0.13283666855932302, -0.05080575253392291], [0.07388600036217151, -0.10061640638882044, -0.040481037728903914], [0.09245364752261269, -0.10078358382094245, -0.03174069726300697], [0.13270675792609063, -0.13544935376722889, -0.043964097287916816], [0.07752400658744149, -0.10519082527787166, -0.05806897927479399], [0.08462079419147164, -0.08199016498567481, -0.05260816600491103], [0.09997866594715565, -0.08251070716318527, -0.046407844889520634]], "right_hand": [[-0.13978813422729996, 0.030364217170123175, 3.061688962635897e-07], [-0.090230782223113, 0.002824531949219116, -0.012358270363998034], [-0.0551838172219026, -0.0557199564983973, -0.016172106988765388], [-0.03463159323095732, -0.10276111995472638, -0.020311754298944485], [-0.012479957635082466, -0.13135065128656978, -0.024611368438823333], [-0.07445428237494282, -0.13919445681260886, -0.008366350561251507], [-0.04729391468983736, -0.19815465928656892, -0.02199855121785396], [-0.029827647628828904, -0.23700432414382838, -0.033867166134599516], [-0.015832307148422875, -0.27052754547236, -0.042526915069914246], [-0.10538103165551585, -0.15194597998743514, -0.013112123629072783], [-0.09348108074899286, -0.2285445358847389, -0.024861667651911366], [-0.08428462048057492, -0.2750980137482516, -0.03478686936710216], [-0.0773327734415256, -0.31559909357871535, -0.04206787142250529], [-0.13480193236757387, -0.1464234139400691, -0.02024285937025727], [-0.12913065115948535, -0.21851209066825644, -0.032175452951417736], [-0.12083275980997778, -0.2628467711903744, -0.04007178500861284], [-0.11318574175726716, -0.30287551805836993, -0.04568203706638119], [-0.1643132082450315, -0.12617894662575838, -0.028955155616562096], [-0.16853783163078156, -0.18219609875570997, -0.04122653261130984], [-0.16929283878781878, -0.22154659183966344, -0.04616733664530907], [-0.16918634824992637, -0.2593519649133961, -0.0490527559530394]]}