{"label": "E", "timestamp": 1746068018943, "left_hand": [[0.20029012435258894, -0.07161428987624203, -3.153753684349667e-07], [0.13712820842165527, -0.07837444085834763, -0.0020489813660054114], [0.09232332164100301, -0.10566790568931758, -0.010702606580248233], [0.060842739608361306, -0.12618810823212392, -0.021492609630636206], [0.029945970896017388, -0.14136271603084627, -0.031565852278167834], [0.09154864996805112, -0.20540585100648906, -0.010771334377674392], [0.03681317353088243, -0.21673685301958356, -0.028820882689354087], [0.0015365081937279519, -0.22391277168133855, -0.040691567431705856], [-0.02921752498160338, -0.23085578456020575, -0.05023923070884324], [0.11127535434715556, -0.20696489575834054, -0.02121158103210688], [0.05509191905891268, -0.14483922926023057, -0.04419488859936953], [0.07405864795427312, -0.11693426368060222, -0.047777817126915235], [0.0925310373871603, -0.11870328143643051, -0.04846084773440208], [0.12773018753025747, -0.18726162843914934, -0.03259302165127876], [0.07726160074663736, -0.1113484150590265, -0.05166097595281929], [0.09801113107855375, -0.09114787864487285, -0.04138118671062067], [0.11403477999136662, -0.10172193086023675, -0.03276030786875118], [0.14052509327944912, -0.1551901731521786, -0.045035200849445234], [0.09738039561166738, -0.09919245735304329, -0.057578863597638176], [0.1127150525951456, -0.0824202152991082, -0.04984977869316149], [0.12723411910434798, -0.09170556540657883, -0.042122716916039006]], "right_hand": [[-0.20029012435258894, 0.07161428987624203, 3.153753684349667e-07], [-0.1453052929665073, 0.05002409910022458, -0.016460303961697526], [-0.09562155952940796, 0.0036442226826979007, -0.025059492717125792], [-0.05489532150818555, -0.023889712146193325, -0.03380756143344503], [-0.021478540560785277, -0.030333126632135398, -0.04347163257693682], [-0.11437740291231137, -0.09578654346397138, -0.0169766381803842], [-0.08061639014743541, -0.15479128687941343, -0.03273298064110644], [-0.061917362424116745, -0.19426340206146703, -0.04643567624114859], [-0.04764258404042396, -0.23002364886638052, -0.057022455548473565], [-0.14748152963832808, -0.1138580054867034, -0.022012973594831786], [-0.13305623538215972, -0.1972717984404941, -0.035835938713069844], [-0.12585884875773828, -0.2468192319267046, -0.04774844576020788], [-0.12195472925184268, -0.28860895055487124, -0.056677617393126156], [-0.17996109233639052, -0.11162975583150958, -0.029221017657934296], [-0.17261515893674031, -0.188687663073317, -0.04264986165871102], [-0.16585246253624247, -0.23736948621250648, -0.051692205354886056], [-0.16053539568885616, -0.28049626989801846, -0.05827585798621062], [-0.21273503507285085, -0.0934875984149409, -0.03835555472733874], [-0.21540738819734326, -0.1533329062209598, -0.0512069009270361], [-0.21538183795989685, -0.19387241619107015, -0.0556790869786003], [-0.21445295235378634, -0.23205763026880988, -0.058321357339971486]]}