{"label": "E", "timestamp": 1746080350501, "left_hand": [[0.14357592466488361, -0.03113067809590407, -2.9346139691730975e-07], [0.10169018785255363, -0.0802144991107994, -0.0028187258174233363], [0.07247678493071051, -0.13572143195477543, -0.012502529627524815], [0.047499954885396545, -0.17438181796188443, -0.023074191418590025], [0.018907575698466333, -0.1974100367731189, -0.03292225802361532], [0.1063602363887166, -0.2073523481395994, -0.01569032252581666], [0.05712059359592084, -0.2378957190085059, -0.0349662505854614], [0.02360778958256744, -0.25917376228328765, -0.04707661584854072], [-0.0040241374136076825, -0.27635165966264214, -0.05657688584533252], [0.1202378964134409, -0.19090614581049106, -0.024823742575266556], [0.04696864671957782, -0.17485072717381817, -0.04562452311962425], [0.05718170476651739, -0.14025813638498152, -0.04576525246762159], [0.07601541828864487, -0.1371260132850959, -0.044753113338517114], [0.12472816259779139, -0.16136642640810617, -0.0351083433252357], [0.05316304043188555, -0.1355486738754453, -0.05285310924985087], [0.06758098408171162, -0.10815525995378242, -0.04142881785063485], [0.08785962947719717, -0.11158013912123851, -0.03282450600388594], [0.12292460259047269, -0.124753732900814, -0.046426656013374076], [0.06669288189752487, -0.10364926720381865, -0.0602448877661174], [0.07712599479184247, -0.08411414105059122, -0.05469253694853264], [0.09538469356381653, -0.08714406098585845, -0.049096972221280344]], "right_hand": [[-0.14357592466488361, 0.03113067809590407, 2.9346139691730975e-07], [-0.09330671864485351, 0.006273104587846214, -0.01378465691321961], [-0.05677332136914002, -0.05373623082238037, -0.017955450404731628], [-0.03402183938184263, -0.10298219546041025, -0.02212457075356208], [-0.010354099584825022, -0.13167236812978936, -0.02652917495939675], [-0.07503317134132646, -0.1389375731582973, -0.010289715505718946], [-0.04601157008198786, -0.1987759846047864, -0.02433173862856355], [-0.027819133613764098, -0.23877605546922603, -0.03646719127593231], [-0.01330515254960973, -0.2734346549075289, -0.04538816122855974], [-0.10626072586188312, -0.15199120797336843, -0.014209946124732925], [-0.09376433048521145, -0.22869794150141987, -0.0263690971552874], [-0.08447578376815887, -0.2754925130905771, -0.036687080272432275], [-0.0774857936378835, -0.31575021866017544, -0.04429991605829566], [-0.13614551264996408, -0.14657553291320263, -0.020476366678295138], [-0.1298419305242916, -0.21767568726451209, -0.032931911520311566], [-0.12134689245532997, -0.26219821889551304, -0.041027746525792934], [-0.11382190641618263, -0.3018125791531989, -0.04675115301222423], [-0.1665943680302468, -0.12662492104264345, -0.02838796818707503], [-0.169942311902153, -0.18299978079928741, -0.04112320346204804], [-0.1705905937166711, -0.22255498107317742, -0.04614622169044974], [-0.17060403739372762, -0.2602194423134954, -0.04904609502545323]]}