{"label": "E", "timestamp": 1746068020544, "left_hand": [[0.1699797859757311, -0.06267560584302355, -2.9080136820958795e-07], [0.10669825641045333, -0.08498209992438606, 0.0010649171477553326], [0.05989282744762864, -0.12601553992865325, -0.006824560143116877], [0.024079546390181145, -0.15404845817213997, -0.017333583741296753], [-0.008343676730394751, -0.16571334735222165, -0.026930955797969985], [0.06860330542459073, -0.22210131258061233, -0.007321449057324228], [0.0065968948675359995, -0.23426233889052478, -0.024749735271051017], [-0.031130362580476106, -0.24400583523301303, -0.035904737923802374], [-0.06193357872959206, -0.2545210360652465, -0.044964461026630785], [0.0785641500178172, -0.21441001666018825, -0.01913528497381381], [0.007925087824809007, -0.15299773303933253, -0.04262630732176223], [0.028827463072441013, -0.1253921875558813, -0.04582839598809842], [0.051346577419560877, -0.12948138468360054, -0.04608073190710501], [0.08564898915885685, -0.18865920869665895, -0.03169328819914211], [0.025570113184591285, -0.11746150263120524, -0.05079836862673004], [0.0500213510410994, -0.09567021985437575, -0.0407745914245946], [0.06996505780466913, -0.10721340977399395, -0.03262985219459897], [0.0908082405344524, -0.15267632276622123, -0.045319120738238065], [0.04676733855441264, -0.09744024764339045, -0.058327505091688915], [0.0656525792685886, -0.07890682463514392, -0.05234878267220317], [0.08319034426321663, -0.0882034336913521, -0.046148201295719886]], "right_hand": [[-0.1699797859757311, 0.06267560584302355, 2.9080136820958795e-07], [-0.12231330751286093, 0.03247782671182555, -0.01239526426682015], [-0.08282292884212972, -0.018641703134867228, -0.021246230319560317], [-0.051077128628445226, -0.05004363514678129, -0.031200589867211], [-0.02215898790287846, -0.06287547909045013, -0.04270671493398285], [-0.10882948834616832, -0.10683716414566335, -0.020315053387873025], [-0.08817952723788265, -0.1710692041032717, -0.038395464746941464], [-0.07561998278215618, -0.21313255683587173, -0.052933754931601004], [-0.06545110684977143, -0.2515445145794223, -0.06418141681941862], [-0.1382687503574942, -0.1111532118468765, -0.028427018295510458], [-0.13582975904648034, -0.1889121558931355, -0.04500791966798987], [-0.13272993912880204, -0.23848945875658303, -0.0587661937275426], [-0.13116418810263727, -0.28169661303220217, -0.06940127447307777], [-0.16471920739260437, -0.09601133006490734, -0.03808747360767293], [-0.17046410314310972, -0.16652252807585935, -0.05413636078781965], [-0.17046739419147877, -0.21478355065007393, -0.06547461921137365], [-0.1699355654103218, -0.2586442329673135, -0.07392825056306983], [-0.18844588155079417, -0.06581730551001769, -0.04909775414662566], [-0.20206743804465008, -0.11739517178309126, -0.06540889094958077], [-0.20907625860364437, -0.15542291121775523, -0.0732774051893981], [-0.21427789960928897, -0.19221887150652078, -0.07852163861856523]]}