{"label": "E", "timestamp": 1746080342152, "left_hand": [[0.16562330170212478, -0.027678655582796148, -2.816595393671757e-07], [0.13599177358636436, -0.08127201715721509, -0.001970030752599006], [0.0969140181249242, -0.12582147539071117, -0.012180756879006792], [0.057203964703883545, -0.14631447818238327, -0.023197707138829616], [0.026314421671992185, -0.16040131589412251, -0.03343585938862141], [0.10321817765727158, -0.1957082769806373, -0.017667559090461773], [0.047508662443230106, -0.21590878628830054, -0.03793983619284697], [0.00999092573392734, -0.22965212774223814, -0.05075648764398161], [-0.019968729589782117, -0.2397305326633159, -0.060385202392626916], [0.11260967031888107, -0.17254743987735008, -0.026944106156719088], [0.04430997392665495, -0.13898645100776855, -0.04757220008763058], [0.062089356281694194, -0.11497048478605226, -0.04903241030387812], [0.08308211402601366, -0.12026871392230487, -0.04959947507374862], [0.11729385976624578, -0.1371610653452524, -0.03685340387733838], [0.05284778208026541, -0.09970243727937741, -0.053881581284761414], [0.07210271360535414, -0.08123614266486992, -0.04334009344872303], [0.09179560285913996, -0.09212942825267403, -0.0356106652149039], [0.11957602322111659, -0.09742966379230164, -0.047501880665344935], [0.06709300527442791, -0.07032516059929822, -0.060238243377424346], [0.08149874073859116, -0.05673843899281384, -0.054069230160409175], [0.09922976877229267, -0.0645601216538159, -0.048066106374439796]], "right_hand": [[-0.16562330170212478, 0.027678655582796148, 2.816595393671757e-07], [-0.11400111105945017, 0.005431012911610734, -0.009737229059701893], [-0.07281362244918752, -0.04612613013364606, -0.012942023939548679], [-0.045693750206331506, -0.08337508904683255, -0.01719481408924836], [-0.019493894167052366, -0.0997645153998002, -0.022027525038443917], [-0.08809240421391866, -0.13160316748420606, -0.006791263350236606], [-0.05838862551262416, -0.18654928634212392, -0.019641132690247688], [-0.039399401986487934, -0.22192105425765152, -0.031191837661909527], [-0.024539517118391276, -0.25213999708951346, -0.03959079517795667], [-0.11773789689716913, -0.14710913430308953, -0.013003392294777564], [-0.10032981955070915, -0.22270431400718774, -0.02385071619726865], [-0.08959407675591077, -0.26812394938442546, -0.033799555112400945], [-0.08260384765351265, -0.3061118265325604, -0.04115045779349499], [-0.1476291539298245, -0.14483716337736377, -0.021252057658015397], [-0.13625541498984062, -0.21603852033052864, -0.03229697467288164], [-0.12668669671811653, -0.2589661023958358, -0.04015138428093432], [-0.11914492739196204, -0.29555585748016294, -0.045804674082441266], [-0.17965917676813878, -0.12894524480526348, -0.030819083026891823], [-0.1803187216855719, -0.185303390102378, -0.04184615057573313], [-0.1796238640687386, -0.22370623159653247, -0.04578341623868304], [-0.1788653232087825, -0.25924091946611083, -0.04808430946905957]]}