{"label": "E", "timestamp": 1746080569251, "left_hand": [[0.17684990300287887, 0.05253312170457041, -2.828817069043805e-07], [0.15164226009895052, -0.013812606633001556, -0.0027400669017565186], [0.11842816962470937, -0.08206034154587845, -0.0140497041091778], [0.07897818391516447, -0.1290137711776231, -0.02636576648308445], [0.04382030517988248, -0.16110949665268787, -0.038382086381337534], [0.14906311679673956, -0.14395905453242022, -0.02077292418005361], [0.10979221986695428, -0.19803536442937544, -0.040887748600250164], [0.08064928045836042, -0.23205114633886928, -0.0517332734647467], [0.054816749295475954, -0.2594111227992575, -0.0602557120374299], [0.1570787922240247, -0.11855309814670652, -0.030102551918749346], [0.07405217443277336, -0.11220027400152631, -0.054275435916533166], [0.08210377869206657, -0.07985492645104755, -0.05425869440518577], [0.10257026830397116, -0.07640917630307707, -0.0529288470033364], [0.15354123344349138, -0.08013389823822083, -0.0399768795481739], [0.07499162153843035, -0.07033370052578795, -0.06225990858439156], [0.08880640697099483, -0.04203305939528111, -0.050590012476447], [0.1108603015899434, -0.04111078635676709, -0.04035427913962137], [0.1436434169663279, -0.03960681655651475, -0.05019342823443636], [0.08019728635295564, -0.03805640842048027, -0.06764763666729545], [0.0889052646609671, -0.01736093124666929, -0.06210776642863799], [0.10712878692675055, -0.016270121653729763, -0.05519789586187244]], "right_hand": [[-0.17684990300287887, -0.05253312170457041, 2.828817069043805e-07], [-0.12009740778004284, -0.04389076371280676, -0.0103378981031832], [-0.06633403331050632, -0.074634864470783, -0.009750508026042885], [-0.03412659095589209, -0.1017381057160077, -0.009480559165858563], [-0.011006152590116463, -0.11095434242401923, -0.009173399159340076], [-0.055848624496316626, -0.16452640974761978, -0.0016152612936393177], [-0.009819176765488264, -0.19998116060373897, -0.011296210115227317], [0.018321429401044455, -0.2247180973589575, -0.021048515623787355], [0.041034774021035385, -0.2465475756229258, -0.02837693198453043], [-0.08044748516943041, -0.19781099079595524, -0.005136156329415036], [-0.042372535591885335, -0.2609292761574488, -0.01325453839222385], [-0.017816481921948825, -0.29586970215203984, -0.021768735708962275], [0.0026166421515511217, -0.32528366713763635, -0.028169724407960683], [-0.10897591765816206, -0.2138448622225689, -0.01097131398604135], [-0.07957899857502836, -0.27431953744772525, -0.019558419650163576], [-0.05788678468352373, -0.30714887755209164, -0.026713987249012874], [-0.038919394614024966, -0.33510285458351463, -0.031929235043478485], [-0.14243625520457268, -0.2177486942982523, -0.018335559050136112], [-0.125375464278085, -0.26864395683335124, -0.02722230172106051], [-0.11219148404054455, -0.30231153666759913, -0.0306909986869767], [-0.09867034525103298, -0.3333703457977365, -0.032806089723456736]]}