{"label": "E", "timestamp": 1746080343097, "left_hand": [[0.16466722181709756, -0.026821375714363098, -3.0841916635789805e-07], [0.13459739669721654, -0.08068523931773791, -0.002416272891620993], [0.09862072912309024, -0.12882947460323868, -0.013273808746127047], [0.06129799548503549, -0.1552811113397206, -0.025178045726680656], [0.032649821503881925, -0.17709137939792968, -0.03608570819973056], [0.11227849910569913, -0.2033353360077557, -0.016303890506033317], [0.05757755662978687, -0.23043584398572986, -0.03694809138161516], [0.02015817582984401, -0.24691184044022152, -0.0499366508030181], [-0.00990747661240615, -0.2586375414603814, -0.059439804887940664], [0.12135669577875885, -0.18226375110956972, -0.025633334530941174], [0.05110303131880983, -0.15473564302389983, -0.04721601531296374], [0.06703602332427228, -0.12808002196094928, -0.049302170331879], [0.08824932030275966, -0.13059348400663146, -0.049974199934222474], [0.12452967932883864, -0.14857780407521157, -0.03581521437231006], [0.05756551547433782, -0.1143969377340465, -0.053005789322296555], [0.07501859407082904, -0.09311024136904295, -0.0426857789489261], [0.09441741211648373, -0.1017925900241884, -0.03515967429781855], [0.12431738938689527, -0.10982690197336784, -0.04694994253684261], [0.07010504759166322, -0.08388214621956797, -0.05924432487588162], [0.08303987136988542, -0.06734816941590081, -0.053116285799940426], [0.10046036334106898, -0.0731127036930403, -0.04726609241200743]], "right_hand": [[-0.16466722181709756, 0.026821375714363098, 3.0841916635789805e-07], [-0.11423540543499852, 0.004635566669376637, -0.010240373941695979], [-0.0747089217809388, -0.04680659405640796, -0.014018894979324155], [-0.04653973145202099, -0.08337057594202454, -0.018478344847838283], [-0.019988864467498497, -0.09778316343816251, -0.02346714358108732], [-0.08812545138680355, -0.13145007511456655, -0.0099452464138333], [-0.05517669727045748, -0.1868900186687976, -0.023101875329239237], [-0.0349020341900853, -0.22411892666983843, -0.03432757531733458], [-0.01913676395548994, -0.2557484589483479, -0.04269256451754961], [-0.11893000555790507, -0.14647302599863193, -0.015834482900586717], [-0.10221787528929369, -0.22199523245466554, -0.0271355878925714], [-0.09124399142874737, -0.2670705229523493, -0.03662198420608003], [-0.08371481191162375, -0.3050338818261019, -0.043634988597846175], [-0.14923065923034656, -0.14338293964415189, -0.023547937051714846], [-0.13970497268621737, -0.21419550446791435, -0.03470881896354082], [-0.13042907057302883, -0.2574426852858379, -0.042025010608712575], [-0.12273840843159092, -0.2948034896398009, -0.047352168790564024], [-0.18021851316880375, -0.12602623003104002, -0.032609316343680174], [-0.1822028399511059, -0.1815856711246615, -0.044180605937868066], [-0.18165606022231542, -0.21995610450614475, -0.048310637809845916], [-0.18056204375718438, -0.2560061913366807, -0.050626518602233495]]}