{"label": "E", "timestamp": 1746080570345, "left_hand": [[0.15188023019260585, 0.019448594867976506, -2.600528535545177e-07], [0.09822774359369783, -0.027537374265479697, -0.009186791684946781], [0.07118189090687049, -0.0758818853344994, -0.022546858612973394], [0.05765985880622737, -0.11663103105192688, -0.03774368264480372], [0.05152493747335483, -0.14945627078312917, -0.051759963244640786], [0.11139370070091234, -0.16355036870080503, -0.01498534450951535], [0.07782790317763007, -0.2096400154293568, -0.03925701176504711], [0.053863444707384835, -0.24090960548129065, -0.05499923810199862], [0.032160796556336954, -0.26727531375390917, -0.0665628837342137], [0.1366711571144533, -0.15595051133901652, -0.02383509071070206], [0.06725766248086919, -0.1403913942070507, -0.05293166563110306], [0.07230963502225697, -0.0915644079688017, -0.05636927521643243], [0.09004604613343101, -0.0793680595809901, -0.054440455949377305], [0.15137005429383288, -0.1316007798090669, -0.035203931794254927], [0.07898155953701912, -0.09629532655921699, -0.05918248498630814], [0.08841261812946782, -0.058026810287307155, -0.04654602878006517], [0.10700325984629973, -0.055473560010283106, -0.03453069176608854], [0.15677469122831508, -0.09652612437939401, -0.0487342512377833], [0.09785274392768306, -0.06756588508790141, -0.06405362812186656], [0.10288258915958551, -0.04008705252937777, -0.05608411055525724], [0.11861273542050571, -0.039393536066297655, -0.047220901321196405]], "right_hand": [[-0.15188023019260585, -0.019448594867976506, 2.600528535545177e-07], [-0.0971484341623258, -0.028531356299466053, -0.008168619604154046], [-0.053442152380736255, -0.0778728856686233, -0.007396754866590129], [-0.030317346279354507, -0.11727829644706017, -0.007463333060537953], [-0.007140216577723586, -0.13097456031355686, -0.007571106861304576], [-0.058026789490963654, -0.16581226220537637, -0.001612063454850887], [-0.021005887458381573, -0.2143298820377006, -0.012221453268252887], [0.0020638291290653254, -0.24431032755233464, -0.022188690987479956], [0.020554523619030166, -0.2713397303314525, -0.029579940227607286], [-0.08613462825502649, -0.189947916175324, -0.007051727280760818], [-0.05752287329158455, -0.26287137607236427, -0.017141448314467247], [-0.038826502964392225, -0.30435542297643936, -0.02582890375028451], [-0.024215678299740487, -0.3388526055397692, -0.03163939692545147], [-0.11520747974657843, -0.19617350956586205, -0.014597449810758325], [-0.09455265536284167, -0.2643310298300309, -0.025205247404111012], [-0.07788993867029434, -0.3039390801795441, -0.03215179283389321], [-0.06364346594378473, -0.3379645392832348, -0.03649315431784284], [-0.1480799271775286, -0.18821687013496588, -0.02336345823506573], [-0.1388912707649306, -0.24546941175737752, -0.033742229596753416], [-0.13145023507846126, -0.2839080837118147, -0.03710171511817736], [-0.12401943119299452, -0.31877785356531313, -0.038686609655494475]]}