{"label": "E", "timestamp": 1746068031215, "left_hand": [[0.1884200040203855, -0.0804001817435643, -3.6476662510995895e-07], [0.12053780670285605, -0.11217547995158927, 0.001910624317208043], [0.07766755288643844, -0.15717018149346162, -0.006524324138447859], [0.04670052572791021, -0.18794493304023333, -0.017789987904181306], [0.0194301992367615, -0.20536903974004653, -0.027907242169257978], [0.11199293582037223, -0.2702056476691852, -0.0019132874741517203], [0.04041826047290434, -0.2606279779118895, -0.02332822868897528], [-0.00040901339903375803, -0.2488423541335372, -0.04129006945918512], [-0.0327994576637045, -0.2387009137417955, -0.05395574609002858], [0.11968012594169247, -0.2615465471635109, -0.014185756019702343], [0.038180456773384885, -0.22082702335041404, -0.03597455156488048], [0.05359609266918528, -0.1845329934517824, -0.04250045875333089], [0.07368657650075576, -0.17577354463680442, -0.04578736337766817], [0.12231029517079409, -0.23555330154994333, -0.027809011245682632], [0.047387019796491375, -0.18302456543209916, -0.04467925170131211], [0.06757297406308017, -0.15074786542999344, -0.037037451898979515], [0.08820987688673823, -0.15077458453242232, -0.031124806961247493], [0.12156813023847829, -0.1962712703011259, -0.04263316544882995], [0.06709241850786085, -0.1505445721320401, -0.05424696853228293], [0.08039925955837601, -0.12538160867233167, -0.049793778727130186], [0.09656419518768575, -0.12722209616388977, -0.045171240532763765]], "right_hand": [[-0.1884200040203855, 0.0804001817435643, 3.6476662510995895e-07], [-0.1345633454994484, 0.05777854225047602, -0.01288033008159721], [-0.08872562108729985, 0.005065563239225848, -0.017879790237146004], [-0.05738015824913876, -0.034181716188812175, -0.02326335265762934], [-0.030054063822130335, -0.05537809420538137, -0.02918513299238277], [-0.10825405731464452, -0.08635288713391616, -0.011001481657984175], [-0.07820436173814288, -0.14355535485809198, -0.025396920612585944], [-0.06041980196986827, -0.18212669681115154, -0.037782607866149405], [-0.046866519061800734, -0.2154367538527883, -0.046956160299720134], [-0.1402480832885109, -0.1009535054675266, -0.017009473415450237], [-0.12329914464097497, -0.18141790042183276, -0.030192037877828936], [-0.11209949674568119, -0.23032019182282565, -0.04166124596396419], [-0.1048297410302456, -0.27206739395613627, -0.04987661461836829], [-0.17139685373322425, -0.09626254355899287, -0.02516333322784718], [-0.16189210940989657, -0.17098803447844066, -0.03853336671503888], [-0.15169812873045416, -0.21777325563548505, -0.04757888708263404], [-0.14277406985936808, -0.2587743371473828, -0.05378876383386378], [-0.20336214635806632, -0.07734677804910438, -0.03482630663181076], [-0.20476670720391163, -0.13582055085941894, -0.04786291102011277], [-0.20301174025455093, -0.17612060175200447, -0.05289786013789082], [-0.2003748245127561, -0.21427924156527714, -0.05581201386892035]]}