{"label": "E", "timestamp": 1746068027071, "left_hand": [[0.14445998020539685, -0.009803413675205796, -2.6484293251388047e-07], [0.09164573763639008, -0.04809429539817572, -0.0018721967478530245], [0.055091462152368334, -0.09236672657740341, -0.011825334864848214], [0.026451478501142496, -0.1211921756316679, -0.024068875415023002], [-8.485243102429531e-05, -0.13479316532667557, -0.03576610728364545], [0.08211578943870274, -0.18371000023380188, -0.012241130752022843], [0.037488634468636824, -0.22231455244041357, -0.031738287284093315], [0.009425986668805439, -0.2510713114314679, -0.04385649414117891], [-0.01480095621035863, -0.27637930240975916, -0.05381262991418659], [0.09875298261667605, -0.170848952311678, -0.02347709054074497], [0.0265804202642565, -0.143718944570603, -0.04825967899419379], [0.03845596557654126, -0.10816637871165942, -0.05015876837421281], [0.05738758992017547, -0.10657608208411173, -0.04914720841101585], [0.10660476805461061, -0.14097812845078217, -0.035877178914942846], [0.038350954833174175, -0.10142729639710686, -0.057380997216403114], [0.05368792570318141, -0.0744736459843907, -0.04617722264010648], [0.07270665717279742, -0.08184453400871688, -0.03624263204007757], [0.10799013300186283, -0.10266572666901, -0.04922558696542951], [0.05297570998116113, -0.07302974826309329, -0.06414974216387426], [0.06420391227980671, -0.05312695313301316, -0.05738918443794433], [0.08124212862824054, -0.05983897910807573, -0.050131672968226036]], "right_hand": [[-0.14445998020539685, 0.009803413675205796, 2.6484293251388047e-07], [-0.09465968437804259, -0.011071579132092975, -0.016105503505172668], [-0.052685992840978725, -0.05847419662370285, -0.02292011949603347], [-0.02625471729960392, -0.09922019559455227, -0.029125581369097733], [-0.0014644801841767483, -0.12252878559092827, -0.03566505899923833], [-0.07707543002306988, -0.14711554206736926, -0.015365179438713161], [-0.05219513905161745, -0.20553104965103977, -0.029338253796685396], [-0.03860080182292001, -0.24435609316552492, -0.04083697484280596], [-0.028739502761330103, -0.27780297484757643, -0.04941242527678385], [-0.10864216399511661, -0.1586594016600647, -0.019119204685988208], [-0.09617472777091968, -0.2355107016101317, -0.031981822244143775], [-0.0877790474028415, -0.2819669276361157, -0.04288250219557206], [-0.08223385955385336, -0.32095696570932236, -0.05073352583681924], [-0.13833904148859824, -0.15288546272959644, -0.025003382294233056], [-0.1315495522313325, -0.22408131801488235, -0.038468964720908265], [-0.1234457097561195, -0.26832709468144417, -0.04748257940193617], [-0.11645280683100492, -0.30679687863599225, -0.05361571802758897], [-0.16827009472568547, -0.13399571767051932, -0.032491369352218274], [-0.17249827283494476, -0.18893647244013445, -0.046139180243626794], [-0.17299910532377138, -0.22624100325219212, -0.0517251004964449], [-0.17223317874959523, -0.262064400390585, -0.05487045019050907]]}