{"label": "E", "timestamp": 1746080350937, "left_hand": [[0.13247494482904687, -0.026706174725315092, -2.904009357508014e-07], [0.08350596816481662, -0.0648556458237879, -0.007850829259815159], [0.058145215773160355, -0.11415086251839879, -0.01813443480234314], [0.046210642826258974, -0.15407613386376545, -0.029771437415814974], [0.03200158117935821, -0.1869484250822459, -0.039964563394408244], [0.09746216543137799, -0.199767534450087, -0.010650310395407937], [0.056802629118940746, -0.23579529152290005, -0.03207030318078674], [0.028265094386132866, -0.26120841598033734, -0.04672065766221231], [0.0034661194260024526, -0.2808485273405259, -0.05762222681312051], [0.11861203163783111, -0.19588218426450715, -0.018484042298033757], [0.05287402015460526, -0.17867903625798073, -0.043190759894339646], [0.06021045088695467, -0.13140102413438662, -0.04612466629152144], [0.07794408606912583, -0.11959681421605, -0.04456013394105499], [0.13066351280326838, -0.17574975984084884, -0.02878187329536926], [0.06356284978923914, -0.13807331918565904, -0.048947502058530185], [0.07378870097529185, -0.10025329536879468, -0.03786781801512114], [0.09139224691863719, -0.09695326853229125, -0.027985289383519178], [0.1344863998155455, -0.14455298359916324, -0.04124301969137898], [0.08115802558913629, -0.11064901353146207, -0.05600092220463973], [0.0862039704781671, -0.08231760335927113, -0.050478852070455195], [0.10067567471037009, -0.08010647742743104, -0.043770108760183744]], "right_hand": [[-0.13247494482904687, 0.026706174725315092, 2.904009357508014e-07], [-0.08356510674843196, -0.0023582488037111765, -0.009857227080934556], [-0.05013457780862222, -0.06397603761814946, -0.012115844532003598], [-0.031390286917900474, -0.10981770965834013, -0.015155732003675277], [-0.011165908254771489, -0.13721354117968526, -0.01851781132887297], [-0.0695593926519387, -0.1449143078289506, -0.006315311899162545], [-0.0445569332465313, -0.20338891221448963, -0.01940119147707582], [-0.02792385458933921, -0.24139538684358566, -0.031116114161345392], [-0.0144890507678071, -0.27440770195713415, -0.03969587054478524], [-0.0994788615357367, -0.15657978457527424, -0.01193733362220175], [-0.08925551357015449, -0.23235727465796083, -0.023003663082182782], [-0.08075885970614269, -0.2785883148197723, -0.03257508345558412], [-0.07443343669772254, -0.3186270915683478, -0.03965423739260465], [-0.12767728812043283, -0.14974802655746763, -0.019763945769338993], [-0.12326499046940485, -0.2207255131623491, -0.03111405584920071], [-0.11638348094474722, -0.26483730340615147, -0.03890458886457627], [-0.11030092899119441, -0.30455461188836813, -0.04451408348478243], [-0.15564193738087706, -0.12767893085886658, -0.028965045964387152], [-0.16007619688025163, -0.18268023861596044, -0.04082413850262903], [-0.16140857508849002, -0.22191157031152334, -0.04575970945859039], [-0.1622746893712797, -0.2597943702042492, -0.048738052908225866]]}