{"label": "E", "timestamp": 1746068020460, "left_hand": [[0.17253922151767567, -0.06307222495412493, -3.0771697807981306e-07], [0.1056621611013743, -0.08261144554454784, 0.0007664769545879301], [0.05939108117005899, -0.11999298285605028, -0.007628242751271598], [0.024800135273074866, -0.14796369887740562, -0.018975557028491238], [-0.00728898708524861, -0.16182716654509094, -0.02970831003440431], [0.06919630247491317, -0.219684226109756, -0.007036134660331521], [0.008703820350327313, -0.23124999845812694, -0.023432282390840158], [-0.028521462686698727, -0.24031750374999347, -0.034163098384150256], [-0.05993429917837026, -0.25143391226851486, -0.043183081915256556], [0.08289356233689248, -0.21531596535428946, -0.018916530105690537], [0.017865503137215258, -0.152261453528826, -0.041803677794255756], [0.038234631148209276, -0.12313954580275592, -0.045715352058870326], [0.0597513481936818, -0.1256579508621192, -0.04650596208366758], [0.09264927002003849, -0.19109782298264527, -0.03137250408287694], [0.0351160119898744, -0.11702590678803675, -0.05030920405708568], [0.057492935836366305, -0.09391870320942942, -0.04044354853636978], [0.07629351665220256, -0.10360845431440449, -0.03214385656508935], [0.09917906363512195, -0.1556775701101294, -0.04478933013067485], [0.05386694061976263, -0.10101273040920215, -0.05691833724650608], [0.07095274277931422, -0.08190356703120898, -0.04961122133987645], [0.08797134128253617, -0.08921209167427713, -0.04229513339871621]], "right_hand": [[-0.17253922151767567, 0.06307222495412493, 3.0771697807981306e-07], [-0.124412650944503, 0.03302609374822249, -0.01342826181636412], [-0.08406228241794886, -0.01708099859923661, -0.02235340245542222], [-0.05238975344674921, -0.04778429380669102, -0.032123502055605664], [-0.0236029402407283, -0.06005452675048439, -0.04324825329606832], [-0.10902183584897682, -0.10494513734820501, -0.019868590563958753], [-0.08631217307451328, -0.16909839431359813, -0.03725963964026825], [-0.07368315112565554, -0.21139365051075604, -0.051254420019256064], [-0.06426572494007536, -0.24931325585965514, -0.06198671114436961], [-0.13969210657926578, -0.11075555161804165, -0.02714520068715782], [-0.13592223549361276, -0.19008417938002653, -0.04315369186263233], [-0.13253953598815435, -0.24002811233505644, -0.05658188595160833], [-0.1311382358305015, -0.28239424414090014, -0.06675492025764741], [-0.1674468009506873, -0.09732890771649902, -0.03605230055086231], [-0.17135555959275492, -0.1685447377992178, -0.051514124045804154], [-0.17112498869763634, -0.21723415631468115, -0.0626313466292347], [-0.1708325488694225, -0.2608171130868509, -0.07072624642751954], [-0.19279703625598624, -0.06888845892203548, -0.046384522074454725], [-0.20479309675718665, -0.12146190236275237, -0.06193579455973292], [-0.2116660678063108, -0.16000525463735843, -0.06914274006796743], [-0.2172234175860924, -0.19711765400698264, -0.07372803861112673]]}