{"label": "E", "timestamp": 1746068028872, "left_hand": [[0.12680769806199166, -0.013075942697271237, -1.624270982727817e-07], [0.12361327675926881, -0.09466510747803786, 0.011339918002004862], [0.09384574476562695, -0.1555306091420414, 0.011996777336930633], [0.06240560379788323, -0.18526450891414573, 0.009392034463972862], [0.03265575613812049, -0.18622997301284866, 0.004891783826314397], [0.07938699682929617, -0.1943788866467751, -0.005531217477387394], [0.02698593935589948, -0.24420278375295063, -0.013928167674154359], [-0.002780770110585214, -0.27120744702566396, -0.01700404510634738], [-0.025516928701173384, -0.29186475961841546, -0.019164708280347175], [0.05593903237608514, -0.1687752612984385, -0.01579652383167691], [-0.00334015712138946, -0.18155111867120283, -0.024417055402343287], [0.0041698356952298635, -0.15598213085537366, -0.019939341794591454], [0.023607089186158225, -0.1439891822483741, -0.015025183282058383], [0.035368770574133956, -0.12966478041438081, -0.024567909167765623], [-0.004336214660743751, -0.1305830862894061, -0.02971550688509693], [0.0055576217931855845, -0.10913372574025465, -0.02029918457386578], [0.022121742228171704, -0.10187263878058511, -0.013539300824620577], [0.01793014383524176, -0.08706194061289263, -0.03278746303330803], [-0.0029143622296953077, -0.08958568241085103, -0.03427811357786005], [0.009220358072032862, -0.07254058922071072, -0.025992960315536388], [0.022868231319255163, -0.0642334761968889, -0.018759199535866102]], "right_hand": [[-0.12680769806199166, 0.013075942697271237, 1.624270982727817e-07], [-0.0762606853447822, -0.011463972253033963, -0.015305482258840087], [-0.0346028378549741, -0.06130422851044651, -0.02218468099782495], [-0.00938753671672733, -0.10389459331671763, -0.028794527796810836], [0.012687629911169715, -0.13245488392340224, -0.03583898166646116], [-0.05871695791358515, -0.14758888095981504, -0.014960707720125555], [-0.03655848756304822, -0.20896398389363757, -0.02984859063672794], [-0.02748672130675548, -0.2486321381902554, -0.04192121870608112], [-0.02238230055318137, -0.28226207493014716, -0.050592639860601675], [-0.09060663282069796, -0.1577176174610457, -0.019387975851568137], [-0.07948435205753769, -0.23670905869566197, -0.033085400648015684], [-0.07342433753114665, -0.2849856222833677, -0.04463798306625209], [-0.07072046228576838, -0.32427223821894235, -0.052956063118836154], [-0.12089059762915862, -0.15058726662341276, -0.02597711238777553], [-0.11577317637690591, -0.22486133182785578, -0.039800409543243494], [-0.110284978160583, -0.2701445134588366, -0.049391841603042226], [-0.10600091400640138, -0.30791468634028846, -0.05603540487547933], [-0.15141851028364944, -0.13024457066827816, -0.03405981829754406], [-0.15683023632233228, -0.18625912703097497, -0.04804871187532777], [-0.15902649807185473, -0.22484120276048175, -0.054053125850691885], [-0.16041446695362316, -0.2605164218206024, -0.05752971966427665]]}