{"label": "E", "timestamp": 1746080352101, "left_hand": [[0.13642028125062805, -0.01515592267538261, -2.673398421505683e-07], [0.1252025368527417, -0.0762820753720268, -0.0024953669378677684], [0.09110353607383304, -0.13400379884557811, -0.012396613586148799], [0.047075848890547056, -0.16611783332528396, -0.022354610922548857], [0.013200588550566113, -0.18219926498476927, -0.03237735076348245], [0.10882599054191056, -0.18536359961224283, -0.020921500065515068], [0.05074217825151462, -0.21969237629266783, -0.03816218590073304], [0.015460032112908834, -0.24109077792338626, -0.04738787963183778], [-0.011396413559741523, -0.2593238714649233, -0.05460813273036971], [0.10561816164533112, -0.1607677656559846, -0.028509307968381078], [0.031229761333546838, -0.1522178904145783, -0.049058914264882396], [0.03907157946714558, -0.12306703443503997, -0.05009491115282384], [0.05857683170694373, -0.11605725349235806, -0.04995084855468202], [0.09625727598589716, -0.1265780382459061, -0.03609476009391414], [0.02932878531049559, -0.1116877343321221, -0.05443497336178084], [0.040216915574110536, -0.08603748559241027, -0.04645983964729472], [0.0589759510071542, -0.08548802486604247, -0.039662670042565774], [0.08452250660574794, -0.09026916257481743, -0.04390368982371383], [0.03451414325883005, -0.07778973392664625, -0.05787989859191944], [0.04471212811006155, -0.05925136279353358, -0.054571798272124945], [0.06097688207836547, -0.06000965052546517, -0.050400130336697]], "right_hand": [[-0.13642028125062805, 0.01515592267538261, 2.673398421505683e-07], [-0.08813823542714247, -0.015659319193735876, -0.010953966454859675], [-0.05262767623341136, -0.07437716656367592, -0.01350718859235427], [-0.03342314578439619, -0.12049024235594454, -0.016771440546346685], [-0.013188634440793955, -0.14866927204332162, -0.020106615269890223], [-0.07496982952063723, -0.1518448598881377, -0.0021046601720536525], [-0.04781268152643806, -0.2049001973190331, -0.014664666200470146], [-0.029735770181305334, -0.2390218213480318, -0.027309448271160535], [-0.014845115821306513, -0.2695764869871982, -0.03639612436942428], [-0.1043362293915234, -0.16598369030194493, -0.006647453995249491], [-0.0935737925036235, -0.23868827442846077, -0.01660746092166265], [-0.0849479677797723, -0.283731671557697, -0.02692522780238841], [-0.07841327508897994, -0.32356500428045404, -0.03467723679247698], [-0.1323477068497487, -0.16250298061942647, -0.013768678659484543], [-0.12802680236720182, -0.2308534262806901, -0.024090604655357003], [-0.12093667189515557, -0.27253333798626483, -0.03196408949831147], [-0.11477060968388443, -0.31017151455786424, -0.037625540797748824], [-0.16043879400644037, -0.14390674692240038, -0.02249806267346902], [-0.1643346461688802, -0.1977116109298569, -0.032680630324902746], [-0.16613114054683, -0.23491961477276607, -0.03639580312706069], [-0.16769665193074582, -0.27073229754213946, -0.038658388537065436]]}