{"label": "E", "timestamp": 1746068030751, "left_hand": [[0.16404619506275425, -0.043419537566475694, -1.9667200309359342e-07], [0.14829980607174192, -0.12510123138080706, 0.013652418890791293], [0.10638585819025642, -0.18076455805535105, 0.01594599454401602], [0.06256699873144107, -0.1933815976264244, 0.013922404629932815], [0.028593333309192455, -0.17836169632136342, 0.011049063798926466], [0.0923902623272164, -0.2338957030489549, 0.011730267551348079], [0.026451845904736256, -0.24536364319347095, 0.007394429442483501], [-0.007225038961163121, -0.247822843730451, 0.0035011246016664003], [-0.031133859733337297, -0.25028327004891876, 0.0008417959919024212], [0.0728438092880042, -0.20427252470832594, 0.0010788579143167724], [0.007527759843183535, -0.18909244676463166, -0.0015256675263092233], [-0.008085490420087677, -0.1783945802670431, -0.0036656595362822286], [-0.01856153761384411, -0.18281071737641755, -0.005446553187247135], [0.05696729887752819, -0.16408485432505868, -0.008537956419689404], [0.01267665498227331, -0.1334574309279094, -0.011460755029122907], [0.03178149666782015, -0.1121355276946454, -0.010240236151366293], [0.051198158305661504, -0.1093731348212266, -0.008997950075785103], [0.043017056929533115, -0.11960779735278952, -0.01745827622435955], [0.0174556941301701, -0.09906544400026177, -0.018454842467041026], [0.03313211928549977, -0.07973392703037382, -0.014655565158401766], [0.04821055165659849, -0.07389194675087257, -0.010593949248616072]], "right_hand": [[-0.16404619506275425, 0.043419537566475694, 1.9667200309359342e-07], [-0.1116991730577446, 0.022161563552339485, -0.009725488221112324], [-0.06897439429486553, -0.030038623974076088, -0.012300544998163418], [-0.04041458139481752, -0.06847550122937104, -0.015867021798260723], [-0.015241013427265578, -0.08802497157686066, -0.019894085255714306], [-0.08560433601130138, -0.11839950682400877, -0.004671514167652663], [-0.05923718689282111, -0.1736500515825693, -0.015867656788430433], [-0.04518876456220534, -0.20879636557957165, -0.026117422067626087], [-0.034670852216099717, -0.23862804463671447, -0.03401303422072463], [-0.11573076837079455, -0.1315037238182807, -0.01107544785601614], [-0.10085494353598032, -0.20832158740757561, -0.022435243723438743], [-0.09063270382834082, -0.25460405550218257, -0.033046387654067484], [-0.08375458460091813, -0.29416025983751626, -0.04060790658019475], [-0.14489637662569713, -0.12691364360125726, -0.019595053504517453], [-0.1372251532030107, -0.19756936221555169, -0.03176518080630919], [-0.12792316894726305, -0.2416585300651261, -0.04087778476879709], [-0.11922540067406852, -0.28113416284036435, -0.04711838270560059], [-0.17483007841897016, -0.10885283772513918, -0.029362828832411418], [-0.17555578820513124, -0.16410357106546705, -0.04141260855414981], [-0.17343773208526686, -0.2023640772228585, -0.04668945347578877], [-0.17034284598330907, -0.2389941525652816, -0.04997524915127584]]}