{"label": "E", "timestamp": 1746080571009, "left_hand": [[0.1178630652477974, -0.05536607956853235, -2.1671999623901158e-07], [0.09540837674412249, -0.113499087972664, -0.0003048166029977026], [0.05439221423629433, -0.160444134051919, -0.010802046203753322], [0.007566000469136629, -0.17689733310720285, -0.022742763350616212], [-0.02611006154520418, -0.17330939615455024, -0.03519498070912642], [0.05408523076337626, -0.21794486801115193, -0.01927701075072735], [-0.002332156938826579, -0.24558012106206945, -0.03666719228893029], [-0.03879591015702179, -0.26267408258454467, -0.04609315144692346], [-0.06690399597918367, -0.27486633605686284, -0.053646206641864966], [0.05839623071309722, -0.1957224350978577, -0.028861631433267122], [-0.018240624681092863, -0.16267735768189076, -0.04788867502047128], [-0.004221199586421223, -0.13369200979101045, -0.045711299664628606], [0.016975347652128096, -0.13775648262267237, -0.04336837146712058], [0.05795764128669042, -0.15977690892699165, -0.03877769326325392], [-0.007812049095742891, -0.12069301972931736, -0.05353114505045526], [0.009968110777960972, -0.10139346225727396, -0.04256242542884151], [0.030328421388873077, -0.1120055289127742, -0.035001610350774606], [0.05523494170450829, -0.11928113708001824, -0.049300443247901254], [0.005999294628901199, -0.09081447392394365, -0.06039406474167087], [0.021119333280855135, -0.07635371327800582, -0.05493617799058805], [0.03909155546290676, -0.08371644849760694, -0.04985975814824026]], "right_hand": [[-0.1178630652477974, 0.05536607956853235, 2.1671999623901158e-07], [-0.07372251998517244, 0.008389120189775005, -0.01322526929780701], [-0.05331105239676606, -0.0616684361208365, -0.016047137533824814], [-0.0518901824297453, -0.1139363043366411, -0.019546565269951077], [-0.04734185071944903, -0.14582601212994756, -0.023235630350948416], [-0.09959151545607206, -0.13815621022152355, -0.008494296879887953], [-0.09312811532394555, -0.2067258661537737, -0.021627099416796292], [-0.08798200216130259, -0.24982995732174032, -0.032962888295360954], [-0.08536246949713351, -0.28764049754768134, -0.041604547952318965], [-0.1322614763770413, -0.13671033387510134, -0.013200418948227134], [-0.1392337417672036, -0.21578250272414295, -0.025270282628516473], [-0.1416506853110639, -0.264765007017257, -0.03626854129584787], [-0.1449664230390174, -0.30517854074628215, -0.04462032354932444], [-0.15938424427806294, -0.11850335962552414, -0.02032490313155427], [-0.1731454088120945, -0.18925722501980113, -0.03299326470112095], [-0.17794320100109506, -0.23546345949199873, -0.042507695368433594], [-0.18197621822073123, -0.2748594291367619, -0.049251335462063416], [-0.18362757544015504, -0.08652531814924058, -0.02913524532834834], [-0.2003229327784943, -0.14105919706151998, -0.04211724634297098], [-0.21026307261044427, -0.17976060515661915, -0.04874600167898886], [-0.21959190840551268, -0.21541664399855764, -0.05302435498904618]]}