{"label": "E", "timestamp": 1746080354808, "left_hand": [[0.14023835699870563, -0.011953207851781007, -4.0432541607078407e-07], [0.10050809871019799, -0.06298426516979395, -0.006256971680826423], [0.07844456058948422, -0.12639434920743547, -0.014851138630780544], [0.07105286389005809, -0.17460685448766533, -0.026080268200136078], [0.0695144032227296, -0.21843072985984016, -0.034662238586046085], [0.12809102762782687, -0.20996943939878687, 0.00038206363200282196], [0.0938741609746502, -0.2519174417994007, -0.025587404648098163], [0.06392492762595646, -0.2580400726145268, -0.04122939004723525], [0.03854794717164327, -0.25620343740251617, -0.049410280506543135], [0.15667237106558454, -0.20241661656897578, -0.00798735231682335], [0.09507172333844724, -0.20421664878834808, -0.03405772678611406], [0.09385940627994326, -0.14611886286834203, -0.037764418215041715], [0.10941077343131714, -0.12835648039420636, -0.03557603908685526], [0.17749906852807534, -0.18090946015031584, -0.0202704234856197], [0.11043508973693422, -0.17084529910465565, -0.045109636612769066], [0.1144090073330475, -0.11814428598296986, -0.034559257201234476], [0.1317233983623996, -0.10744125476347387, -0.022886996572019043], [0.19144197128201387, -0.1493029989488778, -0.03422742350925204], [0.13499614368092822, -0.1443259242521942, -0.049747099988220495], [0.13321909473600327, -0.10834700655805296, -0.04240124316620294], [0.14599459307356774, -0.09977923097888111, -0.03351333074007991]], "right_hand": [[-0.14023835699870563, 0.011953207851781007, 4.0432541607078407e-07], [-0.08341721698473083, -0.02560924529132095, -0.0043260447479541286], [-0.04493652730537467, -0.08942386738713652, -0.0019873691097519], [-0.02126687581000851, -0.13652993270384742, -0.001693545255600934], [-0.00041591822448992994, -0.17287370481298114, -0.0011482839641466882], [-0.06844377582177545, -0.16490012997476855, 0.013748772313417246], [-0.03237476936668312, -0.2057258432755161, 0.0009259166532097761], [-0.005721811831785533, -0.2262935228831239, -0.012488016187447826], [0.018247858545101196, -0.24095373079512336, -0.02118176022602323], [-0.0939852468011458, -0.17977172726285798, 0.007265904258968838], [-0.06981492879019478, -0.24233755091215786, -0.0026904672689441397], [-0.04667966882688651, -0.27157572147362824, -0.012309192783732614], [-0.023595584143983533, -0.29413062335598383, -0.018671283376279962], [-0.12110919932271207, -0.1793549476722622, -0.0027918627267491274], [-0.10443331365331565, -0.243649908043565, -0.0150777121179155], [-0.08153623661884815, -0.2746447790424249, -0.021884062413264363], [-0.056687689069884264, -0.29886598858965224, -0.025697694977660723], [-0.14977233200564816, -0.1661976918765932, -0.013953614149226998], [-0.14491342660496578, -0.2199955381962882, -0.02540868891514618], [-0.12837983861625274, -0.24824834646756283, -0.02859310620638121], [-0.10649090447205048, -0.27030783110071976, -0.029826141653160176]]}