{"label": "E", "timestamp": 1746068030467, "left_hand": [[0.19059969497560764, -0.07002379863561502, -3.2932756397294064e-07], [0.14932171695049562, -0.12503163184554086, 0.0049603632165734525], [0.09580357658467123, -0.16936740672682368, -0.0037302589954204316], [0.0466163583309997, -0.1795984529582448, -0.015443585485500861], [0.005515252986143911, -0.17713383599101434, -0.026313827444446183], [0.10257510298978494, -0.25768280031366686, -0.0029306800937462497], [0.030553072717509854, -0.24408114798521693, -0.020795972687432104], [-0.00989792408220978, -0.23411880023714862, -0.035941638777944804], [-0.04221000873306957, -0.2281293327383663, -0.04761079893943924], [0.10314085687202966, -0.23721206710720077, -0.015627049119716043], [0.029903011911288746, -0.18539281151122222, -0.03363052629205414], [0.04909634722887592, -0.1593277696752912, -0.037922618764179065], [0.06889042905343867, -0.16298416478726035, -0.041344526292792325], [0.10223692051557841, -0.2039601225663154, -0.028774661102659017], [0.03650936167033319, -0.14672352649895828, -0.041021802276015075], [0.06355207261700851, -0.12615206418173897, -0.03245171224643341], [0.08644526932871689, -0.13727050523554687, -0.02812954425782766], [0.1016303975998819, -0.1635879904542566, -0.04282442072458001], [0.05467072486130791, -0.11857723505309713, -0.052231648433730724], [0.07578727011055578, -0.10050113356439977, -0.04715332885125422], [0.09544076083029947, -0.10793456002666671, -0.043067954832337677]], "right_hand": [[-0.19059969497560764, 0.07002379863561502, 3.2932756397294064e-07], [-0.13696698121366588, 0.051646798765364335, -0.013627519581303087], [-0.09015916596386248, 0.0036404503143428243, -0.01921708415608502], [-0.05787171459316793, -0.033765281094406366, -0.024884773465344505], [-0.029230895726315036, -0.052726796240515995, -0.030945298847336055], [-0.10597019915023385, -0.08859638484082112, -0.011130808636589894], [-0.07799581553746385, -0.14358645917434876, -0.024555573366372645], [-0.06339727918496241, -0.1798861515297871, -0.036188565332353144], [-0.05298324969215878, -0.21111313064158502, -0.0448586654052801], [-0.13724162319194227, -0.10485358592723967, -0.016635791788633905], [-0.11807239602645482, -0.1844508511089345, -0.029444130761529703], [-0.10570744416180461, -0.23218587543627547, -0.04053755960753419], [-0.09735282372529623, -0.2730105485935405, -0.048325802572220015], [-0.16859721094088198, -0.10242229072271335, -0.024333806712036186], [-0.15596076786634858, -0.17700775751637016, -0.0379101917278554], [-0.14432782065560093, -0.22134546582371245, -0.047190803899567625], [-0.13412622933476498, -0.2598724888691306, -0.05329137477207974], [-0.20157747331622394, -0.08605409665880606, -0.03344921986006273], [-0.20131097082296334, -0.1444860990284456, -0.04655640444116475], [-0.1985967270689421, -0.1837113037064542, -0.0516595452757845], [-0.19480525469684204, -0.22076118924242874, -0.05456981694972537]]}