{"label": "E", "timestamp": 1746080341797, "left_hand": [[0.1705439061829712, -0.030278779144942546, -2.917549908204342e-07], [0.14603272074098084, -0.0939640241498276, -0.001469227326936496], [0.10381779478132268, -0.14406809080200098, -0.010170059841427239], [0.0591592530169103, -0.16397479014862734, -0.019817890822713072], [0.02561562325373043, -0.16928778697215752, -0.029488965173886276], [0.10500217031698472, -0.20341016463657488, -0.017860301055908724], [0.044735531257387225, -0.2249445721228045, -0.036786322209536516], [0.005053196679205333, -0.2389191868122554, -0.047863247779962155], [-0.026911360588685526, -0.24981235118100845, -0.0561935759842467], [0.11204449775097201, -0.17843059679390622, -0.026536301714010408], [0.04028244190431574, -0.14324531070884905, -0.04757758961696817], [0.05390001565975422, -0.11638965135243727, -0.04913347783406767], [0.07307530973996283, -0.11829961702313167, -0.04944116639865633], [0.11468163950162207, -0.1415581906325041, -0.035548886141561147], [0.04939536276404859, -0.10086703242209204, -0.0530784395833993], [0.06932853519131758, -0.08161423036691444, -0.044842724176733975], [0.08987168643523653, -0.09180408916007005, -0.03841047213937596], [0.11593010347828679, -0.10177724281229714, -0.0450583110231653], [0.06376231582836879, -0.07096981535959128, -0.05733210652868068], [0.07886913253203096, -0.05662372357080052, -0.05251709641106355], [0.09710583187443302, -0.06414870690977571, -0.04763330101555553]], "right_hand": [[-0.1705439061829712, 0.030278779144942546, 2.917549908204342e-07], [-0.11799227919636258, 0.012124548938551551, -0.010606206767829383], [-0.07404367144402188, -0.03510720879652597, -0.014589390043970142], [-0.04464826362135183, -0.06983159488772242, -0.01946678955742775], [-0.016101275334760228, -0.08046385098396704, -0.024735260468920873], [-0.08489368997781054, -0.12419575359537922, -0.007775643911392622], [-0.051696223193079524, -0.1773241358857576, -0.020704295518809198], [-0.03249132480763617, -0.21234350773268598, -0.03208045509326689], [-0.018526266452979424, -0.24170719665689025, -0.04040350421700608], [-0.11479920275221774, -0.14242834574708252, -0.013957321098633029], [-0.09314062391154541, -0.21867720244274377, -0.025880017880441492], [-0.07988466593124427, -0.26565146778668614, -0.036485927974963625], [-0.07112417049914456, -0.3057470223478939, -0.044017717660901276], [-0.1450585642381636, -0.14261906579042175, -0.022122797444561113], [-0.13043651803272038, -0.21494620601282255, -0.034136337863217577], [-0.1192463753107677, -0.25872385703548345, -0.04279341392853269], [-0.11037075654333892, -0.2957114271974691, -0.04862423193583063], [-0.17735871151834806, -0.12885835033934273, -0.03158869525444048], [-0.17554937201977366, -0.18631644360081154, -0.043184323936339634], [-0.17359180766875335, -0.22567796998668999, -0.04758404014295424], [-0.17169940938797848, -0.2617189343557437, -0.049981424636563215]]}