{"label": "E", "timestamp": 1746080343632, "left_hand": [[0.15328399651783248, -0.032567686780961905, -3.274767750071983e-07], [0.10118289845822269, -0.06922115734435018, -0.01081023793915204], [0.0704138989267876, -0.11457074966067039, -0.02234100874135677], [0.05438529494555799, -0.15421391732242692, -0.035241991097874625], [0.04435618132535289, -0.19356035444615907, -0.04639488403734536], [0.10121076728725538, -0.204869581649649, -0.009416675668894531], [0.057870912218360555, -0.24106450526597625, -0.033195502335573314], [0.0267693392907521, -0.2609216500448832, -0.04908955212662945], [0.0004477538167419867, -0.27614149416392425, -0.059976830357600944], [0.12607093069777087, -0.20751381803205998, -0.016444964292144537], [0.06671036513101408, -0.18677046865363803, -0.04537347836461309], [0.07517085029627221, -0.13847511694483783, -0.051826844019276945], [0.09253961471640476, -0.12373504357762694, -0.051348482818048186], [0.14458892185963299, -0.19173760415422325, -0.026450022421104558], [0.08447674363935438, -0.1479032787343698, -0.05136462217243381], [0.09619852616742651, -0.1069536993023944, -0.042351920388544725], [0.11360913410398242, -0.10252513295015338, -0.03196176548412801], [0.15653627275679777, -0.16268016150871348, -0.03865709308478929], [0.10829996108175756, -0.12232267387505978, -0.05437173728894749], [0.11496403441488823, -0.0915807779880452, -0.04829161056530635], [0.12918104369036995, -0.08954289000146687, -0.040421160764724726]], "right_hand": [[-0.15328399651783248, 0.032567686780961905, 3.274767750071983e-07], [-0.1021194642870807, 0.007965793313490703, -0.009924181216597482], [-0.062416873999258084, -0.045021549618508384, -0.013871121118471153], [-0.035673712076817035, -0.08311570171511407, -0.018835569663222515], [-0.009127323418326465, -0.1005207922678875, -0.024476963693970396], [-0.07734151794949908, -0.1313271247538216, -0.008901750473360918], [-0.04509992063194425, -0.1872661471908264, -0.023154860605092774], [-0.02432409118037944, -0.22456672229886393, -0.03561651876087573], [-0.0074983057883296145, -0.2575800284342286, -0.04476641512526119], [-0.10771886377812649, -0.1457296308884429, -0.0155664581042622], [-0.0912170535235817, -0.22192188182333808, -0.027642474542257753], [-0.07997927039914379, -0.2685620183973932, -0.038253075609563925], [-0.07207730959145774, -0.30910713735252565, -0.046207710819812044], [-0.13788016577243908, -0.14134931143964286, -0.024164718031112437], [-0.1284882697062365, -0.21314634196223783, -0.036182913948323625], [-0.11957882253800665, -0.25824398717678276, -0.04431886267289082], [-0.11231095813656297, -0.2981120989780799, -0.050211982304605225], [-0.16930684147803365, -0.12218304781977606, -0.03409038322245061], [-0.17136965837381898, -0.17912220681776042, -0.04592804087817347], [-0.17077756657549728, -0.2185899861118329, -0.050138846764831574], [-0.16982696564993713, -0.25576176856778, -0.05263620797458039]]}