{"label": "E", "timestamp": 1746068041324, "left_hand": [[0.1380632215909056, -0.04642570272814154, -3.770052646535235e-07], [0.0810306333161353, -0.08592428624073994, -0.0020162654621322376], [0.048361926833134575, -0.13636973320862428, -0.010059575753928943], [0.02652453938295606, -0.17420318294021395, -0.020751757637525663], [0.0007263353484912462, -0.20326863660868452, -0.03008611201901393], [0.0864084404797473, -0.2238995091994972, -0.001135880241584037], [0.03264109136603191, -0.24296697331883815, -0.021807992532424676], [-0.0012875114995128945, -0.24943720677907535, -0.03656282752135134], [-0.02860406168068856, -0.2532525298265954, -0.04655094379958142], [0.10617346938638607, -0.22118768160427438, -0.01179301650888764], [0.0379785041995506, -0.19948980248977854, -0.03476560335658213], [0.049582075934351134, -0.156204920688583, -0.0395862870897904], [0.06891492248320671, -0.1461721984860608, -0.03987112142282676], [0.11908699134754194, -0.2023220273732085, -0.024784460184247747], [0.05006158528757545, -0.16516488225518328, -0.04487718462743578], [0.06545413594157427, -0.12837119367245983, -0.03578336773602186], [0.08533341517314513, -0.12732514690701158, -0.027026417719690263], [0.12531797852662582, -0.17245079001136066, -0.039105128339935416], [0.06996286417718339, -0.14220999536870493, -0.0525873281737414], [0.07944776716392073, -0.1156583492642389, -0.04635664141015591], [0.09627279134985539, -0.11501425843565731, -0.03933758638626899]], "right_hand": [[-0.1380632215909056, 0.04642570272814154, 3.770052646535235e-07], [-0.08989737364269189, 0.013479181235769114, -0.018182026573048713], [-0.05201128187222775, -0.03889978609762259, -0.02623858674095328], [-0.028032024353955326, -0.08473505682697467, -0.03351749250512936], [-0.006007316286078677, -0.11933460304488162, -0.04074819313625358], [-0.0876195540071272, -0.12128305174977132, -0.012566538755207777], [-0.064595871971514, -0.1797298575377282, -0.028062175254318148], [-0.05080344980644581, -0.21918977988657024, -0.041432314329997715], [-0.039537198458585776, -0.25308568368055784, -0.050897132807500294], [-0.1188538689207792, -0.12891073990759627, -0.015455893134019629], [-0.11310962417576585, -0.20426576186566167, -0.029058659239750623], [-0.10714309507081686, -0.2509443682256917, -0.040625239427699404], [-0.10262315902622876, -0.29158880577586255, -0.048814999205820116], [-0.14751364612197976, -0.11912140047655162, -0.021265775776824036], [-0.14776125781931942, -0.18729064547494667, -0.03542390903773732], [-0.1433741516427956, -0.23245187626141456, -0.044138070065820045], [-0.13830304559417123, -0.27390406176014453, -0.04977254472088233], [-0.17495997579846662, -0.09608027123314639, -0.02904018368659868], [-0.18446359698164308, -0.14800149778250593, -0.042770286967411066], [-0.18809460356644903, -0.1846970198239042, -0.04779735903663454], [-0.19016795579202195, -0.22148890591363724, -0.050380504808559524]]}