{"label": "E", "timestamp": 1746068029720, "left_hand": [[0.1629232911235762, -0.03491709589752771, -3.1858791342191706e-07], [0.10857000599692877, -0.07654911144762457, 0.0011609747785695272], [0.06338032354411116, -0.12439406089631148, -0.007691761098421608], [0.028407211871989368, -0.15627061504363646, -0.018455905716850362], [-0.0025945603015764033, -0.17696426895231107, -0.028375351464667808], [0.09218527723574595, -0.21949120646392048, -0.009439517206777381], [0.02535510912653872, -0.23586724154018474, -0.025986879093013077], [-0.013975717845639, -0.24842991444779855, -0.03701166150355171], [-0.04307639445540112, -0.263011380273615, -0.04631788992778378], [0.09983278383831391, -0.2042826713383176, -0.021062746708567347], [0.020782139105438205, -0.17184368853527093, -0.04269827765270785], [0.032540726442773144, -0.14125632298898474, -0.04633118277847063], [0.052846100655889176, -0.1402887319144853, -0.04763965977609492], [0.10080175122177144, -0.174471085274739, -0.032961967015625676], [0.030538242785723854, -0.12651876078883878, -0.05014418366601956], [0.04686342324598684, -0.10011175019487654, -0.040260126262286894], [0.06630080527620355, -0.10870991927175949, -0.032937442910378784], [0.098173184619689, -0.13640657723641322, -0.0457017594169038], [0.04451108185179219, -0.09937244289955822, -0.057852024212537594], [0.058659125048224826, -0.07705793286942882, -0.05140416584404364], [0.07637616675779979, -0.08275186065992479, -0.04533201114800377]], "right_hand": [[-0.1629232911235762, 0.03491709589752771, 3.1858791342191706e-07], [-0.11209778405677645, 0.011030703406368731, -0.01710985548467033], [-0.06834987699148404, -0.03794979268666935, -0.02520610188840144], [-0.03773799020726129, -0.07956217289563085, -0.03259070767418208], [-0.010538844992472887, -0.10696553942131652, -0.04033228786134552], [-0.09327185021967191, -0.12327672740717231, -0.016976921243181235], [-0.06829918294486122, -0.18231824843015992, -0.03213472217981667], [-0.05583950382427747, -0.22128726671573956, -0.04436676840066405], [-0.04680541182340354, -0.2554962516543322, -0.05334336222750363], [-0.12513902252759926, -0.13559345390397623, -0.020961891935042967], [-0.11207766700750577, -0.2144251737585858, -0.03478361514482384], [-0.10346793693537489, -0.26183316805156315, -0.04605340635569467], [-0.09783938382038798, -0.30250270780878813, -0.054126837571135185], [-0.15562580282753205, -0.12977570418421783, -0.02722335506095719], [-0.14908650019801462, -0.20254377378522434, -0.04137820238480136], [-0.14101722371524134, -0.2474895742906692, -0.05019749269966275], [-0.13365268623445578, -0.28746827576638306, -0.056189649437513894], [-0.18590290245770047, -0.11064046784726618, -0.03518770805684876], [-0.18998865910763868, -0.16697939978470897, -0.04912595589110388], [-0.190268554472748, -0.2052028944461763, -0.05442365580180832], [-0.18923650626204488, -0.24230061425689484, -0.057416582996681946]]}