{"label": "E", "timestamp": 1746080567178, "left_hand": [[0.10804074931478, -0.16514835601965733, -3.2083888180409126e-07], [0.03862083435854228, -0.13759414442983006, 0.0022142472225648506], [-0.014247398598998779, -0.14402555566555164, -0.0063391881350735035], [-0.05559538551234616, -0.150679448217466, -0.01835853549688094], [-0.09506502917444457, -0.1489079711158123, -0.029641628775126702], [-0.04177971555284321, -0.2450429432078918, -0.005093434645943368], [-0.10349050929539902, -0.2224643152620079, -0.020747910543473982], [-0.14127073103045543, -0.2123923850273178, -0.030389346611711172], [-0.17352844509154344, -0.20645827587165413, -0.03918157293211657], [-0.026847131943011613, -0.25902000601891295, -0.018185145887200615], [-0.06596319159474764, -0.17101295909580336, -0.03971709672786599], [-0.03240200656119278, -0.15281177808350666, -0.04047994307301679], [-0.011642842749611124, -0.16539920536067546, -0.03919614081869697], [-0.008388827042149707, -0.2507489372106567, -0.032310631297735246], [-0.03494310994383707, -0.15139406174003356, -0.0502996735028901], [-0.0033901778079277584, -0.1405404421857589, -0.03744564699708836], [0.011933151041048367, -0.15906337050765992, -0.027882239567228906], [0.010254886320031936, -0.22679273676951447, -0.0474836444123636], [-0.010432473690395145, -0.1485788003978425, -0.05979990739615683], [0.013432944652610457, -0.13798153146042827, -0.05183990370124085], [0.026338319161291694, -0.15195512559551672, -0.04447122916399469]], "right_hand": [[-0.10804074931478, 0.16514835601965733, 3.2083888180409126e-07], [-0.07875469632153637, 0.09795811479034856, -0.018343815717644256], [-0.07714938426249297, 0.0181265161058346, -0.02474643777162985], [-0.08710174459815276, -0.03844957676941931, -0.030243966007850447], [-0.08843557200840003, -0.08376568476281826, -0.0357421018146962], [-0.1441271083338615, -0.03146830307119467, -0.013980101261027895], [-0.15928840362047836, -0.10319221421192566, -0.028230294684902384], [-0.17175555400734394, -0.1476094490822558, -0.040489901707900004], [-0.18469592458403403, -0.18398850248832058, -0.0496282306349244], [-0.17682149997335567, -0.011469906056215003, -0.01662167749328005], [-0.2077281537119193, -0.08609950714163728, -0.028698825534174587], [-0.2261895958865547, -0.13078617196737663, -0.03934103812774223], [-0.24307345331613106, -0.1675529438061988, -0.047400191825314034], [-0.19940240354739922, 0.021176388083244256, -0.022035855324783492], [-0.23314411438379531, -0.04297900473320411, -0.03447330655481768], [-0.2504020585706483, -0.08504405754509693, -0.04345057955585238], [-0.26579215390795957, -0.12190234056680596, -0.050049216321093645], [-0.21513335705216052, 0.06565135320970267, -0.029471948107944478], [-0.24812459665236633, 0.022624217836247715, -0.04237634774194081], [-0.26837395347575055, -0.00690247731151148, -0.04797709670400576], [-0.28740388291423463, -0.036191623391574085, -0.05144676684318095]]}