{"label": "E", "timestamp": 1746068028744, "left_hand": [[0.12645367758113868, -0.013634805113506423, -1.7038680462113514e-07], [0.1233851810690042, -0.095480831912657, 0.011974442949467246], [0.09293997516218945, -0.15488307834561424, 0.012707581100047164], [0.05818721141465325, -0.17882427731398062, 0.010085293423671227], [0.026710362926556125, -0.17335773057627304, 0.005661137333510425], [0.08008042510155025, -0.19477028063342908, -0.003710483244778237], [0.02694279285672915, -0.24437625140277722, -0.010581937126413433], [-0.003409399850791887, -0.2715303108810984, -0.012328353849608835], [-0.0266353293779508, -0.2919149517111915, -0.013755850792715437], [0.05613817254855753, -0.16979624807507232, -0.01416584838294742], [-0.0012608201415219527, -0.18110734939120246, -0.02142022516346946], [0.007772362500449917, -0.1546582067399344, -0.01566568479005779], [0.02842614839454211, -0.1426370810017148, -0.009976819528438118], [0.035506924203863276, -0.13176876007680507, -0.02315841361977339], [-0.002896647697975219, -0.13146647290510388, -0.02642629243343502], [0.007520143502512849, -0.11021951886638999, -0.016234703515323346], [0.02493282823786197, -0.10391381487782711, -0.00961451883081059], [0.01817900722290619, -0.09043324539200942, -0.03170680990955347], [0.0011471933299740235, -0.08867847729284936, -0.032314210035635685], [0.014787701542870776, -0.07093941036347524, -0.024327895417997278], [0.02949933885652352, -0.0635404061889763, -0.01763469989558164]], "right_hand": [[-0.12645367758113868, 0.013634805113506423, 1.7038680462113514e-07], [-0.07738366073040003, -0.01205932963293076, -0.013705356031697728], [-0.03728496278085698, -0.061454812517149786, -0.019346786365368678], [-0.014921941966672916, -0.10240114220258595, -0.02497830069264484], [0.003402551550720766, -0.12956740952016435, -0.031054927326027694], [-0.06003421397664409, -0.1498245437064583, -0.01235353108657599], [-0.03768555397899713, -0.21124055682454296, -0.02609582759898301], [-0.02775893157390056, -0.2496477017525055, -0.03759188168806238], [-0.021782587301132736, -0.28268532134443697, -0.0458869166422263], [-0.09201240841877723, -0.15989140738692437, -0.017205564570472814], [-0.08155212249643277, -0.23896476591380197, -0.029820226349032846], [-0.07542206938828938, -0.28642852428966536, -0.040926654536490616], [-0.07248998918125055, -0.3259638064082736, -0.04888887985780862], [-0.12213810333565173, -0.1527323456590644, -0.02418435596466713], [-0.1188062564749629, -0.22484771679361512, -0.037047312997331674], [-0.11301573246465997, -0.26998254925699783, -0.04646347078797145], [-0.10828944344701467, -0.30912713471134795, -0.05304050717383377], [-0.15256180237368125, -0.13216174714242476, -0.03260973766031851], [-0.15766566405578283, -0.18724127327764692, -0.045762808381447445], [-0.15938280086057213, -0.22528660350252086, -0.05131986032895783], [-0.1602967626198966, -0.26121134272276336, -0.05457655912097325]]}