{"label": "E", "timestamp": 1746068041993, "left_hand": [[0.12350819817312694, -0.03850330980268319, -3.269145781348308e-07], [0.06944748189781563, -0.09043025959264794, 0.002132581518192487], [0.043350746806052026, -0.14841282941448214, -0.005326893594102817], [0.02439738127265165, -0.19055264461458188, -0.01545413279160621], [0.004572579258202999, -0.22328078090471318, -0.02415540177577241], [0.09806631165922093, -0.22737320658692356, 0.0003728857992258594], [0.03618497634145778, -0.25267787037155554, -0.01862870825415495], [-0.0015332939314076017, -0.2603135330563229, -0.03358008489280904], [-0.030651219548409856, -0.2666131580514633, -0.04405044712272001], [0.103964117535741, -0.21828295090511443, -0.010751798488648219], [0.024985714276179117, -0.21751866313505663, -0.030883824895082113], [0.031585461024228524, -0.1780954044593034, -0.03528624144111385], [0.04974306757574962, -0.16570687874031637, -0.03682232117029277], [0.10132795690185549, -0.19786729635780764, -0.023407838813197808], [0.024498941209490425, -0.18607686109230145, -0.039270155576013974], [0.035231540633101695, -0.14910377597620486, -0.03036383698775104], [0.05452545491276254, -0.14288612730356015, -0.023459354598705816], [0.09281767396715837, -0.16858225723174455, -0.03724992251802998], [0.03573966098466493, -0.15273116525840674, -0.04864211467870447], [0.04271101540417855, -0.12413817212504703, -0.044069744426911854], [0.0582070369803863, -0.11796505040711919, -0.039173537352385164]], "right_hand": [[-0.12350819817312694, 0.03850330980268319, 3.269145781348308e-07], [-0.0781906838667287, 0.004323741379579532, -0.0129869767453303], [-0.04487474138374818, -0.053865887943612925, -0.0177549311876205], [-0.023047280028397076, -0.09899221578343624, -0.02276062183242083], [-0.0033393841748922933, -0.12868189132000762, -0.028084126765924446], [-0.07576032296953611, -0.13173519439180648, -0.00901642184208584], [-0.05597734514197686, -0.19183059570073044, -0.021886273577134702], [-0.045807081760162786, -0.2323621953290528, -0.03340445079364807], [-0.038403948727805746, -0.26705728235802706, -0.04210709120343859], [-0.10574304267207846, -0.13748723404414026, -0.013578878604892654], [-0.10230965714833945, -0.21055933374189403, -0.02517342332803944], [-0.09827836440961638, -0.2567239596188934, -0.03557518564571943], [-0.09561925315400951, -0.2960056665558862, -0.043197119758736045], [-0.1326118989796371, -0.1267842276377585, -0.02046090139412586], [-0.13510373639249845, -0.19450690847022226, -0.03221849115908472], [-0.13227668705459525, -0.23878312420905973, -0.04063303770541876], [-0.12900510112351055, -0.2786537138650704, -0.04666900540850885], [-0.15721107164686465, -0.10316396082993906, -0.02899110578914448], [-0.1672157561420284, -0.15330850395212758, -0.041276745955292606], [-0.17173927329271932, -0.18980228297027915, -0.04684155594734124], [-0.17494640508256265, -0.22557300288014784, -0.050195158284342845]]}