{"label": "E", "timestamp": 1746080350329, "left_hand": [[0.14546534459066895, -0.03495200297078156, -2.6114795320289157e-07], [0.1330220900788969, -0.09782854040409063, -0.0015116593672876162], [0.09752707468229749, -0.15211129212194202, -0.011216680018832546], [0.05221470333031766, -0.17942496209014894, -0.020894993345023448], [0.01755867170915401, -0.1921378228002096, -0.031154653605927743], [0.1091143824015081, -0.19935744742625, -0.02472627488798772], [0.051466215096591675, -0.23242581116045602, -0.04280100378977011], [0.014867820075639056, -0.25281069585398763, -0.05288747135200446], [-0.014455203498557568, -0.27051726509294244, -0.06068833885267918], [0.10813393568186713, -0.1699715862551259, -0.03269546997257651], [0.03621513073158804, -0.16350311380083585, -0.051722845637815526], [0.048148711218405894, -0.13787121141274108, -0.05141891675273883], [0.06907237737736373, -0.13468549411564262, -0.05107233547760303], [0.10098177136873765, -0.13170854337342355, -0.04023698547757843], [0.03526112751439474, -0.12097624223335401, -0.05682916920852242], [0.050327224888942285, -0.09720611911981143, -0.04639945519062762], [0.07125057764342667, -0.09691281170821787, -0.03847955275337923], [0.09134125388750354, -0.09245592586679088, -0.0478091583061125], [0.040493297672028014, -0.08734809893400039, -0.060086176229441825], [0.05337806073577808, -0.07117337241016929, -0.0538368763379388], [0.0713818941178038, -0.07058613077803527, -0.047825200697597416]], "right_hand": [[-0.14546534459066895, 0.03495200297078156, 2.6114795320289157e-07], [-0.09522752812166917, 0.008209199250970708, -0.012616028544331215], [-0.06081503136415869, -0.05198306804276594, -0.0163544236122394], [-0.0411736204327778, -0.10143527743571507, -0.020237835582112302], [-0.01888419634184717, -0.129367451132283, -0.024596792319474783], [-0.08001038937869648, -0.1350010532448514, -0.010222609386368028], [-0.053491082224017356, -0.19591183946954, -0.02391044141955591], [-0.03688321113009354, -0.23635809708888056, -0.03581622439866189], [-0.02385729852661172, -0.2715266429630391, -0.04464915486667194], [-0.11178245344735888, -0.1472268834031649, -0.0147835118464855], [-0.10062907380942461, -0.22560628652033854, -0.02653088477933151], [-0.09223051949314905, -0.2732572428776713, -0.03675483896651412], [-0.08614939538026826, -0.31413470587692505, -0.04440369060672906], [-0.1419960550084336, -0.14140872523129142, -0.021505659513075686], [-0.13659966090671055, -0.21404017277864523, -0.033763998040092676], [-0.12853180707326747, -0.2594323251568986, -0.04225860837900937], [-0.1217592343408293, -0.29923353760653254, -0.04836736595194796], [-0.1727133563216873, -0.12107813786278568, -0.029684032495915277], [-0.17700545017341637, -0.1781259397232422, -0.04247456854594351], [-0.17818319480298628, -0.2178539134649859, -0.0477630731576801], [-0.17895937036316395, -0.25572692447947504, -0.050956561906331244]]}