{"label": "E", "timestamp": 1746080567946, "left_hand": [[0.14615680610191856, -0.0885581135740561, -3.231804767621715e-07], [0.08280273309086035, -0.09532475475792467, -0.005585596213906976], [0.03923878078755775, -0.12146275002781486, -0.017181353370790974], [0.009927339746719669, -0.14703832950107334, -0.03104126958975458], [-0.015209513519955933, -0.17381836520693902, -0.04377714357002156], [0.04247133599286551, -0.22618616128902239, -0.011091651844813713], [-0.010050110426545229, -0.24027232843107574, -0.03259438814206478], [-0.046311974695899344, -0.24998687635110037, -0.04634086035284362], [-0.07686642345871018, -0.25799357619622526, -0.057088193911270256], [0.06585448115350026, -0.2348167370657099, -0.021918844444828573], [0.006808088308937601, -0.17337230908857543, -0.04889176047505204], [0.02900276200084847, -0.13544762334526017, -0.05196914273016253], [0.05007769016073155, -0.13640354641748942, -0.05088966363041695], [0.08591343652656579, -0.2216722178324178, -0.03484048520897521], [0.030834299665797017, -0.14486901753406686, -0.05849382203024955], [0.05424783297381417, -0.11541499581859066, -0.04576196293970793], [0.0728005876409676, -0.12375882886561772, -0.03434042441624186], [0.10241779071608663, -0.19317933347043756, -0.04942252195149372], [0.05596696441145507, -0.1330996581348522, -0.06598606571289391], [0.07199122006434214, -0.10997859471788685, -0.05796580125697368], [0.0881181372221695, -0.11682755316175332, -0.04924291240035989]], "right_hand": [[-0.14615680610191856, 0.0885581135740561, 3.231804767621715e-07], [-0.1012847316708245, 0.0455988896776645, -0.014609741706675953], [-0.0779627902050584, -0.026027555083060167, -0.017551568676355028], [-0.0716681696958612, -0.08093171434132038, -0.020073517784030166], [-0.06146792429784261, -0.11667253514409368, -0.02283288497813298], [-0.11807745271040036, -0.09766502676646369, -0.009494575191824456], [-0.10516612297375866, -0.16538965049929105, -0.022745714055705923], [-0.09828151936123264, -0.2105996488224794, -0.03434468238977628], [-0.09362499522998992, -0.24871863065299638, -0.042822865988192085], [-0.15123790949630736, -0.09837459641884452, -0.012664549004741373], [-0.1564375950495042, -0.17826766439783912, -0.024392377134491567], [-0.15847571655463963, -0.22855395786424815, -0.034719736665890906], [-0.1611853691029149, -0.27099816463552295, -0.04226000943520331], [-0.17868011618303897, -0.08312064397309271, -0.01835943367449045], [-0.1897278318769396, -0.1551000998495769, -0.030511221337236164], [-0.1926082307666955, -0.20199262279151298, -0.03923277456852549], [-0.19493645009230648, -0.2431277457847627, -0.04533199843525358], [-0.2036635755524495, -0.05414783203452023, -0.025784563520205365], [-0.2187396013349763, -0.10717416619658696, -0.03792906000430478], [-0.2270001982117822, -0.1448162336212437, -0.04330133506193], [-0.23418037036611278, -0.18186703574226012, -0.04667608628178246]]}