{"label": "E", "timestamp": 1746068037141, "left_hand": [[0.10779101491529805, -0.01131604891402192, -2.0311910734352705e-07], [0.10790379476191184, -0.08356706160640816, 0.00742055070811082], [0.08345186715761836, -0.14288044604569863, 0.0056516061684933555], [0.051180593090045544, -0.17164786875302962, 0.00215124359207242], [0.02300258637240327, -0.17111248080504332, -0.0033661839972684553], [0.07963839842490392, -0.17663304164385085, -0.01335263887904502], [0.03209190813911853, -0.2324264633162404, -0.025652880694418272], [0.0036230947489250135, -0.26257786429088054, -0.03143426865277736], [-0.019916598262096387, -0.2843809416757529, -0.03487979260870863], [0.061540101042482837, -0.15177803363787903, -0.022703678742970676], [-0.0014528629660683055, -0.17543345884751982, -0.03497974026821238], [0.0004812439210265227, -0.14950615659311536, -0.031171804559479842], [0.016841365148381318, -0.1328411417564969, -0.026442974903601674], [0.04156022755043793, -0.11586410548934412, -0.030750878244339083], [-0.004750513626947841, -0.1289408738748179, -0.04095953946149043], [0.003407277817315915, -0.10889642822676489, -0.03109258926472968], [0.020603336426826727, -0.09877846484484261, -0.022539309181087673], [0.022121098416446626, -0.07779533996483881, -0.038138192804085196], [-0.006612287889905558, -0.09431008008437242, -0.043553381036578694], [0.003809767748593153, -0.07981069979677338, -0.034555629630551296], [0.018805817996447958, -0.07000935507922271, -0.02622816493490877]], "right_hand": [[-0.10779101491529805, 0.01131604891402192, 2.0311910734352705e-07], [-0.06405987021457354, -0.023481932352854767, -0.014184461420593236], [-0.03325100153651569, -0.07805691835253466, -0.02006301207426508], [-0.021293322178763223, -0.12136117404147855, -0.02571956167328753], [-0.013630302754180203, -0.15308503987075656, -0.03179329310885792], [-0.06385816130790548, -0.1505302431509423, -0.014455222413835057], [-0.0475058427251369, -0.21066336921281525, -0.02988895225644809], [-0.03866804026106984, -0.24962125663203452, -0.04211636587431186], [-0.03177611191566277, -0.282858455922924, -0.05052773008748485], [-0.09441076583187756, -0.15440659698137596, -0.018744531208994362], [-0.09210662379733844, -0.22933762829507096, -0.03234166086155454], [-0.08920340736440659, -0.27604484925857975, -0.043185328182623876], [-0.08727931738590218, -0.31530079770099256, -0.050822385361757684], [-0.1218445267853662, -0.14172464241196486, -0.025200480198074995], [-0.1259606537751115, -0.21145375602117064, -0.038541921668793354], [-0.12507849099583931, -0.25681567452864357, -0.04767320110235958], [-0.12334615628009837, -0.29654768973195883, -0.05380392874780944], [-0.1474079516550809, -0.11611994787885765, -0.03315010710168702], [-0.1575270959778054, -0.16736856105028927, -0.04645368992999075], [-0.16271427301049526, -0.20376224639973362, -0.052459564717946806], [-0.16701040911966752, -0.2384871780427004, -0.05590569759647923]]}