{"label": "E", "timestamp": 1746080352416, "left_hand": [[0.1458549938791226, -0.0224485053396042, -2.7782259207308424e-07], [0.13940603518695072, -0.08527807755600338, -0.0025098249001824485], [0.10839932912323583, -0.14469779067679672, -0.011350572770903417], [0.06510686519279792, -0.17559245620238936, -0.020063866053732383], [0.03131058643520121, -0.1887691730525465, -0.02916737429039982], [0.12036233922855809, -0.19251081416421154, -0.022140590686534813], [0.06411159804640773, -0.22868515334345302, -0.03921023049731145], [0.027854845950216447, -0.25104225096234273, -0.04848320497925051], [0.0003023417866318322, -0.2698803683136385, -0.05566955511974803], [0.11825964604497433, -0.16627166970296067, -0.02891086704521065], [0.046737976771229636, -0.16145925243435405, -0.04782366986965173], [0.05388206021048395, -0.13316728071916256, -0.048154549446517425], [0.07279351677317734, -0.12683576733755053, -0.04793939413497369], [0.1097238534284881, -0.13163607318178971, -0.035584651449245726], [0.04270317606844262, -0.11933477166294691, -0.051691174126320905], [0.05464515884742011, -0.09351471404552446, -0.04331815096589986], [0.07431470378354914, -0.09309724468833795, -0.036916188150854075], [0.09910951157536559, -0.09547163617686817, -0.04254904593039711], [0.048046760169893614, -0.08540250567474901, -0.05451175029129316], [0.05912520233656197, -0.06679265119443047, -0.05027573523652541], [0.07646943269592982, -0.06688461122765688, -0.04586054901663461]], "right_hand": [[-0.1458549938791226, 0.0224485053396042, 2.7782259207308424e-07], [-0.09445886269639638, -0.004948562302782646, -0.009757657255153549], [-0.05651503258180371, -0.06296275843354732, -0.011320861316581826], [-0.03432380624549679, -0.10697417545086547, -0.01368145732071957], [-0.012766910829072846, -0.12989664382744176, -0.016205908913339822], [-0.07762591591944557, -0.14345023506516294, -0.002848679875883757], [-0.0463681246427451, -0.1966048701093435, -0.014538298678141427], [-0.02656192181082189, -0.23173833690907178, -0.02614909983434829], [-0.010668912301839986, -0.2625130125414606, -0.03470563375819994], [-0.10781575177810435, -0.15948114517309073, -0.007754954210925801], [-0.09378855256145442, -0.23385337822238522, -0.017052383315600255], [-0.08315992948481069, -0.2790619720600758, -0.026485623354694666], [-0.07500306270236114, -0.3189951726660846, -0.033628407380137566], [-0.13670852115352955, -0.15729718314847466, -0.014958920408303045], [-0.1310497441368223, -0.22629076025181438, -0.02458154816114968], [-0.12240579689524377, -0.26783791664474227, -0.03202074154508352], [-0.11479368777851998, -0.30524207825889715, -0.03751235279675831], [-0.16585065962806414, -0.13981633434420632, -0.023654254904613228], [-0.16949984757033146, -0.1939020893816127, -0.03336782683017335], [-0.17046310031648004, -0.23115698853943464, -0.03691116802463011], [-0.17084218395409156, -0.26713087772776095, -0.039114774128630445]]}