{"label": "E", "timestamp": 1746080353691, "left_hand": [[0.15754218187390023, -0.009533434814931038, -3.6189396699161253e-07], [0.10606532557110727, -0.050974748926059875, -0.011724688414827187], [0.07845316828163054, -0.10052677586059133, -0.024486046458493938], [0.06556553624033566, -0.14134913286165834, -0.03801039760004992], [0.053355458400967816, -0.18023920415635655, -0.04935310880436715], [0.11772039250439902, -0.19284203650081272, -0.015016522389419012], [0.07978598871831595, -0.2395950189475748, -0.04106378325134321], [0.04869099210833557, -0.2637107209947867, -0.05759017413982769], [0.02146419377120483, -0.2772689371828213, -0.0684233317601987], [0.14618318019176155, -0.1893961141586557, -0.022275016797275074], [0.08080730442113694, -0.17155208397839591, -0.04919351176309835], [0.08639056176761438, -0.1211241804577131, -0.05259972100011849], [0.10527868190078386, -0.11078487353532859, -0.05111292110298019], [0.16443240561514744, -0.16634922144612238, -0.032772474575785956], [0.09543145276990653, -0.12320753805790871, -0.055517469174849274], [0.10443583202961877, -0.08284573150569939, -0.04443579565510072], [0.12291121953440148, -0.0837105046318431, -0.0342785510318016], [0.17301797370997235, -0.13152504269305976, -0.045733492281707165], [0.11554917978998223, -0.09327990412106901, -0.06179842094085887], [0.11948754463583645, -0.062293632267294986, -0.05524856485095948], [0.13477599597696188, -0.06212541890053667, -0.04751149966624516]], "right_hand": [[-0.15754218187390023, 0.009533434814931038, 3.6189396699161253e-07], [-0.10287239191810281, -0.015072724080721222, -0.01212199042503498], [-0.0592793569329356, -0.062446811387108635, -0.01892674107855218], [-0.02806345823195945, -0.1001060600876005, -0.02620190840548452], [0.0019176668260850191, -0.12394441877608103, -0.0338412104614818], [-0.07385339787915239, -0.149205803382915, -0.011998905126346097], [-0.03626927988980721, -0.19572476217440624, -0.02956069999235335], [-0.01269523623015857, -0.2243493199798365, -0.043429367301258966], [0.008995919963082315, -0.24825600141858312, -0.05292225321228431], [-0.10524275775006565, -0.16634152196655502, -0.01861975092440118], [-0.08567001205084018, -0.23408401513830046, -0.03521555743336008], [-0.06463420313951102, -0.26449687838219005, -0.04612779681360313], [-0.042789442328901445, -0.28730447937448544, -0.05315549678870426], [-0.13819831333570848, -0.16473678833041205, -0.027874172049424967], [-0.12727271130605838, -0.22758265563878124, -0.04517649572037421], [-0.10610824003880111, -0.25917443077516256, -0.053614841661156015], [-0.08170050483631486, -0.2834100015621651, -0.058337611249722615], [-0.17210293108696917, -0.1484657618257624, -0.03848916592934445], [-0.17071147303484185, -0.2045709373907977, -0.05397200126958658], [-0.16437972496547607, -0.24176067993198774, -0.05963590559908495], [-0.1530101972842973, -0.2753388802731694, -0.06264759755543162]]}