{"label": "E", "timestamp": 1746068039833, "left_hand": [[0.11062069409858158, -0.0334607853113685, -2.955568837672085e-07], [0.11035946760801385, -0.10624215273877521, 0.010447749326016971], [0.08897328079377366, -0.16973959880904624, 0.0067676572798547946], [0.05290923516909776, -0.2055144010637856, 9.738880781539769e-05], [0.019750966836625715, -0.2151172856112707, -0.007404256725790845], [0.09453186698527936, -0.2171952935883017, -0.007978345416297983], [0.030727891527076553, -0.2545716069191668, -0.016178868948976195], [-0.003603586544959054, -0.265463827788645, -0.01763215708638469], [-0.024294530181989887, -0.2740689288520648, -0.0194569021550249], [0.07869712800693551, -0.19739249202564976, -0.019815320214889257], [0.0015407883975271117, -0.2027759552251308, -0.029024188236301172], [0.006758973003895785, -0.16861001235376216, -0.02337514204981431], [0.026403820952720765, -0.1577851393033828, -0.019661196760413988], [0.05950502909623687, -0.16751229189116568, -0.030461438401548094], [-0.006272538392240267, -0.1572328265340774, -0.036144493837002314], [0.002848740431207411, -0.126434507897247, -0.025160147939433074], [0.02202735578131058, -0.1222206386036058, -0.019635960282219013], [0.03989638614056791, -0.13301471874743492, -0.04091052718420704], [-0.0068955115508946225, -0.11645671971251291, -0.046558485704581855], [0.00013630526740375954, -0.09133553995740654, -0.041552256022305625], [0.013773503804198927, -0.08653301293354689, -0.03796747472870475]], "right_hand": [[-0.11062069409858158, 0.0334607853113685, 2.955568837672085e-07], [-0.06573366426868356, 0.0007837727835412481, -0.011486178706463821], [-0.03229700006744607, -0.05444582453391348, -0.01545848114741243], [-0.013517689400236985, -0.09504370574483882, -0.01984078414068943], [0.0028674027988136075, -0.12020631595603094, -0.02470668156655188], [-0.06200937886123142, -0.1342094368656646, -0.009044912846969351], [-0.041950832878496075, -0.1944818158619493, -0.022192573424495737], [-0.03216232775720785, -0.23492472943786466, -0.033603443359712194], [-0.025599822828286302, -0.26924631645506897, -0.041941570506540515], [-0.09267804069911781, -0.14101807509535239, -0.014314281183494223], [-0.08859751402202289, -0.21618859882370442, -0.02600511287675808], [-0.08472985497543616, -0.262545546710145, -0.036383418798280644], [-0.08216223978425659, -0.3021976657867073, -0.043974123954470666], [-0.12024611345495116, -0.1314058360361047, -0.02165044914150535], [-0.12251233140929065, -0.20042487015410215, -0.03326684131597999], [-0.11971034020893676, -0.24433791101863275, -0.041664069848221186], [-0.11676471876189368, -0.28341224319410724, -0.04768181443472798], [-0.1466495378323603, -0.10859305118612782, -0.030446333547766827], [-0.15653683686216383, -0.1601603454845425, -0.04231146738048015], [-0.16074412767122384, -0.1967758640719815, -0.04717296165398551], [-0.16349915968908862, -0.23236509240883674, -0.05007160642256987]]}