{"label": "E", "timestamp": 1746080567596, "left_hand": [[0.13415020381660947, -0.12873258094813397, -3.489149232289832e-07], [0.06819743072740257, -0.11990054397213695, -0.0057617852833527555], [0.018159424626326373, -0.13885117567798538, -0.016394691926288563], [-0.014912344611190032, -0.1601572927797506, -0.029225247645840752], [-0.04236538224438368, -0.17650232590779197, -0.04156582482902047], [0.007867220910164218, -0.24147165198539397, -0.013116045050908813], [-0.049018276641061266, -0.23815915377938368, -0.034034367250208024], [-0.08696427154358932, -0.23870047370235414, -0.04799351726506115], [-0.12020243848280222, -0.24096436502055832, -0.059588455691458646], [0.028479181907581867, -0.2566237449022301, -0.023696170068407154], [-0.020155185314216003, -0.180942862763479, -0.050528891922769964], [0.008154208511589526, -0.14879814183401707, -0.05287238183107094], [0.02920297962062751, -0.15172181187887035, -0.05150590797533453], [0.04952227009381935, -0.24796355176228008, -0.03622374285765734], [0.007307151647196647, -0.16220133678522175, -0.060225863291136446], [0.03446571055345524, -0.13723580487194292, -0.04717384713753547], [0.053239676549365345, -0.14453610041720033, -0.03543363361549448], [0.06942188532868326, -0.22332457264780275, -0.05047474270949474], [0.0356891749484904, -0.158174167984603, -0.0682520553561556], [0.053711316089361485, -0.13640286920966038, -0.06107771512164225], [0.06853922409189635, -0.1411172411446852, -0.052904574297162416]], "right_hand": [[-0.13415020381660947, 0.12873258094813397, 3.489149232289832e-07], [-0.09582127893795218, 0.07543873365927067, -0.01621423356498316], [-0.08299810805818503, -0.006051580890960926, -0.01947494506066275], [-0.08379879743881927, -0.06462688692642633, -0.02191636986465901], [-0.08135436569058553, -0.10146204263123824, -0.02413762446258131], [-0.13220360902143324, -0.06865474456617245, -0.00937672557331898], [-0.13241738593935665, -0.1394630155066166, -0.021936410778019867], [-0.1331568332163264, -0.18549955511701266, -0.0334294400298507], [-0.13423527544883515, -0.22402796350170115, -0.04167830472433607], [-0.16550310416920155, -0.06127103490783949, -0.011378655542103898], [-0.18291439568768697, -0.13923102740426432, -0.02190428289059658], [-0.19242433646987103, -0.18882992008788815, -0.03186621649836967], [-0.20079876900309135, -0.22918314942577395, -0.03914383147720405], [-0.19127957194513373, -0.03971105906142916, -0.016111996115519882], [-0.21280844239970043, -0.10718199053483357, -0.027147953698586545], [-0.2224377030344723, -0.15083902148474707, -0.03570484787721499], [-0.23037235483733565, -0.18847417773106587, -0.041771715077091466], [-0.21268886423243988, -0.004989950638403671, -0.022828329635969258], [-0.233704162065134, -0.054968199945183684, -0.03364955911114568], [-0.24720637764089284, -0.08854363974211724, -0.0385110439430795], [-0.2595582749264503, -0.12232637706393269, -0.041689110888146114]]}