{"label": "E", "timestamp": 1746080569758, "left_hand": [[0.17155990325212614, 0.04391560685129735, -2.9239441970213904e-07], [0.1366516797172979, -0.01388916600583932, -0.0031051498146082816], [0.1096953600021479, -0.07163769391619548, -0.016749774868463664], [0.08284988336905405, -0.11436316276072964, -0.03175525211017475], [0.05351442774065023, -0.14732747310487665, -0.046385219381089526], [0.14753030538855544, -0.14546653387847747, -0.023775711415370555], [0.10790671157821738, -0.19858317218883811, -0.04963815242316018], [0.07874425560969324, -0.23397543162827963, -0.06445340710133686], [0.053142966181469964, -0.26231986565122917, -0.07489382256504828], [0.15937750958027186, -0.12384989490291372, -0.03494653528565416], [0.07313618682075494, -0.11606942838348241, -0.06288558448807226], [0.07988283574857429, -0.07668191978144, -0.06276244310214985], [0.0993771147278304, -0.07063199879797377, -0.0602089826902737], [0.15964674214834432, -0.08890679274493182, -0.04712677015652936], [0.07793833139478877, -0.06983135282507198, -0.07052834167365377], [0.09056046596436994, -0.03925707268567231, -0.05569776953718532], [0.11153809985012184, -0.04114626106326978, -0.043275791182587606], [0.15344041629785482, -0.0496252290163671, -0.06018420134407114], [0.08889600401827835, -0.0370030099949139, -0.07681648555342672], [0.09870061300683153, -0.014973950302229111, -0.06833727480119729], [0.11849397829092723, -0.01619909360995404, -0.059398688090991025]], "right_hand": [[-0.17155990325212614, -0.04391560685129735, 2.9239441970213904e-07], [-0.11534544359742747, -0.038272068276101086, -0.010962156781100628], [-0.06392700575603955, -0.07301501949734154, -0.011346372552300105], [-0.03457681327596425, -0.10446130744151917, -0.011873211040873619], [-0.011018710214008513, -0.1150550347224403, -0.012307796415724376], [-0.056607519780153874, -0.16685329485834074, -0.004830044992509495], [-0.011186473857821538, -0.2069247580590898, -0.014992207372565892], [0.016192316347222603, -0.23414891688642356, -0.02427483517474852], [0.037956872776669336, -0.2582342318725745, -0.03131796823410013], [-0.08286153772739596, -0.1976209064458144, -0.008682087532214791], [-0.045945217579133994, -0.2619457227451116, -0.01827400975927018], [-0.021846031373000025, -0.29907553722589775, -0.0270645391421804], [-0.002229803890514111, -0.3304609775962685, -0.03340569240638623], [-0.11240130354723933, -0.21078733333071142, -0.014665754702502937], [-0.0836279595791524, -0.2732945342139674, -0.02497952270804167], [-0.061941415566505204, -0.30664400843353357, -0.03236133680461593], [-0.043286123710058313, -0.33530283566313046, -0.03733656812952248], [-0.14633144772600384, -0.21148313230447208, -0.022056401937068672], [-0.1309876615631313, -0.265259381961423, -0.03288102459483632], [-0.11785727451462853, -0.3005232112164554, -0.03715525523848859], [-0.10449561601453657, -0.3325130947480046, -0.039458215563159774]]}