{"label": "E", "timestamp": 1746080353394, "left_hand": [[0.1689467703066119, -0.005897508811703834, -3.4732769081649186e-07], [0.11138404791588126, -0.05139932353274597, -0.007380347443161035], [0.08299950247619453, -0.10173747708847213, -0.020336393198950302], [0.06789676652131044, -0.14204722407224246, -0.03461447001109816], [0.05674623966569356, -0.17731853600512276, -0.04699162178787028], [0.13047785445695798, -0.19466369926600902, -0.013805210083820959], [0.08252323290631422, -0.2299035675991819, -0.04251742008612068], [0.04478695705089168, -0.24361973559108313, -0.0621011574727042], [0.013426643732734143, -0.24693820985902565, -0.07430541581288061], [0.15224918859985728, -0.18443315526736265, -0.022483306192227194], [0.07730619161540848, -0.1641394230478049, -0.049453082819226245], [0.08470157790884976, -0.11652449952126112, -0.05294797402019303], [0.10412543922064306, -0.10668096318297175, -0.05223224577855658], [0.1635757666454481, -0.15846725316559018, -0.03402648396892839], [0.0872152938346081, -0.11522010526445992, -0.05475134482385854], [0.09870823860630488, -0.07933821879256893, -0.04235625103237787], [0.11792852012444856, -0.08015266159862106, -0.03205104136270278], [0.16531282977948156, -0.12163645407657848, -0.04774756631111155], [0.10404198798944052, -0.08340260283076616, -0.061750894110629145], [0.11067596937043837, -0.055514932203231955, -0.05430416470475605], [0.1268558649703455, -0.05641801876153922, -0.046397109035210785]], "right_hand": [[-0.1689467703066119, 0.005897508811703834, 3.4732769081649186e-07], [-0.11332535021131708, -0.024556297477929253, -0.00476444303792268], [-0.07114437936107877, -0.07549975063064442, -0.0075357038868416135], [-0.0417389059825299, -0.11380036286141877, -0.012596028788076802], [-0.014983555233581516, -0.1401147820309837, -0.018661484490403366], [-0.08616483858356985, -0.1523920859550152, -0.002398073750846954], [-0.047417772568483105, -0.19372611953213806, -0.020897704467171027], [-0.019689442279440056, -0.20959602986730178, -0.036449222598744266], [0.005884960219160046, -0.21793678467619293, -0.046600405506779165], [-0.1126743893974528, -0.16516391569358016, -0.012302195457619527], [-0.08743129858934788, -0.23074772316459058, -0.02823136518173055], [-0.0622127280195469, -0.26214644465434356, -0.040360174851671905], [-0.03871110986732171, -0.2862401544432613, -0.0487171459862313], [-0.14223308335753798, -0.1601906344187549, -0.02497467058143073], [-0.12318973905478595, -0.229038806791501, -0.0424126578830981], [-0.10070307332116395, -0.2655754454418343, -0.052539279342344494], [-0.07723246605855845, -0.2951950278928339, -0.058794623942658435], [-0.17330741651819925, -0.14110894376013425, -0.038250084714163135], [-0.16894205170613158, -0.1982022787319035, -0.05584221725761376], [-0.16028703604472552, -0.23843636326605022, -0.06344480986734458], [-0.14902574570927427, -0.2755562539041413, -0.06784504390064743]]}