{"label": "E", "timestamp": 1746080351194, "left_hand": [[0.13455438653392418, -0.021036399299484792, -2.937660301434829e-07], [0.09194050626943281, -0.06962121853918044, -0.0026226671907005], [0.06564049521085169, -0.12206108889394406, -0.012072063787125404], [0.043786418562840365, -0.1612914954794019, -0.02258790647446379], [0.021742480501394646, -0.1907933736476445, -0.03204608631501504], [0.1060162614099626, -0.1958914407391411, -0.01217984644888191], [0.05622853227583946, -0.2312459254717129, -0.031162691452025035], [0.024469226822145924, -0.25426915281697215, -0.04471691420838711], [-0.0019622776722776694, -0.2734838209519298, -0.055092513373849336], [0.11333013112510505, -0.18084994671920201, -0.021175306018777564], [0.041235087678414335, -0.1696186473031996, -0.04181841261801748], [0.048193337153832366, -0.13541341597864992, -0.04487412615603709], [0.06578538329932367, -0.12693097963541491, -0.04623413118428352], [0.11177588416475909, -0.15370914864251412, -0.03125399849635754], [0.042320132417291, -0.12726238047416388, -0.046536630334328304], [0.05134022388700305, -0.09787295508729912, -0.03694804975397938], [0.06758307028362202, -0.09837766871341408, -0.030539304708027664], [0.10522512027006108, -0.12013689253059559, -0.04272252246705078], [0.051872778142856645, -0.09636792568777781, -0.053742476459187664], [0.05928671837328342, -0.0739723001189204, -0.04856476180387236], [0.07482354197490806, -0.07524128770379052, -0.043832662710635906]], "right_hand": [[-0.13455438653392418, 0.021036399299484792, 2.937660301434829e-07], [-0.08541575292112, -0.007889664557464229, -0.010217183047599557], [-0.05078329447839927, -0.06972471559350951, -0.011946817457623753], [-0.03178693192474188, -0.11543058009056811, -0.014332536749859333], [-0.012442697782154455, -0.14153138462922915, -0.016960454919092156], [-0.07118749732412674, -0.1479898655973809, -0.004948738420445348], [-0.04565384340428822, -0.20468355054854587, -0.0174843746859324], [-0.02907677316800271, -0.2427344489437341, -0.029154126299185405], [-0.015793930843812354, -0.2761964327991214, -0.03772044227399399], [-0.10125241815813256, -0.16046842522567423, -0.010070298172702708], [-0.09068320006766982, -0.23533799185002433, -0.02039950399506857], [-0.08221275661109144, -0.2813169086772119, -0.029717838210855756], [-0.07578233043136862, -0.32146321357415525, -0.03665407557998131], [-0.12925705451559197, -0.15488211525824372, -0.017533558176056334], [-0.12453865184404862, -0.22490402470697018, -0.028192600018559128], [-0.11806560808495666, -0.2688097296603061, -0.03566612747093962], [-0.11250133699365492, -0.30820330569879856, -0.0410824903495119], [-0.15716905750501192, -0.134523722903268, -0.02651067067360937], [-0.16103923601120362, -0.1887902500724356, -0.03731032594845338], [-0.1625377043672131, -0.2269175836510881, -0.04149039938036955], [-0.16364478798221854, -0.2637734376164743, -0.04408272218501565]]}