{"label": "E", "timestamp": 1746068021454, "left_hand": [[0.19555946871313995, -0.11570072987252678, -3.9026214446051143e-07], [0.12350193726009025, -0.1242146928112037, -0.0035587860199510187], [0.07072188593860716, -0.15525397537596078, -0.013610795078057708], [0.034202696982746694, -0.17798022959872742, -0.024610499376841947], [-0.003299524351487869, -0.1892999904920056, -0.03468453347345472], [0.07984198012289125, -0.26279826162121217, -0.013827777968562712], [0.01719512444662616, -0.24180048697148923, -0.03494982518939299], [-0.02352030169882989, -0.23159391783089225, -0.05000825563046501], [-0.05895512875409023, -0.22443741102769313, -0.06160843055362586], [0.09949534129136348, -0.26003487050884644, -0.024313610495198753], [0.03605645404276112, -0.18815381563980785, -0.04940454711252853], [0.060840557361799476, -0.16092140938957308, -0.05374802117410985], [0.08339264236024134, -0.16416242395701433, -0.05497425533542495], [0.11695384477418791, -0.2374297891016085, -0.03602981525058739], [0.06027246111902214, -0.15508522237489977, -0.0570371199030149], [0.08597363061740151, -0.13620528817329378, -0.04691246203128354], [0.1043694564688135, -0.14883592082438207, -0.03843497966364772], [0.1323068703992149, -0.20252077288687345, -0.04882510533929342], [0.08689560297207564, -0.14129236050579602, -0.06312576242737136], [0.10497213881888946, -0.12624322629546036, -0.0560861962562762], [0.12116951236114226, -0.1385528687821816, -0.04894715555870285]], "right_hand": [[-0.19555946871313995, 0.11570072987252678, 3.9026214446051143e-07], [-0.1439483015207677, 0.08970042940680896, -0.021549889976877803], [-0.09820696021849616, 0.05194371844316778, -0.0373530556707162], [-0.05563044203802274, 0.033863102212908607, -0.05296843720008054], [-0.019878413745880313, 0.028564287125189047, -0.06993577666967005], [-0.12230682209454506, -0.055353218843706344, -0.029596541233077513], [-0.09373709445809555, -0.12014421886851283, -0.05209711746252109], [-0.07657733333466238, -0.16220724022278707, -0.07034638954185447], [-0.06316098399037841, -0.2011465094576803, -0.08375462669524115], [-0.15697954038940065, -0.0656843611193698, -0.03581301755605722], [-0.14596862566214028, -0.151739210797731, -0.055394395174314354], [-0.13887976092974638, -0.20588997950088925, -0.07164117050185184], [-0.1343428117224646, -0.25159879917558153, -0.08394505673335555], [-0.1914026995181794, -0.054234756595741555, -0.04440422543223406], [-0.18729967965991257, -0.1347058444091167, -0.06341585825993795], [-0.18308165613727848, -0.18808034444979496, -0.07683808529942295], [-0.17919215205798794, -0.2350550059364184, -0.08622279113573775], [-0.22483143519813248, -0.02686679903593261, -0.054985518893893866], [-0.2341928306296159, -0.0889354060868004, -0.07349915367329181], [-0.23941795593535228, -0.13275857856181314, -0.08188923568480816], [-0.24301981726974278, -0.17494789749891948, -0.08701824124361034]]}