{"label": "M", "timestamp": 1746080421124, "left_hand": [[0.07872251357850271, 0.05791219524122847, 1.0818774298450964e-08], [0.07833961575824935, -0.006219898526436895, -0.005155512804663193], [0.04944095826557606, -0.060414431951093896, -0.014728376520222523], [0.0061742318973379146, -0.07833720650945158, -0.021977443628973227], [-0.028663032960250783, -0.07431777946232998, -0.030553417013918387], [0.050132421762042724, -0.08081365971142836, -0.03125615397645766], [-0.012008341504964114, -0.1290594396517046, -0.04284662491470484], [-0.044084207214085847, -0.1512328927757508, -0.04803408305350302], [-0.0686666363907613, -0.1670350919998304, -0.05042702169149349], [0.03037210859986871, -0.042381213791244196, -0.03619529129624429], [-0.03439055376446141, -0.10263610801440082, -0.04782192824097281], [-0.06563120110168087, -0.1320274159744473, -0.052466414432791424], [-0.08751743540301257, -0.15375567628668407, -0.05478079337696459], [0.0098412358486218, -0.006495662052980844, -0.03956259606146595], [-0.04387835736020189, -0.06811690036413817, -0.05233504673277834], [-0.07083608765536711, -0.10266614634658139, -0.05835691864529538], [-0.09148507723823933, -0.12861177395056309, -0.062293835739721824], [-0.007833504273128603, 0.02485206502891865, -0.041847682176860114], [-0.026859460218730646, -0.023836071173639093, -0.0521900645041816], [-0.016047224372565873, -0.026417549440189113, -0.05008028533196901], [-0.00536286963428608, -0.022417141821312596, -0.047683055503667034]], "right_hand": [[-0.07872251357850271, -0.05791219524122847, -1.0818774298450964e-08], [-0.04010872850163764, -0.10194693557716827, -0.012440095877295077], [-0.016570785956589774, -0.1586945817730958, -0.016763499663533077], [-0.007892708153019616, -0.20739337321939316, -0.021390730179056672], [-0.007965312911129202, -0.24990781392340192, -0.025733492052097184], [-0.047732991789555604, -0.22864989352552045, -0.002464170520058355], [-0.04000424892735823, -0.2901969087906965, -0.013694974705940922], [-0.03737473114893104, -0.32741018390415694, -0.024094641469181985], [-0.03688169883835217, -0.3595531631024303, -0.030971183028328998], [-0.07242126426624507, -0.23046648530205346, -0.005328659947212617], [-0.07076206462249356, -0.30080807691455325, -0.01401405016181546], [-0.07043567959668161, -0.3426454368828428, -0.022819164699753265], [-0.07188037427388697, -0.3757537338880984, -0.028909293358162773], [-0.09665207039951376, -0.21866614833763398, -0.010841824090050724], [-0.09947692825216366, -0.28367084474533916, -0.01947310678147653], [-0.09952051292664117, -0.32144517480901985, -0.024948592886925074], [-0.09962670170384126, -0.3515156181848923, -0.028430200597467637], [-0.12092746127279867, -0.19536265752087686, -0.01804169820224042], [-0.1285964183987916, -0.24688014277950376, -0.026449832178838992], [-0.13224367560143863, -0.281888691589357, -0.028873104622919196], [-0.13519823286295296, -0.3136653740553194, -0.02965312619571392]]}