{"label": "M", "timestamp": 1746080530736, "left_hand": [[0.09435339867461776, 0.05765532148273261, 3.137329920766829e-08], [0.0835329670356863, -0.008255345156703627, 0.004707080261544366], [0.048887925021169856, -0.05579671578839931, 0.0037377882038508265], [0.010789974492441352, -0.047887896437066604, 0.0029473830494913785], [-0.016958758881423362, -0.024794901571635084, -0.0004834277042917766], [0.036529407484488144, -0.08218415866584376, -0.010494232132708019], [-0.01699910323591585, -0.12716443936873786, -0.014226661440300716], [-0.044202979473005485, -0.15143484539095908, -0.01463213759252207], [-0.06646997576798493, -0.17035002135009567, -0.01410388461995214], [0.015620538537008663, -0.047119042898306464, -0.017579894065313455], [-0.043599102144400076, -0.09575497670249601, -0.022287302469302214], [-0.07478703074015171, -0.12188849637978727, -0.024055441157464275], [-0.09921250682351379, -0.1435658021637739, -0.02349694649241004], [-0.0021228328047418594, -0.008915022705184563, -0.022854919599019568], [-0.04979504794387139, -0.054684840531395516, -0.031046154167052562], [-0.0790314841248995, -0.08600039366262621, -0.039560946196387725], [-0.10280343848851776, -0.11211144930027986, -0.04468970095260741], [-0.013505793544176801, 0.028590869686113796, -0.02617083961519285], [-0.028857123484752722, -0.0015650768391360782, -0.03206899483187971], [-0.013804341767421216, 0.007919672550921521, -0.028362991786767516], [0.002170033805396921, 0.019807013485558567, -0.024355201605444618]], "right_hand": [[-0.09435339867461776, -0.05765532148273261, -3.137329920766829e-08], [-0.06116175729544034, -0.10611642975078804, -0.014169497467597275], [-0.04455958189649378, -0.16950157768101748, -0.01941096426418035], [-0.0432596792183412, -0.21957515319897905, -0.02396472791814355], [-0.05606120807296884, -0.25674667991428873, -0.028468786806494183], [-0.07496642106005705, -0.22435779648445434, -0.00910416787219461], [-0.07910082716799668, -0.2868781167706591, -0.021203152117879823], [-0.08343401919161646, -0.3242112671370882, -0.03149626362905767], [-0.08874557128218483, -0.3556917207144277, -0.03828351939600493], [-0.09733467600250918, -0.22089431888582592, -0.010856834121588574], [-0.10161805316588705, -0.28980378328879, -0.02050912741267221], [-0.10550054382089237, -0.33215188844672744, -0.028988776762797753], [-0.10979636522882497, -0.36591560519620375, -0.03483776111363367], [-0.11855512458914426, -0.20513628754634733, -0.014939827221441104], [-0.12354551288873862, -0.27166526456515105, -0.023703862837276036], [-0.12525334813154132, -0.31094753971986633, -0.02866485231939779], [-0.12684024501592403, -0.3428420248675585, -0.03195591936085818], [-0.13913782931861404, -0.1798421577346378, -0.020673850286798145], [-0.14292230023911298, -0.2312903203390918, -0.028717243157203528], [-0.14355343368326517, -0.2653252913142427, -0.030780518318913784], [-0.1440237389987809, -0.29491846250583964, -0.03153498615944057]]}