{"label": "M", "timestamp": 1746080539415, "left_hand": [[0.10049867743422154, 0.08778749061703439, -5.073038068417825e-08], [0.0994777926999573, 0.018977286813168705, 0.0013666424981178282], [0.07195620063349845, -0.04175459360230865, -0.00493163691815995], [0.029370532839921012, -0.06172760000592304, -0.009717334624303117], [-0.003968932417731102, -0.06252897141784601, -0.016998770247799645], [0.07211426854264502, -0.0659535540910418, -0.027686509861012707], [0.007966422798505277, -0.12477009438749766, -0.0372630881689242], [-0.02436264840518412, -0.15276239328796237, -0.04013563001351441], [-0.050223153646040665, -0.17329719227359758, -0.04073839140804216], [0.050096037406752, -0.02751066427447808, -0.035305709874894786], [-0.01246933916952136, -0.09880541086309112, -0.04460214382795837], [-0.04465166573804045, -0.13426757369445502, -0.04682716716429389], [-0.06875933233033998, -0.16102113972566365, -0.047083850590501186], [0.026565899416925574, 0.010893176898741027, -0.04070510327218455], [-0.024807253427487352, -0.0594652348432761, -0.05236644930821365], [-0.05346194304072154, -0.10001250517270766, -0.05895289492425618], [-0.07490249987024837, -0.13225523641232806, -0.06325206001193562], [0.006474872859918889, 0.04756081048205576, -0.044084010376755974], [-0.019329952678940415, 0.00973570517213811, -0.053100401447325744], [-0.010843033944680705, 0.023444068618701717, -0.0484808178876388], [0.0006758579154581487, 0.04049396351940728, -0.04411629419649344]], "right_hand": [[-0.10049867743422154, -0.08778749061703439, 5.073038068417825e-08], [-0.04567785825698108, -0.10630283364462371, -0.01763654871098767], [-0.005365858085184976, -0.14080880427024953, -0.024916150677008378], [0.020286852589302042, -0.18169356644573093, -0.03143922030327292], [0.03970776612720618, -0.2211501598761144, -0.03731696478524462], [-0.00796225983013165, -0.22532665789695447, -0.006241384824159632], [0.022455550963542403, -0.2794940783731125, -0.0189932353863276], [0.03865882298610369, -0.3130262266219379, -0.03061666198418343], [0.05136174631106919, -0.34376052708621685, -0.03820441857756847], [-0.031661913892132125, -0.2447062956034341, -0.006767767457379896], [-0.0004958095332988329, -0.30641972070204493, -0.01638844916289092], [0.017383598445535407, -0.34304422593300893, -0.025965517920513933], [0.031649216838592564, -0.3737509051021289, -0.03268457749595354], [-0.05927823430393283, -0.25222370063316013, -0.010489137252424788], [-0.033906066068144454, -0.31112810037714134, -0.02015227473070871], [-0.016984411408188432, -0.3435193038838071, -0.026207862522529324], [-0.0019142161175606156, -0.36804995928512985, -0.030047932856110075], [-0.09110090121981251, -0.25004854965794066, -0.016308853207587192], [-0.07868056018804873, -0.3006843159143332, -0.02484731339309524], [-0.06846382402033815, -0.3333372660574907, -0.027020986514542083], [-0.05831910720549131, -0.3623436224240869, -0.027655334431604717]]}