{"label": "M", "timestamp": 1746080440424, "left_hand": [[0.08185771030957448, 0.07367563861013, 7.155752723426634e-08], [0.08016061985281263, 0.004031244740388265, -0.006890183517657494], [0.04821453811829315, -0.054064933555220386, -0.016749497720412912], [0.0053020093654692095, -0.07843145672283787, -0.022695374408202632], [-0.02807948379668439, -0.08478966948563596, -0.029870159289516897], [0.0537211612267762, -0.05975804545231882, -0.046814303441675365], [-0.008779186285999148, -0.11516695145624517, -0.0598332112689843], [-0.03976011419880074, -0.14132271206558386, -0.062364647008164034], [-0.06462163978312455, -0.16109516109831878, -0.062251720046189264], [0.03009878779824071, -0.014590765292266408, -0.04889190731486246], [-0.032972708179895414, -0.0836335664373062, -0.06318375688579825], [-0.06404629638202897, -0.12056100160576905, -0.06609623262088893], [-0.08724262718129601, -0.14810236541844765, -0.06664951278403755], [0.005543032318636984, 0.023911381490467145, -0.048297434475811675], [-0.04734020377022613, -0.04807382191959418, -0.060314181891159974], [-0.07318199910503372, -0.09062293117660841, -0.06645879365938581], [-0.09311787362991801, -0.12152038517833273, -0.07062482062292413], [-0.014185272538053252, 0.052072816985261755, -0.046366786104473395], [-0.032259409803622505, -0.011098596344026027, -0.05491726874224747], [-0.025315959255442954, -0.03496703726870151, -0.05534949757421343], [-0.01972729594809579, -0.05043827886135551, -0.05513767544479454]], "right_hand": [[-0.08185771030957448, -0.07367563861013, -7.155752723426634e-08], [-0.05239375611920007, -0.12205464652946853, -0.01732747180641813], [-0.03928686526740273, -0.1851208501625215, -0.02564037638286994], [-0.03726554344865751, -0.2373140458732363, -0.03290816449393752], [-0.04114251367484953, -0.2802753031411569, -0.040230524382377904], [-0.0811998842058453, -0.24383214409802784, -0.017989823617449816], [-0.09535170345892482, -0.309263618879778, -0.03316735886439955], [-0.10635323217607474, -0.3475161404360648, -0.04502757499632718], [-0.11748423749617848, -0.38057586255719345, -0.05306068665184704], [-0.10564825287066831, -0.23409467164881334, -0.02040711882806695], [-0.12053664619829613, -0.30748726714782443, -0.03368546661542998], [-0.13286735003810013, -0.35343115912348894, -0.044703626836756306], [-0.14470685699361546, -0.39035517816285126, -0.05251349534056664], [-0.12598004436819393, -0.2119759437291679, -0.0249533649430238], [-0.14167014832523944, -0.2793126273405482, -0.03662544174727584], [-0.15178058065153394, -0.3211489161253605, -0.04343619426505965], [-0.16109047055836215, -0.35638690730219835, -0.04813146016195002], [-0.1445003316343174, -0.18011705293738942, -0.03129999074461771], [-0.1576243916323711, -0.23331832533546298, -0.04232339021057484], [-0.16415997760613302, -0.26932744128117114, -0.046158327003702655], [-0.1706578445585833, -0.30312467558483935, -0.04812545538579799]]}