{"label": "M", "timestamp": 1746067698901, "left_hand": [[0.05312482988139687, -0.07560978239662494, 4.3316170480992057e-08], [0.029073017280127043, -0.12289833130816773, -0.014671676530160894], [0.018741884336471473, -0.18053142878160564, -0.023925427129783548], [0.01800708037507302, -0.22709090746957844, -0.03206626115397597], [0.022469035304808524, -0.26607828800857897, -0.03976942170209471], [0.06257451685834237, -0.23260180435216346, -0.01661945521969296], [0.0724516440283067, -0.29484128496225914, -0.030735688071775225], [0.0773212920694279, -0.3319072656031609, -0.04124948982228137], [0.08239381259495061, -0.36412761791546605, -0.04864334676118181], [0.08735427064600361, -0.22181221590005404, -0.01996704491967719], [0.10516224199393703, -0.2879138006283025, -0.03165534696593375], [0.11469941828323028, -0.32795149567515397, -0.040773509332327686], [0.12205002590334647, -0.362394280190544, -0.047245836717430593], [0.10801197610863265, -0.19961102806237493, -0.02535497637072487], [0.12743176978789586, -0.2613820689332807, -0.03720362106707524], [0.13779881054142695, -0.3007772975495542, -0.04399615778571206], [0.14520179663143556, -0.33631602295759994, -0.04864002052910178], [0.12568450727110464, -0.16743862662318346, -0.03205789022881618], [0.14699444201520878, -0.20836963359611196, -0.0422717001595793], [0.16036715684198247, -0.23703247831065724, -0.04561293625818604], [0.17125448449298242, -0.26350899787384824, -0.04745779130972449]], "right_hand": [[-0.05312482988139687, 0.07560978239662494, -4.3316170480992057e-08], [-0.0447247932727855, 0.008893071647907133, 0.0033024839710502542], [-0.017876067786390323, -0.03388782953514363, -0.0009059542041139879], [0.0122883078237265, -0.03401565425414564, -0.006619571545414271], [0.031948874215817186, -0.019187898297977096, -0.014151847612233833], [-0.009956956739884882, -0.06370627700893809, -0.012709556577937715], [0.013150670848320237, -0.1299782356612322, -0.024456179759138136], [0.02421935286337707, -0.17041251055155474, -0.03258103292620732], [0.030542669478891733, -0.20421787609669448, -0.037298836535801884], [0.009768075461304152, -0.03977843711747277, -0.02383857705172072], [0.04166395134367991, -0.10495177618105998, -0.03473827983571723], [0.057916729323083525, -0.14649817483026453, -0.041799696204982514], [0.0692406622924343, -0.18073129050019762, -0.044816195752349096], [0.025248547734593448, -0.005904488098230458, -0.03384956154129809], [0.061188944722405804, -0.06918866016826808, -0.04836735251597952], [0.07706767932594209, -0.10617206612924646, -0.05593133709385477], [0.0900672362962042, -0.1373148520755276, -0.05879150926795625], [0.0368194963282297, 0.03689000580693102, -0.042379769495204195], [0.059984151362944896, -0.006210390759673089, -0.05099078109032217], [0.048750807023687, 0.0007727706037760836, -0.043881471960150936], [0.03825704845034859, 0.01813098667092585, -0.03665641991568766]]}