{"label": "M", "timestamp": 1746067659990, "left_hand": [[0.07126641487238808, -0.061805459266785635, -5.437014153380561e-08], [0.034075827905218854, -0.09921917211303502, -0.01172901801706724], [0.013222857017475135, -0.1568514453589649, -0.017620456185257743], [0.006905398104876389, -0.20408203755618048, -0.02323505095876661], [-8.275710208393712e-06, -0.2428079506507476, -0.02841623382944537], [0.039655248068408595, -0.2243929266898068, -0.007692996493242043], [0.035609926317366036, -0.285448502028561, -0.020277574440744198], [0.03201312987124433, -0.3206308424066708, -0.03143724887459146], [0.028410967854767724, -0.3529718177207861, -0.03983370146757097], [0.062443871197147435, -0.2262986363199655, -0.012241470483511159], [0.059420326831230226, -0.2944026840612373, -0.021993492650232555], [0.05525819024763072, -0.33439087031726056, -0.031336874627046735], [0.04983769100300326, -0.36992838417030316, -0.03833387677283904], [0.08499795524206817, -0.2151871539726082, -0.01907330940391675], [0.08338801130998912, -0.28116857298729747, -0.028320383939954126], [0.0815242031466273, -0.32070659698473225, -0.03378739710936894], [0.07818459031005875, -0.3556947992049589, -0.03814034963064777], [0.10690025890167508, -0.1927672319220274, -0.02754451337244961], [0.10971868387885567, -0.2415760975449476, -0.03557712175153831], [0.11220080581921604, -0.2732869139034419, -0.03770422368137225], [0.11391001280286062, -0.30182210835320594, -0.039114521788540704]], "right_hand": [[-0.07126641487238808, 0.061805459266785635, 5.437014153380561e-08], [-0.06866743262853556, -0.004063601066997368, 0.00200653018926167], [-0.042470581021994844, -0.05270413328776662, -0.00037400626263624595], [-0.008087778833166838, -0.05625991495032805, -0.003311299591317949], [0.014297289745574778, -0.040485820170971895, -0.007332998125793378], [-0.036791897807239585, -0.07330860551458247, -0.015054967548088263], [0.00034894395680886456, -0.13388939608333147, -0.02253060244177798], [0.021952958281431918, -0.16540052682984685, -0.025426812558470534], [0.03695941273255674, -0.18883360952333056, -0.026678439837220364], [-0.016531549618100237, -0.04839694442084417, -0.02314859792223006], [0.023167168664370033, -0.11227014899541275, -0.031722340270630346], [0.04490445830009639, -0.1482674876807761, -0.03475572056822037], [0.05987344470060739, -0.17466068278555774, -0.03464899459941336], [0.0019616616159357863, -0.016835886587467156, -0.029911832569136123], [0.03616098858118759, -0.0809360365996736, -0.03947433329886499], [0.051889203186915894, -0.11874061760499635, -0.04365450195020909], [0.06382400502267033, -0.14627390546832225, -0.044627952257005554], [0.0159004585083074, 0.021151032868051523, -0.03571676299357115], [0.03458060075699566, -0.02311414955391406, -0.04009330640442411], [0.023256155284577872, -0.02268599522796771, -0.033389927138889636], [0.013145056247329192, -0.009012703126292862, -0.026924113616298248]]}