{"label": "M", "timestamp": 1746080407317, "left_hand": [[0.08627401125869524, 0.06325299599103953, 8.975216456325664e-08], [0.08915567933588997, -0.004142680599201045, -0.01508036423447938], [0.07997424999054425, -0.07175493467640504, -0.02764620336980729], [0.08511994447356087, -0.1265391430399726, -0.036429258961748014], [0.09724538567661753, -0.16064705780069938, -0.045909010276964035], [0.040704100560133294, -0.052143928053337625, -0.04290132930326669], [-0.011091458647088402, -0.10547903228497406, -0.05676336640844117], [-0.04073223301437985, -0.13411101430580005, -0.06259319022558354], [-0.06394076557992331, -0.15622291128991597, -0.06556702213137304], [0.017512532288607854, -0.014406502587454986, -0.041138505012194446], [-0.0335276387140426, -0.07804084177110797, -0.053694079424305985], [-0.06242304441291719, -0.11630165104972581, -0.058539307102883076], [-0.08378414768875843, -0.14439727864134866, -0.06135663014300163], [0.0006204072047205581, 0.018328081887954473, -0.03834038608303848], [-0.04490069580626037, -0.04671015865252747, -0.048384683921800356], [-0.07002555743481469, -0.08759852502086174, -0.05523564779420515], [-0.08907361456357778, -0.11720436354515983, -0.05984117971743437], [-0.00925811325564905, 0.039636472154362626, -0.035831537082491656], [-0.032840584806312696, -0.020898702565872916, -0.043865793596040266], [-0.037620027249936044, -0.051391879694151175, -0.04582851381829154], [-0.041152205318163514, -0.07271546714061713, -0.04651709627959702]], "right_hand": [[-0.08627401125869524, -0.06325299599103953, -8.975216456325664e-08], [-0.04966759174076622, -0.10234215760964571, -0.021917160270708187], [-0.024419173504113986, -0.15481498091325774, -0.0332062728231386], [-0.012446976423686792, -0.20383079917650967, -0.04250337082164235], [-0.008503414225522284, -0.2490775930874471, -0.05177429565350293], [-0.058082871157523, -0.22708163645026058, -0.022086162632077834], [-0.055755652756483975, -0.2918982102155737, -0.038392909127720844], [-0.05615646954493896, -0.33189469649705006, -0.05128136363208707], [-0.05755075780182437, -0.36708922730304994, -0.06001911042208798], [-0.08503825079518033, -0.22522507118138407, -0.02274524091692515], [-0.0848618574796721, -0.2980196343428602, -0.0360282036129084], [-0.0855287662882556, -0.3438630059267648, -0.0475117914744449], [-0.08648122304166954, -0.3823333419076448, -0.05598797447384034], [-0.11087605455098162, -0.2091503069886526, -0.026039488134872505], [-0.11433371342350701, -0.2771729025985571, -0.03884510917235385], [-0.11519611804950862, -0.3201327329644691, -0.047631296973789046], [-0.11492650947259928, -0.3564917918702478, -0.05386021464327519], [-0.136486201015289, -0.18245119421750502, -0.03134839988993152], [-0.14727630488317286, -0.23324190174239254, -0.04426170222547076], [-0.15389734514042977, -0.26825441981049075, -0.049844792755918715], [-0.1597983394723196, -0.30136502846549346, -0.05301230035174731]]}