{"label": "M", "timestamp": 1746080404959, "left_hand": [[0.08174441462443875, 0.05076248760789366, 2.2535342225210317e-08], [0.07843655938960963, -0.009238646889182713, -0.005914008267150008], [0.04999265812344378, -0.06568792793306165, -0.013835424643416382], [0.012129892493042554, -0.09191867827987456, -0.019044734402756332], [-0.01936498168846852, -0.09788062280216693, -0.025582067331093673], [0.049165196721865825, -0.07506840656155955, -0.03384663841219327], [-0.009753104603934661, -0.12399092013192956, -0.0451896255440143], [-0.039023223289501786, -0.14831702713920553, -0.049175739846709386], [-0.06154962573943054, -0.16633731740820754, -0.05050592998823061], [0.03215157237257912, -0.03741839742571808, -0.03768470772888002], [-0.02899608718321903, -0.09785414375297766, -0.050466042588294145], [-0.05952625318671672, -0.12960056890178687, -0.054858596967664174], [-0.08166636362843922, -0.15465284161911133, -0.05630033676808546], [0.014129504986181835, -0.0016782208122076794, -0.03980305832078316], [-0.03965493520999256, -0.06352798390852259, -0.054558690636041185], [-0.06520876376977944, -0.09838820307259925, -0.06163753122728298], [-0.08322940946226051, -0.12574230486729981, -0.06519432506683923], [-0.001913813265296441, 0.029194502340399088, -0.04053338692833004], [-0.026797615253550875, -0.015174147904633723, -0.053212302069462224], [-0.01693791914824891, -0.018127788100240915, -0.0523391154373044], [-0.004693011617385545, -0.015661184697976907, -0.04986663866204908]], "right_hand": [[-0.08174441462443875, -0.05076248760789366, -2.2535342225210317e-08], [-0.044931232298848225, -0.0981621892822709, -0.012356832981709392], [-0.02597847076138271, -0.15322521213080836, -0.01786824381265547], [-0.016535650854659318, -0.2008848349954154, -0.023564590365338606], [-0.011385706812606183, -0.2443648554581256, -0.028847140686028814], [-0.05688149376557855, -0.22585621332890793, -0.002739428229052513], [-0.0532874870877657, -0.2897099961695023, -0.013617112435599717], [-0.052934640428938105, -0.32715503258497525, -0.024075715984974454], [-0.05490789827110578, -0.35985321072598647, -0.030985192845655093], [-0.08050825176430039, -0.22509717094704723, -0.005372859915168911], [-0.07870796075821275, -0.2947128659759243, -0.012612071467602683], [-0.07887948812920262, -0.3351738838652299, -0.020521987672925023], [-0.08072932516826993, -0.36814273475671216, -0.026373244438254038], [-0.10384610378807586, -0.21179032914547616, -0.010666417812075158], [-0.104963661833255, -0.27745147591939134, -0.01764828999264494], [-0.10475705416488283, -0.3160758252095285, -0.022033292733783513], [-0.10513646872876946, -0.34693941397872363, -0.025176911221736795], [-0.1277143187272908, -0.18817855224639632, -0.01767943952848862], [-0.13513536548695612, -0.23918157269373752, -0.024827019020578815], [-0.13967383897565042, -0.2741230416651252, -0.02624546525474182], [-0.1442970098794025, -0.30507008386720147, -0.02637068538920487]]}