{"label": "M", "timestamp": 1746080440666, "left_hand": [[0.08113286829629474, 0.07222560943092804, 1.659464622745803e-08], [0.08266788275268892, 0.0055614221806988785, -0.0027393067002156996], [0.05596391322854134, -0.04964498628071695, -0.012940644899900893], [0.011771084576189821, -0.06506158665776927, -0.020730385530158598], [-0.025296511116163028, -0.06298222301947086, -0.030098932781858493], [0.06040479064471057, -0.07006744613518322, -0.03508985136338481], [-0.002590511826098718, -0.1251539685968138, -0.04539158337897722], [-0.035077967137551264, -0.14822622840762278, -0.04860934370784335], [-0.05994151970779728, -0.16513754633063565, -0.04972566321751675], [0.03876850746946152, -0.028752814442656312, -0.04050378434006774], [-0.02846649287313031, -0.09715131182207438, -0.052060264544073906], [-0.058906574480079264, -0.129545937118129, -0.055763193574405547], [-0.08016927694782634, -0.15371661965848782, -0.05766232004084785], [0.014837417512331107, 0.009562334842792439, -0.04358295451548564], [-0.041632153763942546, -0.06041409338204799, -0.05686284979130724], [-0.06830833169670021, -0.10209530854473534, -0.06349380418507072], [-0.08880914266775765, -0.13098665034512014, -0.06783040930862519], [-0.006691072324589646, 0.040155297114837174, -0.04480059491894641], [-0.02442268176364278, -0.020085390372579816, -0.05529669314333461], [-0.012116281618373, -0.03258213331517399, -0.05379300926567808], [-0.001380474190134055, -0.034751276891054776, -0.052028597559694835]], "right_hand": [[-0.08113286829629474, -0.07222560943092804, -1.659464622745803e-08], [-0.05059590186461661, -0.12031144975723955, -0.015490087203942833], [-0.03756347554944119, -0.18337216742637524, -0.023032541653952857], [-0.03653030654350989, -0.2346442625718817, -0.02981455339423563], [-0.0500305250874193, -0.27182044103446806, -0.0369457923162858], [-0.07247122143243358, -0.24265913146413884, -0.017089933755551612], [-0.0794611924121298, -0.30968731858920234, -0.032801972295012444], [-0.08671524630574985, -0.3486329189591248, -0.04481873839654037], [-0.09500411983564844, -0.38236590045900765, -0.052709585742327064], [-0.096478419801879, -0.23648629427286208, -0.02003316465397568], [-0.10340299352488305, -0.3118708334140846, -0.03288072485566903], [-0.1102156293920565, -0.3578416780165584, -0.042612155115473734], [-0.11743243645305843, -0.3950901074401048, -0.04958728387827048], [-0.11841879573533819, -0.21671755580243876, -0.02514323138558038], [-0.12905509886025343, -0.2869297909256895, -0.036628315098955685], [-0.13573984675878437, -0.33029685586356694, -0.0427427343292476], [-0.1416700412890172, -0.366501387183925, -0.04708202621252488], [-0.13902372200971105, -0.1871596822911857, -0.03192640933208674], [-0.14748999344785216, -0.2420836356052476, -0.042424032595382716], [-0.15147733326366652, -0.2790742796284776, -0.04586295944914448], [-0.15525334754094897, -0.3130164785248728, -0.047862460388169624]]}