{"label": "M", "timestamp": 1746080539811, "left_hand": [[0.09411014791607643, 0.09166286558390106, -5.5275435751040794e-08], [0.09742227992891747, 0.023981159928850235, 0.002491393527337147], [0.07331177419690552, -0.03572719418781083, -0.0035947185960732747], [0.035171729048511444, -0.05754847002832933, -0.008707312855858844], [0.0033112193740759636, -0.06053466555129172, -0.016923334912250468], [0.07932693481404895, -0.05991120882399296, -0.029422533386636703], [0.01986636212211046, -0.12408191018257306, -0.03911960546535699], [-0.01094477890678975, -0.15449219537569656, -0.041889248921339814], [-0.03444632642279384, -0.17498728263979518, -0.042314045968357604], [0.05675990865170931, -0.024957185604536268, -0.03815142277905847], [-0.0037574997302061218, -0.1022264103883636, -0.046725008017988665], [-0.034980697161545525, -0.13926892445457367, -0.049737250043888896], [-0.05676440962016443, -0.16610710003754547, -0.050634773229434396], [0.032413278381019824, 0.011989169522697248, -0.04415639139908378], [-0.017552781369021126, -0.06363543872285343, -0.055281100149680004], [-0.04463830279912309, -0.10564013568919152, -0.06325980825536716], [-0.06379680984995385, -0.13746223156833265, -0.06886477923118181], [0.01048211253646816, 0.048935732067831916, -0.04792883558906829], [-0.009569930090758358, 0.006494959706100619, -0.059139182005604855], [0.0011263206868646516, 0.01622493344939199, -0.05672063742363485], [0.013878788085820952, 0.03168354072116803, -0.0535253750272009]], "right_hand": [[-0.09411014791607643, -0.09166286558390106, 5.5275435751040794e-08], [-0.03951452061220338, -0.10529441153154245, -0.0165231117010723], [0.00022060967967095933, -0.13654644005114272, -0.023671109816262373], [0.026897289684801675, -0.17090550576291966, -0.030382950865260647], [0.04728410480449616, -0.20629367539128882, -0.03649572753213626], [0.0001229988153863096, -0.22130596082335446, -0.006510956274151411], [0.0325088150662929, -0.2723484365132416, -0.019289781302897283], [0.0504125890076525, -0.3026682875014605, -0.030710595960100093], [0.0645987289394084, -0.3300618245147811, -0.038035162452736006], [-0.021430085678935732, -0.24054664684662377, -0.0077346019775056795], [0.011689699557006262, -0.2996757242489326, -0.017506885731728445], [0.031094266463979992, -0.33465107002862826, -0.027228018286982986], [0.046288042559558325, -0.36384177944652674, -0.03399217013065314], [-0.04766307805170076, -0.24865092056422403, -0.01198995976586944], [-0.01998525406305385, -0.30459961780450695, -0.02177507426182161], [-0.001861119343504686, -0.33604396420206034, -0.028352091082343843], [0.013576580203834692, -0.35984294898832403, -0.032484594599671165], [-0.07846453266461692, -0.24804129861093246, -0.018189240068422725], [-0.06405431917424072, -0.2973937747257697, -0.027034829253845028], [-0.05242317369073117, -0.3297258904820667, -0.029708287843613658], [-0.041450123724013674, -0.3580951420442216, -0.030657377712110648]]}