{"label": "M", "timestamp": 1746080529050, "left_hand": [[0.091854519649214, 0.04757493663971309, 2.018352388604335e-08], [0.08805908798348905, -0.021762746718164725, 0.004836931871511004], [0.056887384801126734, -0.07379770324475775, 0.002150328626983198], [0.013733451202216652, -0.07503674656080171, -0.0002404803518702147], [-0.019565033840147603, -0.0592172725100148, -0.004507620113769984], [0.054443069374377186, -0.10603427149703659, -0.012753617487797039], [-0.0022389505063044944, -0.15494554468722097, -0.016031420237910605], [-0.03103897315593876, -0.17648636634173331, -0.016598979660451055], [-0.05530607299923242, -0.19340727179021247, -0.01663253070203584], [0.03149955572851889, -0.07290131130804867, -0.02000367211480647], [-0.02692964541156955, -0.1319439078104061, -0.023003056260704754], [-0.054305189430586265, -0.1599914681841783, -0.024960316816585237], [-0.07562213326467497, -0.18288926434797986, -0.025856759008064157], [0.008935336368468116, -0.03851092891575778, -0.02518830834888365], [-0.03542658788488793, -0.09253394499289577, -0.029640670366072326], [-0.05946728281075983, -0.12975839008987228, -0.036485377198734036], [-0.08005240232780439, -0.16049493482702942, -0.04236174162276884], [-0.010229018584759147, -0.005683402859405296, -0.028821603768570635], [-0.016239603926723026, -0.046559617986698935, -0.03217022027556974], [-0.0009457277621949372, -0.044689374761353824, -0.0292134689260932], [0.011264975196591217, -0.038915723907637166, -0.027020049241271736]], "right_hand": [[-0.091854519649214, -0.04757493663971309, -2.018352388604335e-08], [-0.05976176618973678, -0.100715574681677, -0.011389929180564464], [-0.0445895544299284, -0.15774736776050644, -0.016749164843602105], [-0.03589689595197594, -0.20675622135523156, -0.022916225590743113], [-0.03025392664454044, -0.24939152572930184, -0.028684396281461973], [-0.07706196592402348, -0.22081888437547498, -0.0008025839909589526], [-0.07154404962864605, -0.28235829100131543, -0.013672067678843321], [-0.06788268811654065, -0.31890355963537514, -0.02588022080633072], [-0.06591432843577641, -0.3504410026741915, -0.03396807748765834], [-0.10097452554528656, -0.22146304522922855, -0.004927152316907535], [-0.10127793034245382, -0.2906526062426034, -0.014431118115724131], [-0.10088119525842447, -0.332843141545006, -0.023756564314396524], [-0.10124685853618158, -0.36759003606077295, -0.030435274856079032], [-0.12450246866130671, -0.20880412715741364, -0.012016752138720202], [-0.12872794714421792, -0.27285979489575296, -0.02132069168898158], [-0.12878023124953492, -0.3119204631319712, -0.027136283737763493], [-0.1280966898008941, -0.3434428201674958, -0.031049067470338258], [-0.1481762750502709, -0.18399218903026188, -0.020786840055046156], [-0.15832362245477288, -0.2312143276132992, -0.029224120544216872], [-0.16492145153401014, -0.26395233317296096, -0.0312711409052159], [-0.17096651643425886, -0.2927119222706254, -0.03199455592410534]]}