{"label": "M", "timestamp": 1746080438878, "left_hand": [[0.09445073400501061, 0.05837434450090859, -1.7779448909648187e-08], [0.09386976407002, -0.009503726687999653, -0.000557638532662464], [0.06473135573747588, -0.06345472884928227, -0.008230528174077321], [0.02030736320329527, -0.07675379170130647, -0.014048383110606612], [-0.0167418171655163, -0.06840627008010587, -0.021486927120645573], [0.05943644995019335, -0.09142381624024162, -0.026174237747122506], [-0.006856174294618637, -0.1342700323557179, -0.03390371221212794], [-0.0408443989422346, -0.1515249154065584, -0.03708380756488992], [-0.06861492103436925, -0.16472494888123507, -0.03870811368007541], [0.03882672512864855, -0.05108531920206896, -0.031794383308724736], [-0.0313970614703826, -0.10502807193038291, -0.04086347704261872], [-0.06288682956192293, -0.1282917623558074, -0.044569783553140986], [-0.08700893137849472, -0.14734827814893614, -0.04634864894588742], [0.017994120890055594, -0.012475223097725856, -0.03507082380721862], [-0.03863979225394412, -0.06898047403279323, -0.04565837854677744], [-0.0670449779588128, -0.10599973211623162, -0.05128318928935949], [-0.09095861877516982, -0.13477100449994658, -0.05529039658104308], [0.000317087579733072, 0.021638244585947278, -0.036684994517095566], [-0.017338942240070546, -0.02719850713372187, -0.04452897961441111], [-0.004895920876301321, -0.03468638718517458, -0.04107932363715247], [0.005743025478840252, -0.03586091829495008, -0.038077724033435345]], "right_hand": [[-0.09445073400501061, -0.05837434450090859, 1.7779448909648187e-08], [-0.060118439257326566, -0.10967503541238974, -0.016035881366754653], [-0.041020622026769184, -0.16926195610538325, -0.024199489025809262], [-0.03302171131194178, -0.2205502728674114, -0.03191740795285694], [-0.04104225869745015, -0.2625134740197286, -0.03973100266375092], [-0.07621056834940604, -0.23439124748385748, -0.01334305659178573], [-0.07887862673460719, -0.30109192920683003, -0.02802035139579607], [-0.08259240929375732, -0.3404220235188922, -0.0402541677726601], [-0.0872548947351657, -0.3750092908724104, -0.04841074487055803], [-0.10157339573898215, -0.2305244162341045, -0.01611897721759527], [-0.10594961138368844, -0.3033274531778912, -0.02739277713951949], [-0.10990181341015005, -0.347406796704427, -0.03737062234880295], [-0.11368421460800664, -0.3845113712919887, -0.04474627800060217], [-0.1255084923174024, -0.21255331596565552, -0.021406128809250177], [-0.13286921170144997, -0.28139197573300717, -0.03163805564942544], [-0.13655781178101153, -0.323716523758386, -0.03805605570374627], [-0.1389827651657019, -0.3592123865536109, -0.04276394016277499], [-0.1484233004735271, -0.18407258282202119, -0.02860593450053889], [-0.1596337461975209, -0.23631714635566714, -0.03858500084299205], [-0.16667435682791926, -0.27310013778434505, -0.0421445135783696], [-0.1732918402922998, -0.3063814439173041, -0.04405124970484579]]}