{"label": "M", "timestamp": 1746067698506, "left_hand": [[0.04697541661985024, -0.07650095806721281, 2.6128110446057076e-09], [0.018941353105611892, -0.12056979632271551, -0.015608350214703384], [0.005920860592227461, -0.1768428146894305, -0.024924040930166688], [0.004957274185514734, -0.22352060859329692, -0.0328949734899869], [0.007215000271461228, -0.26301827118441706, -0.04027573221319249], [0.05200024523528434, -0.22925139436967934, -0.016580982498245682], [0.058324471724365466, -0.29216232617100146, -0.030194520245723583], [0.06123051535707775, -0.3291054420576442, -0.04045479489942419], [0.06464624736011838, -0.36076264660794405, -0.047627206024186575], [0.07670364363745573, -0.22171103217865593, -0.019061049719621272], [0.0902221049861627, -0.2886213332824045, -0.029997062234227313], [0.09715155856440273, -0.3289408561164125, -0.038599496144909075], [0.10335542587458398, -0.36259178528824115, -0.04472151330910992], [0.09797647123370841, -0.20163901131080184, -0.02371719619038678], [0.11367222611822701, -0.2654961953016608, -0.034912284789739054], [0.12149459240538812, -0.3049218250854164, -0.041546443962657054], [0.12787986742282648, -0.3398276357222578, -0.04616536392090948], [0.1167961728923019, -0.17095385975143937, -0.029807396822290506], [0.1357480423867403, -0.21231486156702753, -0.03984413972715541], [0.1470429559131869, -0.24108108409234125, -0.043390744512861824], [0.1572072685188457, -0.2681391286893474, -0.04532927480341505]], "right_hand": [[-0.04697541661985024, 0.07650095806721281, -2.6128110446057076e-09], [-0.04108365434077406, 0.0054934094913029405, 0.006287465498421078], [-0.014678695314281303, -0.03786592900616795, 0.003761316316221376], [0.015971141676670127, -0.04613426147712397, -7.19558504213952e-05], [0.03634401593080432, -0.03910360993691369, -0.005861141513574062], [-0.003440686146018762, -0.06181669263173103, -0.014993723546018672], [0.02476025819938584, -0.12922121944935547, -0.026136622894783086], [0.040415328918656165, -0.1701512275669356, -0.031900110852733504], [0.050897717725346944, -0.20166387633184074, -0.034402064472836065], [0.01678299798188189, -0.037134015080425416, -0.025293863557151085], [0.05249558497340026, -0.10210275017756655, -0.035497556919697255], [0.07410270896362071, -0.14313065874536623, -0.039692707627138675], [0.08917616990762214, -0.17437115138841613, -0.04060267604717562], [0.032052126143413635, -0.0030514237960447043, -0.03398525787352565], [0.06723858176681986, -0.06470250558424319, -0.04704828661745752], [0.08698844910492323, -0.1041925705300459, -0.05401595679725401], [0.10102546645690971, -0.134543715341743, -0.05641426160205812], [0.042800944987365586, 0.03897750239293492, -0.04075323642322449], [0.06526257013070863, -0.000513899381955906, -0.0472353424276119], [0.06059783871064289, -0.0024358140009681085, -0.04159489844697999], [0.053792710237597484, 0.006806175655831099, -0.03565287417925133]]}