{"label": "M", "timestamp": 1746080537453, "left_hand": [[0.11121599779237745, -0.01258933697874394, 5.407069873710082e-08], [0.07874529392644748, -0.07430806463447229, 0.001899385251921704], [0.030609950439166842, -0.09283889816533954, -0.002861643745463462], [-0.005144318616238825, -0.06481848910958582, -0.007048915042281989], [-0.028418166947942983, -0.028043034463525192, -0.013878809538219737], [0.007009655551700097, -0.1018653277651584, -0.020982939514946064], [-0.06577122427913339, -0.1052006311978729, -0.02875341091992727], [-0.10171129165196437, -0.10664079985176546, -0.03176026565983796], [-0.1282081424164558, -0.10570221815413194, -0.03234923141708092], [0.0014167675754183115, -0.05245643372039677, -0.027499909435383586], [-0.07401489132976456, -0.0616365468558175, -0.034298912467822115], [-0.11374764593515714, -0.06571564797696272, -0.03778576382329451], [-0.14406651838787826, -0.06807485545623738, -0.03877348224521892], [0.0005305688343349881, -0.0018262914855403998, -0.031832720355027815], [-0.06461581743596405, -0.014675991905629763, -0.04157568080334622], [-0.10481014647772771, -0.026301905576960813, -0.05146131681115683], [-0.1359618676450149, -0.03387918083110967, -0.05831052437430824], [0.004730029871799768, 0.04243617855107491, -0.03409009838886255], [-0.02180284424896542, 0.019537009389741476, -0.041891592844337196], [-0.006974861180176183, 0.011323603570163512, -0.039155792202048637], [0.011302720903061869, 0.008908910451527616, -0.03599107336365756]], "right_hand": [[-0.11121599779237745, 0.01258933697874394, -5.407069873710082e-08], [-0.10000489669505096, -0.053834105477666754, -0.018026376190940614], [-0.1119901775956073, -0.1215155850775032, -0.02715766488508065], [-0.1296364241686697, -0.17124457928136844, -0.03538057015235608], [-0.14873940046881087, -0.21144418691336908, -0.043308337754053156], [-0.1762804651775484, -0.14919614962899205, -0.015581424359662865], [-0.2129467618010748, -0.198305010216467, -0.030136348675377376], [-0.235607447479068, -0.22424255203603927, -0.04165821166243786], [-0.25513553161890495, -0.24489713165648805, -0.04939357515367927], [-0.1985800912538739, -0.1231281742476098, -0.017281955195695163], [-0.24043355978155542, -0.17464862527090957, -0.029210404366011595], [-0.2652887387614094, -0.20391671576252487, -0.0396465298421145], [-0.2863772003667761, -0.22817804326707306, -0.04724116450585472], [-0.21141383501950645, -0.08816807110808697, -0.021441483043230226], [-0.25207743476279587, -0.1343677434670922, -0.03264616722837932], [-0.27445884876685817, -0.16121606372274444, -0.0394254183604225], [-0.2929561672791788, -0.18427810358436703, -0.04416293546923303], [-0.21708466279094762, -0.04581741780722573, -0.027426623664440774], [-0.2545574051042097, -0.07564644917432964, -0.03809969387453525], [-0.27692904767214627, -0.09575900622552083, -0.0419713610061531], [-0.29695529372877555, -0.11512683881289618, -0.04393520056563108]]}