{"label": "M", "timestamp": 1746080407861, "left_hand": [[0.08777121226100293, 0.05369194203680802, 6.675759319691686e-08], [0.09129047036351862, -0.016165326046497185, -0.010709920639603085], [0.07245731567356402, -0.08055834190053299, -0.019122755903815136], [0.043361808435819486, -0.12172251773858579, -0.02369060720562047], [0.018749478699693924, -0.13942195028769475, -0.028238441039881226], [0.04556903401322276, -0.06982761387253082, -0.03845367770319697], [-0.007382918178334401, -0.12560252789283619, -0.05170824340020276], [-0.03600952477274789, -0.15638328357878048, -0.056440737716108344], [-0.05865068975336666, -0.18048893593789667, -0.05789276997597175], [0.019625905923206646, -0.03248907630049627, -0.03774182784839465], [-0.03232940920694657, -0.10018326751925123, -0.050745654414333756], [-0.059606661683938904, -0.1414763183866553, -0.054188956424435], [-0.07944147749580054, -0.17184562627446429, -0.05508950614053751], [-0.0006362176129777959, -0.0016429553116998146, -0.03575056903905512], [-0.04583301600760161, -0.06848365142979591, -0.04537741075589796], [-0.06836065822737511, -0.11098310701368627, -0.04922497020576642], [-0.08491492007964878, -0.14252580436324688, -0.051184270651147855], [-0.013243213420921258, 0.017237849178566404, -0.033738601297397953], [-0.03634176046713226, -0.04518293408828774, -0.0398248742300005], [-0.04114005334546301, -0.07833791722341078, -0.039435667089945975], [-0.044509009763380764, -0.10159672654803945, -0.03807887753803461]], "right_hand": [[-0.08777121226100293, -0.05369194203680802, -6.675759319691686e-08], [-0.051682282824693865, -0.09986421341914851, -0.01605868402860123], [-0.03062467720703966, -0.15572357366895545, -0.02430694301819271], [-0.016487951255807685, -0.20363374985487315, -0.03212277722532267], [-0.00954858584760402, -0.2473476626564046, -0.03998146036658663], [-0.061765922363159274, -0.22244838379217172, -0.014536869625238659], [-0.05695527064609964, -0.2882414495100293, -0.03053151984630849], [-0.056148024910768965, -0.32971228559858134, -0.04303354211134465], [-0.057081204761985686, -0.36548347384258467, -0.051412121422953906], [-0.0866128249590114, -0.22269916668683162, -0.017704880034379915], [-0.08451833439777524, -0.29502813249416315, -0.0314141746291382], [-0.08493834235474684, -0.34143252597500917, -0.0423622961183435], [-0.08652836122407255, -0.3791557805424326, -0.050172950904214385], [-0.11187914032696719, -0.2079700567376036, -0.023410693075125298], [-0.1140563965957248, -0.277474152623522, -0.036832599811754116], [-0.11492797481310735, -0.32037047397628254, -0.04509834345093184], [-0.11546581186849833, -0.3550279838051408, -0.050596092334461454], [-0.13721307919918593, -0.18180975619253018, -0.030738020549156028], [-0.1468404395146086, -0.23159718046287756, -0.044054332299853644], [-0.1542601891330075, -0.26661946859404784, -0.04957176167125994], [-0.1615276414469571, -0.2978616325961618, -0.052486985907261065]]}