{"label": "M", "timestamp": 1746080538807, "left_hand": [[0.09872738638324563, 0.05428514830091651, 1.678747489211137e-08], [0.08727008880036573, -0.020334525639360862, -0.004048779053204507], [0.04876584674265512, -0.06846612577800172, -0.011318617641054162], [0.005353174021372381, -0.07441678527119445, -0.016156006538609054], [-0.027404194777027192, -0.059689073757976975, -0.022174785834153412], [0.037870658871156315, -0.07267008514819341, -0.03054713125228043], [-0.02949797930526453, -0.11055262699679458, -0.04032764608314327], [-0.06280656996379033, -0.12812382379257753, -0.04352144749202764], [-0.0897313675768727, -0.14104684469188086, -0.044220816324649734], [0.01987190903469776, -0.027658810495709923, -0.03353531471216382], [-0.04655990563912555, -0.07440191691517972, -0.042954757273330965], [-0.08063287028521188, -0.09996577214595824, -0.046023594735296894], [-0.10733444743529091, -0.11912522936547763, -0.04725211704136193], [0.0033909022484359575, 0.01380310269679478, -0.03467360004849837], [-0.05150213156859994, -0.036651395141113575, -0.043250129263176125], [-0.08215412554549084, -0.06878039053124749, -0.049656293135615474], [-0.10705825113688076, -0.09148390187106588, -0.05442483052038495], [-0.008838144963177136, 0.04465966339869678, -0.034770100459542146], [-0.03076965301464529, -0.008255371749145634, -0.04009359386668499], [-0.02294747335458505, -0.02618098956678107, -0.038339381516563645], [-0.015410660763705198, -0.03391924691815448, -0.03677518217092519]], "right_hand": [[-0.09872738638324563, -0.05428514830091651, -1.678747489211137e-08], [-0.05971125921832967, -0.09710734045826509, -0.019650638497174692], [-0.03625000806555051, -0.15194195451426673, -0.027173365662203974], [-0.030451095560187918, -0.20448200269899744, -0.033317438174361974], [-0.0313567774667231, -0.24959944365735515, -0.03884976417834494], [-0.06976624838904846, -0.224499141620595, -0.009293566332415444], [-0.06615946229422537, -0.2886901662619618, -0.021667054403177233], [-0.06590150997596453, -0.3267485917865693, -0.0328500654518792], [-0.06720750578275987, -0.3594020381910916, -0.040173338108794844], [-0.09744191749315304, -0.2241707499779074, -0.00850851420799585], [-0.09675235358034381, -0.29528512118245964, -0.017430868066446385], [-0.09722728243257292, -0.3375004619744353, -0.02657151675716341], [-0.0980579786538527, -0.37066928618396694, -0.033162830198735685], [-0.12351252610196123, -0.21043633050049826, -0.01089335119548417], [-0.12593497544478144, -0.27628385000258776, -0.01977540000420645], [-0.12579140410153156, -0.3156115297140749, -0.026254149551678346], [-0.12444021785834498, -0.34668057912595124, -0.03074192476493079], [-0.14933983611346272, -0.18557210751809802, -0.015487747594597178], [-0.15832414755289492, -0.2363783336834625, -0.024423766145398852], [-0.16368333135596355, -0.2706194941679307, -0.027821673301721014], [-0.1678915053782539, -0.30205607685263314, -0.029429721614622074]]}