{"label": "M", "timestamp": 1746067662281, "left_hand": [[0.07906419662273385, -0.069935977259892, 1.1268517764645018e-08], [0.042089439996538754, -0.10781661217454558, -0.01968841183699435], [0.01598006943074857, -0.15906230155467468, -0.030634569057307916], [0.007378908563563623, -0.20645082705645723, -0.03980353949947536], [0.008887510719435734, -0.24936418385792292, -0.047667497937472214], [0.052546900750990784, -0.2316543641459724, -0.014646600078845405], [0.05477496251216593, -0.2948861698885199, -0.02856208119326671], [0.05534761740448405, -0.3307171627504078, -0.040181356619672225], [0.05648620536160268, -0.36411998504592086, -0.04871433294897527], [0.07861697103189459, -0.23042716009607975, -0.015420338441353256], [0.08181073534643507, -0.3007662677582954, -0.02600905828227496], [0.0823854964113754, -0.3417419457473473, -0.03535535613588026], [0.08282133970761814, -0.37881078555269737, -0.04244315075193998], [0.1034064435463241, -0.21677432178848302, -0.019153899114696546], [0.10715802992046049, -0.2840244360210662, -0.029858363223948803], [0.10865103743649171, -0.32500338529951, -0.03564041763785684], [0.1090728097071309, -0.3621251258874238, -0.039963793469018453], [0.12872219034320012, -0.1921680414800005, -0.025040762223792406], [0.1375827689403819, -0.2407283159546553, -0.03449027934045376], [0.14354485069978073, -0.27258522995157347, -0.03726018761782459], [0.14827114687615606, -0.3021638253235764, -0.03883575317957957]], "right_hand": [[-0.07906419662273385, 0.069935977259892, -1.1268517764645018e-08], [-0.0695006268976672, -0.0006888304779143963, 0.004044774846461356], [-0.04019471366196259, -0.04558382684375911, 0.002908207813787806], [-0.007541935286957734, -0.053953577595603985, 0.0015065901946671647], [0.013227346625731131, -0.046432255913033633, -0.0008807469324902072], [-0.02027894700136991, -0.057248079698541926, -0.015722827681550006], [0.024239447774754053, -0.11221322511727316, -0.023425892176008857], [0.05140495188011334, -0.140336500019527, -0.025734704091381663], [0.07104102329769768, -0.1606808728087351, -0.025706256757174785], [-0.000807022611765954, -0.024188922037913244, -0.022704221369528668], [0.04544457298368566, -0.08323739842486734, -0.030968529053713743], [0.07178629472066839, -0.11714709132739273, -0.03197120725994894], [0.09101067660888998, -0.14149995873846083, -0.030241781867077013], [0.01342272774557674, 0.012672997510352668, -0.027919740554921083], [0.055759755055681315, -0.04440638672358862, -0.03816879664871211], [0.07366638987734786, -0.0788322711672841, -0.040449868422148115], [0.08591575541144814, -0.1015364535370128, -0.03922413757278642], [0.020326358291460886, 0.0517155227175193, -0.03162263289021521], [0.043623495472610935, 0.007888176622390553, -0.0350376293529295], [0.0334389857275579, 0.001493298795223653, -0.02660060711144054], [0.021428962065268498, 0.011752644886639572, -0.018311794164811525]]}