{"label": "M", "timestamp": 1746080442920, "left_hand": [[0.09260950799978163, 0.057547760539367575, -6.111732114877994e-08], [0.0897075436094447, -0.0014582140374827476, 0.007085872623258741], [0.06445585432797075, -0.050458980543676646, 0.002503976437448546], [0.0256944611157236, -0.06473610194899539, -0.0025393790865345907], [-0.0045701215564725416, -0.05711465557281903, -0.010716478402748574], [0.059652739289747424, -0.09141823133177292, -0.018883348724277754], [0.0035114164585846436, -0.14067678097666328, -0.028800871851152342], [-0.025108883281343797, -0.16550342101467294, -0.033278862940521695], [-0.04770374016424266, -0.18650161527380904, -0.0356304040312224], [0.051148788449689904, -0.06359284837564583, -0.030508447135016183], [-0.011850792537722955, -0.12010931158407355, -0.03959977919291669], [-0.043735655749088, -0.1460881397246717, -0.04330646454821775], [-0.0655652738643664, -0.16962443600919774, -0.04521866892976808], [0.03965686006690937, -0.02813071316948227, -0.03981820371638498], [-0.023983663542626054, -0.07335360186761793, -0.054411397824876376], [-0.056353224965202044, -0.10031746185680605, -0.061383832124499736], [-0.0772042008849732, -0.127502048658503, -0.0651925963072015], [0.027044527070800097, 0.01151860381126638, -0.04647338899418076], [-0.01183814139078835, -0.011178359361725537, -0.05864538518142721], [-0.003409182009260706, 0.0013360233650637004, -0.0544424077816354], [0.011091998348569913, 0.012730477498524632, -0.04987577398708912]], "right_hand": [[-0.09260950799978163, -0.057547760539367575, 6.111732114877994e-08], [-0.0567093428509112, -0.11185054766116255, -0.011429444224071392], [-0.03968792952616845, -0.17240922624558172, -0.017696876883148423], [-0.03516114409819694, -0.2205212634109657, -0.024650899736120384], [-0.04319857702936778, -0.25978170866828304, -0.03166571583568621], [-0.07091352334539423, -0.24083909693025102, -0.005571464859910775], [-0.07373575438565849, -0.3077474429173799, -0.019031020198066177], [-0.07726937900810954, -0.3469956398139168, -0.030928386029148883], [-0.08183732185765702, -0.3806706860876825, -0.038812378032583736], [-0.09601982513365875, -0.23753722081416503, -0.010038527514149975], [-0.10050016199466486, -0.3112500896228796, -0.020302154942541898], [-0.10340725275423722, -0.355993150160578, -0.029946015773157475], [-0.10673609723419394, -0.39209705186963406, -0.036956630080796395], [-0.1201354560671743, -0.22080048575814326, -0.016962497027479165], [-0.1273228637452628, -0.2901648569375103, -0.02601582529630658], [-0.12982601491754397, -0.3319700318833006, -0.031810171885914014], [-0.1314100813197568, -0.3664835141539842, -0.03596939206258901], [-0.1434694346972852, -0.19375971192196195, -0.025493242301022644], [-0.151299936241729, -0.24825523221854795, -0.03396736408009145], [-0.15485351708727516, -0.28589900370362276, -0.036750424166858475], [-0.15791369404814087, -0.3198523752099498, -0.03812386545022551]]}