{"label": "M", "timestamp": 1746080540575, "left_hand": [[0.0953283938426041, 0.058587814907995105, -8.883691837856348e-08], [0.09523665048029234, 0.000913407703846142, 0.004844729502448444], [0.07508071707528242, -0.05398438445840511, -0.0007704392966577144], [0.036906672894695645, -0.07258992246953623, -0.005768223366481328], [0.006340069232026872, -0.07090216984968008, -0.013744116065693965], [0.07640629561763376, -0.08486675505032759, -0.023761486981432083], [0.017885810738832, -0.1356704054668725, -0.03275365780262125], [-0.012341425778164774, -0.15909034796310428, -0.03592012015898566], [-0.036954626947888425, -0.17713110701359683, -0.037244717011662466], [0.0596958748170055, -0.05188206131417265, -0.033899785455677775], [-0.002730743360741838, -0.11360757457526523, -0.04408135264603321], [-0.03270357351117244, -0.14080632819447167, -0.04686763584381656], [-0.05484406696369904, -0.16278483293464152, -0.047598766582032076], [0.04035623125046329, -0.017141035505746086, -0.04152046143110179], [-0.011808616186321397, -0.0768957522068802, -0.05533280540373673], [-0.039487425972436235, -0.11306754609369389, -0.059971001550285764], [-0.06078971509982101, -0.14417826365354927, -0.06200937108284186], [0.02127630905721002, 0.018861630107441456, -0.046728478853435895], [-0.007187852468538474, -0.024490698197609587, -0.056910311298324606], [0.0017052247128515282, -0.011805244726833069, -0.0499085931417137], [0.012766546987528082, 0.005548172894562936, -0.04330400812268433]], "right_hand": [[-0.0953283938426041, -0.058587814907995105, 8.883691837856348e-08], [-0.05355868811771732, -0.0997563894061133, -0.014359809022634916], [-0.0304135592340134, -0.14993520921889814, -0.021134537471658433], [-0.019667369260922166, -0.19397265775620637, -0.028197412911781846], [-0.01183463592072542, -0.2355717477988692, -0.03468111127604007], [-0.04996921419318414, -0.22341170654117637, -0.0038833113283432835], [-0.03449183528800998, -0.282937342486136, -0.018014198416404358], [-0.0249778542615581, -0.31760145935399947, -0.03095785238517858], [-0.017381162749773468, -0.34777094475317266, -0.03933678199459882], [-0.07348663153285784, -0.2301717009685316, -0.006935646372383143], [-0.06034890668777967, -0.2968132781343552, -0.017080306617152305], [-0.05238002588059845, -0.33778305551534993, -0.02721093378155489], [-0.04571098153096948, -0.37138229690382557, -0.03461353086639944], [-0.09820960345709846, -0.22383970340716206, -0.013257093868519252], [-0.09020022547182806, -0.28833736948435895, -0.023234381601561233], [-0.0830618937935387, -0.3254408562847143, -0.029707035956980866], [-0.07574919816335897, -0.3534535595528613, -0.033918070665373286], [-0.12492847939842826, -0.20625234616150548, -0.021504183298352793], [-0.1263172033937845, -0.2575478330210533, -0.030574348868381465], [-0.1252131297398162, -0.29303085756651653, -0.03367593789875322], [-0.12353689957856427, -0.32389474462759715, -0.03507713877323059]]}