{"label": "M", "timestamp": 1746080404152, "left_hand": [[0.08543837932853862, 0.04937322266346234, 4.008242469906794e-08], [0.08182280870581525, -0.006698452264766551, -0.008832238767029004], [0.054478768095498696, -0.05521295349122352, -0.019848138957460543], [0.018159523325372847, -0.07704902318127582, -0.027434463224394443], [-0.012270965075829676, -0.07856625741621294, -0.03664472477197541], [0.05642761440553118, -0.05875817372313892, -0.04444528137819871], [-0.0024956828155410678, -0.10802873452597517, -0.05862792286671577], [-0.03358713349064818, -0.1326594041490915, -0.06346921306733003], [-0.057829759291450636, -0.15230232832252671, -0.06528895758491202], [0.04136409362842363, -0.022274850084538743, -0.04714480201964079], [-0.021746924974408645, -0.07922314923739797, -0.06252278328018714], [-0.05377265261377137, -0.11045965932048447, -0.06724317563177463], [-0.07543778130045486, -0.13550036401711194, -0.06904866455941179], [0.024771703605508004, 0.010919907973711257, -0.04774723802756214], [-0.03259268226738348, -0.044425317220045245, -0.06305697616707125], [-0.06005289287788218, -0.07760238862090317, -0.06918742016893167], [-0.0781149324627921, -0.10315975263927098, -0.07221636831244067], [0.009883968751156701, 0.03846444539674528, -0.04725732932485599], [-0.019270756917812906, -0.0023265699137255155, -0.06040173520709395], [-0.01297695448158781, -0.009742250356360846, -0.060206911812990024], [-0.002544095987710001, -0.011276522857991349, -0.058243836929291824]], "right_hand": [[-0.08543837932853862, -0.04937322266346234, -4.008242469906794e-08], [-0.05017431837712154, -0.09375581814080494, -0.014816268044241252], [-0.028942873013598668, -0.1467308871572017, -0.02261027657981475], [-0.016876340121810465, -0.19206571641898312, -0.03027683469299849], [-0.011279755806058434, -0.23340249658922438, -0.03780385597592468], [-0.05818208759277827, -0.21874018556778468, -0.009262483705833461], [-0.056383127599259876, -0.2812700479852096, -0.022262984563184936], [-0.05736043249071474, -0.3186647928159365, -0.033828565848179906], [-0.05980446918601979, -0.35234519550750615, -0.041779747215879695], [-0.08240430709742469, -0.2168072968732811, -0.012076066514847793], [-0.08205253713253205, -0.2846975492836071, -0.02170048536986109], [-0.08317313636839764, -0.32543190245135334, -0.031074843796769128], [-0.08469004640798541, -0.36011745481271606, -0.038151780623757035], [-0.10574284212316615, -0.20183487498933964, -0.01747640683048592], [-0.10820771737509302, -0.26670025871430253, -0.026549718356534323], [-0.1090897088338403, -0.3061458813358421, -0.03261713112786956], [-0.10928220882794058, -0.3396423932209218, -0.037113299619609345], [-0.1288508562446702, -0.17671841664608176, -0.02474494085758045], [-0.13744803061628985, -0.22673023210434384, -0.03384862093270748], [-0.14277261503394098, -0.2612070386824335, -0.037030762635565206], [-0.14780039860926625, -0.29310254785647577, -0.03864665131639344]]}