{"label": "M", "timestamp": 1746080423682, "left_hand": [[0.08928783565631693, 0.0606970272885507, -1.773938283337515e-08], [0.08877827444320739, -0.0030120257303283882, 0.00012446324945288514], [0.06426733208703378, -0.059654243704863746, -0.006449311375233318], [0.02518597861232047, -0.0794765674467524, -0.011634214439183726], [-0.008566068285621582, -0.0784420310549378, -0.01849609303518522], [0.06597482493005799, -0.07933546483646452, -0.024523502795589153], [0.0047493291107864365, -0.1269604409097494, -0.03245068156476865], [-0.02569271273127289, -0.14626438002364323, -0.035638486826232524], [-0.04913623796995737, -0.16026912021319067, -0.03712431162810435], [0.04640456274238191, -0.04211668022312651, -0.030771885077961903], [-0.015138810103358746, -0.10061714538644029, -0.038685509101111], [-0.04459938209169924, -0.1278091453798985, -0.04252155174687884], [-0.06645105524326415, -0.14788335060630817, -0.045023903720540485], [0.024707173302525337, -0.006242187884983901, -0.03507548768128843], [-0.026617838778509997, -0.06577715342617398, -0.044860828106142885], [-0.052067628492415786, -0.10064746912249502, -0.05144438761059909], [-0.07191584625594737, -0.12549597012242264, -0.05644619693763092], [0.004326093307799419, 0.024406718018712373, -0.037732467749943474], [-0.014102094868276566, -0.022983807316192203, -0.04620361229767167], [-0.003805205711092243, -0.0276414179295946, -0.04458995827264934], [0.00573794773125926, -0.025219120439047733, -0.04295824325756591]], "right_hand": [[-0.08928783565631693, -0.0606970272885507, 1.773938283337515e-08], [-0.054621394864753335, -0.10767447275107091, -0.011350095978135398], [-0.03455343805663996, -0.16162065128998584, -0.01780488764617397], [-0.022549596265506042, -0.20727379221307118, -0.025079155097118562], [-0.018204838734178882, -0.2490267676732326, -0.032339823910045445], [-0.06057858644894267, -0.23120116471291383, -0.004924629222081307], [-0.055410046092775056, -0.2944902231832535, -0.018148447112398446], [-0.05304398436689498, -0.33135906035805984, -0.029889190202664187], [-0.05200683696455312, -0.36347612847775934, -0.0379026786258682], [-0.08370481088417096, -0.23020973700525302, -0.009855428628973565], [-0.08431135763314197, -0.3018386872251601, -0.020799355456141994], [-0.08452987220382133, -0.34457379879689903, -0.031235679328096337], [-0.08597298672573188, -0.3793674048046256, -0.03869680397251262], [-0.1065480918130882, -0.21607397810814374, -0.017306572910736447], [-0.11027657883210139, -0.28336911903396905, -0.028241460239389747], [-0.11044325133858743, -0.32556956767759826, -0.03565482815073945], [-0.11007587315391498, -0.36020568473310716, -0.040614780277973654], [-0.12935975250417167, -0.19136200594833896, -0.026190513721084843], [-0.13874530895249057, -0.24207825642319739, -0.03702309895623406], [-0.1436137091468054, -0.2787506555715067, -0.04136082701697787], [-0.14796194202317922, -0.31261515599181317, -0.04357880843202303]]}