{"label": "M", "timestamp": 1746080423746, "left_hand": [[0.09113328767221858, 0.061831941339831185, -1.0576574654144145e-08], [0.0907732434925644, -0.0016913791285034984, 0.0007305656383767359], [0.06468432336080633, -0.056600800196739624, -0.006374503077316887], [0.023387309988115834, -0.07218100513110154, -0.01206962943091017], [-0.012057913797926157, -0.0663411569797262, -0.019555481958433134], [0.06499119843499082, -0.07729211954016531, -0.024812329607548277], [0.003635815821996552, -0.1258101890662802, -0.03156295309849816], [-0.026094449574637194, -0.14459311215660742, -0.03404895099228345], [-0.049041097186593996, -0.15913742009503984, -0.03541314515075041], [0.04496279985576482, -0.040479178151802186, -0.031104959431099893], [-0.017364413862862294, -0.1001719455459932, -0.038606357888215856], [-0.045213299828282594, -0.12655578130544798, -0.04218594720106606], [-0.06590308821846813, -0.14699285434372117, -0.044577201603304285], [0.023388930997428937, -0.005034836915275107, -0.035112675314754496], [-0.027776138669691273, -0.06615567749187834, -0.04494887652477996], [-0.051949368006441926, -0.103298116039951, -0.05143554791731516], [-0.0718012386714713, -0.13120584464343685, -0.0565557399785323], [0.0037532849635525576, 0.02504533234719865, -0.0372455385810827], [-0.011663540243263432, -0.022178415276049364, -0.04578910869101094], [0.0006162717184115743, -0.026497468512303123, -0.04363877679793225], [0.0107441217720875, -0.024342426686609155, -0.0418212876476732]], "right_hand": [[-0.09113328767221858, -0.061831941339831185, 1.0576574654144145e-08], [-0.05608667007626796, -0.1070078859090541, -0.013251213513153639], [-0.03424668552236477, -0.1600942838813484, -0.020629218264814394], [-0.02147819328643378, -0.20571013435571758, -0.028444360823079103], [-0.017953434613599193, -0.24780666554405834, -0.036232675677212], [-0.06058860918546862, -0.2312546475152782, -0.006625776406361121], [-0.055319482390806744, -0.29364282919529244, -0.020087985769188424], [-0.053496459294864906, -0.33035901433887804, -0.032149715693205835], [-0.053028221749168575, -0.3623363768789753, -0.040413161885419394], [-0.08415104221304306, -0.23073660896124049, -0.010792562271620532], [-0.0844607270367036, -0.30159519469471474, -0.021664234962630792], [-0.08518059926143687, -0.3437894367222063, -0.03222346936555008], [-0.086761641689362, -0.37877038542976177, -0.03997926722314255], [-0.10744415354885319, -0.21696703540718248, -0.017627983686561068], [-0.11061236221766405, -0.284114428385601, -0.02831396863505477], [-0.11132749749296016, -0.3252389303449485, -0.03577934916579437], [-0.11143902293370146, -0.3596602706151925, -0.041018059521817384], [-0.13089162099369964, -0.19276979712138334, -0.02610874081130758], [-0.13966039882805764, -0.24331585736547431, -0.03679415728084079], [-0.1450009040661397, -0.2793086580974816, -0.04118725236887223], [-0.15000137558397708, -0.3129532467273171, -0.04360940050693596]]}