{"label": "M", "timestamp": 1746067663622, "left_hand": [[0.06762945633125342, -0.07119083855442004, 3.649685530375539e-08], [0.03357814455629981, -0.11005840385209818, -0.01700724676826925], [0.011118000973547705, -0.1666798609268635, -0.026666824548775933], [0.0030928239538442577, -0.2134638714514668, -0.03489794278070737], [0.003056915750027029, -0.2538471789599104, -0.04217422848288819], [0.045472999813711654, -0.235950486386911, -0.013701024902402794], [0.04817881434281724, -0.29710007743926004, -0.028227331590458635], [0.05045136573952323, -0.332949930425286, -0.040458040766698504], [0.053398203139128846, -0.36545581003558625, -0.04920916288587552], [0.06980330395795449, -0.232169943696605, -0.015951624946310302], [0.07320035141054172, -0.3004512762462416, -0.02681361575331353], [0.0749055531869355, -0.3410875395343806, -0.036277666248080376], [0.07652286744496198, -0.3775506564720631, -0.04334965561840624], [0.09270638837193984, -0.21645863754506992, -0.020874765587318215], [0.09788711016340924, -0.2830878204999281, -0.03141093323517254], [0.10096882227979177, -0.3229554511691623, -0.03640324643283264], [0.1029426349369354, -0.358684486186491, -0.040124154683125406], [0.11484502215905038, -0.18977794440377338, -0.02776006240375805], [0.12310009926416901, -0.2379673888886353, -0.036794210686421615], [0.12974771497206466, -0.2685653824281905, -0.038565796112479026], [0.13500502633484665, -0.29656132301052424, -0.03944198639158297]], "right_hand": [[-0.06762945633125342, 0.07119083855442004, -3.649685530375539e-08], [-0.06319052358681079, 0.002373466586580143, 0.006558909861413741], [-0.03916217678332613, -0.042098756260072985, 0.007001085727481837], [-0.010853265551380564, -0.05263295333576661, 0.006464778092512226], [0.009467099407804375, -0.04963663267968116, 0.0050878876647334524], [-0.02301914016662757, -0.06409489578471855, -0.009054752386879234], [0.013415907065388059, -0.12403510291155256, -0.015517621480897562], [0.03583821566265469, -0.15588839470796717, -0.01665582122401302], [0.05225159288455528, -0.17943843985755709, -0.01566032785356037], [-0.0016421544148744387, -0.03865927582029197, -0.017106770241554905], [0.03586208148104541, -0.10344836038673323, -0.025509075087682846], [0.05728460934495698, -0.14083668284911136, -0.02609117663014254], [0.07336395269037242, -0.16783172604053226, -0.02335009159626618], [0.015908023991288666, -0.006589396248170041, -0.023678123438378523], [0.05001976664583712, -0.06898778266924814, -0.0352577145191359], [0.06526314949019049, -0.1083850815542153, -0.03865172674321451], [0.07710839011964511, -0.13628566833921726, -0.03743294428325525], [0.027357661311859335, 0.03221081927210455, -0.0284799562045548], [0.048630819805989725, -0.012118077292726877, -0.03198396193497567], [0.03767605884070991, -0.012262980032277134, -0.02350281367562633], [0.026788472490863798, 0.004115233424178047, -0.015012191616923834]]}