{"label": "M", "timestamp": 1746080539154, "left_hand": [[0.09721689431211122, 0.05660630560778041, 1.3113993269875568e-09], [0.09716224726505748, -0.018271199703119783, -0.00201318505381641], [0.0698586395508976, -0.08005264138582939, -0.008813933844731888], [0.029584737375358938, -0.10654937533041746, -0.013484704872380907], [-0.0031133434688861584, -0.11333127626625565, -0.019915719902038585], [0.06218060800196651, -0.08711020631458305, -0.03371321506352406], [0.0017185484316044552, -0.1460368053006177, -0.043161557941407726], [-0.029286425217386756, -0.17572994622561358, -0.04539040859425871], [-0.05356418545688762, -0.19765531300662792, -0.045599281751886295], [0.03788967175223158, -0.047302099376412714, -0.0387375632379232], [-0.023717708965788377, -0.11736783099599689, -0.04739334936657195], [-0.05333691446008528, -0.15517945866917693, -0.049279031743660814], [-0.0739431622441638, -0.18312571565668864, -0.04968496822485826], [0.01588520843051874, -0.009395790634300334, -0.04135924267054638], [-0.03515308931331029, -0.0751402766486404, -0.04943632922067556], [-0.05910879628884118, -0.12001699839927928, -0.0550564339361515], [-0.0763586831618209, -0.15302790322843637, -0.05977436144397627], [0.00036678288396579836, 0.023994971890821348, -0.04274472747018189], [-0.013082745940427123, -0.025096899235189183, -0.04934512431112524], [0.000640139557116779, -0.035964375325940524, -0.0475565315209685], [0.01437921677230623, -0.03697320029384645, -0.04584045232630499]], "right_hand": [[-0.09721689431211122, -0.05660630560778041, -1.3113993269875568e-09], [-0.04719703536854016, -0.09601107685940012, -0.013264200242585292], [-0.018074450094079306, -0.1479769778674956, -0.018321511212172535], [0.00010249357269632506, -0.1946039838163242, -0.024084488861201327], [0.013420950442748526, -0.23790933984875667, -0.029223573064810354], [-0.03484759208063289, -0.22542429092556793, 0.0017007498599595169], [-0.014145529807386844, -0.28578094241405744, -0.011125861291372923], [-0.002701830964924531, -0.3241477638456563, -0.02360922399896623], [0.004643096472743512, -0.35892435524441346, -0.03188236948018008], [-0.05876358886863808, -0.2364892452526538, -0.0014036824718208548], [-0.037686303778603485, -0.3031264616193812, -0.01126009695554423], [-0.025223052955295068, -0.3446744090978599, -0.021079357930283017], [-0.01677109778220084, -0.379953631891629, -0.02781860760488254], [-0.08609885139079501, -0.23478935777563584, -0.008016338688357733], [-0.06976061894020086, -0.30052489786597675, -0.018337457524097517], [-0.058339689700677606, -0.3394405173275244, -0.02472570111961212], [-0.0493173407942248, -0.36978488913622426, -0.028419763071811776], [-0.11635291389432682, -0.22229882390809466, -0.016517834825046606], [-0.10981579124999523, -0.27585070365957165, -0.02576468822154465], [-0.10549828997945665, -0.31231896523864167, -0.02829204077905898], [-0.10223464689152567, -0.34323804182552325, -0.02893369577974915]]}