{"label": "M", "timestamp": 1746080536099, "left_hand": [[0.11321282761137279, 0.031612803733099895, -2.199521137750261e-09], [0.09772721529674047, -0.034841646129782765, 0.009781728279839632], [0.05799171503460029, -0.07134272863140514, 0.010594454121184203], [0.021052652366931438, -0.06613380754768602, 0.010647228669878708], [-0.003545342452128909, -0.04435439472593431, 0.007846339005056364], [0.040997377855736546, -0.09931287625558131, -0.011782701751645197], [-0.018295792003062968, -0.13927947927499174, -0.017669176778028813], [-0.050992434686734776, -0.1618693615353388, -0.019341724579872842], [-0.07766552495677871, -0.17777665981889437, -0.018998449526714267], [0.023095080897417433, -0.06458373861219982, -0.020438808700470733], [-0.03829662449834771, -0.10534883581689819, -0.024835280011697148], [-0.07296832018897922, -0.1267554059979706, -0.024969812657613586], [-0.09947091033611355, -0.14483725322964972, -0.023435819518114447], [0.009920967312994678, -0.023672111422769464, -0.02665746694703147], [-0.04436356266576146, -0.055879810403368514, -0.03452732857878298], [-0.07782357866887374, -0.07954766177701059, -0.04128540573031815], [-0.10306283848676456, -0.09963039715229291, -0.04494069474990305], [0.0037552823847017878, 0.016848376509452923, -0.03041678116394311], [-0.019892309216131682, -0.008050530904191031, -0.03364852167008418], [-0.007271570123888125, -0.007145280280401934, -0.02759026310737296], [0.008877157118969994, -0.002797752909178861, -0.022100939504304522]], "right_hand": [[-0.11321282761137279, -0.031612803733099895, 2.199521137750261e-09], [-0.06675850350751411, -0.07826057725678026, -0.009762061801920782], [-0.041903983057358776, -0.13311100666478137, -0.012844428200669352], [-0.02934015586566962, -0.18075739852492306, -0.017206859608974917], [-0.022039099134457344, -0.22277977953752282, -0.02123906972641059], [-0.06355431835370683, -0.20436223258198022, 0.005989928120899952], [-0.04688080017410491, -0.26367102916476776, -0.005314484011351441], [-0.03734918564610349, -0.29933068325326073, -0.016813276222198466], [-0.03052747278375525, -0.32931180964431883, -0.024255648304274242], [-0.08749390981961315, -0.2118079346678958, 0.0019314268931004235], [-0.07416531546752479, -0.2813994886345014, -0.007402381695225349], [-0.0664411789264305, -0.32408830230944, -0.017303535239978764], [-0.061614759212287776, -0.3573005287269029, -0.023887676745114484], [-0.1130842997697275, -0.20667357425968738, -0.0052727319716822565], [-0.10317829170758569, -0.2738511723698353, -0.01497910789869336], [-0.09516775029681629, -0.312839907614663, -0.021447095581610565], [-0.08854115553712766, -0.3415131989236122, -0.02499857535105952], [-0.14017670058959603, -0.1901463897491895, -0.013943741730617609], [-0.13669543555844316, -0.24414724364549956, -0.02246306331169552], [-0.13363583686465078, -0.2805028170036555, -0.024930944617216847], [-0.13046272847475437, -0.3114559413320194, -0.025504173981221914]]}