{"label": "M", "timestamp": 1746067663396, "left_hand": [[0.0703578424434127, -0.06957704618888581, 4.4317893444496715e-08], [0.03725831532896183, -0.11404845258440752, -0.016792971065299915], [0.017394524958946344, -0.17333264172127855, -0.025940648387229343], [0.011214095657861956, -0.22249350120207836, -0.033977364808459865], [0.013156625423060219, -0.263415785820346, -0.040987873051474694], [0.053355976562368436, -0.23839803773918675, -0.010575458332320917], [0.059659463040930415, -0.29939668598945585, -0.024697504190334278], [0.06337672930257227, -0.33585275895928934, -0.03722839780479142], [0.06714031212584054, -0.3692527949498851, -0.04628202616544672], [0.0775486752192194, -0.23322761679523735, -0.012843662396943475], [0.08445809646893572, -0.3008058509137068, -0.022887325097532364], [0.08768563643205368, -0.3420253298105812, -0.03234314474788419], [0.0903173390734714, -0.37952332785821546, -0.03952296087707181], [0.10010694802508462, -0.21652028912457377, -0.01799665289315996], [0.1082458435007231, -0.2821810395426866, -0.02763061844182904], [0.11276936915029782, -0.3225717593001271, -0.03227885033603406], [0.11576093610986887, -0.35923529095428824, -0.03591677479104146], [0.1216100373629963, -0.18890365511272258, -0.02526260465638647], [0.1325245460857505, -0.23588164358033945, -0.03329075470881381], [0.14071638731809177, -0.2663464827204905, -0.03444164169293843], [0.14715465279588893, -0.2942959154957626, -0.03499686421930726]], "right_hand": [[-0.0703578424434127, 0.06957704618888581, -4.4317893444496715e-08], [-0.06411037485834392, 0.0018432235449148875, 0.00511944568776148], [-0.04165702772289305, -0.04321036666456694, 0.0036174994711623957], [-0.015270767927024047, -0.056643662202669524, 0.0010704120156371714], [0.0035361707007802654, -0.056417874452485, -0.002479981374859056], [-0.022970248743592537, -0.06806018977110913, -0.011402621910108705], [0.009746058213098138, -0.13093977334490645, -0.019880603732163767], [0.030347094099125428, -0.16533159838166564, -0.023349041949309663], [0.04518933505170827, -0.19119327372741704, -0.024188707980477234], [-0.002851739235608821, -0.04300253481362906, -0.02026317770803635], [0.03296171888037947, -0.10737583847536693, -0.02991412645328047], [0.05336910324665877, -0.14579882874592806, -0.03213912962308507], [0.06805834588903491, -0.17385766519093765, -0.030880743216484156], [0.01375536027373425, -0.01069671112822466, -0.0278640478759075], [0.047190693435465204, -0.07194024447873275, -0.040483022529746726], [0.06236904774900715, -0.11116765025515254, -0.044830789449761016], [0.07342931095953359, -0.1390780102912327, -0.04468858004478626], [0.024969016912054724, 0.02940451914356219, -0.03390139247680629], [0.04652645686920196, -0.013339301454271148, -0.03958548549139534], [0.035796292451916324, -0.012976846920823076, -0.032182930053964366], [0.024498475767493626, 0.0028714512130213914, -0.02441016041268962]]}