{"label": "M", "timestamp": 1746080404074, "left_hand": [[0.08426309306998073, 0.048786906133697384, 4.3768255472136334e-08], [0.08131676726349751, -0.007804370260817367, -0.009456354622502956], [0.052924903666941664, -0.05395466093611893, -0.02110011517188235], [0.015049817705773032, -0.07069285089906206, -0.02917417745682556], [-0.015438311813674334, -0.06919326507956731, -0.03883051617647174], [0.05504746676821156, -0.05872770658711532, -0.045442505189663335], [-0.002916651668039862, -0.10858618681462444, -0.059997746436983086], [-0.03360599771221029, -0.1331251904527846, -0.06511175278858312], [-0.0578564508903498, -0.1528648153364629, -0.06711063023683464], [0.03916501285577786, -0.021607083799613718, -0.04791723762494405], [-0.022020653632252873, -0.07958374009823406, -0.06373287083821959], [-0.0538977735290668, -0.11114100080421212, -0.06882094824378875], [-0.07611560211149687, -0.13701257443907866, -0.07093140009333623], [0.02229447479837306, 0.012083373839328213, -0.04828811944910218], [-0.033890793998541675, -0.04588056497138784, -0.0641661994797496], [-0.06086032871836602, -0.0798750927166065, -0.07067097001087798], [-0.07903613369110077, -0.10614011812415061, -0.07392082704703183], [0.007690128420321146, 0.03951427674675404, -0.04752437412589484], [-0.020630226250603335, -0.004489812106822741, -0.06097492282131875], [-0.013522749179366458, -0.014494990352117796, -0.060949007347203044], [-0.003063836831723202, -0.01813553292770447, -0.059161540172806906]], "right_hand": [[-0.08426309306998073, -0.048786906133697384, -4.3768255472136334e-08], [-0.049122482558878265, -0.09207586980585347, -0.01559737334056786], [-0.027404444066065622, -0.1452455671523993, -0.023516487270720893], [-0.01552532242300825, -0.1921881501391171, -0.03107882783985962], [-0.010390798344630414, -0.23466649969524908, -0.03831703862105901], [-0.05776426706559718, -0.21731485260390548, -0.009115218225672529], [-0.05576323860155959, -0.28013101600160967, -0.0217743306376222], [-0.05674483826470377, -0.3177082109749183, -0.033047265495823264], [-0.059160298763950306, -0.3509546702155292, -0.04069366857019662], [-0.08189636497848046, -0.21635866995401634, -0.011328406338845893], [-0.08169425032608055, -0.2853824403784072, -0.020370155166559177], [-0.08276020214063515, -0.3262775704657755, -0.0292720396938151], [-0.08401745515036031, -0.36041240371667277, -0.035935781069066385], [-0.10527319140278754, -0.20226449602152632, -0.016225246540841478], [-0.10774130014645143, -0.2680176087727673, -0.024784856855766358], [-0.108499894707432, -0.3075724270028547, -0.030488414422328115], [-0.10862117786891479, -0.3405095171838954, -0.03474322244122443], [-0.1286145058587517, -0.17792167939309883, -0.02304980890322999], [-0.1365979807408879, -0.22831943140290004, -0.03161845438258405], [-0.14143502697013713, -0.26258891195511175, -0.03434087920454599], [-0.1459354010584397, -0.2939771989199659, -0.03562953973913085]]}