{"label": "M", "timestamp": 1746080529574, "left_hand": [[0.08293138772670595, 0.037813932408719865, 4.014005152096285e-09], [0.07527722472512213, -0.03241431769702148, 0.0012176702199055624], [0.04134409236475722, -0.08160700652143221, -0.0032878640752033858], [0.0026689376786756536, -0.08897302725377214, -0.006969237808074184], [-0.026969005244544094, -0.0787523198516067, -0.01246012889803835], [0.03536720710522644, -0.10802553412591184, -0.019668149928656335], [-0.025856597086643177, -0.15320797125205132, -0.026359983216297515], [-0.056862040162245164, -0.1750852432027513, -0.02914878028571246], [-0.08165048574118584, -0.1913268270505916, -0.030075548482342975], [0.01297865138591024, -0.0722420035366423, -0.02513892441330792], [-0.0450984556763842, -0.12750028053816231, -0.03135789392865844], [-0.0747362089824223, -0.1575851321968262, -0.03439578634918485], [-0.09761086730863086, -0.18231868360167758, -0.03563227999076121], [-0.008361700553213638, -0.03579409226628776, -0.028688790334948838], [-0.05369928245738375, -0.08954267519090198, -0.033774633645087794], [-0.07898348215776307, -0.1264955749394418, -0.03991330976486624], [-0.09941059982659711, -0.1560533666799757, -0.045236304913887124], [-0.025324474389762982, -0.0025112709921289974, -0.03117113522601627], [-0.035132574804645766, -0.04439406576996986, -0.03412998098393999], [-0.02270347193460987, -0.04996297070145039, -0.03110715127828135], [-0.011444420845698208, -0.050515098010995255, -0.02886760644789441]], "right_hand": [[-0.08293138772670595, -0.037813932408719865, -4.014005152096285e-09], [-0.047671409137705775, -0.08787097219398961, -0.012803139269009072], [-0.03004444423725309, -0.15329868411175537, -0.015871579017500203], [-0.02284437646229817, -0.20755081442397427, -0.019481134057711545], [-0.021644080740699866, -0.25454737601216765, -0.022306818779602826], [-0.06782416970640227, -0.21719309461349923, 0.0033355630364944448], [-0.061032878651660565, -0.2825193044539247, -0.008005428154701236], [-0.056794214096366945, -0.3220224036019874, -0.01875847690605946], [-0.054304654271537516, -0.3547819573016493, -0.025733938388913743], [-0.09101660746734752, -0.21829082640154, 0.0008645684373409696], [-0.09203221605401324, -0.29024298111430347, -0.008693260925834877], [-0.09257929954652606, -0.33578660104806063, -0.018438463543901412], [-0.09424954249113968, -0.3721468712570539, -0.024862128362171342], [-0.11468361911054048, -0.20587380214597556, -0.005058339847147554], [-0.11917953729618629, -0.27408456336233733, -0.015787444688892215], [-0.11988876244073284, -0.31606942906906343, -0.0233922159699769], [-0.12066964391822706, -0.34807862965747766, -0.027713380590794114], [-0.13870348936707638, -0.18337746802060628, -0.012624876601212458], [-0.14878761551329528, -0.23331216680027184, -0.022968175066640412], [-0.1562500945059434, -0.26800845143164614, -0.027065906651668487], [-0.16276947452219095, -0.29771173643566445, -0.028730811872618497]]}