{"label": "M", "timestamp": 1746080440602, "left_hand": [[0.08134678010751786, 0.07028355464213064, 1.3418662318767076e-08], [0.08096010374402093, 0.004091500453575627, -0.004191352154143236], [0.05348274801725245, -0.052720999523914715, -0.0144496103564473], [0.010164529093310998, -0.07364062807604997, -0.02219228996163714], [-0.025971825140464054, -0.07662740548556381, -0.031160922129502153], [0.05866277039176228, -0.06969959734568162, -0.03634572957024546], [-0.005987040820303677, -0.12378776377104825, -0.04778080575852418], [-0.038633504669386504, -0.14654729509394956, -0.051685567658218315], [-0.06394195295904316, -0.16408719731434102, -0.05307011402775982], [0.037186819644796115, -0.027950270812046422, -0.040952843312474604], [-0.02856086856151444, -0.09454452146656352, -0.05269021202769457], [-0.05921522152177507, -0.12722358469946174, -0.056584458430712685], [-0.08117019861838479, -0.15228625621636177, -0.05894355432900917], [0.013429073325119915, 0.009017107845873623, -0.04348026780477113], [-0.04185788660370763, -0.0614006078667584, -0.05590885009037587], [-0.06810246948027854, -0.10115336103407277, -0.06200453610833478], [-0.08838708210787789, -0.1283206014570801, -0.06628149372165072], [-0.008203117899087911, 0.03700702122911281, -0.04452678150379038], [-0.02629660031006413, -0.025820002336730083, -0.05433711712704337], [-0.017326715870652057, -0.04501087785884864, -0.053931502116571786], [-0.010505415778056781, -0.05463312632809254, -0.053218258423836776]], "right_hand": [[-0.08134678010751786, -0.07028355464213064, -1.3418662318767076e-08], [-0.05039933736005715, -0.11897810910732946, -0.015579432596239421], [-0.03686949985929016, -0.18408264498434757, -0.022477812354765713], [-0.03611286798171894, -0.2361212618044938, -0.028615699251800648], [-0.049839556297124894, -0.27340406055870353, -0.035105841846284985], [-0.07419724597722115, -0.2423609164865731, -0.015587800861649152], [-0.08246394073946745, -0.3086237251376367, -0.030705881596413808], [-0.09073595821583863, -0.3473175987044296, -0.04252066040699805], [-0.09976772592755118, -0.38060682060768447, -0.05047738323825423], [-0.0982117191650422, -0.23604052501280146, -0.018505829907349162], [-0.10637471957063327, -0.3111700613945133, -0.03128266353371214], [-0.1141380146121591, -0.3568105607773875, -0.04153604342147655], [-0.12205054278674196, -0.39388156210557723, -0.04887786732013349], [-0.11984303223102741, -0.2156311063880111, -0.02366674001941939], [-0.13134176144924914, -0.2857323267085707, -0.03539215951025292], [-0.13870026139333774, -0.32932754182616286, -0.04229731251211112], [-0.14526449410745695, -0.36618481019592364, -0.04721346178191952], [-0.14001981061320773, -0.1851341050439677, -0.030487632395697017], [-0.14927307133458187, -0.2400275963242703, -0.04147677670224758], [-0.15364155006021185, -0.2764540653602463, -0.045441262321878374], [-0.1576942323360282, -0.3104149707742308, -0.04782772897824636]]}