{"label": "M", "timestamp": 1746080537184, "left_hand": [[0.09735097333902638, -0.010679719860946114, 8.151672781606016e-08], [0.07280436280567583, -0.07913853623441944, 0.0002348833984655407], [0.029187810685026107, -0.10843386724436486, -0.004283517835111234], [-0.008277721138244735, -0.08657774508411725, -0.007786613902350098], [-0.03325587542951062, -0.051830923125353624, -0.01392161694702482], [0.008808376086210679, -0.11962353048255447, -0.02258245520663048], [-0.05816978037304878, -0.14304373196543144, -0.032001195155517304], [-0.0957481981619366, -0.15677360611129132, -0.036055450539274427], [-0.12563434253709904, -0.16675116815143812, -0.03722488847081239], [-0.0055966794548415145, -0.07641749434191103, -0.028563874815032905], [-0.07585677006679414, -0.10345241827843078, -0.036703015683380594], [-0.11576322374114217, -0.11878941545019625, -0.03902143442370454], [-0.14541590839784638, -0.13139434300382058, -0.038459240279243675], [-0.013898185302403481, -0.029379422358632445, -0.032606761562284224], [-0.07523955340149585, -0.052493021448200256, -0.04346618839033483], [-0.11367125628342965, -0.07239071439822727, -0.051316802552751256], [-0.14293219976183208, -0.0882961730397068, -0.0556311235252768], [-0.015096294332439137, 0.015159189918149225, -0.0349288117445168], [-0.038925667914779305, -0.011098061968820797, -0.04232296601086111], [-0.024126657745119125, -0.01460685501495187, -0.0377387399712528], [-0.0060784606295282585, -0.013379417768358864, -0.03262440740551781]], "right_hand": [[-0.09735097333902638, 0.010679719860946114, -8.151672781606016e-08], [-0.08252194324958816, -0.06367043165790905, -0.01441599947217139], [-0.09029872303393298, -0.13729749639280167, -0.02068128914160863], [-0.10509277270335333, -0.19009615184980208, -0.027112394895257675], [-0.12127615769890701, -0.23435780615701857, -0.0332449813018051], [-0.1499717622535631, -0.17364345714600918, -0.007712316947749651], [-0.18071073717394076, -0.23395314000996445, -0.021484032962539812], [-0.201172780900256, -0.2670100321858311, -0.03269871115363203], [-0.21938109742996256, -0.2925355806430036, -0.040073391503945205], [-0.1719430826444797, -0.1517114057350787, -0.011089192308220128], [-0.2088627716933531, -0.21410159354623218, -0.02289640447629083], [-0.2339573396366615, -0.25056395807000764, -0.033099160381408595], [-0.25526858740702063, -0.27693462952222203, -0.0401444837728205], [-0.186580916082244, -0.1183037212115753, -0.01720804099473088], [-0.22435009573792417, -0.17455496388728828, -0.02868555035228997], [-0.24700216079422235, -0.20753831812932072, -0.03539627960327251], [-0.2653310807211939, -0.2321400870537842, -0.03964680577590106], [-0.19598436444921624, -0.07598081221721342, -0.024981007765071627], [-0.2289620368433644, -0.11443721878560052, -0.035989743674045956], [-0.2514034288615889, -0.14079447119533348, -0.039817085816254975], [-0.27107585383558563, -0.16248743044729436, -0.04138931982578256]]}