{"label": "M", "timestamp": 1746080427871, "left_hand": [[0.10129894957967686, 0.035623479917195625, -9.619622840330991e-08], [0.09318744764446056, -0.024746008482850856, 0.004224086758832388], [0.06270486059351224, -0.07093433045895216, -0.0015445939874615758], [0.022017422208292583, -0.07746352603533452, -0.006873404581775174], [-0.01038570831737785, -0.06593844929802647, -0.014868841911723892], [0.05379288515077051, -0.10640883336224723, -0.020801438051306093], [-0.010918894085411277, -0.13694133883053983, -0.0290024142098896], [-0.04446933291290947, -0.15010905391141569, -0.03283282817923348], [-0.07157436646960469, -0.16111841817970873, -0.03483895005429137], [0.044579916845615755, -0.07104850911065058, -0.029488912638538797], [-0.026859082512664233, -0.10734809267003573, -0.03792816400433634], [-0.06223745447713888, -0.12290155233396546, -0.04109727706929912], [-0.0878780847520461, -0.13800274446614333, -0.04296108791064933], [0.03353742186826123, -0.03287355694717634, -0.03596410173119729], [-0.02942834305911007, -0.07006715082579962, -0.048419863259728864], [-0.06374920057864279, -0.09228121713359715, -0.05406110302424774], [-0.08874022436681793, -0.11251088738086394, -0.05736289874221571], [0.02257030481286535, 0.005077262634190766, -0.04022434866518108], [-0.011633038748687605, -0.02410692674038438, -0.04963907057376902], [-0.0023188624273730385, -0.01773159996044857, -0.04490183778259265], [0.010754389367823067, -0.009247470195687446, -0.04044066643937618]], "right_hand": [[-0.10129894957967686, -0.035623479917195625, 9.619622840330991e-08], [-0.07211035018901858, -0.10296853905094594, -0.008802154878706597], [-0.06649549177071126, -0.16775790121712794, -0.016450587753807765], [-0.06363709722863056, -0.21408541664203784, -0.025420837250984055], [-0.06341778231115207, -0.25696965450947257, -0.03558371468217848], [-0.09499672159574077, -0.2168532390891004, -0.013505886371234675], [-0.09605317986036026, -0.28283953150278496, -0.03384901956906035], [-0.09591142934340263, -0.32519243655012037, -0.050194834512379286], [-0.09751513725087527, -0.3642652531645356, -0.061871273934053034], [-0.11348723344155319, -0.20638960504635454, -0.022550129869881336], [-0.11461108342253541, -0.2790895169443011, -0.040939642156176535], [-0.11443344130409452, -0.32563590257918534, -0.0554432493148718], [-0.11569516914085214, -0.36824342120214354, -0.06627524014217441], [-0.13131209227152435, -0.1818559073377913, -0.033699910532619476], [-0.1365395733947315, -0.25340960417319125, -0.05177546858570271], [-0.13789698746280535, -0.29867734455667966, -0.06214134109544616], [-0.13910112567777155, -0.3389515014346806, -0.06913231909122193], [-0.14767258487866616, -0.14592613512709116, -0.04573605810436763], [-0.15527082023614047, -0.19916851871138422, -0.06271130787997121], [-0.1579881683814785, -0.2378831049017025, -0.07040699440166896], [-0.15990823008973776, -0.2736415906053757, -0.07535381413366987]]}