{"label": "M", "timestamp": 1746080405339, "left_hand": [[0.09495125475624952, 0.057977949898817986, 2.0723431729212135e-08], [0.0930872559012243, -0.002560727368534563, -0.0018354912139825741], [0.06308622013304409, -0.050754114839770825, -0.008005554800455488], [0.02353656444794496, -0.06150931117638642, -0.01272912828232428], [-0.007435034534883921, -0.05618644813583314, -0.019062097000057628], [0.06339299841769466, -0.07189573025251585, -0.02620843996690891], [0.00921752276375356, -0.12336990275291775, -0.03584580563847047], [-0.02019825186280873, -0.150053781230738, -0.03929578884185562], [-0.04398680644686084, -0.17091389160154766, -0.04044855799760378], [0.04689038391010313, -0.03885861806959977, -0.032101744838578944], [-0.011221390459931252, -0.09787923945598809, -0.043681036669670596], [-0.0412996598439614, -0.12848552520320644, -0.04756046175285653], [-0.0634882414281787, -0.15339727217959143, -0.04831719654421816], [0.028983142662628563, -0.005575348037356963, -0.036163875141959984], [-0.022260230343635064, -0.06332803027767994, -0.04972512824661011], [-0.04977082663578305, -0.09669609822499094, -0.055281247411187964], [-0.07113832828289374, -0.12322034878099049, -0.057408825863096896], [0.013149014261652058, 0.02564276226672473, -0.03873766108896391], [-0.009729809626230906, -0.020646825410608964, -0.04835908296745943], [0.0004432184481200205, -0.0185732883977996, -0.043933654218446555], [0.012834388900242353, -0.009449930555155516, -0.038937531789569595]], "right_hand": [[-0.09495125475624952, -0.057977949898817986, -2.0723431729212135e-08], [-0.06205692755787613, -0.10391519676022853, -0.012777128665287074], [-0.04284822035214691, -0.15699077382176588, -0.019926768862448884], [-0.02904669691493894, -0.20075763236261931, -0.027421546780440058], [-0.023011587943321102, -0.2389576968867271, -0.034891360743651366], [-0.07044266018516264, -0.2237083877874609, -0.008230004502821535], [-0.06936540146962474, -0.2856798988543982, -0.02168032762336787], [-0.06988012728839207, -0.3223494652857435, -0.03330021791437011], [-0.07184032352810177, -0.3537744273609711, -0.041039249351686215], [-0.09472966320578581, -0.2222018197440945, -0.012151575037894574], [-0.09636636193874103, -0.2921392094845126, -0.022725758401161214], [-0.09742294254660286, -0.3331466894343708, -0.032320219208494476], [-0.09944849574544597, -0.3661866824134845, -0.03913902846103528], [-0.11840986097089608, -0.20804488028520643, -0.018521207631161257], [-0.12232316633819741, -0.27295077389374445, -0.028444355354963858], [-0.12334068829822668, -0.31196827759412016, -0.03493989685750214], [-0.12374730472840043, -0.34376756643907347, -0.039366200449532075], [-0.14232950061873742, -0.18352290680171718, -0.026497317107702742], [-0.15085690479399944, -0.23313566079215428, -0.03575604365204031], [-0.15604346905985372, -0.26687255902074036, -0.03883547118931116], [-0.16078577213540604, -0.2978803358552042, -0.040313774733787874]]}