{"label": "M", "timestamp": 1746080405450, "left_hand": [[0.0925591539024306, 0.058721230753158965, 1.160345886698139e-08], [0.09063273615352348, -0.0018667652439242947, -0.0010174898999337617], [0.0634836302152226, -0.05583673837379414, -0.007003797511380943], [0.02841861392921535, -0.07793519498308167, -0.01140530736812261], [-0.0007502436093263156, -0.07935644546707654, -0.01731661412026413], [0.06008899511800109, -0.07212880611001793, -0.026042926728756053], [0.00445630324527953, -0.12141885408558581, -0.03516447136694389], [-0.02479269084387793, -0.14703979023193678, -0.03808915773119898], [-0.048107504550480185, -0.1664094755529504, -0.03888409661063702], [0.04369223114854214, -0.03716149925098343, -0.032363156827915775], [-0.01708638468404377, -0.09795504144240266, -0.04372809702967954], [-0.04675338739433496, -0.12816796778747014, -0.046975343155147044], [-0.06799444289976402, -0.15202561752507113, -0.047197791774733995], [0.025800290638927997, -0.0033855840072906664, -0.03676596072145494], [-0.024942660170217484, -0.0628899898694951, -0.04969027756763484], [-0.05256792754137152, -0.09813549865061454, -0.05478890384848922], [-0.07315444633285413, -0.1264329461858726, -0.05672972306358748], [0.009880111545125995, 0.027558063469503753, -0.03966224333638757], [-0.014068331386985955, -0.01833396186641236, -0.04908275182663331], [-0.004516343906165825, -0.0166516236069854, -0.044742366048889176], [0.007694829095506646, -0.008992672467374225, -0.03978756476285697]], "right_hand": [[-0.0925591539024306, -0.058721230753158965, -1.160345886698139e-08], [-0.05937648202683679, -0.10548643043737443, -0.012120032506850419], [-0.040432374367074496, -0.15923628388307812, -0.018887971770052914], [-0.028175928272297635, -0.20311808508183854, -0.026169498634755366], [-0.0223944166639561, -0.2423104336632119, -0.033367362464241775], [-0.06559856822906363, -0.22603837359946682, -0.006516869163069108], [-0.0638791434374054, -0.287690710727307, -0.01956688732125461], [-0.06492564704005296, -0.32464927501457774, -0.031199491894496702], [-0.06762984100225733, -0.3562765179677282, -0.039033404307595665], [-0.08993379087553036, -0.22462527438944477, -0.01069437667389432], [-0.09042595491767647, -0.2937653506165668, -0.02081648688409752], [-0.09210633475413593, -0.33440797315744425, -0.030297294070688104], [-0.09485017354884441, -0.3667305444813055, -0.03711774465242214], [-0.11388759741649022, -0.21045698403559096, -0.017331209664407], [-0.11677978234012376, -0.27546665800701947, -0.026814829878582084], [-0.11780920708301877, -0.31459630176653275, -0.03286635023184164], [-0.11835717735801334, -0.34596129247654067, -0.03708374131310591], [-0.13815468105844833, -0.1859254250757705, -0.025575507625455976], [-0.14629942695469872, -0.23554180630545327, -0.034494342253920666], [-0.15148753640388987, -0.26956852319313623, -0.0372498808615149], [-0.15633837365986847, -0.3004032223652075, -0.0385153264480306]]}