{"label": "M", "timestamp": 1746080536594, "left_hand": [[0.10350720828626073, 0.0024424563530536605, -6.295285387850407e-09], [0.0847000919124282, -0.061535940507845936, 0.006910747195499528], [0.04805493218943099, -0.09104783275211692, 0.005150290393755477], [0.01109122966010206, -0.0818479485476275, 0.003184491933031163], [-0.01401688592726488, -0.05725859031831975, -0.0017542343613220592], [0.02642657145681737, -0.11070199859503867, -0.015649839202265738], [-0.03910257418265449, -0.13607031840739756, -0.023646754292190365], [-0.07379307693706888, -0.15043517195779527, -0.026156244485990885], [-0.10160110128260691, -0.16096147265351496, -0.02622663210720981], [0.013823826107211177, -0.07308210496077461, -0.024533695321531965], [-0.05434071777023057, -0.09812928739377721, -0.03401278113607563], [-0.09178243106761957, -0.11252551169074443, -0.035737268028011235], [-0.1199580395808245, -0.12641980404259953, -0.034006687820639196], [0.006694018059184359, -0.030606232040798157, -0.031155704151357058], [-0.0527800034725413, -0.049812519543285805, -0.04436008331990402], [-0.08979732717771084, -0.06603551980809572, -0.050707686568599024], [-0.11911566820552197, -0.08301181110769876, -0.052598304757530544], [0.006944669538040479, 0.011724737906928654, -0.035321281314337184], [-0.023512512144840025, -0.0016987573761088565, -0.04291062116857027], [-0.010389083163262482, 0.005904245755197621, -0.035924814380387776], [0.006892267025287152, 0.012741535350563148, -0.028650349058314407]], "right_hand": [[-0.10350720828626073, -0.0024424563530536605, 6.295285387850407e-09], [-0.06988885386667112, -0.0684427332108993, -0.015688251659335576], [-0.059455820208841346, -0.13620720179029858, -0.021762143424324202], [-0.060562130421822666, -0.18945448393338932, -0.028221418963302], [-0.06700132996062663, -0.23821913012431484, -0.03412907992352246], [-0.1016614644171401, -0.19840279283377904, -0.00196534086795351], [-0.10573118979713388, -0.26509065119898556, -0.015976431081730438], [-0.10949577766475609, -0.30538582480354376, -0.029087863848542502], [-0.11452775548730015, -0.3393152134923789, -0.03789073169761783], [-0.12650436353617223, -0.19104709968576677, -0.004644701271155345], [-0.1364398681606891, -0.26333188449375594, -0.016423008450179213], [-0.14369490366886276, -0.30869960560815113, -0.02792451971167976], [-0.1511429989970901, -0.3440601568461545, -0.035989290502840554], [-0.14950698311412025, -0.1695992386810653, -0.010853726740716309], [-0.16146908514108235, -0.23880011792325062, -0.023239853498066287], [-0.16776776496357967, -0.28071701760328743, -0.031096635846354116], [-0.17309927837946507, -0.3122452468930429, -0.03576896063922678], [-0.17099997396476382, -0.13671904028695897, -0.018985246362708385], [-0.18547295438037387, -0.18818278934594945, -0.03082090840889145], [-0.1963795172710395, -0.22514305210043525, -0.03543139587801244], [-0.20694722302794258, -0.25616830768469756, -0.0374452734844841]]}