{"label": "M", "timestamp": 1746080531113, "left_hand": [[0.09423974368924382, 0.04635762881909268, 4.004833924433219e-08], [0.08450092773485418, -0.019134516469545008, 0.0030526772236028187], [0.05001784499207854, -0.06491028168214515, -0.0002912260446119054], [0.01159742091779704, -0.05806751577308909, -0.003221199816641396], [-0.018063863619262852, -0.03707979036624119, -0.008617630209671635], [0.040723223102516685, -0.09212840436131947, -0.015467810338921424], [-0.013729919094141717, -0.13978860175158908, -0.02141749258334701], [-0.04170964691484867, -0.1637090815214412, -0.023772342945704208], [-0.0652853858225419, -0.18106273927409694, -0.024429297311262397], [0.019299355144398015, -0.05827243246319473, -0.022114749404823292], [-0.036224940759606535, -0.11284264291096126, -0.0260809703436416], [-0.06543409311988105, -0.14191711197168838, -0.02849695598073897], [-0.08886533948967927, -0.16418877028687942, -0.029298613149657704], [0.00010360181118004547, -0.021112920772579293, -0.027012649533865944], [-0.04532177135955803, -0.07177187225670066, -0.03398004616318973], [-0.07142014774604571, -0.10736217041542985, -0.043298146908892866], [-0.09401409340671557, -0.13483669411083485, -0.05017931343454384], [-0.013821358583786716, 0.01413611417303909, -0.030156808103474493], [-0.023217815109604724, -0.023862758355760388, -0.035847127896151874], [-0.008310740163082968, -0.022239868066827474, -0.033963713970343624], [0.004115296791355496, -0.014480741633598599, -0.032031870473994015]], "right_hand": [[-0.09423974368924382, -0.04635762881909268, -4.004833924433219e-08], [-0.05992462761543781, -0.10090111428993527, -0.011414798194766628], [-0.044331057186715636, -0.16129222883461514, -0.015727822487332822], [-0.040180180643550154, -0.21011770325972823, -0.020460019254327083], [-0.04646170313693687, -0.25090349569471077, -0.024919364685578514], [-0.07481801876896597, -0.22276655545671006, -0.001370104165393882], [-0.07388667033340654, -0.2866372090761407, -0.012715205047955109], [-0.07508472043047498, -0.32512554180819286, -0.023294478055989592], [-0.07830114889436424, -0.35796730650213404, -0.030284122661594567], [-0.0966187580424053, -0.2200432916483204, -0.004744238225407574], [-0.09674614583905831, -0.29107162741832526, -0.013582057505125663], [-0.09753963573028733, -0.3342942123213607, -0.022435725544309112], [-0.10008911158760513, -0.3685984418416249, -0.028591206885035622], [-0.11797859189739927, -0.20515116681265214, -0.010833729580736506], [-0.12086411449425574, -0.2722862366727824, -0.019408452129476336], [-0.12080164911325601, -0.3133888353759397, -0.025129374997523615], [-0.12108641942960185, -0.34551717170782426, -0.028780074886293635], [-0.1396468592024794, -0.18055916057171964, -0.01851174670126521], [-0.1445813974982597, -0.23298177153015548, -0.026582642481629074], [-0.1465813103046458, -0.2687300003163079, -0.02911498997237168], [-0.1483044665077099, -0.29936680321189135, -0.03010474259415255]]}