{"label": "M", "timestamp": 1746080420307, "left_hand": [[0.0842734581297274, 0.04555311612583803, -8.32386038657097e-09], [0.08322479053808693, -0.01827472708181307, -0.0003304439050089351], [0.05677178844752942, -0.07307438774993383, -0.007314405093667192], [0.015026040986255684, -0.08802395393786874, -0.012812782125594757], [-0.01885337459164182, -0.08414966642165887, -0.02004930974140117], [0.05694838742407173, -0.09642799612741584, -0.025611542254366966], [-0.005224253289771275, -0.14578837201814096, -0.034980417434048984], [-0.0350896630655984, -0.1694680623290823, -0.03880122159628907], [-0.0589963366037379, -0.1877020064817802, -0.04038146934977079], [0.03637382620920562, -0.0587645708657156, -0.03218105594414685], [-0.02637618244325892, -0.11897051970903734, -0.04214221831822818], [-0.05594839798814416, -0.14862045332355817, -0.046533674938995184], [-0.07855083454217739, -0.1722059817136052, -0.04883364973413128], [0.014826754576961277, -0.022811741733630965, -0.0368815970737553], [-0.03786017975349952, -0.08355641728011087, -0.04952291662857271], [-0.0647187242419873, -0.11883846070047394, -0.05737892573004673], [-0.08683715618066042, -0.14576909677527478, -0.06249274113466735], [-0.004421753418464146, 0.008249749496886645, -0.03976407624228801], [-0.02271513864497254, -0.044043730299814204, -0.04922049768747382], [-0.010375080972183667, -0.04790839834453719, -0.04731664093070276], [-0.0001757005542053298, -0.044566194651175665, -0.04535155986790689]], "right_hand": [[-0.0842734581297274, -0.04555311612583803, 8.32386038657097e-09], [-0.04787272462527779, -0.09977655230194796, -0.010042885938979408], [-0.02985097149362369, -0.15763865339267757, -0.014865091829835883], [-0.020669313009011963, -0.20781944315161088, -0.020950307102001523], [-0.02048088026754616, -0.2531212914222329, -0.02670434144019681], [-0.058254221603443755, -0.2274259588358644, 0.003207906824139928], [-0.05360329788926414, -0.29163774600546577, -0.007984261187831736], [-0.051831354941486864, -0.32902040974937224, -0.019317370054696335], [-0.05159772883397888, -0.36053307234257115, -0.026885393959788357], [-0.081850567361427, -0.22726856250240343, -0.0017074070145630545], [-0.08153700889084683, -0.29953015936153377, -0.010057032687671977], [-0.0817413591351315, -0.3431065285466548, -0.019623981633367808], [-0.08303198365958653, -0.3774358994408381, -0.02651417764761202], [-0.10606281339381793, -0.21355199475973322, -0.009654801520551884], [-0.10910748501909537, -0.28256830863821897, -0.018414837889270303], [-0.10949037628416594, -0.323968680773221, -0.025056324056341304], [-0.10976627361637763, -0.35535943017778326, -0.029456095621211945], [-0.13078020872889393, -0.18838930864454528, -0.01912245778243653], [-0.13781697917117633, -0.24244928640516292, -0.028133735915823296], [-0.14328165572330812, -0.27997811166583153, -0.031404526377111046], [-0.1484778945711171, -0.31217698742502337, -0.03279197405832218]]}