{"label": "M", "timestamp": 1746067660294, "left_hand": [[0.07000475564206673, -0.05788234302075171, -5.983133108649384e-08], [0.034814260143992734, -0.1007390524506089, -0.009195425559255451], [0.015725497419201446, -0.15986914015507553, -0.0134303670657645], [0.010598985260541774, -0.20719827155741358, -0.01806359921931794], [0.005499670293102075, -0.24646990697491772, -0.022342755959847558], [0.042917620277414734, -0.2268581074179793, -0.001713331110935695], [0.03897366552467901, -0.28657012903341633, -0.012770285069103209], [0.03643188210297626, -0.3215410558596113, -0.023884196934481048], [0.03440494467879367, -0.3546706740110152, -0.0326011993514574], [0.06616678395395194, -0.22755652314292676, -0.0071012050670682895], [0.06259476549844907, -0.293909546764875, -0.015457768335554425], [0.059030123319433477, -0.3340083659732441, -0.024903497656586445], [0.05472758197230998, -0.37076417069644096, -0.032348273392426914], [0.08888055666655656, -0.2161065056393188, -0.014843583013240272], [0.08796526483691405, -0.2823368025015523, -0.02296360764860363], [0.08684434233022738, -0.32229343606131383, -0.027915190618435927], [0.084339485544191, -0.3583914850867032, -0.03220034624026521], [0.11133023152897856, -0.19350484780399782, -0.024161166500267044], [0.11370693116770218, -0.24293205470805224, -0.03173988614020438], [0.11578165600274716, -0.2757265953180447, -0.03359719183179452], [0.11677233971354185, -0.30592466397789964, -0.034944773625833245]], "right_hand": [[-0.07000475564206673, 0.05788234302075171, 5.983133108649384e-08], [-0.06664386613105101, -0.012950184704169802, 0.004386313929643194], [-0.042225336365130005, -0.058890539731549944, 0.0012458366389966693], [-0.01059086230575977, -0.06432088207631759, -0.002947847886631539], [0.010330678859970709, -0.05011856312512449, -0.008451697916542033], [-0.03385038897196315, -0.07660487135528804, -0.01786541552693289], [0.0037898222514125566, -0.1365492456800744, -0.026659800967180708], [0.026377836237893547, -0.16955111396323544, -0.029803305274664085], [0.04224398069588313, -0.19421394329122135, -0.03068701600643198], [-0.0146503259280279, -0.05065698605546595, -0.026791985651961968], [0.025474310248046708, -0.11535340206080007, -0.035409832585391134], [0.0483600904878179, -0.15241063854891573, -0.03659185260920903], [0.06399471942121285, -0.17793753305020305, -0.03534346023863998], [0.0026703025948553636, -0.01799510528916956, -0.03402902926389091], [0.03980179963337365, -0.08193334867936324, -0.04352918125063161], [0.05716048612267288, -0.11878169625787593, -0.04632753351637851], [0.06943334310706743, -0.1432138698726369, -0.046181017699326914], [0.016189614545910308, 0.02099964824068168, -0.03998267713185871], [0.039549829648826564, -0.024780238833177638, -0.0428174780460303], [0.030411211373076296, -0.030191710581042235, -0.0350402833960399], [0.020151489577719423, -0.020394522049344808, -0.027964612802231455]]}