{"label": "M", "timestamp": 1746080423843, "left_hand": [[0.08713717007123903, 0.06183236213946993, -1.0691564608521448e-08], [0.08823208447947738, -0.0036550479294144597, 0.001510206492167788], [0.06730544436606409, -0.06453533727842486, -0.003659895130634903], [0.03051991747432036, -0.09571807778179234, -0.007263274709699358], [-0.002597487236267832, -0.10277463428365353, -0.012052816455160851], [0.06522215986626187, -0.082841456718974, -0.02338819722925831], [0.004223010399903778, -0.12917393225223017, -0.029349902527136828], [-0.02570835807494271, -0.14613242861207612, -0.030842615491284236], [-0.04720434212329033, -0.15821903259593267, -0.031079739800140577], [0.043762942636346315, -0.04442081767509363, -0.028800558224527404], [-0.018631233102455704, -0.10290920517312102, -0.03432428963284914], [-0.04620410769002219, -0.1308527817492796, -0.03588364696999437], [-0.06561987715955651, -0.15058515036456593, -0.03702203913423836], [0.021135891345526063, -0.008656924371746724, -0.03214302047842393], [-0.029933761207381972, -0.06844359951434939, -0.039186491442069836], [-0.0535952675213175, -0.10569351515992371, -0.04419304499932052], [-0.07197726818536937, -0.13138637013387236, -0.04854821098320784], [0.0010262474990595895, 0.021649913498404085, -0.03388337674540443], [-0.012989801826336508, -0.028635175599887194, -0.04062114226821935], [-0.0033739786045195903, -0.043920492787333835, -0.039842858607860826], [0.004359495475399645, -0.05139242765735539, -0.03907662438738383]], "right_hand": [[-0.08713717007123903, -0.06183236213946993, 1.0691564608521448e-08], [-0.0543408429793749, -0.10825772987017922, -0.012452239134710748], [-0.034798971990630784, -0.16381546244202597, -0.01911811545995596], [-0.024406675458920866, -0.21110965392931866, -0.026285412589608113], [-0.02318764595093615, -0.25311679137276666, -0.03362048541589472], [-0.059538887372899495, -0.23195474249457906, -0.007396735574426907], [-0.05614866527467673, -0.2950548736523226, -0.02103545041465317], [-0.055274297601954535, -0.3321409999839584, -0.03317164942354477], [-0.05552397247014795, -0.3651878506868776, -0.04163284827388875], [-0.08295568486730015, -0.23074053456838284, -0.012020497636220456], [-0.08376968344669308, -0.3010038748948146, -0.022927930295814306], [-0.08521538147381304, -0.343171226097167, -0.03343467619074517], [-0.08735336474229441, -0.3785764262204961, -0.04132150862512514], [-0.10615325388637403, -0.21606735962612791, -0.01916762245049207], [-0.10988873374569834, -0.28323983126747465, -0.02985895637406145], [-0.11167340522507192, -0.3244591547517294, -0.03743704730604417], [-0.11251172841371239, -0.3592440321933492, -0.04290059020462421], [-0.12952645850273195, -0.19078258744340124, -0.027883613456442625], [-0.1387109036505286, -0.2409558591842606, -0.038676753634807236], [-0.14462075437123242, -0.27650827104818804, -0.043329566516929624], [-0.15038044983886026, -0.30928500482079935, -0.046020528332720544]]}