{"label": "M", "timestamp": 1746067660466, "left_hand": [[0.0704068118143909, -0.05859683643358993, -5.641950054192768e-08], [0.03431162706395932, -0.10123696723503464, -0.009389958456903352], [0.014733974787170614, -0.16063665734858468, -0.01363760053212501], [0.008267873200184982, -0.20760778525341048, -0.0182626124017234], [0.0024605348963074045, -0.24653475155622637, -0.02259730322865659], [0.04193932239081771, -0.22622989305782487, -0.0024040270179081884], [0.03900199462273926, -0.2859377565076423, -0.013736248982922972], [0.03665642810323265, -0.3206987992679708, -0.024778249284025274], [0.03438385237538142, -0.35343942449493915, -0.033296305064275784], [0.06523090464646851, -0.22699629637020632, -0.00761059754395268], [0.06275732281500863, -0.29363137319106053, -0.016220843035532884], [0.059586343462784755, -0.333915986229966, -0.0256594296031492], [0.05539097144544069, -0.3703950818315103, -0.03305014969823165], [0.08781711938127941, -0.21572023219505354, -0.015155352243255881], [0.08775705169709169, -0.28118185033241916, -0.02330301831129358], [0.08654511637481875, -0.3209067622360524, -0.028468471889780297], [0.08369181131940466, -0.3569390875508573, -0.03291964094698911], [0.10984178682260838, -0.19355050624951864, -0.024268847517169755], [0.11293707368823591, -0.2421105234632571, -0.03166074397525775], [0.11536125953052494, -0.2740917697846906, -0.033578412672893854], [0.11677613717111422, -0.3035187661665515, -0.0350330980998791]], "right_hand": [[-0.0704068118143909, 0.05859683643358993, 5.641950054192768e-08], [-0.06672858923699872, -0.01048113546701953, 0.002940397316608021], [-0.04244032920349726, -0.05685221692545448, -0.0008069444145363318], [-0.010766963534712569, -0.06291337946903679, -0.005316888792418607], [0.011160172719247161, -0.04995384414791264, -0.010847591123499983], [-0.03332654406023034, -0.074791111107545, -0.018531158064590877], [0.002841969193724242, -0.1353811229838402, -0.027835242438130032], [0.02485898183272045, -0.16804542532872596, -0.031430404781680576], [0.04029439542600429, -0.19257055646617752, -0.032624573645451044], [-0.01465537797851271, -0.04831337497975183, -0.02698209220401873], [0.025138787372107563, -0.11141618829240006, -0.03639049436633355], [0.047986165951212835, -0.147872049317452, -0.03816756517068191], [0.06394390723308543, -0.17436167290298546, -0.03731124607354609], [0.002232556871538021, -0.016233764448342337, -0.03398182075583064], [0.03767771381917071, -0.07782898695567678, -0.04448430524141501], [0.055193027262765156, -0.1147793482114254, -0.04775749590464026], [0.06821933947718042, -0.1407737511142779, -0.04785015841258462], [0.01581555332854146, 0.021444478452754313, -0.03982171166948141], [0.03833319004010058, -0.02364212717424247, -0.04323005180786345], [0.028525271924123324, -0.02791256128269666, -0.03559212662568167], [0.017958357642727796, -0.01800161853297018, -0.028673198452463904]]}