{"label": "M", "timestamp": 1746080441258, "left_hand": [[0.0813132648649805, 0.06789428212982343, -1.3904856722412352e-07], [0.08171990546768229, 0.009374679956321815, 0.0040516126221666685], [0.058181342050434834, -0.051051588525910595, -0.0008796302228653114], [0.019778247164623872, -0.07829244139158141, -0.005754242449896192], [-0.010200468771424765, -0.08361271449116597, -0.013385039910640245], [0.06538184260897918, -0.09966313005984295, -0.01692808959976755], [0.0010223422500089596, -0.14276285549864695, -0.028197673581086814], [-0.03487675320930774, -0.15545941977469388, -0.035239485574886716], [-0.05830157410642146, -0.16823888740904372, -0.039677468373424125], [0.056627551186969396, -0.07472826257797584, -0.02661486238225647], [-0.01187691371138032, -0.12797991469025088, -0.03572592805543754], [-0.046805980714693, -0.14272554528966938, -0.0402574313517751], [-0.06873981688307702, -0.16098451076082615, -0.04320150358383718], [0.042003613251322076, -0.042256695905231484, -0.03478130077057279], [-0.02453448530619154, -0.09444687442096587, -0.04794532193705962], [-0.05732629485787551, -0.12137892891679376, -0.05443708105685614], [-0.07676095715206613, -0.1510068956087824, -0.05891912244210986], [0.023183460082892994, -0.007996716688186654, -0.040968465390083496], [-0.01890593152053579, -0.023833809565494475, -0.05296854161737261], [-0.014407943626241865, -0.01220463527195096, -0.051363393750444644], [-0.0025126428966117066, -0.005184658440094808, -0.04908631083650425]], "right_hand": [[-0.0813132648649805, -0.06789428212982343, 1.3904856722412352e-07], [-0.04662684364096482, -0.11646451989425338, -0.006694950129060628], [-0.03300188747512668, -0.174922110947383, -0.007419965673610474], [-0.03092431156689714, -0.22120977002997436, -0.009790459886430408], [-0.040188706391132194, -0.2546470018240752, -0.011746784548747719], [-0.06476065906030341, -0.24071080677918452, 0.010537020871406304], [-0.06421439174888088, -0.3019859287374215, 0.0026689774891003808], [-0.06518344030345982, -0.3373421957846565, -0.0069822657779204786], [-0.06808204418496291, -0.3673205789239947, -0.01374628727315172], [-0.08450705942861221, -0.2432242909119253, 0.005729078485364037], [-0.0848357146688426, -0.3123654144059846, 0.000352857802693446], [-0.08590903952601489, -0.3538516304605117, -0.007825977660303728], [-0.08832959942172833, -0.3876507232110588, -0.013981337660860226], [-0.10432811719228838, -0.23505712684189323, -0.0020068773914761616], [-0.1056566601489285, -0.3003697569794614, -0.007350445827459975], [-0.10629559285549249, -0.33988280284929523, -0.012531364348967202], [-0.10747409996185868, -0.37236407609275973, -0.01631927499549514], [-0.12415871512832946, -0.21728032833799393, -0.011288957963115128], [-0.12728641256753365, -0.27114874519817883, -0.01607013274708045], [-0.12875585795361774, -0.3051598479419596, -0.017054578927236254], [-0.13044488445809718, -0.33564783528845754, -0.01757231007628575]]}