{"label": "M", "timestamp": 1746067700934, "left_hand": [[0.03990898190996209, -0.08273273432560978, 5.000356551446665e-08], [0.003980773030270204, -0.11858522918679631, -0.02042427372588616], [-0.01813385816286431, -0.17248865628959478, -0.032617975030895065], [-0.030971045052587475, -0.2222961391249409, -0.04262801932141067], [-0.0467570014180894, -0.26131319060671415, -0.052350475289465084], [0.01963761660799086, -0.2339377503680803, -0.024431394039919327], [0.019559666680427155, -0.2988256506576332, -0.040539480234732424], [0.019668700128037352, -0.3375303544122256, -0.05245887303744104], [0.021575229093145753, -0.3723592742192436, -0.06103659288914287], [0.046962573527395475, -0.23416557196458465, -0.0255075019966206], [0.05285949869999581, -0.3065754210572645, -0.03813517379525464], [0.05586684022483257, -0.34997132506440265, -0.04758292531877969], [0.059678845962551325, -0.387098025040725, -0.05472887422876307], [0.07270073647703595, -0.2203319149378562, -0.028891128383402416], [0.0798834408822506, -0.2904722724949553, -0.0417001061018563], [0.08356208122084181, -0.33347459074579244, -0.049062527177805224], [0.08702138326494416, -0.3703541131677818, -0.05443081878301401], [0.09752384268420758, -0.19522758836490428, -0.03405294913154637], [0.11293456090009324, -0.24192913047007575, -0.04554611080966823], [0.12277523507943872, -0.2744375383656962, -0.050031108733442985], [0.13150076057626994, -0.3040011225074055, -0.0528537849947031]], "right_hand": [[-0.03990898190996209, 0.08273273432560978, -5.000356551446665e-08], [-0.049419662217107356, 0.008904814714363156, 0.0021451192092825856], [-0.027968350711283764, -0.042901724263888434, -0.001109987960551], [0.007350068774435378, -0.04824545923064017, -0.004662191375257742], [0.033557465736851054, -0.03463000062319437, -0.010242328171023166], [-0.01866986255791146, -0.0721017320561682, -0.01727067196365151], [-0.0026585616324109745, -0.14868218724230767, -0.027328288233476637], [0.007420258782325978, -0.1946606319738729, -0.03266455372952609], [0.014638606208412007, -0.2316555229191377, -0.03565865790551371], [0.009363746008928307, -0.0504099945645407, -0.026045624477086998], [0.03223047563139652, -0.12764009093551648, -0.037558807953602696], [0.04444949942851664, -0.17509007071695554, -0.04316677476142667], [0.05314201238572163, -0.2133389997544769, -0.04510949750441714], [0.03207277828075162, -0.020470514652903806, -0.03330923810126612], [0.06035851847493607, -0.08705781543018906, -0.047557042479361565], [0.07481866845154378, -0.12961851972132482, -0.0548301422765309], [0.08666083196894647, -0.16234959785434458, -0.05727414432204831], [0.04836738203635146, 0.016128686151063935, -0.03898904444792816], [0.056449754868751006, -0.0328655614866765, -0.044798363634727494], [0.04382931963362568, -0.02847090415316381, -0.037255022990891604], [0.03492720116253877, -0.010476527258321953, -0.030324611878014822]]}