{"label": "M", "timestamp": 1746080530548, "left_hand": [[0.09173820934344724, 0.06362762718112398, 6.724541346039434e-08], [0.07941918165932224, -0.004902274667047267, 0.0013866279556855581], [0.04018074892332795, -0.051304115516402224, -0.0016842934935628274], [0.0009077090550355726, -0.0439055475317447, -0.004823252372088506], [-0.0285580029441771, -0.020809368294853126, -0.010472398440794697], [0.030751052702198637, -0.08183883531711733, -0.012233000367128181], [-0.018228904529502366, -0.13449747705763632, -0.018320584884762008], [-0.04245092698007585, -0.16339703860073218, -0.02182585407881789], [-0.06216748788410526, -0.1864668121741095, -0.02378332718529479], [0.008142822533323947, -0.04649391575007052, -0.01818237791978184], [-0.04708692218399232, -0.09529238674146412, -0.022637665352244502], [-0.07839407471058554, -0.12359082661225045, -0.027510415689785524], [-0.10320261715306371, -0.1470648099578846, -0.030505903956236275], [-0.00980712666482216, -0.007479835342396277, -0.022773945307400904], [-0.05842761811868273, -0.049576824871136675, -0.029713398710379053], [-0.08827234145218327, -0.0795474829075514, -0.04123883368754056], [-0.11223952433884075, -0.10387660351007061, -0.049990423654960814], [-0.021043196385588128, 0.028555080691865107, -0.025926792070274887], [-0.03276642951965103, 0.004480320595505805, -0.032627794475172014], [-0.01987897106449035, 0.006677854334124102, -0.03338008042711886], [-0.006698175964136351, 0.01151399986852425, -0.033380051683653496]], "right_hand": [[-0.09173820934344724, -0.06362762718112398, -6.724541346039434e-08], [-0.055967139158915845, -0.10588519686969713, -0.015686772050051534], [-0.037896984788618075, -0.16181423177469562, -0.022897355375940634], [-0.028765415790242714, -0.21120895721159713, -0.029002115311773758], [-0.024860117800496045, -0.25363672653974484, -0.03494934189510269], [-0.07336109392537368, -0.222446598241803, -0.014808430433107096], [-0.0767982566758943, -0.2857968318198555, -0.027802858892263776], [-0.08046072987024706, -0.32329498186423977, -0.037846788596486096], [-0.08533426107193048, -0.3554335103830173, -0.04444790266866625], [-0.09745292764015913, -0.21965455382790885, -0.015946684835604238], [-0.10072102132740951, -0.2876912178104363, -0.02697948316460577], [-0.10385229611952791, -0.3302759264594706, -0.035474944902746226], [-0.10714376782527422, -0.3651366910959286, -0.04142543147410518], [-0.11949205635713964, -0.2039210707309007, -0.019141518615508477], [-0.12488864197920432, -0.26767566737969195, -0.028717104690380846], [-0.12751006518269858, -0.307048217125074, -0.03345203490207972], [-0.12948845874138282, -0.3397351326383735, -0.03662428350407431], [-0.14061656800624212, -0.17828239784640404, -0.023974622133157618], [-0.14899917810878652, -0.22845787245182894, -0.032989693866413254], [-0.153591253297627, -0.2621053562529681, -0.03528719498227828], [-0.15804852163391098, -0.2919262416725269, -0.036046012886729054]]}