{"label": "M", "timestamp": 1746080531449, "left_hand": [[0.09299310017940829, 0.047387271365875616, 5.0459480252165814e-08], [0.0819538403431494, -0.02458658662663806, 0.006880742366211801], [0.04650982825901732, -0.0708329528065299, 0.006731761116354449], [0.010883981796120368, -0.07245447732831196, 0.006024431777208216], [-0.017677688428626225, -0.05784364191350235, 0.0029550983176919498], [0.03343106443587997, -0.09646353727819945, -0.008728673897212887], [-0.018625729750414936, -0.1490178183064592, -0.012342649408735584], [-0.04355862320320725, -0.17836050921414365, -0.013200849153675732], [-0.06247103400121366, -0.20119154405466844, -0.01275185401489543], [0.009858810141736984, -0.06323888585887494, -0.015138697653665094], [-0.04737923695623034, -0.11533266685406941, -0.015496801750549976], [-0.0764224963508389, -0.14456350356640824, -0.016360002796642095], [-0.09616314543923699, -0.16671185129151173, -0.016501391767089087], [-0.008086561996644905, -0.02493838917915323, -0.019758912256191818], [-0.057675908161369374, -0.06845541410756983, -0.021513742609367986], [-0.085168212724595, -0.0989739622602393, -0.030254757189550598], [-0.10444461555815238, -0.12141405889132591, -0.037464099521498935], [-0.01812923175886799, 0.011553614184390252, -0.022613722224090593], [-0.030117426685562516, -0.01457306893538826, -0.024693013178023106], [-0.019829541036059266, -0.019296921479728397, -0.024500018576392977], [-0.008884355103978352, -0.019394665540265043, -0.023978079079984074]], "right_hand": [[-0.09299310017940829, -0.047387271365875616, -5.0459480252165814e-08], [-0.05521302406480455, -0.09561312591882225, -0.012140572120935453], [-0.034700539192542394, -0.15473173831534795, -0.016261185500615852], [-0.026764215902175658, -0.20396599209828237, -0.0208099069310431], [-0.025851183688450755, -0.24517891948762074, -0.02526256962532379], [-0.06604519580393424, -0.22400827859684236, -0.0035565075344074102], [-0.05851167692802027, -0.2859589966228861, -0.015342090635470746], [-0.056022797475277705, -0.3240324950826417, -0.025684390393966573], [-0.05550319461338989, -0.35559388108273704, -0.032637249648777164], [-0.0928276769143094, -0.2237073257754313, -0.006641314660754194], [-0.09412031359037526, -0.2929578897171022, -0.016958512831719206], [-0.09580797699203018, -0.3359691176567729, -0.02618296829925305], [-0.09883560877532989, -0.3686276902445692, -0.032382801321537744], [-0.11827636995815152, -0.2076289222423619, -0.012368079028376174], [-0.12659311541408938, -0.27394305683542836, -0.023139398434097833], [-0.1307486451971069, -0.3141337030562202, -0.030414805957546535], [-0.1346956416400768, -0.3459219731781566, -0.03484964557386264], [-0.14164406533027257, -0.17987881296538233, -0.019517103861878077], [-0.15377745012120783, -0.22971326091926184, -0.03064894481851102], [-0.16303457330819582, -0.26419318187866886, -0.035358085835840915], [-0.17165922206300122, -0.29414369251532857, -0.037455330605173066]]}