{"label": "M", "timestamp": 1746067660905, "left_hand": [[0.07186273952780094, -0.06787834042845765, 2.7773061760139136e-08], [0.03749250433893651, -0.10753586351690982, -0.016134190652048568], [0.015880819602316854, -0.16091418781641473, -0.025697542013233616], [0.010148045240318008, -0.20568453175927773, -0.03416958933547465], [0.0099998073470606, -0.2454375162325323, -0.04194018015173998], [0.05057621445093909, -0.23016964963625128, -0.013384544789547054], [0.05382708372368067, -0.28946682981141625, -0.02810012607861298], [0.056257757869760665, -0.3247646541848449, -0.04073461082396637], [0.05918364931395357, -0.35777936043841674, -0.049937426411320186], [0.07538499188019498, -0.2267850435091818, -0.0164258294442888], [0.08046562861058673, -0.29382102813236305, -0.027791038593076207], [0.08262469238800281, -0.33364124469519985, -0.03815381228583407], [0.08446236950325088, -0.3706493052351654, -0.04602887933731779], [0.09851755830792568, -0.21136834806821364, -0.022019598108563434], [0.10496602030912865, -0.27616326303865335, -0.03347311614107465], [0.10770939867713986, -0.3158389465191191, -0.03971387576140373], [0.10893530468921155, -0.35242218116781293, -0.044412916970498525], [0.12115790765249439, -0.184729075856471, -0.02941222860715846], [0.13229806942772285, -0.23146196949746406, -0.039515409837731996], [0.1400118493555802, -0.2619319707079193, -0.04225998147305324], [0.14557070216602955, -0.2908817948231989, -0.043902925886642394]], "right_hand": [[-0.07186273952780094, 0.06787834042845765, -2.7773061760139136e-08], [-0.06838542221296742, -0.00289650297501446, 0.0030052100681400087], [-0.038896036713444056, -0.04690988359419688, 0.0028635662197572962], [-0.004559372111568466, -0.049383697194647094, 0.0025369721532538816], [0.0177877289504478, -0.03846100554555893, 0.0011679646244441174], [-0.022849614337396216, -0.06463251697176992, -0.011182700248231921], [0.017600624636235136, -0.12051056581902855, -0.016636573236246944], [0.04206001339711432, -0.15044411950469672, -0.018509139214750177], [0.05986310708473507, -0.1730841961024517, -0.018887444727606603], [-0.0009039738562762391, -0.03399750393901342, -0.01681757626105892], [0.03686191370561337, -0.09319897271146343, -0.02328127799047855], [0.058750209169148485, -0.12918191435205834, -0.025856939796952444], [0.0749532791318768, -0.1561808486954945, -0.026109889737777604], [0.015752628599867945, -0.0012227012370104669, -0.021036159752220823], [0.04978861256851719, -0.0600062764330375, -0.029935911012840866], [0.06530136034571744, -0.09889392618195963, -0.03535284740566334], [0.07552095616683495, -0.12537668718042866, -0.03723913027600663], [0.025949768266655748, 0.03195449393083566, -0.02393053473386573], [0.039138576817545526, -0.01123328208321305, -0.027482175555438228], [0.02688474434409162, -0.019348363489658685, -0.02247132081322576], [0.01454413292607212, -0.011049632561974188, -0.017422078377538373]]}