{"label": "M", "timestamp": 1746080540967, "left_hand": [[0.0912535978475887, 0.05379644799633613, -3.977570715472137e-08], [0.0882340482532278, -0.006405431887622929, 0.0037925563903669596], [0.060038168556309945, -0.05664553636621228, -0.0010258729492287762], [0.020229057843545752, -0.06597532994133094, -0.004951118450078892], [-0.01103301754331206, -0.05511433423694933, -0.011329642604008571], [0.05811411285689094, -0.07847318998983811, -0.022164567430257638], [-0.0008084461544747295, -0.1250870009559556, -0.028905251374792044], [-0.032094974359088896, -0.14578251018097027, -0.03057766517558531], [-0.05651824575851037, -0.16123634632740053, -0.0310290585425177], [0.04109112196977009, -0.04196289268831706, -0.030033920294606983], [-0.022117171539105192, -0.09674076611023363, -0.0384067939206712], [-0.053967301768012746, -0.11966383703422734, -0.040685721855853375], [-0.07597081653359185, -0.1380004631631032, -0.04122515829204299], [0.0233065895304409, -0.0055523215221719375, -0.03535835620400202], [-0.031796983168858414, -0.057849181799672474, -0.046189429759326064], [-0.06011702267026504, -0.08476225557087895, -0.050098577459337434], [-0.08007299213445904, -0.1078803362803313, -0.05209126668424054], [0.008260734382535927, 0.029361285289297823, -0.03862174462476023], [-0.020674206359114957, -0.011749205533377943, -0.04688016920217332], [-0.009650600374085785, -0.0028486479510755254, -0.04076203398738312], [0.004377849047092168, 0.009402998839239672, -0.03503320266295918]], "right_hand": [[-0.0912535978475887, -0.05379644799633613, 3.977570715472137e-08], [-0.06076706167134164, -0.10473115036943907, -0.013164682243722237], [-0.04345900492835643, -0.16120360214700635, -0.01991364199262162], [-0.0344234685579847, -0.2085154960607554, -0.026966420103328212], [-0.037055296418648985, -0.2523690300655746, -0.03397280344440174], [-0.07063112154890348, -0.22034642800461424, -0.0073846803582959695], [-0.06601934309842802, -0.28163895717670834, -0.021457728765383245], [-0.06390228822111844, -0.3175549571783969, -0.033696342510212605], [-0.06253176235950901, -0.34971311248673176, -0.0419232508139963], [-0.09416122362066075, -0.21820179908065693, -0.011190550447956263], [-0.09529126166848631, -0.2854515669904874, -0.02215798508405267], [-0.0969889421043849, -0.3267609356246099, -0.03239366747328398], [-0.09802737304168081, -0.3625112041167595, -0.04008623048647005], [-0.11682358576332892, -0.20257018692792286, -0.017695163931405446], [-0.1232271027866013, -0.2658943488786491, -0.028241944757346663], [-0.12531237091569197, -0.3040801716355331, -0.0348620688423713], [-0.12542444792612886, -0.3374687421809486, -0.039685542727539866], [-0.138930579798411, -0.1761747392879534, -0.025924468209207754], [-0.1504250700758806, -0.22259779146747044, -0.035868550267978506], [-0.15711731034592688, -0.25572563408291693, -0.03969730478181304], [-0.16276194747843817, -0.2875826386748429, -0.04200126238763716]]}