{"label": "M", "timestamp": 1746080408836, "left_hand": [[0.08953704319633425, 0.05833504022781152, 4.058402395494973e-08], [0.0916221050772119, -0.005511788686588578, -0.00489817894507114], [0.07787318355507937, -0.07385717151603287, -0.014168563710972047], [0.07019975739132259, -0.12564098715833952, -0.020998496563237132], [0.07000686871160722, -0.15848435823912865, -0.02875429263234175], [0.06023706775658005, -0.0667782423509341, -0.039084015948328964], [0.0032775956095901504, -0.12129280957106311, -0.05083924157108127], [-0.026338572118122437, -0.14940101614868798, -0.053759182008867916], [-0.049496668895120784, -0.17153661081716925, -0.0542386332902418], [0.03993270598893781, -0.027192910303914564, -0.04263502468000553], [-0.02040927300269953, -0.09460554722899558, -0.05695081906582762], [-0.04983943584994515, -0.13163665179054757, -0.05949452518887802], [-0.070509297118767, -0.1595971146044583, -0.05939583961205572], [0.02011679157881904, 0.007239070882498018, -0.043887529285116085], [-0.033443737985783, -0.05792407563392142, -0.055540178294649224], [-0.057865732322461956, -0.09767365833277533, -0.05729886893635426], [-0.07416553726221009, -0.1259372573399459, -0.056894441283610916], [0.004398000640751395, 0.03461834181877869, -0.04429139218171954], [-0.02639549242198533, -0.025896550383437147, -0.050602115142707446], [-0.0237802712734097, -0.04547283031429314, -0.04578430502647351], [-0.016584993449696196, -0.05440807288912053, -0.04085019516751096]], "right_hand": [[-0.08953704319633425, -0.05833504022781152, -4.058402395494973e-08], [-0.054975372655089054, -0.10486571660180159, -0.017066003952862577], [-0.034978256015141755, -0.16180967796598883, -0.02612847230062102], [-0.02463608582958327, -0.21091589136420513, -0.03447664197423564], [-0.021255517832786154, -0.25547547097820805, -0.042673521482391556], [-0.06427864056957998, -0.23284621718688084, -0.015219346983746305], [-0.06349668010766851, -0.2984350920010048, -0.030888826261693977], [-0.0643356320238227, -0.3376331525306172, -0.04372365661967456], [-0.06634415388359971, -0.3723815038809377, -0.05242808736233792], [-0.09140872508810588, -0.23055563743386825, -0.017897750781334435], [-0.09405891664836727, -0.3013335094488933, -0.030243892537534952], [-0.09596188691966853, -0.3448282524783811, -0.04071166537798464], [-0.09816817126017918, -0.382269165440151, -0.04850483318409424], [-0.11679377539095509, -0.21343297835140215, -0.02319049079464908], [-0.1236296904337492, -0.27964452571459625, -0.0346439765503457], [-0.12538404534918343, -0.32081295371280255, -0.04177828961579293], [-0.12578757472838142, -0.356678526114787, -0.04698221950266056], [-0.14077113321649007, -0.18489349374644612, -0.030428894642336207], [-0.15294981921858986, -0.23456485461164112, -0.04169687579367403], [-0.16019712575755304, -0.26915358008481616, -0.04612728098553862], [-0.16686191524306185, -0.30187638684698564, -0.04860821468598522]]}