{"label": "M", "timestamp": 1746080441385, "left_hand": [[0.08754078020276877, 0.06370232451099984, -2.0830568131599545e-07], [0.0819994512512004, 0.00025402993828310796, 0.006655641208183989], [0.057851344869202286, -0.061677483754492515, 0.0035423218437880964], [0.02252960198780268, -0.09043739073284261, -0.00052929086828113], [-0.0073869266297789185, -0.0971673529997291, -0.007190309143850735], [0.06611005986237121, -0.1130149916449517, -0.009670443143819195], [-0.001394125224412982, -0.14482846303328228, -0.02113967758873923], [-0.040346126020763325, -0.15278159850757103, -0.02991576596005359], [-0.06606258145312313, -0.1595748777133373, -0.03554791549438686], [0.05919471987542918, -0.09085056815020671, -0.020609377312069577], [-0.016111725678025362, -0.12988447570894823, -0.02815226326619728], [-0.05507326305383705, -0.13801242988353807, -0.03316199762463403], [-0.080462630541514, -0.14930136046835718, -0.03725460536386443], [0.047097764021864094, -0.05960627997814778, -0.030407190268305052], [-0.025070663553397727, -0.09864587602288379, -0.04008557057966368], [-0.05843235121322718, -0.11543739436707355, -0.04507686848063301], [-0.0782749429310469, -0.13749176610663114, -0.04969491990514071], [0.030351530487748062, -0.02349398626210292, -0.03871267260997276], [-0.01489074606979744, -0.03012746734496531, -0.04817189749195565], [-0.012259096294231404, -0.01760446991616625, -0.046839852983158944], [-0.0014089413137515576, -0.01216847090461339, -0.04534910250358965]], "right_hand": [[-0.08754078020276877, -0.06370232451099984, 2.0830568131599545e-07], [-0.05170822615092327, -0.11285218197063897, -0.009127222358877144], [-0.03637007879867727, -0.17288745930595903, -0.011654066776009872], [-0.035714620211489266, -0.2198163533710457, -0.015302719321325133], [-0.04720368883623198, -0.25307895727155943, -0.018831352480458967], [-0.07111581599857654, -0.23978321805903904, 0.004388946266861523], [-0.07325539314579615, -0.3014591402683566, -0.005180901426449763], [-0.07566548940475347, -0.338304486494926, -0.01568388506260262], [-0.07947547373341231, -0.36998455730973884, -0.02307589368538396], [-0.09329338249854408, -0.23961838209396358, 0.00011234073888880283], [-0.09653011243958226, -0.30826266246687767, -0.007021231794354744], [-0.09886320964955542, -0.3508598488064584, -0.016300923132048464], [-0.10217385272887487, -0.3857549366484481, -0.02327913390210602], [-0.11503459007122882, -0.22772543096361245, -0.006899656091386225], [-0.11887606556091594, -0.29266117167476935, -0.013705956887590241], [-0.12023239767413027, -0.33292273258837934, -0.020034164021796416], [-0.12151132176224319, -0.3666074184317192, -0.02473845363757344], [-0.1364353250263025, -0.2061135342032729, -0.01549555620806463], [-0.1410026866495505, -0.2587529617935286, -0.022178158575827923], [-0.14262107950480488, -0.29345153661117945, -0.024785992463747932], [-0.14403129422146696, -0.32510130601366877, -0.026381234017546797]]}