{"label": "M", "timestamp": 1746067698225, "left_hand": [[0.04712971284815902, -0.09376136233581463, 5.711523707616633e-08], [0.023561590398775492, -0.14332093202985274, -0.011514878770937317], [0.015596535449271164, -0.20122450358240665, -0.018879453112320803], [0.01652874924412667, -0.24468645901743696, -0.025760927190190297], [0.018742740511831203, -0.28192418398015834, -0.03266226134112058], [0.05926934195897896, -0.2448650677143657, -0.01412065217967195], [0.07022150145219312, -0.30394366059952826, -0.02775270777332156], [0.07515779628946366, -0.34038867613442025, -0.03806792910112289], [0.07992852453758514, -0.3725192612459882, -0.04552566970094197], [0.08243027792702538, -0.23292467714380896, -0.019325562477710327], [0.10134683256665215, -0.2968027876853284, -0.030831241781287017], [0.11162405748390902, -0.33636398724210714, -0.04026835041857437], [0.11941457252221689, -0.37034619976340677, -0.04711457176708915], [0.10106412893528631, -0.2107293849939319, -0.02629672304000148], [0.12164659840776178, -0.2689309016292704, -0.037898700604814775], [0.13280672783548625, -0.30760939461650905, -0.044798453977504475], [0.14096976769937952, -0.3433273511311978, -0.049834813451993525], [0.11617040869397274, -0.1790853386821986, -0.03435910719307323], [0.1369845130385149, -0.2171426270585824, -0.04455173435725334], [0.14991185906710355, -0.2445553341496757, -0.047844286494736536], [0.1600999665801054, -0.27086797353937986, -0.04995422681487674]], "right_hand": [[-0.04712971284815902, 0.09376136233581463, -5.711523707616633e-08], [-0.041505947176188496, 0.024659656697453142, 0.009790664785985333], [-0.016704564774633793, -0.017579749588928256, 0.010536394171799574], [0.014223925084128614, -0.02207881491075201, 0.009110585807797285], [0.03835811459933555, -0.01022052583824169, 0.005937617482329333], [-0.006743429525183821, -0.04251507201810222, -0.004338148307881996], [0.020482069435352006, -0.10907745947766818, -0.011298072286062171], [0.035874307853990116, -0.14595992446237083, -0.014094594081318313], [0.046184083057105196, -0.17432244009743222, -0.014567967060293638], [0.015376557098491549, -0.021215220637435438, -0.015305246155469646], [0.0465877505886198, -0.09126911011089517, -0.023557509267030586], [0.06214542363578863, -0.13499008224629855, -0.026426874698202447], [0.07256824510195183, -0.16935381490866735, -0.025572982279513712], [0.03282839286137159, 0.00961187947956592, -0.024711856769431995], [0.06579853342028114, -0.05541079148516108, -0.036565840626768834], [0.08100659880258367, -0.09625506612753587, -0.041982087229675065], [0.09301681853368082, -0.12900562421752082, -0.04253633832179758], [0.044047596659241434, 0.04936888660053088, -0.03194658942260865], [0.06639270809781184, 0.0064515106439702805, -0.0355166217503149], [0.05747146650778616, 0.010516293570823601, -0.02665275553747341], [0.04823967759592403, 0.027448028549936762, -0.01819898581252148]]}