{"label": "M", "timestamp": 1746067663334, "left_hand": [[0.07033697029946784, -0.06739197058468271, 5.232809091085011e-08], [0.0390946907966485, -0.11224083797419071, -0.01653318538906178], [0.02111843306895914, -0.17276838117788168, -0.025457034483194967], [0.014670401829647023, -0.22204932408837133, -0.03332661830662521], [0.012125697810458571, -0.2633365929355846, -0.040304223159171176], [0.053652652726266556, -0.23855032908948093, -0.011283673604524591], [0.060425632205732605, -0.30069506778079097, -0.025659482786419666], [0.06516587552919319, -0.33783568209398646, -0.038304417241152154], [0.07023694572979713, -0.37097965679245754, -0.047258000886979255], [0.07770974623355581, -0.23329327022084234, -0.013412022610557121], [0.08537759464817238, -0.3020435569134832, -0.023601663714752263], [0.08964302835867415, -0.3434257613610331, -0.03295760222426328], [0.09353771310501485, -0.3802661045483026, -0.03989972687035259], [0.10051859452994999, -0.2166033372332034, -0.018327866907913163], [0.10944337449966988, -0.2832634833183414, -0.027787088737123777], [0.1140622283563415, -0.32394112873566683, -0.032462941243858845], [0.11748328799120633, -0.36053772784000193, -0.03611396142241098], [0.12239216922949771, -0.18906663900849424, -0.02533528856920048], [0.13417787124392644, -0.23612240814242555, -0.03319097917732037], [0.14261468047309928, -0.26671371633951735, -0.03444817395497546], [0.14938673867363414, -0.2947147830159653, -0.035058353990884195]], "right_hand": [[-0.07033697029946784, 0.06739197058468271, -5.232809091085011e-08], [-0.06359544591493771, -0.0014129128522367526, 0.005508160441679479], [-0.04001930388014847, -0.04595810915785848, 0.00404510060869221], [-0.010721844201045065, -0.05407690167407385, 0.001430319325952754], [0.010978530059441266, -0.04551620236387029, -0.002265142364582201], [-0.02516890169551946, -0.06863982096175014, -0.010869175544214325], [0.007722379353257227, -0.13202596107760936, -0.018646375792204385], [0.027570851350800674, -0.16650732569117332, -0.021627586430217477], [0.04166641899781816, -0.19233489795205946, -0.022229171975620927], [-0.004764766891200028, -0.04285554881062934, -0.01994465659409826], [0.031217492712528137, -0.10884276644218002, -0.029226241587489606], [0.0511456334024058, -0.14806577823281397, -0.031469372077501175], [0.06523111085160563, -0.1762843764130831, -0.030138091119130555], [0.012016153358499024, -0.010241835942688881, -0.027607864340289178], [0.04679307302726981, -0.07362437868367398, -0.04009444301111919], [0.06118331832098825, -0.11223526643017835, -0.04425626300278086], [0.07172204736685545, -0.13969095791458183, -0.043800874278719454], [0.023268785835178277, 0.029747153473581315, -0.033593482103689655], [0.04565840834746135, -0.01523341293265978, -0.03912575934350965], [0.034335583190311415, -0.014133186536707238, -0.031078401589181095], [0.022648984466622214, 0.0022872942987748964, -0.022759773801947613]]}