{"label": "M", "timestamp": 1746080440909, "left_hand": [[0.08241775257802214, 0.0666667703584211, -3.0027404791525645e-08], [0.0844935526555233, 0.0036086276957398625, 0.001734568975185097], [0.060015412163966254, -0.05315712351111776, -0.007338957833989209], [0.01631530997474507, -0.07081292736239159, -0.01465045741662089], [-0.01960779945855587, -0.07141007731825759, -0.02437580794055023], [0.06629865912605638, -0.08219470132065586, -0.032791620241464786], [0.0011183407390827382, -0.1325799546003212, -0.04187048771734291], [-0.032455958304796896, -0.15237339272481787, -0.0447746582705833], [-0.057304868100805866, -0.1681583855664495, -0.046235218986955984], [0.049182634418773005, -0.044889231107472956, -0.04030220250609099], [-0.021315787676999067, -0.10853135130052316, -0.050210456512567614], [-0.05377175505371435, -0.13523704692034896, -0.05328333753203978], [-0.07587666355155391, -0.1576798843780817, -0.055376111168841884], [0.02820316997211273, -0.008958664557258399, -0.04470736277999303], [-0.030732076085340735, -0.07290512946833536, -0.05691328877194686], [-0.05767772394648667, -0.10939695746527935, -0.060923652765550604], [-0.07756273401517558, -0.1390267863947548, -0.06393755724359282], [0.007105843161776418, 0.02330408910166346, -0.04682380505186524], [-0.01607036817831243, -0.023191633601345716, -0.05699543499293566], [-0.004737836593049501, -0.025566552971883066, -0.05275226289374107], [0.005781923680139603, -0.024030205449310445, -0.049042905152197884]], "right_hand": [[-0.08241775257802214, -0.0666667703584211, 3.0027404791525645e-08], [-0.05098638580770298, -0.1177172855571975, -0.00879547360875136], [-0.03904151787519522, -0.1788000361350782, -0.014228363733897936], [-0.037487244241891086, -0.22660129861307335, -0.020395614879520033], [-0.047380896995724814, -0.2599690845068051, -0.027100168535413097], [-0.06871344050598355, -0.24364015758256205, -0.008312756831411328], [-0.0742429017693482, -0.310058756541605, -0.022048380062765653], [-0.07976802665572413, -0.3485775414074578, -0.03358665595309321], [-0.08714895759873119, -0.3821996313173969, -0.04156724070144091], [-0.08966619722491428, -0.23849293252848974, -0.014682265830463184], [-0.09356793860371854, -0.3136886488140425, -0.025974443254763835], [-0.09860374235616916, -0.35944660682619656, -0.03541488791378887], [-0.10557360653325192, -0.3970429227428473, -0.042329612970919125], [-0.11015309279086691, -0.2204515358581206, -0.022954192969810338], [-0.1161027834577261, -0.29312892388728395, -0.03311083836968603], [-0.11919242484641712, -0.33711796667711175, -0.03893999952886359], [-0.1228289759069503, -0.3736168889142339, -0.0431794203898054], [-0.13022111974108294, -0.19239056820671463, -0.03246184693620097], [-0.13471982963738546, -0.24909876716332896, -0.04170565096026213], [-0.13507414248188448, -0.2866901116687039, -0.0444556079728522], [-0.13557777910302354, -0.3204136619138765, -0.04609070332706073]]}