{"label": "M", "timestamp": 1746080404709, "left_hand": [[0.0877385840467511, 0.04403874229968311, 5.042028574650247e-09], [0.08493183088523319, -0.016866597148867707, 0.001923671236390146], [0.05777703556166265, -0.06711269437599035, -0.002359204703864812], [0.020015475009542132, -0.07751781684847067, -0.00584626531035789], [-0.009444709781877027, -0.06974238667219622, -0.011471040003289686], [0.05707281783035015, -0.08881458506280811, -0.020888520442587478], [0.004149289562651787, -0.13886915729759322, -0.029283289575203427], [-0.02477358497310616, -0.1641765700918366, -0.03223702863840448], [-0.0477990145346136, -0.1840959530653701, -0.03320048511928547], [0.03926380799132158, -0.0554917658370102, -0.028854807625037577], [-0.01816679213381982, -0.11595598503721219, -0.03988607583284907], [-0.04685252267562412, -0.14725852910202109, -0.04366205464906617], [-0.06681029258726098, -0.17279312844316486, -0.04399541091653759], [0.020675944100491825, -0.02157744931809845, -0.03481635700462427], [-0.029652377769918584, -0.08279950327220743, -0.04937689892610201], [-0.055656277468960846, -0.11681478367286854, -0.05525869966444102], [-0.07565998701557153, -0.14532557309211455, -0.057038811534024625], [0.005236236645281654, 0.01212375289572344, -0.03880009065029233], [-0.01875419244514074, -0.03665747739781759, -0.04981186034203821], [-0.007729071936639188, -0.028204299555205852, -0.04457133522559721], [0.005233172815419111, -0.014676315056436235, -0.0384166665933666]], "right_hand": [[-0.0877385840467511, -0.04403874229968311, -5.042028574650247e-09], [-0.05357916113883596, -0.09289190134313663, -0.010774361609124395], [-0.037782945015783206, -0.14934770480898865, -0.016173717135209147], [-0.028726192690250608, -0.19470866782400198, -0.022341437103732844], [-0.023312547826852728, -0.23563940410963627, -0.028264356843577355], [-0.06653501103670441, -0.21736194893499644, -0.0028231881702422234], [-0.0650171327213151, -0.28052668477752907, -0.015109954738948264], [-0.06534125742002918, -0.31810263424146534, -0.026085688803880635], [-0.06762580571962677, -0.349813095189136, -0.0332410385591739], [-0.08997806554662642, -0.21569622301577512, -0.00703703581216515], [-0.09017552225608155, -0.2863753222295507, -0.016459336884931258], [-0.09106681173865232, -0.3283851322675867, -0.02512852920588575], [-0.0934633679578759, -0.3607567035729225, -0.03116996973043467], [-0.11330984246845947, -0.20173417220252624, -0.0138779822940204], [-0.11514863914898579, -0.26819140293054, -0.023118941823487008], [-0.11553281135041284, -0.30781042814979115, -0.028620228697945595], [-0.11594573367624769, -0.33754536010283737, -0.032064389841484166], [-0.1370021716010351, -0.17721776190174832, -0.022214528639455618], [-0.1436724498451476, -0.22801766418948982, -0.03095803998747189], [-0.14827499919133033, -0.263077603695492, -0.03342744900413189], [-0.1530004579913011, -0.29348957079630283, -0.03421792378852945]]}