{"label": "M", "timestamp": 1746080405840, "left_hand": [[0.08916023574136633, 0.06569146074330816, 9.463465321478953e-09], [0.08728049696178168, 0.005106622492733252, -0.007601803986759836], [0.06428682313356261, -0.04724743123023703, -0.018404713148509888], [0.031666236656134654, -0.0769691068294753, -0.026069069229267237], [0.0026863166912643875, -0.08711549155097438, -0.034757663325020456], [0.06182218218379449, -0.046737434008188194, -0.04184692504637486], [0.0039708918590834145, -0.09722615787477108, -0.055728916961411565], [-0.027073472833850497, -0.1231322934047326, -0.060458123096440476], [-0.05135122127176264, -0.14298675270014966, -0.06207905097855926], [0.046359977427063014, -0.01004705968764801, -0.044495261889832084], [-0.016961555114738902, -0.0702772167518289, -0.059134928975349894], [-0.04812524928948633, -0.10229556029542407, -0.06274942791801925], [-0.06878977252638892, -0.1275862596095186, -0.06406721869291086], [0.02917563819212036, 0.02095904806280187, -0.045231261105751555], [-0.0258498942490948, -0.037684196725480554, -0.05863015185947178], [-0.05354377312592002, -0.07389753915198151, -0.06216623747785581], [-0.07249756745905293, -0.10132165295306651, -0.06366891744125466], [0.013505701813115771, 0.04474939590263705, -0.04516991591970765], [-0.013791931675784866, -0.00396359801210515, -0.05529645261765864], [-0.011397100707512145, -0.023904224813490933, -0.05410972315565772], [-0.005946630536396696, -0.03631913896183764, -0.05201667957537967]], "right_hand": [[-0.08916023574136633, -0.06569146074330816, -9.463465321478953e-09], [-0.056486250438144085, -0.10682350184039649, -0.016258287502196215], [-0.03547113986523477, -0.1611048116107657, -0.024966350850951315], [-0.02443919631060995, -0.2067118781080822, -0.032962711047289144], [-0.02121797963053025, -0.2462687342910803, -0.04088104451110858], [-0.06432985325531917, -0.22702649333786332, -0.015410769969326138], [-0.06465430430632045, -0.2901355925864233, -0.029918837195040952], [-0.06628319195649578, -0.3272478122676157, -0.04150179468779489], [-0.06879908648294696, -0.3594320550758145, -0.049169849088634664], [-0.08891671421308713, -0.2248235727796682, -0.017891216488848317], [-0.09057860294542391, -0.2938002322577992, -0.02940576064666367], [-0.09228348604536543, -0.3357594099038835, -0.038913940461468094], [-0.09433967156435075, -0.3700928169029646, -0.04572295220205102], [-0.11253969686809263, -0.20990858531706583, -0.022743499587731964], [-0.11785508785350278, -0.2752478319104579, -0.033384496072810105], [-0.11938654543987531, -0.3146928491064559, -0.039900661197996415], [-0.11957867037486405, -0.3475713660353603, -0.044421854146806355], [-0.13592149989176538, -0.18486222987674314, -0.029356305950745787], [-0.14656055894873993, -0.23415597848005373, -0.0397296982516364], [-0.1525570844040492, -0.26792339725528225, -0.043596777930811036], [-0.15779569334835236, -0.2989236949560558, -0.045578281965110816]]}