{"label": "M", "timestamp": 1746067662340, "left_hand": [[0.07938363377592694, -0.07046633547277029, 4.740072964869745e-08], [0.04054332996397824, -0.10771550607184008, -0.017517699215451238], [0.015777573769824395, -0.16063129459100425, -0.02728694846081027], [0.009331781878550712, -0.20758128180711954, -0.03564216881587123], [0.0086176304934394, -0.24887615748642175, -0.04302291378698591], [0.050657737690302934, -0.2326631048758512, -0.014127939995901588], [0.0525909085417021, -0.29424440469551705, -0.028552878177260477], [0.053787928718258646, -0.3308801833338432, -0.04075064206837569], [0.05544992374065747, -0.3646116094945792, -0.049735447066251715], [0.07688057868688365, -0.231414277041327, -0.016260505905578534], [0.07921232490517949, -0.30062125357941777, -0.027696425859091277], [0.07983892536442298, -0.34165782725342647, -0.03790114557832663], [0.08019649191334181, -0.379195387121687, -0.045633527776609534], [0.10170108767718418, -0.2179390427313138, -0.021064910374836838], [0.10551874535341688, -0.2854679821685911, -0.03284281776565088], [0.10716677328111815, -0.32601294088322896, -0.03942415294811899], [0.10735298633598377, -0.3630711237337186, -0.04426408035770535], [0.12648241740504235, -0.1932117072034047, -0.027745812702722368], [0.1363482733183784, -0.24226873998174683, -0.03847170753242672], [0.1429585913379266, -0.27408622793585885, -0.04196074802934138], [0.14743350568444827, -0.30398491374302095, -0.04402126821741791]], "right_hand": [[-0.07938363377592694, 0.07046633547277029, -4.740072964869745e-08], [-0.07190186721852328, 0.004281940860835966, 0.005623596780205605], [-0.04609491543146752, -0.04312697474319343, 0.006507020051881122], [-0.02110653356496174, -0.07252878004090699, 0.007227346884163778], [-0.006034431947281641, -0.08878585354259301, 0.007010076008501007], [-0.02025878000245582, -0.05665381590629844, -0.012719231040335063], [0.024435476796696873, -0.11232567365806884, -0.020684001653579493], [0.05116046385280381, -0.1414815599178326, -0.022525829992601002], [0.07033541069372026, -0.16347460238633807, -0.02161743754102523], [-0.0006912819409180144, -0.02569206908642035, -0.019338655003211448], [0.04440645878876308, -0.08622358332682874, -0.027576032180196608], [0.0700266620412843, -0.12023069227044506, -0.02752971876674857], [0.08863382193992654, -0.14507659192171338, -0.02465773491956163], [0.013939539806269349, 0.008936330143056058, -0.02429968867010606], [0.05517267914207608, -0.04777600922872436, -0.03601745081717003], [0.07458899344375654, -0.08320387960389274, -0.038939780909061535], [0.0877164560204615, -0.10679220525271123, -0.03775548674151158], [0.02163955895206213, 0.04630335089259317, -0.027417368438714076], [0.0413722524914606, 0.006343225223023348, -0.03230198051108885], [0.029710933248248333, 0.0032277598859628306, -0.024879830690157863], [0.01625718505995039, 0.01651939160449638, -0.01704794549245954]]}