{"label": "M", "timestamp": 1746080419121, "left_hand": [[0.09299544493123997, 0.05008946559375479, -1.986049630290654e-08], [0.09140852303338513, -0.01388267829755154, -0.00020103502603414943], [0.06262409145912239, -0.0651437650291205, -0.007201957035963349], [0.017818293135060722, -0.0689850525944987, -0.012947480934615192], [-0.01736516368016854, -0.05317653336948909, -0.020856093382220494], [0.06161848921762166, -0.09261598092903137, -0.023181879046150967], [0.0003990574190728131, -0.13681029080515317, -0.0315267687087508], [-0.030813527273402686, -0.15747323298067897, -0.0349368222814974], [-0.05627944609878734, -0.17366862259190594, -0.03662291774370898], [0.04214868109972028, -0.05656796912179806, -0.030154625156455277], [-0.022267845832110923, -0.11235542488529524, -0.0388265456063558], [-0.05245177613921495, -0.13848598066000284, -0.042613290314437315], [-0.07506739606640657, -0.15959931790414864, -0.04424515755485868], [0.021779929913451495, -0.020495402163670216, -0.03524784061143933], [-0.03161533624929351, -0.07699731141049539, -0.047167623425841104], [-0.05845877006623186, -0.11117174347425411, -0.05427044528708145], [-0.08085462501462112, -0.13865134764965537, -0.058838051942442245], [0.004002906091730472, 0.012650792010639286, -0.03866275405780048], [-0.013266065138916138, -0.030307828789714917, -0.04895768668264493], [0.0006399731473182505, -0.026294401648817984, -0.04623469066851424], [0.012689670999555622, -0.017349843873636996, -0.043158125833428033]], "right_hand": [[-0.09299544493123997, -0.05008946559375479, 1.986049630290654e-08], [-0.056029458002844146, -0.09979133646055788, -0.012173935960535261], [-0.03571253339611823, -0.15806809780876546, -0.017511038072557997], [-0.024578438449138366, -0.20754868258122405, -0.023463944118801976], [-0.023663233931284756, -0.25288770433687885, -0.028843000272514855], [-0.06399371113667165, -0.22994040878742752, 0.001103540940294111], [-0.05975197179630701, -0.2933656210987431, -0.009893569855995843], [-0.05815154094375651, -0.33041447260714873, -0.02127104781684754], [-0.058145456481587955, -0.36230793758991503, -0.028859671427228922], [-0.08908583392609401, -0.22983447395502854, -0.002165801522327859], [-0.08893977061701196, -0.30067843839313124, -0.009751780157246462], [-0.08913934459784426, -0.34274869149983955, -0.01894960593375838], [-0.09049386177108229, -0.3764278736950035, -0.025693263441870343], [-0.11404810053036545, -0.21664448270173772, -0.008457565481925626], [-0.11699944496100056, -0.28375436200314624, -0.015829287522970133], [-0.11697753365378642, -0.32299993976513924, -0.021324667139707935], [-0.11689151819158214, -0.3541595389328969, -0.025212876139718583], [-0.13878402876367027, -0.19301091052352468, -0.016577904989746782], [-0.14538056361437618, -0.24524547498502586, -0.023835782171216725], [-0.14949974450248849, -0.2811107718420189, -0.02589032939290995], [-0.15317470532674116, -0.3134613139366796, -0.026614835367491863]]}