{"label": "M", "timestamp": 1746080526408, "left_hand": [[0.0851839206239375, 0.0504413512167591, -1.7784133760882773e-08], [0.07688326565499311, -0.005437240437213567, -0.0002291599303207958], [0.04662367393484775, -0.052641571925550114, -0.006052092502056605], [0.009556291818660866, -0.059720561054738296, -0.01057439602183155], [-0.018310526194337567, -0.05106345719804301, -0.017573053913255747], [0.039702545621776705, -0.06585390354465206, -0.025645475648138374], [-0.015603833785652596, -0.10820888285026656, -0.0349838690584981], [-0.04587031459887929, -0.13003451659925466, -0.038430887512039685], [-0.07010559369068732, -0.14737863398398457, -0.04000852066726872], [0.025478902729622367, -0.02976196386977179, -0.03298052126490222], [-0.03387516996011978, -0.08219771702268541, -0.04288976049011975], [-0.06441207139956107, -0.10919199249158656, -0.04624274661874472], [-0.08670494887213702, -0.13180594345383187, -0.04722800079868232], [0.011214115061158585, 0.008106261083456546, -0.03830571667617763], [-0.04326637026166079, -0.04931119834349927, -0.051894184711777716], [-0.06906325303144216, -0.07938347505341668, -0.05796514105504794], [-0.08800535533777325, -0.10524395383122985, -0.0609955449256841], [0.0003278676916614075, 0.045749100721439985, -0.041768105113904455], [-0.028162251930345803, 0.0083867591433521, -0.05455234032829876], [-0.01587873327128095, 0.013956220824360818, -0.05152516749925241], [-0.0017862867991575975, 0.02242779362330651, -0.047261829472008694]], "right_hand": [[-0.0851839206239375, -0.0504413512167591, 1.7784133760882773e-08], [-0.05666736434445839, -0.09468830701676519, -0.0162690344693954], [-0.04071560289087175, -0.15238470828975245, -0.02461942067208995], [-0.031874827841776664, -0.20120647737299147, -0.03200783778201626], [-0.02580418938365551, -0.24424520391148263, -0.0393110782779325], [-0.08003907758921451, -0.2125947365611867, -0.012546957587650927], [-0.08157853368695116, -0.2726202206421998, -0.025937282353598223], [-0.08246096388255086, -0.31004845459267993, -0.037596078409592414], [-0.08427309901442684, -0.34267155560803997, -0.04567758003557999], [-0.10229295482409863, -0.20819387762281186, -0.014536821357460901], [-0.10798363038254664, -0.27330457517804785, -0.02554480569152701], [-0.11089050503316521, -0.31631100078974994, -0.03610175488619197], [-0.11403779574756974, -0.3530952468737594, -0.043763712166892774], [-0.12261900571106324, -0.19053081230881236, -0.01894170249188237], [-0.1327260643900914, -0.2526948948252416, -0.029759066047397923], [-0.1371628111384299, -0.29254848808292555, -0.03733210800517125], [-0.14048993944522756, -0.3273733660209407, -0.04247111049334939], [-0.14108262918883635, -0.1630528200232253, -0.024986532945998077], [-0.15489052575155213, -0.21034069362655916, -0.03607180725841692], [-0.16300810734195914, -0.24288951389723507, -0.04063884421688381], [-0.17081007168033008, -0.2738909261968931, -0.042959614565489204]]}