{"label": "M", "timestamp": 1746080528769, "left_hand": [[0.09252460175050135, 0.07315316941059523, -4.4717783047495127e-08], [0.08742616092447178, 0.004500948333343242, 0.00848233211167336], [0.05745697186086507, -0.045656191796134414, 0.006856775520363275], [0.01736036467144629, -0.050272407116263185, 0.0046301201958828826], [-0.014518388862059436, -0.03772703644199276, -0.0002465822183154315], [0.05434241237779361, -0.08005553857981838, -0.010020955447433998], [-0.007012233016003116, -0.12450734203113185, -0.014131334961716582], [-0.037763114250521194, -0.1451434693416755, -0.015147675075957639], [-0.0626077947073697, -0.1614638717499441, -0.015094270487538532], [0.03232091996982135, -0.047097977050252794, -0.019363239270379393], [-0.030482714864767856, -0.10273412864601213, -0.024329246291114496], [-0.0601525510136799, -0.12983662016490824, -0.02590178516356947], [-0.08185950483978395, -0.15314739657013987, -0.025586850825393824], [0.010932751404046051, -0.01123564953691981, -0.0264186784480411], [-0.038702426442507376, -0.06620700636974797, -0.03307330416881579], [-0.06519515939298523, -0.10071452970385929, -0.03815005186168264], [-0.08632266910986015, -0.1303171773328424, -0.04146724331375253], [-0.006219772481852578, 0.02470175318491165, -0.03138927813778094], [-0.02447707735260978, -0.014115314617643777, -0.03492547923454159], [-0.012590434757755493, -0.0055700117190070906, -0.028599776771000826], [0.00021371788520284723, 0.004992198030972638, -0.023195895018577335]], "right_hand": [[-0.09252460175050135, -0.07315316941059523, 4.4717783047495127e-08], [-0.058618590086905065, -0.11670156785297708, -0.016347864138283024], [-0.03695142991298241, -0.1707942034954254, -0.024078054786215112], [-0.024524587067886846, -0.21870955239901232, -0.031243819921315148], [-0.015974734156613886, -0.26195711917259273, -0.037924923397915394], [-0.06618971632173014, -0.23795788793872133, -0.008265746009073545], [-0.059501292538341646, -0.2981348763119352, -0.021612168328593282], [-0.05578465263317562, -0.33353126357292806, -0.03357132438003989], [-0.053024880385417396, -0.3649545229247711, -0.04153501006445399], [-0.09062353063752338, -0.23907421458064443, -0.009848730952205958], [-0.08851101664566069, -0.3059207062680343, -0.01979906057188584], [-0.08680680941274538, -0.3469336386064331, -0.02941553716152627], [-0.08534125034260248, -0.3826735992174294, -0.03639831358530603], [-0.11474900576366531, -0.226676510774807, -0.014369979569791625], [-0.11792610896209951, -0.2888070849901758, -0.024094427722310942], [-0.11678777163404844, -0.32758176184167, -0.030435604968411523], [-0.1143812509923387, -0.3611166346620414, -0.03485508911717953], [-0.1387129933579916, -0.20377155757995877, -0.02084961938792973], [-0.14841638822287517, -0.25094696067857214, -0.030141840037985777], [-0.15401017375790677, -0.28333599812923566, -0.03322064874468704], [-0.15862494824070072, -0.31422883975800536, -0.03467480671545853]]}