{"label": "M", "timestamp": 1746080537112, "left_hand": [[0.09668840168366637, -0.011737310424226821, 6.992906522008134e-08], [0.07211969986406624, -0.07908716141863832, 0.0006760064324361456], [0.029526344820819714, -0.10901880527471304, -0.004279881705547282], [-0.007522023256150528, -0.08626692996845715, -0.008185561376212442], [-0.032738927885498786, -0.0516372038195314, -0.014886763639411306], [0.008164476864135514, -0.12247134672907226, -0.023078811322361757], [-0.05810942677153999, -0.14618873352868908, -0.03268809999876666], [-0.09573253782340112, -0.15952955932960952, -0.037054249568246045], [-0.1257958226486143, -0.16852040519100947, -0.03848705598402543], [-0.005520946639725582, -0.07885809904428044, -0.029312934627377937], [-0.07473690583245791, -0.1062868712286711, -0.037597578668434516], [-0.11444138543495677, -0.12103243178641952, -0.0401241018079884], [-0.14448131905026892, -0.13274107495801912, -0.039919919005815326], [-0.013509186842963957, -0.03157319847183139, -0.03354229454189331], [-0.0744222551702082, -0.05878019322930378, -0.045098810290811454], [-0.11236297024138917, -0.07953347273907362, -0.05356044409881805], [-0.14174363580246382, -0.09542147056772982, -0.05833996029061563], [-0.014620397285117086, 0.012930309168174912, -0.03582359552165403], [-0.03889622452859779, -0.015405064880551522, -0.04345421863953435], [-0.024233751749755176, -0.01817873970651771, -0.03892199934087169], [-0.0065631666607208995, -0.01582007061604363, -0.03405103983079077]], "right_hand": [[-0.09668840168366637, 0.011737310424226821, -6.992906522008134e-08], [-0.08026972496760534, -0.06137666663106326, -0.016208410617333465], [-0.08825934340414311, -0.13743262048722163, -0.02272020732351611], [-0.10333902709175685, -0.19138395677260983, -0.029138145111445152], [-0.11994276116183107, -0.23636504193990035, -0.03528659152785739], [-0.1508638190144875, -0.1737050825947321, -0.009101254658062387], [-0.17888812580754263, -0.23533569855573072, -0.0236455039381057], [-0.19785064710237374, -0.27043823748253426, -0.035882313182469636], [-0.21541632894827767, -0.29794671092972363, -0.04416528365451982], [-0.17302640114002044, -0.15261472659802686, -0.012166742697450925], [-0.20868994993133883, -0.21467771403408983, -0.024943270562985117], [-0.2332292461590442, -0.2524939155711949, -0.03638790084043297], [-0.25451728018897557, -0.28019014377185486, -0.04449579876649781], [-0.1878201801742002, -0.11932487948466942, -0.018169141915049793], [-0.22431273629509899, -0.17652301839865572, -0.030835168695240306], [-0.24620563754203642, -0.21031769268053094, -0.038912457536404335], [-0.26419981212071925, -0.23507182594603981, -0.04408986968173451], [-0.19730057450354185, -0.07676684659198142, -0.025960532255607096], [-0.2295792906013287, -0.1163935741473478, -0.038312150794940734], [-0.25178817152119737, -0.14394386713064997, -0.04345173781959546], [-0.27141618260916034, -0.16611011141894982, -0.04598003297339141]]}