{"label": "M", "timestamp": 1746080527013, "left_hand": [[0.08036952911634815, 0.04973329540928224, -1.8573782845384877e-08], [0.07219962108789608, -0.007884388130954585, 0.001677763109221032], [0.04167139061572759, -0.05834205563230422, -0.002107475546047417], [0.0032861860263172487, -0.06777141246538047, -0.005274766141172988], [-0.025173701756361314, -0.06212097198409185, -0.010854591908475236], [0.03644589584388226, -0.07902502657687158, -0.020572932199253394], [-0.02193033706539301, -0.12256296386430894, -0.027835453946899298], [-0.051935345533637246, -0.14452384960194734, -0.030088639375938694], [-0.07524386846928485, -0.16060339401098964, -0.03086581621583324], [0.02061936587325047, -0.04653016833511476, -0.02819948041745027], [-0.04014065136355107, -0.09821259441999403, -0.03360932160791072], [-0.07045935366022556, -0.12490005127866409, -0.03568110054808], [-0.09193389237704186, -0.14541952603334102, -0.03646513564088536], [0.005319420540241592, -0.009446511964318532, -0.034009377653656574], [-0.04641145026741487, -0.06255925424074675, -0.042108157430313396], [-0.07221706118809589, -0.09262385921697219, -0.049014413362017936], [-0.0906618859403566, -0.11789707213329703, -0.05415237516908054], [-0.007136857561606634, 0.02913870283740489, -0.03818695607803956], [-0.029660082042070574, 0.004526845877676096, -0.047719162957364857], [-0.021931305959848553, 0.010552533482217765, -0.046877882350477774], [-0.012961262092491661, 0.018414979003443854, -0.04502566486784828]], "right_hand": [[-0.08036952911634815, -0.04973329540928224, 1.8573782845384877e-08], [-0.04952479312203527, -0.0967653700702993, -0.015279789359006465], [-0.03439214356501699, -0.1582493224467667, -0.021735672038662952], [-0.027334146412919435, -0.21106121349578327, -0.027709889499995158], [-0.023274022693858035, -0.2566196946795704, -0.03355387614774395], [-0.07438537098788137, -0.2166895023901079, -0.008832888544679588], [-0.07350227118647926, -0.27812292027144303, -0.021998629518949334], [-0.07340910533530302, -0.31541143132683, -0.03316208182702465], [-0.07391137262188484, -0.34808426218151894, -0.04092339423997071], [-0.09683243276496734, -0.21268599250393905, -0.010904359362163558], [-0.10199447444893979, -0.2796058607304794, -0.021975022215560698], [-0.10457629320400705, -0.32256092251221974, -0.03187605254288844], [-0.10718854664373668, -0.3592904194626189, -0.03902552235560633], [-0.11705702164240989, -0.194872203011195, -0.015776510437252683], [-0.12745947147367082, -0.25844854945716644, -0.027455642570843423], [-0.13085717535202815, -0.2987839866021429, -0.0350652208876204], [-0.1330801801937256, -0.33419571110128016, -0.04010608902137572], [-0.13565688850548813, -0.16713267875724816, -0.02226660007814663], [-0.1498382736864672, -0.2133033112576341, -0.03422973939901871], [-0.15833373025198205, -0.24640076485694778, -0.039569544718687726], [-0.1660035367579294, -0.2782459508693666, -0.04251152624019034]]}