{"label": "M", "timestamp": 1746080526704, "left_hand": [[0.08266846752785159, 0.05256367030946808, 1.1053138154127608e-08], [0.07342324433640995, -0.004797990528741583, 0.00041000589573112655], [0.044289322117168885, -0.05067271393297665, -0.0055020122341333305], [0.007626519507727352, -0.05424607602712951, -0.010439824060573205], [-0.01950063463726168, -0.04145720902374565, -0.01786676719601123], [0.036667628096848225, -0.06703960984618716, -0.024076702806855827], [-0.019288854541985413, -0.11019858253900909, -0.03316106319543001], [-0.04875124591561002, -0.13308834272125403, -0.03627539263309392], [-0.07223305700149375, -0.15051385910190546, -0.037377713162504135], [0.02263955352671075, -0.02956067451171447, -0.032088785291919775], [-0.03786664504701922, -0.08490182817032849, -0.04178949202653047], [-0.06855894769057526, -0.1149324510203929, -0.045428693556209064], [-0.09113123373616411, -0.1389443003632422, -0.046341387364346454], [0.008353497386126556, 0.009712520778488873, -0.03810754246528002], [-0.04439160004947551, -0.048030848247310846, -0.05171053546295531], [-0.0721071276473524, -0.08143957362373705, -0.05926935814251876], [-0.09318272857183367, -0.10972749549763475, -0.06328545170601206], [-0.0025932281327136356, 0.04843376244532256, -0.04216074188019557], [-0.029331711201127333, 0.012431332920984006, -0.054260352876271414], [-0.0172064653865554, 0.0191073434131693, -0.05092924985056029], [-0.0027388141144729667, 0.029980725256880322, -0.04657854093644108]], "right_hand": [[-0.08266846752785159, -0.05256367030946808, -1.1053138154127608e-08], [-0.053064130288693216, -0.10076429731099115, -0.016650227519689097], [-0.03749740659090952, -0.15977838424297386, -0.02477077496793919], [-0.030477395781778337, -0.2115703685798879, -0.03219127556433956], [-0.025584482222232013, -0.25676823570606017, -0.039590871159929215], [-0.07822926178811045, -0.21821613810650708, -0.011961590982519515], [-0.0801884096752272, -0.28053948270003193, -0.026032996936188064], [-0.08105946148710742, -0.3181097382836092, -0.03783764884782597], [-0.08253803936340072, -0.351130165928714, -0.04582151343191839], [-0.10085581356635404, -0.2136148818593095, -0.013841978188213753], [-0.10710529577321827, -0.28185651408496154, -0.02527454371947703], [-0.11052562364779644, -0.3243726049178259, -0.03558867537351244], [-0.11401604709379484, -0.3605043425708536, -0.043012230400771304], [-0.12107469913670495, -0.19575736768536733, -0.018414253510077153], [-0.13159179760461667, -0.25906473836460336, -0.029818507804055427], [-0.13599040204799592, -0.3002578429557383, -0.03737134529251726], [-0.1392948995575508, -0.33590915993604414, -0.04251364648144703], [-0.13999124445786731, -0.1680225941396518, -0.02473713656056256], [-0.15443328424553202, -0.21524072577100467, -0.036166781831917974], [-0.16290092260940794, -0.24902992729568305, -0.04088652852907291], [-0.17112373982303725, -0.28110536210137216, -0.04344301015517118]]}