{"label": "M", "timestamp": 1746080429026, "left_hand": [[0.09549962584869058, 0.05153290597900205, 3.6236898737884437e-08], [0.08773357346556983, -0.021961336041046452, -0.005707312343064069], [0.05177398550453306, -0.07644097152124635, -0.013040378123604143], [0.006584680821426902, -0.09323153822636895, -0.017380233638727424], [-0.02895203038163873, -0.08802221920258818, -0.02244039983485869], [0.0434238927524427, -0.0827448353237771, -0.033150011988190446], [-0.02000344562689568, -0.12754864312831402, -0.042680214258622194], [-0.05280876206975698, -0.14821617101808393, -0.045249626541909505], [-0.07937806360047996, -0.16323895918005327, -0.045688142739071895], [0.022099688387171624, -0.03864118487516261, -0.035354223569603486], [-0.04198632414056806, -0.09314216486040373, -0.04563650919357166], [-0.07372491924885623, -0.12378279574984255, -0.04876932822438697], [-0.09692409260586875, -0.1464978843711055, -0.04984831904994818], [0.002480848784714049, 0.0007407227137326452, -0.03580398342572414], [-0.04911400305124577, -0.05485257041566731, -0.04493900640298953], [-0.07833166093891825, -0.09351391199036295, -0.0519147901850433], [-0.1007541714670486, -0.12099217268770679, -0.056916517699950285], [-0.01220381074258865, 0.03022525890263311, -0.03538633706132603], [-0.02603485204172056, -0.02833783595010875, -0.041765738995209495], [-0.01920227081161709, -0.05568259450715255, -0.0426679537661607], [-0.013241664803901982, -0.07257524049776744, -0.04295544319251387]], "right_hand": [[-0.09549962584869058, -0.05153290597900205, -3.6236898737884437e-08], [-0.0628161854497915, -0.10110830848049614, -0.020891071772526294], [-0.044249147624842, -0.16292617039622817, -0.031483309394816084], [-0.03714369507481009, -0.21647474632853347, -0.040383578810734254], [-0.04438025615707248, -0.2600915404952126, -0.049483653760405255], [-0.08767654080412324, -0.2233708931503786, -0.02327276579288566], [-0.0960730659533522, -0.28942509940520006, -0.04055079843011923], [-0.10354195099478596, -0.330759705258411, -0.054088771216420084], [-0.11188606872522903, -0.3669582760882863, -0.06315638848072695], [-0.11605796561697218, -0.2156598757558043, -0.024100600992780986], [-0.12628066974684077, -0.2872258415126678, -0.03798508454125517], [-0.1344917532603658, -0.33362109273355023, -0.049739544860682425], [-0.14200928433647617, -0.3730675377550575, -0.05863193381695057], [-0.14034525880475854, -0.19382624680394214, -0.027329818989186697], [-0.15366698349961827, -0.26008488158554544, -0.03965782064669957], [-0.1612116901259919, -0.30249472137947164, -0.047956320346659295], [-0.16693662472264892, -0.3390902892048819, -0.05420714233428048], [-0.16190495461055615, -0.1620023456637017, -0.032623287734254595], [-0.17921792177759424, -0.20955700304290295, -0.044783169919724766], [-0.19054784061163357, -0.2427001961616867, -0.05005915002838979], [-0.20105517713566703, -0.2740485071752665, -0.05328958507551507]]}