{"label": "M", "timestamp": 1746080421285, "left_hand": [[0.07609567358573825, 0.0644002821237867, -4.223373523378059e-09], [0.07701582139563827, -0.0015036031964419043, -0.004383044593032128], [0.049625422110131705, -0.056154938100150875, -0.013859227392870235], [0.006107600559716414, -0.07447618302938566, -0.021134346265426283], [-0.02970264355379009, -0.07264772594963274, -0.029701525706695993], [0.05040234892790218, -0.07838586993081478, -0.029903466491020207], [-0.012213716776491142, -0.12673110055897158, -0.04089777291373701], [-0.04480943523234392, -0.14868094852136102, -0.04585298482384487], [-0.07018788006736738, -0.16486676700980488, -0.048263032810590974], [0.03070457503942839, -0.03897004820149295, -0.03496563481349174], [-0.03502647483680973, -0.09960600042167667, -0.046559654250854114], [-0.06652108235607908, -0.12911028507357653, -0.051454035252967614], [-0.08892577281963625, -0.1512513960545252, -0.05401792542966076], [0.009938146639913182, -0.0026194308502398415, -0.038411349147031024], [-0.04485188382012751, -0.06481850479847844, -0.05120913676933256], [-0.07233590532141945, -0.10112980516352005, -0.05744087455841909], [-0.09332956490321502, -0.1285543805401718, -0.06141529329350029], [-0.008057266911878263, 0.027804567169723442, -0.0406201102749257], [-0.028363223168093255, -0.02224418230667994, -0.0508061693387153], [-0.018379785966715446, -0.02891970695728011, -0.048954157365634694], [-0.008352506343328318, -0.028568786563773624, -0.04672943502568109]], "right_hand": [[-0.07609567358573825, -0.0644002821237867, 4.223373523378059e-09], [-0.037908779201673584, -0.10626393017789489, -0.015074989114032575], [-0.014849402992116768, -0.1610869782175165, -0.020877548148360847], [-0.007078342741836105, -0.21112059463661195, -0.026329872392706004], [-0.009323375237650349, -0.25399589481245216, -0.031461653231337566], [-0.045809864273297335, -0.23082401626896143, -0.00562717513985208], [-0.03892776252939808, -0.2920079263572889, -0.01731151379054691], [-0.03662217970260895, -0.3282894855582672, -0.028011689513584126], [-0.03635204738896522, -0.35920717242028677, -0.03507520013959286], [-0.07085860395783451, -0.23238858613647162, -0.007203984614156963], [-0.06888698019118161, -0.3025622020302043, -0.0158751020021132], [-0.06850121394203189, -0.3436635494750405, -0.024835426415600995], [-0.06944312004724784, -0.3768507785931553, -0.03124765894876585], [-0.09536814701793252, -0.22092714160352442, -0.011556694709808836], [-0.09716896273583232, -0.28660906334874137, -0.020357328938939857], [-0.09703100935097145, -0.32564456745361403, -0.02658103181676735], [-0.0971232739360175, -0.3570367915133934, -0.030756103849688278], [-0.1198074372127051, -0.19860870594627378, -0.017707118337121113], [-0.12672121700718914, -0.2500767044958476, -0.02654230087449167], [-0.1307645671803428, -0.2851118862711324, -0.029653062814737095], [-0.13474722220857602, -0.31658996689886804, -0.030975320485170686]]}