{"label": "M", "timestamp": 1746080406460, "left_hand": [[0.09752797584241195, 0.06679960191318403, 1.9892351739217326e-08], [0.09626276386345523, 0.006522099702902475, -0.004567476892635459], [0.07044997075212839, -0.04884246802467595, -0.011570786770389878], [0.037775028260868704, -0.082680496814961, -0.015916517547792455], [0.010881651207651133, -0.09731858127294525, -0.021345937974423555], [0.06409412420069818, -0.05206097430130041, -0.03562261524780398], [0.007789430508379801, -0.10179055366864452, -0.04687723047599815], [-0.022583147609799393, -0.12712855380312796, -0.049891015030855954], [-0.04625000025449706, -0.1458228986518292, -0.050294814131541826], [0.04729944360080267, -0.014512941816098681, -0.03909207718381038], [-0.013181887962399726, -0.07444615669630862, -0.051929290976441785], [-0.043429305855070766, -0.10682980889594594, -0.054552072911944645], [-0.06397606775871142, -0.13105842311475635, -0.05458041331563427], [0.030035807786759558, 0.019214345319191934, -0.04060109048571271], [-0.023402878510749764, -0.04071981907663721, -0.05243019563281308], [-0.050904209314591733, -0.07682926506426598, -0.056097581022507025], [-0.06989104014125065, -0.10293320779823457, -0.0571497718098404], [0.015377009821378754, 0.04767094158681329, -0.04101829709861409], [-0.015012765079681443, -0.0035437153761992517, -0.04966890750226558], [-0.012874842744947714, -0.0201285178570072, -0.04741841921169498], [-0.00626442050583739, -0.027435462553665864, -0.043998984879875]], "right_hand": [[-0.09752797584241195, -0.06679960191318403, -1.9892351739217326e-08], [-0.06708235535604493, -0.11097782062927343, -0.01430041998439185], [-0.04981420055099935, -0.1651073498742385, -0.02213371943315022], [-0.03897410823531064, -0.21152674195683793, -0.02981106753531404], [-0.035693918610683564, -0.251263056271836, -0.037567779317982365], [-0.07603452928280982, -0.22791045812984717, -0.012849775517636228], [-0.07757504804046578, -0.2903094595713749, -0.02700632807542419], [-0.08023618864862192, -0.3271724692881941, -0.03867165276797727], [-0.08379323241073508, -0.3594871585200816, -0.04656411451285118], [-0.09987744674037813, -0.22547456372691152, -0.01624388613601507], [-0.10326192483051362, -0.29336739220661967, -0.027553857905013107], [-0.1062825450186485, -0.3354007254734346, -0.03724982346272088], [-0.10947594188223199, -0.370129311996413, -0.044410283395590264], [-0.12293340916948092, -0.21048044607897376, -0.021985935679243014], [-0.12917126961341469, -0.2753968244304622, -0.03247527868356281], [-0.1315674074457021, -0.31477172496699796, -0.03918556490915043], [-0.13253209773118313, -0.34733972386573997, -0.04400620295694315], [-0.14599406642581195, -0.18561998196645582, -0.029399404159430282], [-0.15739604340097146, -0.23381057235130823, -0.03971168008439251], [-0.1642550453124629, -0.26758990700942886, -0.043795845684140335], [-0.1702104424433083, -0.29849305335526793, -0.04608514542564559]]}