{"label": "M", "timestamp": 1746067699064, "left_hand": [[0.047194950741264376, -0.0878073250220149, 1.6529466401441112e-08], [0.01976907227341335, -0.13332847696240807, -0.012416590570744082], [0.009719762888495697, -0.1904537767076654, -0.019936003265489454], [0.011135303950631458, -0.23505985215905567, -0.026867830402248234], [0.014633395181330484, -0.2735369313376418, -0.033437062088412954], [0.054605482705927404, -0.2380910238946252, -0.013086275739049464], [0.06447958794158608, -0.2981749164224577, -0.025900049981613726], [0.06971240143294608, -0.3343700337204121, -0.035574757172527116], [0.0750896730633481, -0.3651854958068025, -0.04238112511619095], [0.078681358123157, -0.2289273133160842, -0.01719681475532471], [0.09639595837674006, -0.2936826750377882, -0.027494168288368318], [0.10616361156564479, -0.33353462132473805, -0.0357386229104792], [0.11405567066044792, -0.36653593667518586, -0.041770772531257626], [0.09881789551441206, -0.20853759149645668, -0.02335882444726078], [0.11900013643436798, -0.2688339944988896, -0.03390225950082226], [0.12927503318870096, -0.30658233200572643, -0.03995606362844089], [0.13688027530625987, -0.34026362401883126, -0.04435233033630322], [0.11572133467056472, -0.17816223908405354, -0.030789070158873003], [0.13853373713024505, -0.21695819331312569, -0.039918218810566286], [0.15225349909190006, -0.24443292426093732, -0.04287086084063062], [0.16335473313931817, -0.2701421432024369, -0.04469635326143329]], "right_hand": [[-0.047194950741264376, 0.0878073250220149, -1.6529466401441112e-08], [-0.03762244505959718, 0.018512028424686102, 0.007966780727169687], [-0.011773710083116033, -0.02209820281979041, 0.006659869599735989], [0.01922789001107423, -0.022908576679405858, 0.0034215770984605213], [0.041520496835721385, -0.008879911346254054, -0.001405829760871692], [0.0013383917562713522, -0.04575539892577286, -0.00977444962225582], [0.03245917090855714, -0.10662283362436151, -0.01856919441087037], [0.05030029777317519, -0.14184988895482392, -0.02259144935308964], [0.06203639538291062, -0.16994474462363982, -0.02409547403219975], [0.021200314356413806, -0.02071957446408864, -0.02126309624569113], [0.05749910650105273, -0.0859253892899596, -0.03221493825040062], [0.07722496816551254, -0.1262008695213487, -0.03633255557334877], [0.09043053262770732, -0.1583676253170887, -0.03628047213818931], [0.03663503016248789, 0.01291371791002176, -0.031008969188382435], [0.07442970536182092, -0.044109940686239586, -0.044082657649251095], [0.09329480994650893, -0.07963181657839814, -0.048826834268954775], [0.10747996066309773, -0.1083125958587024, -0.048747038969323475], [0.04583902107589346, 0.05511845561323107, -0.038787040074432316], [0.06938101804828925, 0.011186605614905242, -0.04283515085863612], [0.06119348236027753, 0.012606126601549882, -0.03323317842820127], [0.0519112050197193, 0.027030903761920484, -0.0241638407161912]]}