{"label": "M", "timestamp": 1746080527638, "left_hand": [[0.09399037218419506, 0.03187890732340635, 3.1448273713396456e-08], [0.08983659050291098, -0.04247737211766272, -0.0017446561999045073], [0.056655821793419776, -0.09496282472246348, -0.007983185187087967], [0.013539771118814296, -0.10644229250797066, -0.012249937019627863], [-0.019982112932904375, -0.10157766867623047, -0.017813118623261064], [0.05168103786512032, -0.11455259151895522, -0.029317817376489284], [-0.006906573762792736, -0.16998367589879118, -0.037341314715567744], [-0.03736322138132431, -0.1974308417439576, -0.03881054920945622], [-0.06255135126941964, -0.2177820465565802, -0.0386395401438546], [0.026629020776447992, -0.07768257069962185, -0.03356006741701934], [-0.030609149510130006, -0.14445931168139228, -0.04104121427890705], [-0.05931954530982494, -0.17954113571716887, -0.04320188344046218], [-0.08201486649991596, -0.2055326882691471, -0.043560538682790216], [0.0027295179832982717, -0.04200827899755209, -0.035536766042677935], [-0.03885990661253082, -0.10592375433011045, -0.04231304305041076], [-0.06303605966258362, -0.1482373744166306, -0.050309049969139284], [-0.08387675467371432, -0.1789602158131591, -0.05695392405729793], [-0.015785751358389707, -0.011469408136920092, -0.03635297408340167], [-0.01579731896218907, -0.06429395224932133, -0.041270785578837677], [-0.0015276578376058317, -0.07855393071412053, -0.04156209127545996], [0.00846075970722489, -0.08337252222885469, -0.041785352973318216]], "right_hand": [[-0.09399037218419506, -0.03187890732340635, -3.1448273713396456e-08], [-0.05458472467543539, -0.08381447215514451, -0.00861567195095931], [-0.03385657074277806, -0.14654993285107235, -0.01146138309176066], [-0.02588401153552448, -0.19435068449077547, -0.016026777021445678], [-0.01981897598875627, -0.23398091811858313, -0.020061396758402537], [-0.0676983595561727, -0.21382636257054966, 0.005259278176528903], [-0.05453504151949439, -0.2754767701251879, -0.007375534420760761], [-0.04559647826665645, -0.31307818890550243, -0.019425882923253937], [-0.038892784004461424, -0.34555259964714247, -0.02733275803204688], [-0.09094428281390056, -0.21752863071485562, -0.0004830313155081418], [-0.08210879623642742, -0.28802789802871787, -0.01070314203988741], [-0.07421828169763071, -0.3311241667119203, -0.01998581546376666], [-0.06855967976360026, -0.36651200644820725, -0.026073731998710475], [-0.1146678707266298, -0.2075522371286911, -0.0095254848233708], [-0.11041073458875761, -0.2766004348565179, -0.020724613070102798], [-0.10376118782359252, -0.31830309498387865, -0.027119315404394825], [-0.0983887799156375, -0.35090139615111593, -0.030499473898564743], [-0.13850423781602383, -0.18648415834476337, -0.020077243929173552], [-0.13977411467839587, -0.2419672473379066, -0.03007772015532342], [-0.1387924358352103, -0.2800460331504833, -0.03295725240015779], [-0.1375334122820634, -0.3130786055773374, -0.03390125220455264]]}