{"label": "M", "timestamp": 1746067698342, "left_hand": [[0.049163348902356144, -0.09326426893970684, 4.982240814666983e-08], [0.023708831222205667, -0.14107935719292583, -0.01292623404178009], [0.015158299344562958, -0.19780623535135117, -0.020921862785148005], [0.01573066497737213, -0.24220895862131875, -0.028128121969984998], [0.016628076668619058, -0.2799110094029053, -0.035272774962380696], [0.057926424491402555, -0.2432914954433195, -0.01565970745620019], [0.06895196381591275, -0.30252411372039634, -0.029218623657678147], [0.07394497351862814, -0.3386683649174037, -0.03931795460072823], [0.07863922895257004, -0.37031212454211265, -0.04650973949253681], [0.08068561394608703, -0.23162271312361102, -0.019842888611116487], [0.09912649846508796, -0.29581588510422946, -0.0313098648746959], [0.10856516257880197, -0.3355968873482113, -0.04056766798824872], [0.11557941437029658, -0.3693146493925552, -0.04718364335421122], [0.09934659830427753, -0.2093529044597365, -0.02581412687912774], [0.11944541214799088, -0.26795071962703676, -0.03733146351923323], [0.12958631007909108, -0.30643787859830424, -0.04424221348286561], [0.1369147818979852, -0.34149773708227577, -0.04913862019076304], [0.11481982468234862, -0.17782255303363828, -0.032952251111989156], [0.13531752253496868, -0.216560213106766, -0.04311981090626362], [0.1478264048632441, -0.2436241418174249, -0.046500796969959825], [0.15794450184734132, -0.26901074272326614, -0.04852576188777973]], "right_hand": [[-0.049163348902356144, 0.09326426893970684, -4.982240814666983e-08], [-0.04255036726538483, 0.02379300913701316, 0.009547032200305314], [-0.018130862340371326, -0.01841008556539419, 0.00999598660276384], [0.012588553079140476, -0.02172925830595321, 0.008302903056345878], [0.036417928842865745, -0.00854505258030091, 0.0048541062002131555], [-0.006598885702680716, -0.04384308374711357, -0.005253037022250043], [0.0202418942049452, -0.11168182225712332, -0.012799247735618476], [0.035749675506575075, -0.14947881070273294, -0.0160119042062545], [0.04619622101600779, -0.17910453186009237, -0.016634795920146453], [0.015630977116056797, -0.022031989484087668, -0.015870790205762254], [0.0455049457933052, -0.0918427889704458, -0.024203873517122717], [0.06119915576820164, -0.13547664309728982, -0.02707018951291274], [0.07200057415627949, -0.1698614433111752, -0.026243652422312292], [0.0327101678698568, 0.008525079657732413, -0.024950579675786635], [0.06436225691028293, -0.0550223085244849, -0.0370091405390107], [0.08027373869993447, -0.0954704815016536, -0.042948011183611724], [0.09277214850022597, -0.12814998298154903, -0.04368137260197545], [0.0441635342658453, 0.04788883782792436, -0.031829083532683704], [0.06563115612372755, 0.004451045332576847, -0.03523141510502646], [0.058024256461682765, 0.007502439509496276, -0.026648537697914417], [0.0498481285064358, 0.023089228743764362, -0.01836430132812876]]}