{"label": "M", "timestamp": 1746067664738, "left_hand": [[0.0683269197924517, -0.06252121795896474, -3.074280501307595e-08], [0.03787438216660351, -0.10430451724459128, -0.0060324695228427495], [0.02359241677049634, -0.1646225437605717, -0.009298533349890751], [0.021081631487258196, -0.21080771930429013, -0.013890125588862266], [0.016841180441357833, -0.24651395180759514, -0.018442370707156482], [0.039891988475266614, -0.21977518332192972, -0.0024394361036145736], [0.03539415401872505, -0.27997557585855065, -0.014123092144625895], [0.029627648855990864, -0.3163061411994206, -0.024735592124906124], [0.025167933876221755, -0.34882526448470985, -0.032976359649469676], [0.05565410633451622, -0.2193775448583426, -0.009160837319634014], [0.04851125503466006, -0.28606684401457166, -0.019715509570012325], [0.04288386178023963, -0.3284949208398383, -0.02972191756385333], [0.03747964553169803, -0.36649159749853244, -0.037252929669036206], [0.07304269916982489, -0.20964793312431082, -0.017720158858406606], [0.06674331274009868, -0.2767723087308303, -0.027758041800845627], [0.061066500463887896, -0.3170555164729034, -0.034272891758127415], [0.053947171563193515, -0.3518942560852525, -0.03924231184664901], [0.09180900112239387, -0.19116935188223655, -0.02746475375615679], [0.08723976409344349, -0.2405224450042808, -0.03734084463590335], [0.08112838098860653, -0.2742485751362779, -0.041766435649224914], [0.07373509308010462, -0.30415704186786924, -0.04485004356298503]], "right_hand": [[-0.0683269197924517, 0.06252121795896474, 3.074280501307595e-08], [-0.05841156903924436, 0.0023046675126392508, 0.006741330870746381], [-0.037246619895142115, -0.04679066847840328, 0.0054998517557109374], [-0.01864690928916, -0.07506274565260665, 0.0020922294916104252], [-0.0073944530366846905, -0.09393839378595197, -0.0019789701980782383], [-0.02488012523152458, -0.06747653010387693, -0.008080229706108886], [0.004439160359940826, -0.12836643670564657, -0.017758469317275052], [0.02271092035779642, -0.16488397214452669, -0.022681620901604308], [0.03586337092312595, -0.1920871651205582, -0.024905739310805523], [-0.01245686904021012, -0.04978843337494206, -0.01937190392590161], [0.021832413707980614, -0.11533713799088177, -0.030164787182837972], [0.041817791476546934, -0.15558638114724935, -0.03526838936844713], [0.05530711797155409, -0.18677268572564124, -0.036766637041692404], [0.001285180352707116, -0.02164038739332817, -0.02948458589932002], [0.0357243909161159, -0.08350636364255842, -0.041253040051912354], [0.05433443379088871, -0.12078677225500115, -0.04578362450298779], [0.06624468184497026, -0.150634938107246, -0.04689755299637693], [0.014860814267442438, 0.017530782440709016, -0.03838049895558411], [0.04686723718520746, -0.02111528830325509, -0.04473525095754297], [0.0518648456815096, -0.026209932191987216, -0.040323993219224655], [0.05212504298662996, -0.022972678495010692, -0.03540465715489962]]}