{"label": "M", "timestamp": 1746080423555, "left_hand": [[0.09023104549406301, 0.05998371532919968, -6.170622382319674e-10], [0.08867588155337389, -0.005000282314227429, -0.0008076059299853365], [0.06192250982902119, -0.0555627289802293, -0.00917297738452637], [0.019992962321785716, -0.06924965068126983, -0.016329447802907262], [-0.014221793129084611, -0.06626119860097282, -0.025092644353685623], [0.06463630159884032, -0.07568573403822024, -0.027178840814177842], [0.004975566117159853, -0.1271985606623441, -0.037510469209726574], [-0.025744387275725502, -0.1508458764406142, -0.04159193766755165], [-0.049810891192206316, -0.16831758921911955, -0.04329355449925283], [0.045884731365210464, -0.038646978066626696, -0.033914801015633225], [-0.01685203087032744, -0.10150574174840157, -0.04445229002423064], [-0.047786334898928834, -0.13189546377334993, -0.04875946429872301], [-0.06995570465937452, -0.15509659565423017, -0.0511591117678686], [0.02552468774623594, -0.003464072842749176, -0.03883877409071166], [-0.027020744615796857, -0.06617967284419654, -0.05132224854063399], [-0.05472117567629807, -0.10306729564272618, -0.057940391728271694], [-0.07607991879043595, -0.13003297178168693, -0.06225503291487743], [0.007022361603005763, 0.026517087034303624, -0.04212703346194529], [-0.013541334864137767, -0.026859093148265567, -0.05190595554832338], [-0.0035060562740789215, -0.03687132482689756, -0.050014596582125946], [0.006168477124502697, -0.03807708753874323, -0.04793488655279952]], "right_hand": [[-0.09023104549406301, -0.05998371532919968, 6.170622382319674e-10], [-0.05311370745219943, -0.10453547723701771, -0.012803625975263815], [-0.028764322442192833, -0.15886727857563465, -0.019120294829987675], [-0.01441406611600391, -0.2050428425777993, -0.025901673511584573], [-0.008952881471855481, -0.24666152602039182, -0.03250460017339509], [-0.055175526508811905, -0.23282822771289807, -0.0043635326734969265], [-0.04381007855340313, -0.29310911178476357, -0.01680871451853978], [-0.039278650112525126, -0.33036090809259167, -0.028583107166470098], [-0.03749841979926496, -0.362315558481762, -0.036788920491521236], [-0.08052310843335883, -0.23414265553516284, -0.008340452021585582], [-0.07975044457339664, -0.30394121400330526, -0.018607570604308704], [-0.08054994264876625, -0.3466288864310514, -0.02896501683570136], [-0.08295703459339027, -0.3814576877073987, -0.03652748657734994], [-0.10545593569876234, -0.22098272551596984, -0.014980353135971913], [-0.1085474168067775, -0.2881603439843952, -0.025320827174852067], [-0.10884532147106984, -0.32873231353301846, -0.03254469444006154], [-0.1094232353396136, -0.36261071690193575, -0.03751176155990005], [-0.1297291797443821, -0.19643830332561735, -0.023246690405648723], [-0.13847638009626856, -0.24692850402706076, -0.03377995459588391], [-0.14410022136919431, -0.2828590697249055, -0.03798558066056524], [-0.14962928132141176, -0.31633874716669197, -0.04010056556736955]]}