{"label": "M", "timestamp": 1746080430136, "left_hand": [[0.09224979508959687, 0.07504611064627473, 6.762960987615853e-08], [0.09025537284601384, -0.008239757472293661, -0.0009876529003348246], [0.05422647877720888, -0.060369253124642475, -0.0027521844780223495], [0.01530597705402583, -0.06604288853589697, -0.0031796066196587655], [-0.015362867031889707, -0.052007731802155295, -0.004910476096392764], [0.036340171357063814, -0.07566385975076802, -0.015953293247199223], [-0.01314775253962623, -0.13376731389671623, -0.01861645178860548], [-0.03863635454076285, -0.16236373195496737, -0.01813107783006042], [-0.06036212059333065, -0.1837404012760605, -0.01740798199485861], [0.006981877871949275, -0.03702128079939086, -0.018529299397965784], [-0.03915241304631421, -0.10549993823786936, -0.01957789501589241], [-0.06295283758992785, -0.1456532138079464, -0.019897211773711797], [-0.0820846893042759, -0.17589556279210425, -0.019337687631805708], [-0.014608199813062911, 0.003026236547786586, -0.01974798673200866], [-0.05159690178242996, -0.06611648415075912, -0.021081100821286516], [-0.06959710267338998, -0.11224818314119842, -0.029795010812776877], [-0.084478098160154, -0.14760688413522785, -0.03750724475571288], [-0.02649888627713629, 0.03514582236718398, -0.02011109784695609], [-0.023255287256560186, -0.013751558207576222, -0.023272426808090534], [-0.007177313013729736, -0.025780373613579818, -0.025183394178509344], [0.005416012920874576, -0.030028108176266083, -0.026413327783325904]], "right_hand": [[-0.09224979508959687, -0.07504611064627473, -6.762960987615853e-08], [-0.044505084548536224, -0.10624573236071407, -0.01786621165817913], [-0.011245391031755085, -0.16128212236584935, -0.024602965523827746], [0.006515974115755119, -0.21147096408758126, -0.03030764494653132], [0.01447777097788048, -0.25441283237041057, -0.035594167896590444], [-0.03671454411461965, -0.24998360610248715, -0.01150439457817583], [-0.023842633236867486, -0.3180386252355689, -0.02475129190442395], [-0.017955797572687147, -0.359116821736078, -0.035981864487505316], [-0.01437301547158441, -0.39478627028129276, -0.0434521954147397], [-0.06471025925063732, -0.2576029847041009, -0.01218473188142021], [-0.054134626152490185, -0.33273765603756583, -0.022517527829294056], [-0.046867447028067596, -0.3780141323611083, -0.03187509437903139], [-0.04181716079894114, -0.41488619757838663, -0.03838649241783412], [-0.09354382924521158, -0.24982776880695515, -0.015655063099274388], [-0.09053541456611398, -0.32070377029100106, -0.025346619414299366], [-0.08529833926101478, -0.3636257072164377, -0.03194454196341577], [-0.0805892793839844, -0.3987183572248633, -0.03650249907000907], [-0.12244159202159234, -0.23084530294735042, -0.02113463500938531], [-0.12485040109096601, -0.2849848670061334, -0.03039658401734545], [-0.12442118162711574, -0.3221060410822523, -0.03373195998591545], [-0.12346381430092826, -0.3552610169310998, -0.03528641667072746]]}