{"label": "M", "timestamp": 1746067661367, "left_hand": [[0.07408496710296371, -0.06576595619641153, 1.8229767104337946e-08], [0.03857979994571579, -0.10618627602530864, -0.0167218226923411], [0.016810048296461336, -0.16198820671468245, -0.026889195832482404], [0.010814053411534517, -0.20753755427419643, -0.0358291432108626], [0.013749312050735613, -0.24570674771271267, -0.04413166900298539], [0.052514717127781885, -0.2302493870702298, -0.015618104828281142], [0.05677877589977724, -0.2906149923510149, -0.031042720890424], [0.05970045589100481, -0.32676923250545903, -0.043967961712189134], [0.06305529021123414, -0.3602396914894426, -0.05343908286545694], [0.0777543355899645, -0.2270546354727653, -0.018456412658921235], [0.0831406083086953, -0.2954486277212845, -0.030681620816743315], [0.08539448221814776, -0.3368303294507691, -0.04138637803314474], [0.0872102517229158, -0.37511816575828477, -0.04943910949579293], [0.10118899296951185, -0.21138696473407703, -0.023732847058404605], [0.10787504657001655, -0.2778416853602228, -0.03583695433946276], [0.11143923730214546, -0.31861663951027475, -0.042691520550792804], [0.11347857765632383, -0.3559727262509914, -0.04775946139560569], [0.12345570496918215, -0.18404492651291593, -0.03076528674615714], [0.13477502940865477, -0.2314103160584282, -0.04172812058609393], [0.14265909215143946, -0.26322265863610567, -0.045350957226339285], [0.14855517725194564, -0.2933635786407337, -0.0475324675007405]], "right_hand": [[-0.07408496710296371, 0.06576595619641153, -1.8229767104337946e-08], [-0.06959427206771784, -0.005614225974594114, 0.0044599169456125045], [-0.043806262422911954, -0.053331320668036156, 0.004234894636940585], [-0.013926243196236858, -0.06834231164185073, 0.0038373363617780834], [0.006771703533876194, -0.06817014891787865, 0.002610137845105475], [-0.02768811209033261, -0.06715129618448018, -0.013675498149183436], [0.013092314391093285, -0.1241939247422046, -0.021132425275973858], [0.0377484142987211, -0.15496463969698954, -0.023012666394327756], [0.056002840183136005, -0.17789252740183248, -0.022511540770939264], [-0.006338776272566294, -0.03781315129767183, -0.020247275676237825], [0.03452169157024203, -0.09944427294552839, -0.02820614303176131], [0.058599995029150045, -0.13594231629222542, -0.028745567878902062], [0.07664983292319454, -0.16259161639904463, -0.02648052223900984], [0.010447793224556195, -0.0034778823024510007, -0.025183236263500303], [0.04653484404897749, -0.06321103594108438, -0.03595665874992172], [0.0636413973374762, -0.10014650248939024, -0.0388073829257876], [0.07608352609968311, -0.12551282472363354, -0.03773821199187184], [0.0209517629960798, 0.03461413082760029, -0.028487133623752006], [0.039005461040886, -0.00807414110764492, -0.03198886654888728], [0.028134913187615462, -0.01248779207504097, -0.0238156416155509], [0.01653379774253832, -0.0008157860965635563, -0.015738917612911015]]}