{"label": "M", "timestamp": 1746080404835, "left_hand": [[0.08024777534126688, 0.039767285452349324, 2.3627849641808712e-08], [0.07940931663333924, -0.02217281176931959, -0.004711608089489505], [0.053423299790408024, -0.08408060265777594, -0.012419655260576347], [0.01673029719763626, -0.11360299766469872, -0.017419679963202917], [-0.013404071551912042, -0.12253356536087613, -0.023907983214835317], [0.051576926513550954, -0.08695213728078247, -0.034530924540808555], [-0.005821567181624189, -0.13930187897337212, -0.045357494818457744], [-0.03450959107438875, -0.16641248608808928, -0.048766037072919766], [-0.05664394719179881, -0.18700879540954674, -0.04977850984674337], [0.0329404032680087, -0.04901711573556863, -0.03908286806601506], [-0.02669760775564311, -0.11456336706399456, -0.05049251656322907], [-0.05485732808175501, -0.14810515756532686, -0.05348163225525594], [-0.07445864895317662, -0.17484031560671567, -0.05413159552067692], [0.012946691322767117, -0.014441809420119562, -0.04167041352628366], [-0.037885549110974054, -0.0804083657850802, -0.054944484357492225], [-0.062407024133630536, -0.11718663414963831, -0.060799957950153194], [-0.08029634240934283, -0.14685607496400258, -0.06418628735952621], [-0.004560652072020047, 0.015835678895486434, -0.042871184534142584], [-0.024177032499434203, -0.03258133146182223, -0.054498555665716625], [-0.011804908057889694, -0.03065388757520531, -0.052461580401318236], [0.001090769018952687, -0.02425099464020472, -0.04952066425248892]], "right_hand": [[-0.08024777534126688, -0.039767285452349324, -2.3627849641808712e-08], [-0.04424941269669397, -0.08726645172799824, -0.012566176672764502], [-0.025599533059229754, -0.14652146597228258, -0.0178343746428288], [-0.015243793524872404, -0.19568969718101922, -0.023421920358138525], [-0.009177660946733614, -0.23974424101597397, -0.02843277696015348], [-0.05546976795349457, -0.21840183826334314, -0.0018569070583404855], [-0.05125881132125135, -0.28322648586712645, -0.01325679961886267], [-0.050825203676923225, -0.3216188517853995, -0.02405807006654492], [-0.053219816504080225, -0.35430950845251047, -0.031220213375164157], [-0.0780002979617656, -0.21827551727343428, -0.005000477041390202], [-0.07551122227684108, -0.28990240496666325, -0.013304100518912461], [-0.07552466830897728, -0.3322778262364924, -0.02187586869105416], [-0.07797519870177802, -0.3649857834649519, -0.02798471034926823], [-0.10079707733437618, -0.20527886945927046, -0.011022097090393446], [-0.10084632566808036, -0.27345552323439376, -0.019488487588181082], [-0.10068260678079001, -0.3138814670529455, -0.024969218024200844], [-0.10160624162028975, -0.34426462325309914, -0.02849076521474619], [-0.12441646702503653, -0.18170983964097087, -0.018753134175176493], [-0.13024037381625242, -0.23467903107005378, -0.027286863522404888], [-0.13528735094259592, -0.270111405401907, -0.029681494277604734], [-0.1408833385250818, -0.3001581598060558, -0.03035100135073568]]}