{"label": "M", "timestamp": 1746080438759, "left_hand": [[0.09620884483222854, 0.05586357934409444, -9.468920414290776e-09], [0.09570675287867074, -0.010378427435063182, -0.000797737710197702], [0.06665844007090797, -0.06540057164621434, -0.008324294409438932], [0.023090532404374173, -0.07863631516157495, -0.01387796663708121], [-0.01449962244655259, -0.06889006421356937, -0.021046917765122016], [0.06188795830609411, -0.08889274362545158, -0.027632688767114014], [-0.0031842357574117844, -0.13494649660459074, -0.03490991398208289], [-0.03637757988591705, -0.15260683154651547, -0.03740756564673855], [-0.0636593941007702, -0.16629311261148086, -0.038852376923101554], [0.04117997457809115, -0.04943673794027061, -0.033276596854034765], [-0.027347527297060463, -0.10601198987522809, -0.04213466801197362], [-0.05829984692229457, -0.13113927005978473, -0.04662402890700163], [-0.08278110498875278, -0.151334393010087, -0.049446341836731716], [0.019947001728917668, -0.011963913184946873, -0.036519689959679184], [-0.03652939884023674, -0.07058588568988688, -0.048026771109979306], [-0.06505758817494668, -0.10958709638336007, -0.05642580548646807], [-0.08949571727959686, -0.1386155530535837, -0.06261274986641505], [0.001624044222375277, 0.019232225498538372, -0.037847736861474905], [-0.013371328735611126, -0.03307435041056788, -0.04712071856007581], [-4.4050215036201234e-05, -0.04416162406736691, -0.046287775950823264], [0.010567856776027996, -0.04695733245605634, -0.04553152096466115]], "right_hand": [[-0.09620884483222854, -0.05586357934409444, 9.468920414290776e-09], [-0.06267835779903809, -0.11020807472438209, -0.014171878839613995], [-0.04801773069850242, -0.17075280110277635, -0.02169613967295226], [-0.043109007284226716, -0.22099383783226836, -0.0291956507699896], [-0.0502788438886713, -0.2635140569732224, -0.036838099224690606], [-0.08418482658229827, -0.23440676607044464, -0.010279525813263414], [-0.08833341769706805, -0.3005493311661967, -0.024704928119583056], [-0.09259252342239364, -0.339366362767685, -0.03696464632467836], [-0.0980470401812255, -0.37371469011813035, -0.045186587656463974], [-0.10810957614529405, -0.22926975073970518, -0.013744197090668738], [-0.11403749184451901, -0.3029501349672154, -0.024918620855642174], [-0.11814953693316943, -0.34716531694070146, -0.034964853768044285], [-0.12236184657218652, -0.38371638759231536, -0.04240669709626012], [-0.13071147762628899, -0.21088853067463573, -0.019742975498762343], [-0.13875362476312963, -0.28051654555658617, -0.02990838548532686], [-0.14239801309170233, -0.32359694032550307, -0.03652973653917957], [-0.1448537522065794, -0.35935272794764317, -0.04134168811557016], [-0.15242918172498265, -0.18257256946223624, -0.027471941259056273], [-0.16267205971661974, -0.2363582129570636, -0.03737784852197555], [-0.16837527907023261, -0.2741570182478613, -0.04110131704877008], [-0.17361134253930932, -0.3083369440858799, -0.04316449495797426]]}