{"label": "M", "timestamp": 1746080439379, "left_hand": [[0.08838368918940626, 0.07499920134159968, 8.262974366806064e-08], [0.08465857730443509, -0.0038292923588931745, -0.011192078313751207], [0.04992420702259017, -0.05662163556136626, -0.02027537440588467], [0.008314702928115897, -0.0754627158555644, -0.02511416145420644], [-0.023149355128777683, -0.07525844112554515, -0.029921219292327952], [0.03062142027541175, -0.0434810461000524, -0.03909144469651587], [-0.02235608645247531, -0.10749117822935306, -0.05050845030275877], [-0.0496713135327, -0.13862616918708304, -0.05379275239957703], [-0.07156968030666566, -0.16204927378920614, -0.05435541645777461], [0.004918784706577227, -0.0004052949502665348, -0.037027513701814806], [-0.04516649342880958, -0.07371887719731551, -0.046692713881096255], [-0.07193241350135905, -0.11489099325904989, -0.04857617552871414], [-0.09215069384738632, -0.14448414213170988, -0.048895085845297774], [-0.01390461275119332, 0.034660239781483894, -0.03342370914844052], [-0.05549939922925445, -0.038832774437658465, -0.03892139204077915], [-0.07536393244368086, -0.08402388461677086, -0.04220324873511598], [-0.09083243658364912, -0.11641247657743536, -0.045349130203119856], [-0.02397274610108041, 0.05535425713373051, -0.029860495564166364], [-0.0363754297134347, -0.01089403752695816, -0.03303139381596586], [-0.03449247884304492, -0.04573450482736857, -0.03255100783294033], [-0.03442270576965633, -0.0686787625583791, -0.032075112621384835]], "right_hand": [[-0.08838368918940626, -0.07499920134159968, -8.262974366806064e-08], [-0.0528169599527759, -0.11299773644104893, -0.02617434965348558], [-0.028645372344934417, -0.1657474094042898, -0.039201881061443955], [-0.02030751719591308, -0.21627660267257026, -0.049216608810003885], [-0.02798519503769486, -0.26082140337219356, -0.058620627799857855], [-0.06798019107613548, -0.23670505202742598, -0.028339086828296493], [-0.07158211976623843, -0.3053968507055027, -0.04509709102204482], [-0.07592904190435987, -0.34673836400086694, -0.05766871081247796], [-0.08020365968371453, -0.38199963941479015, -0.06571311314357622], [-0.09718008668468515, -0.23272164055022124, -0.02637761638950601], [-0.10344603050983546, -0.3069428694114467, -0.038897078140691224], [-0.10817622541543324, -0.3529478240008641, -0.049404303620796036], [-0.11133776469156216, -0.3909006693992372, -0.05718485561243858], [-0.12339156485636367, -0.2152671260637515, -0.026962528638116823], [-0.13139425974070396, -0.2809751721022969, -0.03770483142718662], [-0.13493831239869575, -0.32188844615350237, -0.04454878748821596], [-0.13593244761006174, -0.3558147939814121, -0.04966783754957949], [-0.14834671185302123, -0.18637188873107582, -0.03007780641388324], [-0.163752738445673, -0.23304338500239793, -0.040347219892784135], [-0.17238669070180712, -0.26447263788534153, -0.04390415498528991], [-0.17920194153463265, -0.29394663553912853, -0.045772211953320575]]}