{"label": "M", "timestamp": 1746080531935, "left_hand": [[0.09546559612274223, 0.04558723832710964, 1.0497661706276844e-07], [0.08236845319599546, -0.026118643561797994, 0.0020960184286477625], [0.042430565069115245, -0.06906780992479909, -0.001370062320376921], [0.00198752943903633, -0.05545562202086559, -0.004590866735017076], [-0.029293869879397316, -0.027542637927702465, -0.010206728286329795], [0.03303703432889884, -0.09899683044006291, -0.014501798041821116], [-0.013316731370549532, -0.15714426432182374, -0.02012080194704258], [-0.0360892384317953, -0.18866779423964503, -0.022718620733909907], [-0.05522054760540476, -0.21478628726951926, -0.024129222462721266], [0.00943460713891576, -0.06376061878730396, -0.020542707648456542], [-0.04177068956476915, -0.11910740622728222, -0.02442104270932161], [-0.07007302447876917, -0.15147858140786502, -0.0287686751549145], [-0.09216452511686932, -0.1766650560317034, -0.03166961819503294], [-0.008632817663433382, -0.024559546794307937, -0.02499026506669849], [-0.061018058851607014, -0.060984019820344015, -0.03162094463830571], [-0.09362457187851723, -0.08733568680014145, -0.043954504973472544], [-0.11958103610894111, -0.10610539947635951, -0.05356684327313715], [-0.01946225360802274, 0.011406970486632036, -0.02775823196865463], [-0.029722321367434062, -0.02034916888639832, -0.03317780224342965], [-0.014834695289868824, -0.02254106422844594, -0.03432785908486566], [-0.0009417088986286765, -0.019789415927851238, -0.035257033848778985]], "right_hand": [[-0.09546559612274223, -0.04558723832710964, -1.0497661706276844e-07], [-0.05999511916361274, -0.09749181226618803, -0.014351924695215377], [-0.04280715830941245, -0.16095847983934575, -0.018915644541352663], [-0.04329412908281566, -0.21268982916714324, -0.023177075116003507], [-0.05351614989849354, -0.25473482553000637, -0.027114399874496823], [-0.07368161338841832, -0.2221519271986379, -0.004685354623942856], [-0.0710223728725293, -0.28680753353872973, -0.016837294958994185], [-0.07134962927481016, -0.32639652629928684, -0.027294967621184246], [-0.07347963717969691, -0.35868492773828536, -0.03379743868290238], [-0.09750615043192734, -0.2196366892843275, -0.006470637661214915], [-0.09722633040212521, -0.29161439419458685, -0.016182629270447394], [-0.09811836376590904, -0.33634145547628097, -0.025126651693758762], [-0.10025934168474071, -0.3694298400076766, -0.030980762943299378], [-0.12146590277596478, -0.20414669089729717, -0.011125796242798603], [-0.12434388499358533, -0.2725675334302136, -0.021199951196197934], [-0.12467765190156933, -0.31358016304335623, -0.027990782622330963], [-0.12485825257711508, -0.34343662717136186, -0.03188501761764447], [-0.14583056717845908, -0.17770737670488335, -0.01737423409887519], [-0.1540712868134467, -0.2283967252398389, -0.02691828265049599], [-0.15971045729233105, -0.263586892940414, -0.03042755577137508], [-0.1647748874780077, -0.2920913357785688, -0.03174928486362809]]}