{"label": "M", "timestamp": 1746080406265, "left_hand": [[0.09529828738249264, 0.06572642203599999, 2.1858066200663403e-08], [0.09204428708449337, 0.007814495041254201, -0.006735461764303518], [0.0657254651438674, -0.04247599876009997, -0.016720218065153374], [0.03196354635100529, -0.06937820593756229, -0.024061739266995303], [0.0033638834112251414, -0.07700864100509014, -0.032544849395729], [0.06545824415572901, -0.049659069035416815, -0.03979852812130188], [0.008271854040183371, -0.09818679032629149, -0.05384655962857925], [-0.022413904629543985, -0.12240130014600167, -0.05893279128773809], [-0.04634779697125951, -0.14113023089316218, -0.060697331390629175], [0.04937100906305755, -0.012405344529381884, -0.04320394773917134], [-0.011900778851911556, -0.07035101083191385, -0.05786270235990645], [-0.043142881695617225, -0.10164960575189173, -0.061812956865826114], [-0.06394630142556111, -0.12565342210018512, -0.06309114768221546], [0.03244128360831371, 0.02089117028254742, -0.04482023158229719], [-0.02313791756942186, -0.037494241115584165, -0.05755705063449849], [-0.051351066968533934, -0.07213033403224223, -0.06132518553129399], [-0.07042068675534621, -0.09792683463027092, -0.06271809265219003], [0.01737069324584622, 0.04788275827328362, -0.04561882008773079], [-0.01277945391277563, -0.0023026191552829515, -0.055140286651954695], [-0.01475483367893712, -0.02451265259991101, -0.05427763953431152], [-0.013029521723426094, -0.038998510988466656, -0.0521599530738203]], "right_hand": [[-0.09529828738249264, -0.06572642203599999, -2.1858066200663403e-08], [-0.06426351116751504, -0.10991169594827774, -0.014389351764220267], [-0.04698039127202558, -0.16332208338727103, -0.022624835043252838], [-0.037242294961117875, -0.20902208210499104, -0.030670906840706415], [-0.03416560323124279, -0.24697398346332392, -0.038835269997995386], [-0.0745971842298373, -0.22571485271534586, -0.013134312421372219], [-0.07662047948352704, -0.28795069173367577, -0.027439488754030676], [-0.07965010629665839, -0.32459944776921706, -0.03916747548008275], [-0.0836248235727455, -0.356271035698434, -0.04706152990008326], [-0.0990502437141575, -0.2226203344394451, -0.016700771226083738], [-0.10300862294309185, -0.29211646847223693, -0.02822305050893767], [-0.10608843343251019, -0.33406337676391273, -0.038151769921786705], [-0.10955778762101648, -0.36832020371179586, -0.04540327570480849], [-0.12234672185399463, -0.2072230185743718, -0.022588386756119076], [-0.12854706390914047, -0.27216625984029535, -0.03331029222090313], [-0.13100622352922545, -0.3128821264033928, -0.04070267600514002], [-0.13246729149434391, -0.3462807097094652, -0.045950981269256466], [-0.1455937074063072, -0.18212380881740717, -0.030061900374014325], [-0.1564658803763574, -0.2314863653332935, -0.04047540969359347], [-0.16321453934370259, -0.26583482356298455, -0.04481922595954673], [-0.1695086922682917, -0.2971155742167121, -0.047329849542151664]]}