{"label": "M", "timestamp": 1746080431135, "left_hand": [[0.09343818504683712, 0.0676388855704188, 4.0064808174863864e-08], [0.08978968345046069, -0.011565872254690896, 0.0019752144817035493], [0.05426590257109016, -0.06514991391372509, -0.0010508065973529985], [0.012833762521642202, -0.0758766679235312, -0.0030303125480100122], [-0.020510573060075178, -0.06582376066650675, -0.006455617633463416], [0.044112069110418275, -0.08612787003584454, -0.01682507995239619], [-0.014106283406557792, -0.14186531339170563, -0.020541264459049118], [-0.04080248234617514, -0.16705796324575928, -0.02132791122866116], [-0.0632710914278367, -0.18660605414478637, -0.021043643005499893], [0.016164365911051, -0.04680543566401981, -0.021059620570928847], [-0.036562267045502535, -0.11123440392992776, -0.023400352032384955], [-0.062227394608087266, -0.14646808964463812, -0.025202902246699844], [-0.08283778213680801, -0.17344844805073178, -0.026093737920508266], [-0.00802888251263181, -0.0075038439066647915, -0.02343755406908862], [-0.048735165945732656, -0.07027336883796512, -0.02612107210066278], [-0.06980720385079243, -0.11463167275040483, -0.03461750685240438], [-0.0875528532921896, -0.14882133295849564, -0.0421292440775824], [-0.024372218424461054, 0.022557393205636465, -0.024397907015926607], [-0.025204453579595165, -0.03179376493920529, -0.026221517358081144], [-0.010740665198220738, -0.04916969965528711, -0.026013523823308595], [-0.00020344750534101577, -0.059247200424004956, -0.026258146609577326]], "right_hand": [[-0.09343818504683712, -0.0676388855704188, -4.0064808174863864e-08], [-0.04730988300430014, -0.11203984143788652, -0.016467950792346486], [-0.019418675277549303, -0.1712160841669899, -0.022511904172015318], [-0.009471199167745052, -0.2231647153019785, -0.02841044865547846], [-0.014957775745376356, -0.27112157974105877, -0.03428940001794137], [-0.046251781965830914, -0.24219330693552613, -0.0060044779865224395], [-0.03544165749814592, -0.3053353307632769, -0.021659575615130135], [-0.029255325908559095, -0.3446404027345508, -0.0355273000248098], [-0.024572910760449627, -0.3812512090969608, -0.045047301942321434], [-0.0705022412394357, -0.2478477845002215, -0.00799267586207242], [-0.05963190907095414, -0.3173431128475781, -0.021310111384555238], [-0.051714596416204996, -0.3585376509589756, -0.03288522795746815], [-0.044443288802886505, -0.395335286805264, -0.041049053347989195], [-0.09636417489913293, -0.2404754540106467, -0.013377270692008326], [-0.09122242951729702, -0.3073233836299136, -0.026929893149931557], [-0.08464198303591915, -0.3457120766073037, -0.03397359235614028], [-0.07753269871504614, -0.37859124292971963, -0.03819067631832846], [-0.12329495959140437, -0.22251565540610796, -0.02076196560825601], [-0.11932090331743876, -0.2741605025350221, -0.03248403179707828], [-0.11318783833533251, -0.3085448613773524, -0.03649444905605048], [-0.10690087055992482, -0.3398267061836126, -0.03860128839082107]]}