{"label": "M", "timestamp": 1746080528474, "left_hand": [[0.08287660137923077, 0.07191789660131974, -3.812698903108393e-08], [0.07711523668020964, 0.002071281342500756, 0.008183024912646731], [0.04625808049796702, -0.049058126996442845, 0.005408639790280509], [0.007303348517053786, -0.05215682264182959, 0.002221535060074193], [-0.02309227836255888, -0.038249202197538655, -0.003790203829235361], [0.042013274421939494, -0.08081373050521093, -0.015288476677423965], [-0.020915788648208186, -0.13080520633447904, -0.021053520956405485], [-0.05305978526594963, -0.15436137823274315, -0.022638060969793178], [-0.07957260503548738, -0.1709961221504093, -0.022733567749976626], [0.020457670042473713, -0.04819475558685392, -0.025127271378118612], [-0.042314578486320184, -0.10946994072604546, -0.030320861628319453], [-0.07317208348983621, -0.13824738571834677, -0.030991795124008435], [-0.09737946594762238, -0.1618399513028025, -0.030131008383160615], [-0.000798529410655447, -0.01185424526049147, -0.032436985883411984], [-0.049328599136046744, -0.07384013436527972, -0.038617265552829134], [-0.07382732487296202, -0.10829038221107735, -0.042326672154474], [-0.09412752148945441, -0.13844047767213435, -0.04515528808418942], [-0.0181101416303983, 0.026527024546949066, -0.037693313093056124], [-0.03660611834709835, -0.009201847055462809, -0.04086531449799625], [-0.024784216570235086, 0.0032788618330988127, -0.03311806184209912], [-0.012721124261774052, 0.01653972887858338, -0.02695155576824143]], "right_hand": [[-0.08287660137923077, -0.07191789660131974, 3.812698903108393e-08], [-0.04362475118921766, -0.11456528934038458, -0.01697052677094721], [-0.02195124521934205, -0.1685556910058512, -0.023365520468362946], [-0.013102889766552783, -0.2193036632823298, -0.029098061387299284], [-0.008196563524478211, -0.2642770350303577, -0.03436271428247594], [-0.055255905866408994, -0.23548265282733674, -0.0064452203133882465], [-0.048034666001322085, -0.2964444995682152, -0.01908841693373634], [-0.043462084202054586, -0.3329837992624975, -0.03008160414794512], [-0.039659428469023573, -0.3649929667685893, -0.03729912809752232], [-0.07954826506218779, -0.23689140629788952, -0.006783808890511187], [-0.07689918065925644, -0.3052315206137647, -0.016778578175778006], [-0.07484592174921478, -0.34764326520368694, -0.026272507333205946], [-0.07286293094680397, -0.3833652960333482, -0.033007214192995855], [-0.10346124236522276, -0.22507905834812555, -0.010264023564533818], [-0.10563600735216608, -0.2879577942601052, -0.020660476897120097], [-0.10474277296578202, -0.3270171532440794, -0.02761170729526436], [-0.10254019917176473, -0.3597734184019595, -0.03212498705568358], [-0.12719779361975492, -0.20321494093129544, -0.01566161612279586], [-0.13651170919877792, -0.2508055962094962, -0.02570416362744643], [-0.14179623521705864, -0.2843564859176656, -0.0296712425658573], [-0.14578936674432671, -0.3159576003602359, -0.03166059693413774]]}