{"label": "M", "timestamp": 1746080408530, "left_hand": [[0.08541543983125531, 0.047715483798124146, 8.186385812780818e-08], [0.08944281039710433, -0.017649953184716946, -0.010297864644519632], [0.07755379689576487, -0.08756005877661749, -0.02190961004623471], [0.0711473575279219, -0.14289581276497254, -0.030186964486479683], [0.07191154540771208, -0.17860363023240253, -0.03926166461376426], [0.051663714164602546, -0.07276509425220327, -0.045256041802882216], [-0.002982438774695268, -0.13032547385155618, -0.05903944232883898], [-0.030398174085747836, -0.16069907742964554, -0.06318103171555377], [-0.05194733156102875, -0.18412149960396043, -0.06449022245530422], [0.02659398047359262, -0.03388618708459807, -0.04618538876257891], [-0.027801887496005314, -0.10368934598321439, -0.061193106121029024], [-0.055398537426600024, -0.1453592647713898, -0.06501469979042493], [-0.07609618844215732, -0.17599729970717962, -0.06648429288711671], [0.00584091098304314, -0.0018696220041238259, -0.045356083290523666], [-0.04106764516054414, -0.06895345610336277, -0.05678576799423124], [-0.06447381667164338, -0.11252864579342343, -0.061276432767098564], [-0.08164922927088158, -0.14363365299711167, -0.06366909094306554], [-0.00828956233101483, 0.020663346024655936, -0.044195341209854085], [-0.034301392413906964, -0.042974958447196954, -0.051161464735954156], [-0.03410636677233426, -0.07233136599610615, -0.050106771937080005], [-0.03138987125055699, -0.09006273164376631, -0.04856199520891151]], "right_hand": [[-0.08541543983125531, -0.047715483798124146, -8.186385812780818e-08], [-0.04883816767432598, -0.09603201225642202, -0.01463129784069356], [-0.028111817174112555, -0.15458175486656398, -0.02183447504296674], [-0.015592918064063219, -0.20318078669323303, -0.02901689463122223], [-0.009155356642619019, -0.2470453584328301, -0.03624837566136215], [-0.06078267038259763, -0.22256738583486854, -0.010799414884400374], [-0.055103638285743384, -0.2882084298219305, -0.025929553758383444], [-0.05352143551982091, -0.32928363445856246, -0.038388222411147276], [-0.05400830114584513, -0.36454097788309964, -0.046794249302122955], [-0.0858558522556827, -0.2224039243215221, -0.01463330928023739], [-0.08478343226434536, -0.2961490449684341, -0.02720620559535948], [-0.08511615531011849, -0.34240497518460056, -0.03792738171829783], [-0.08696222357822138, -0.3798268220711333, -0.04557067957574589], [-0.11095368420985874, -0.20735966507456802, -0.021100334975439002], [-0.11406288346253152, -0.27778353211267887, -0.0338189258247281], [-0.11440328092379495, -0.32063004135683076, -0.04190084128362598], [-0.11480369443615077, -0.3552430168079425, -0.0472297149114964], [-0.13576722681417855, -0.18067253947748424, -0.029126619763524687], [-0.1463218115354253, -0.23168788047255867, -0.041875461779403725], [-0.1537565695300139, -0.2670768206714711, -0.04693304747213969], [-0.1610299879694561, -0.2984120426568834, -0.04950742042272009]]}