{"label": "M", "timestamp": 1746080403884, "left_hand": [[0.08382118993276863, 0.047707829046693975, 3.8941049838571634e-08], [0.07991080613277247, -0.006966558783581875, -0.009111324619385975], [0.05324786402124216, -0.05407834734294354, -0.020947748232664473], [0.01765332428126222, -0.07543056452602627, -0.029173109688056927], [-0.012010806454424528, -0.07689133422558171, -0.03915677647501265], [0.05486600282494379, -0.05536787848920181, -0.04770329212403307], [-0.0032245286186539735, -0.10445225946481922, -0.0629646051122044], [-0.03369652746532019, -0.1292558581267833, -0.06823611517425332], [-0.057771907241350354, -0.14975020801671104, -0.07042465782601015], [0.03974469937775886, -0.018335175159699922, -0.05070114534588383], [-0.023037182341847137, -0.07609436873932854, -0.06659144786380948], [-0.05536084365705371, -0.10839671624225716, -0.07153498731660439], [-0.07772949852830897, -0.13475427565319012, -0.07387089286559041], [0.023972769514102783, 0.015177636708500268, -0.051497109756410885], [-0.03435317853752491, -0.04224359370598998, -0.06766207560117461], [-0.06152586840879593, -0.07739496632270466, -0.07456086610844233], [-0.07942107988755419, -0.10516153071746422, -0.0783726985535461], [0.010452167951608148, 0.04270503501160114, -0.051089958607564934], [-0.020310816306576124, 0.0009565733597505034, -0.06563532043779152], [-0.014287107044608479, -0.01131828956915943, -0.06681251268620221], [-0.004779654255740512, -0.01780697120384492, -0.06603896782159606]], "right_hand": [[-0.08382118993276863, -0.047707829046693975, -3.8941049838571634e-08], [-0.048876657762447345, -0.09043963828362464, -0.015377073515380682], [-0.026681116186303623, -0.14326796966942643, -0.023145341519054282], [-0.014172438370525552, -0.18968854274196695, -0.03062187557958734], [-0.010013933401466148, -0.23154027900599955, -0.037836485001897215], [-0.057644807026886694, -0.21686825834469764, -0.008784091165893931], [-0.056525112927909016, -0.2799810956993592, -0.02125766307609463], [-0.057908399366262714, -0.31768040625419647, -0.032394573649885704], [-0.06079837757793554, -0.3507449910163703, -0.039917885248893864], [-0.08145162548766391, -0.2148797215223313, -0.011015153371531692], [-0.08141176447238746, -0.2836959603093555, -0.01996317432981995], [-0.08261869777055235, -0.32427876938571115, -0.028844201707895735], [-0.08399060834838196, -0.3578828065546262, -0.03542367636059617], [-0.10462716559554935, -0.20008706213534344, -0.015904768970270256], [-0.1074169816304796, -0.26563953923593814, -0.024362956750251304], [-0.10834456019692627, -0.30475306036837785, -0.0299693198171713], [-0.10855205589288584, -0.3373751696596063, -0.034098720784665845], [-0.1279193947303468, -0.17529179970397138, -0.02271472424511922], [-0.13565199486093316, -0.22589981793474462, -0.031288637516625875], [-0.14058387633186295, -0.26017129959232965, -0.03400637382410331], [-0.1451436670560821, -0.29167071155740204, -0.03523320577749696]]}