{"label": "M", "timestamp": 1746080420124, "left_hand": [[0.08561599968634596, 0.05463705434028118, 2.230594774755383e-08], [0.08423970622840687, -0.010920896041533727, -0.0028797800977280923], [0.05602981663982015, -0.06362115280606997, -0.01135261794079421], [0.013942074131230595, -0.07881324109877794, -0.01770279921893834], [-0.020242733002825437, -0.07270751805203635, -0.02530884782301366], [0.05363547247256262, -0.0832015148165579, -0.028461181331422985], [-0.0076961296230084, -0.129672404979648, -0.03735620081458464], [-0.038636974867535284, -0.1513222423526772, -0.040608051751855896], [-0.06327552526282496, -0.16843725876622864, -0.04184791376318588], [0.03278199266078116, -0.044742407073807125, -0.03329222103715495], [-0.031392793156996696, -0.10364959936855968, -0.042149374454469216], [-0.06064541853977232, -0.1331745968512608, -0.04492842330871276], [-0.08138794271234226, -0.15590356143225698, -0.04613572027619487], [0.011327636438486008, -0.008685350770762388, -0.036262147582822195], [-0.041103429293762685, -0.06587116739021162, -0.04589074171301442], [-0.06693638878821845, -0.10306024751166001, -0.050882532127447574], [-0.08701183398834672, -0.131190301391299, -0.054571711699201116], [-0.007069968269155376, 0.021683193139404214, -0.03812846860504847], [-0.023195418161895017, -0.026102368657095636, -0.04536706526969129], [-0.010910662092504225, -0.03196087730454553, -0.04243767915887848], [0.0004568194903382109, -0.030315629122200562, -0.03983424796016118]], "right_hand": [[-0.08561599968634596, -0.05463705434028118, -2.230594774755383e-08], [-0.04866977135714294, -0.10482201365720056, -0.011486705622211501], [-0.026334622949724315, -0.16225591719735077, -0.016194789111067812], [-0.016262653884346535, -0.21035820426541374, -0.021621238335358558], [-0.018008823709696472, -0.2526743656079371, -0.026634151038907667], [-0.05754776758405926, -0.23179198352447372, 0.0008709958784160665], [-0.052691786035854636, -0.29506865397164833, -0.00980782787445553], [-0.05114847743815877, -0.33223044962152787, -0.02050392922697156], [-0.05113675293172178, -0.36365256313338173, -0.027600763884520547], [-0.08238919738453235, -0.2315616015173691, -0.0026646277359640173], [-0.0831084095111776, -0.30262443489047064, -0.01050438852732744], [-0.0840157408891662, -0.3442569211762469, -0.01978547146779474], [-0.08599921836030681, -0.3778726080435806, -0.026403194167437038], [-0.10689483368514402, -0.21822463916099302, -0.00896941887122533], [-0.11053364786742421, -0.2843181359128029, -0.016701941044107403], [-0.11105267086323127, -0.32369280945434226, -0.022680922403484186], [-0.11131937157399655, -0.3549575782720587, -0.02677588350751629], [-0.1313121817256557, -0.19397523331423547, -0.016975251558986097], [-0.13900383967644162, -0.24530981229797866, -0.024510583893374318], [-0.14342594177635995, -0.28123297291975996, -0.026909683756750583], [-0.14706933669603878, -0.3139614691116356, -0.027851316132640917]]}