{"label": "M", "timestamp": 1746080439253, "left_hand": [[0.08730203546457861, 0.07362442219980003, 5.092492723478485e-08], [0.08418457063208497, -0.004395191834450919, -0.006762211453150104], [0.0512823932104563, -0.05859367087555709, -0.014468711718778294], [0.009493627136216829, -0.07848419724370595, -0.01889110491017936], [-0.023939520773078763, -0.07865511072576556, -0.023821590936456458], [0.03957045834811612, -0.05590686568182138, -0.034468272758868095], [-0.017607619696211822, -0.11382558706336407, -0.04435132980412596], [-0.04774264470421277, -0.14004735756994788, -0.04655596043706079], [-0.07133012859504159, -0.15870849665576106, -0.04644457287625662], [0.013851136252276429, -0.013441416526038613, -0.035291662966080634], [-0.04273670085918604, -0.08026041277752553, -0.04513567323328629], [-0.07081070927480405, -0.1176304649717904, -0.047785963599176466], [-0.09073904609937268, -0.14448256790388167, -0.048425164693515994], [-0.007836043734243238, 0.023273923527575534, -0.03436873061916599], [-0.05462803465833254, -0.043081785143030606, -0.042120430758055875], [-0.07947848268468834, -0.08722987260265198, -0.04909129570149522], [-0.09847942317445539, -0.11869010666261225, -0.05445231476901992], [-0.022048906710641664, 0.04655436169460177, -0.03266112637387501], [-0.03259003130083316, -0.015287705492605245, -0.03823243417072753], [-0.02527181016147189, -0.044391209424332057, -0.03949362137903738], [-0.018960602645213067, -0.062482125951166104, -0.04008493439892731]], "right_hand": [[-0.08730203546457861, -0.07362442219980003, -5.092492723478485e-08], [-0.05278176394005569, -0.11596169536818297, -0.021844833541086663], [-0.028007484275232763, -0.1708941206241554, -0.03327445595538195], [-0.017657547017044098, -0.22138310556750423, -0.04277965935042662], [-0.022887105405008955, -0.26507427409937734, -0.0522021774634515], [-0.0688160434640535, -0.23640819992191603, -0.023507113596641833], [-0.07014537662950261, -0.3020584479579992, -0.03978829476237056], [-0.07318920961274251, -0.34181628886969945, -0.052378218714938696], [-0.07731317711622483, -0.37616117608116717, -0.06081318500590924], [-0.09767575024434785, -0.23188694890167952, -0.024314167022430732], [-0.10370454722800423, -0.3050491601696957, -0.037257829510270596], [-0.10816028688793815, -0.34906748404070653, -0.04814448774844245], [-0.11264323474793088, -0.38627145854970296, -0.056323092940468465], [-0.1240459705882747, -0.21331062786675392, -0.027576197087580953], [-0.13353066518664525, -0.28034719847726247, -0.03965920636048185], [-0.13700922717726355, -0.3215322381324906, -0.04728457815131192], [-0.13894852767682803, -0.3569411283760371, -0.05293112364691863], [-0.14905244149223135, -0.18396434868782222, -0.03292662074185337], [-0.16434536599571306, -0.2327273191425304, -0.04470566597088792], [-0.17304589508574864, -0.26568221587332735, -0.0491479018963862], [-0.18051458249847338, -0.2971046577251576, -0.05175305967958325]]}