{"label": "M", "timestamp": 1746080527745, "left_hand": [[0.08810121248516355, 0.034560414394787964, 3.764455669139825e-08], [0.08730301740381982, -0.03807442777461613, -0.0020846612314178625], [0.05691738609363743, -0.09227741038826077, -0.007810390545861074], [0.014853308686273823, -0.1037820811568595, -0.011650754566609627], [-0.018929192990162557, -0.09457748971458417, -0.017050108814725795], [0.04547061405100459, -0.11321217290026511, -0.025140998178561098], [-0.012776018750124685, -0.16930891479956894, -0.032519264245208325], [-0.04262338582800224, -0.19739711833137033, -0.03535111002730235], [-0.06794992302712133, -0.21794008495337996, -0.036341218311353146], [0.020155850516256547, -0.07622284165189337, -0.02896194307347412], [-0.0347496142130801, -0.1420679797737167, -0.035506381409842865], [-0.06285062036815556, -0.17829212177632606, -0.038917261447314846], [-0.08539576292639413, -0.2055640442952961, -0.04043698427789199], [-0.002783383301837301, -0.03959681204697126, -0.030783670289004368], [-0.046405423214394954, -0.10377669891028987, -0.037243380290702864], [-0.06873960940984397, -0.14807235072624145, -0.04561749553951122], [-0.08771770762940663, -0.18069268289706325, -0.05248526689694055], [-0.020154406016258085, -0.008128320217391422, -0.03145563734222879], [-0.025090658264438195, -0.058682733286967305, -0.03656595431368287], [-0.01159362624453161, -0.0707022001098136, -0.03597889368416961], [-0.0017394847070559853, -0.07440411721546952, -0.03540674059145558]], "right_hand": [[-0.08810121248516355, -0.034560414394787964, -3.764455669139825e-08], [-0.05051235437441509, -0.0879964664476036, -0.008689225334310914], [-0.03319804312568748, -0.1517870506675002, -0.011526912189600794], [-0.025896926715636367, -0.19997232543822333, -0.016145174087947523], [-0.01865343200415417, -0.24089702873720845, -0.020097032978868713], [-0.06788816570526914, -0.21713306457067574, 0.0058418460731956825], [-0.05786141631181252, -0.2798938390176939, -0.0064282161464306], [-0.05037403855264423, -0.3177628114021173, -0.01803404334535849], [-0.04496112109264179, -0.3502124155457233, -0.025613097385251294], [-0.09091933304381326, -0.2198933457663732, 0.00031853010367868356], [-0.08555087848102386, -0.29060745805425636, -0.009313751445804916], [-0.07917802151519199, -0.3339859513095385, -0.01797113957530546], [-0.07479378593080895, -0.368949915471021, -0.023624906385651328], [-0.11378378925239752, -0.2087192676207109, -0.008575704701297962], [-0.11250289371951183, -0.277103163959015, -0.018977888054115974], [-0.10784734937514308, -0.31820389838110075, -0.024535552329033122], [-0.10407819376270927, -0.35002720294318035, -0.027420446384187232], [-0.13596982515348338, -0.18720547827370534, -0.019059870849405584], [-0.13981650886172522, -0.2412884486614501, -0.028206756495509345], [-0.14107371855217032, -0.2782343063961694, -0.03042066051370512], [-0.14232418064673216, -0.3098010440133161, -0.030925975799983314]]}