{"label": "M", "timestamp": 1746080428907, "left_hand": [[0.0958860980699283, 0.04241734145242466, 1.3224876821093627e-10], [0.08947778695714113, -0.027311514349221494, -0.0040485684385793514], [0.056712451062734315, -0.07839013079785155, -0.011955782740982145], [0.013515731078037916, -0.0923908405810563, -0.017269702532768393], [-0.021335576937640672, -0.08395479027983128, -0.023581303781800966], [0.04812695594957659, -0.09054943243901477, -0.033119859076166734], [-0.017794086192306637, -0.13023970180878353, -0.043426561689650325], [-0.05225652941550597, -0.14766713918898877, -0.04657137754694267], [-0.08022215607121393, -0.15959687868680417, -0.047196046286050564], [0.02924758461338135, -0.04726947646168039, -0.03666562677859449], [-0.039664719648083685, -0.09665319015238236, -0.046916052343761075], [-0.07387844067708896, -0.12238612422262075, -0.04966582881781969], [-0.09909944829992726, -0.1411379172221241, -0.05060766898796155], [0.011278360500734051, -0.007502531041845906, -0.038290834627527574], [-0.045552501110097336, -0.05702995407556496, -0.048519546065846415], [-0.0777744730181103, -0.09050186389369581, -0.05475362886781627], [-0.10253434894013251, -0.11329547768471952, -0.058994058193880435], [-0.002834029616262103, 0.023471797143615414, -0.03877667813386684], [-0.022774462701847627, -0.03110050850160503, -0.04538920330589584], [-0.015036221810909972, -0.05193226930335911, -0.04423865479891657], [-0.007014039361968248, -0.06224657813440854, -0.043044019355483534]], "right_hand": [[-0.0958860980699283, -0.04241734145242466, -1.3224876821093627e-10], [-0.06657091557837423, -0.09724075309610723, -0.020795176533072043], [-0.052233049839632645, -0.1608714074198978, -0.03258153378883196], [-0.049037587103314295, -0.21263168434914967, -0.0427257680431928], [-0.05532559675559628, -0.2583843802094128, -0.053270588954629196], [-0.09841703503901027, -0.2169017409568311, -0.026520756245650822], [-0.11012133476176096, -0.28205803001217744, -0.045640748426196816], [-0.11978120866619743, -0.32262052081728954, -0.06002855755285523], [-0.13000631303226856, -0.35919795404980565, -0.0698412100105316], [-0.12603527151183508, -0.20562831833636658, -0.028641683361462267], [-0.13937405441215583, -0.27736068097028205, -0.04461879540547494], [-0.14874217218219069, -0.32406736454461693, -0.057130604343194474], [-0.157392926177604, -0.3650184154454222, -0.06648915104947639], [-0.14874864250806114, -0.1799276821254593, -0.0330612094256694], [-0.16590210370750322, -0.2462466582700446, -0.04753802810097968], [-0.17466823024482234, -0.29010973220269426, -0.05649860943871389], [-0.1812068530037065, -0.3292125103220996, -0.06307376892692462], [-0.16786874222864928, -0.14424044743866898, -0.03941847262468998], [-0.18736796540623032, -0.1915802192412465, -0.0535549293069563], [-0.19885463993031385, -0.2259704851728108, -0.05975761041661312], [-0.2091836638237999, -0.2586433724776339, -0.06354201619386417]]}