{"label": "M", "timestamp": 1746080432473, "left_hand": [[0.09651861724730447, 0.06581793353700936, 1.8555158102825314e-08], [0.09105329482351515, -0.01175131694821209, 0.002515958869230557], [0.05600886612707808, -0.0643152222833972, -0.0012491667909612567], [0.014127969138856966, -0.071391599356865, -0.0042435105852435635], [-0.01934082038360503, -0.05773582685253035, -0.00890592962581713], [0.04775403133302812, -0.08580231951816203, -0.017706157770252202], [-0.010758101193610318, -0.13981550223133665, -0.021967294557464708], [-0.037397897730289266, -0.16537141823063037, -0.023014482992212596], [-0.05965143711851672, -0.18527285743974087, -0.02288770859816852], [0.021623235177689368, -0.046338917074282115, -0.022670177193539687], [-0.03315553536826204, -0.10850348411300466, -0.02549200327292279], [-0.059439410257397705, -0.14213595371231952, -0.027343175430361653], [-0.08048117341829572, -0.16860020676444012, -0.028526982363419856], [-0.0016424800594514641, -0.006860059192540416, -0.025608334081992104], [-0.043535104540723485, -0.06867140346043173, -0.028395713077585576], [-0.0654591868062891, -0.11226152431168458, -0.03563719005063694], [-0.08397181124231162, -0.14528338761718343, -0.04239361917316751], [-0.01854583615268408, 0.024202769114839054, -0.02711661298234656], [-0.023333798770887516, -0.030891595259008725, -0.02828372182927268], [-0.010562073428971348, -0.04946522595855103, -0.026629104105759218], [-0.0012715883835269805, -0.05954846235130567, -0.026049847983246728]], "right_hand": [[-0.09651861724730447, -0.06581793353700936, -1.8555158102825314e-08], [-0.04819247259227065, -0.1115204787822461, -0.016986306432259714], [-0.018233737273047907, -0.17026267598630204, -0.022059449547353546], [-0.005394695344364375, -0.22303604522054868, -0.026812486953428978], [-0.0055312313230629915, -0.2707339729258109, -0.031385252986605196], [-0.04371705543042552, -0.24168972965162888, -0.002642339479351633], [-0.030053030964920954, -0.3057631403481784, -0.016159508463981297], [-0.02361492852566244, -0.3463810795334374, -0.02903031558907423], [-0.0196653069131857, -0.38250416576124857, -0.0376286212774905], [-0.06957730375766608, -0.24836581865102803, -0.0036484835087069053], [-0.0558182361158632, -0.3187055550798471, -0.014710641257002896], [-0.047763487109709894, -0.36283395621230896, -0.025781581579707277], [-0.04162655212858481, -0.3996985345462808, -0.03325906221517108], [-0.0972655265232684, -0.24141236667442328, -0.008245951726969104], [-0.08924368827989868, -0.30892835965641097, -0.01921418061710565], [-0.08229982799463027, -0.3517165452129809, -0.026604573937657916], [-0.07544165219087452, -0.38702297853065787, -0.03122503387934889], [-0.12634429211970957, -0.22380990443087462, -0.014977010922996968], [-0.12273688419104443, -0.27723228555704105, -0.024773318131207405], [-0.11883430846542588, -0.3136208519379732, -0.028098613350899443], [-0.11425573208076707, -0.34669667336133375, -0.029570845743225747]]}