{"label": "M", "timestamp": 1746067700692, "left_hand": [[0.03712547584216317, -0.08662861253189892, 7.678947627709527e-08], [0.0020922373740968826, -0.12091531185072957, -0.02370813738651617], [-0.018261181766850567, -0.17478379479551265, -0.0379902848099215], [-0.02946677570593973, -0.2248788725795715, -0.04940078058130816], [-0.04360784490864142, -0.2648761055673262, -0.06055717564938096], [0.028464786646115993, -0.22999324541125718, -0.028041743956859152], [0.039890784420423056, -0.2911180649007035, -0.04455233483768582], [0.048271371523587514, -0.3286492357104126, -0.056984374845932634], [0.057917837082994396, -0.36171591851573814, -0.0659866855447329], [0.0574783619629529, -0.22821637829714558, -0.02765458809667402], [0.07315328550619157, -0.29675395353837336, -0.04100930820711023], [0.08273605515675071, -0.3404102144446745, -0.051478770770772606], [0.09224855498318356, -0.3783186746893575, -0.05947896470700302], [0.08200328569492288, -0.21404119580434972, -0.029591519498461415], [0.09788737523172082, -0.2789754659426862, -0.042776236716197624], [0.10710929023550242, -0.32155071755078135, -0.050503849140833175], [0.1152468201467458, -0.3587784888448806, -0.05615729412994793], [0.10351002720214054, -0.18993886822076003, -0.03346683977902997], [0.12173971636133905, -0.23461719527949243, -0.04481278181225256], [0.13356188136787273, -0.26582572539665383, -0.04902396864355881], [0.1437008575530144, -0.29422577230277985, -0.05177794499117381]], "right_hand": [[-0.03712547584216317, 0.08662861253189892, -7.678947627709527e-08], [-0.0626112128267729, 0.011063677322095778, -0.0034202922176284323], [-0.04534433574580558, -0.046212581164387666, -0.00644277469354905], [-0.009868068689979654, -0.0628557358241277, -0.0073603036556204714], [0.012849605778888622, -0.061080911953954056, -0.010028657394071452], [-0.010461186870484413, -0.06669081585893492, -0.025804314112716217], [0.013527873929589413, -0.14621538014706625, -0.033226678108069854], [0.028460566903200698, -0.19080424865599438, -0.0356887676202525], [0.040963709579570254, -0.22661021088854438, -0.036491604247500836], [0.02139285286685113, -0.04272507469076142, -0.026727418965343804], [0.04508879699852453, -0.12543336838096414, -0.03444641700690951], [0.05860951957433118, -0.17309736343482784, -0.03631632667615671], [0.07034426927499851, -0.20934575460746005, -0.03645695516110227], [0.04205533486258418, -0.015860725486551142, -0.02594317419224267], [0.06550338020257054, -0.08661524260960941, -0.035762243893765096], [0.07742864019127688, -0.13490922307155362, -0.042485257680721394], [0.08609128379456903, -0.16637482436894951, -0.045464701555052646], [0.052534289071659315, 0.009036868172359228, -0.023980316356846096], [0.05355484500031035, -0.04384903653001046, -0.0284866575481974], [0.03923885634918301, -0.057616636275535184, -0.0255483922571968], [0.027263270373918454, -0.05523217059996741, -0.022240584368462456]]}