{"label": "M", "timestamp": 1746080529216, "left_hand": [[0.08893389619878977, 0.04018534008789176, -1.918841951702064e-08], [0.0856435195345688, -0.0301393363389581, 0.004429301725232963], [0.056049218565336005, -0.08217201813585769, 0.001541085279538232], [0.014931263253880224, -0.08650453177106326, -0.0011403619525562339], [-0.01783373359228177, -0.07322837583623772, -0.00587743040925157], [0.05120575707604101, -0.11244226973909179, -0.013794750424718574], [-0.008721132440512726, -0.1602974160704656, -0.019016398496818236], [-0.03900851422061851, -0.1828846297128807, -0.020605419245066144], [-0.06375678033317872, -0.200342853312494, -0.02086790031705037], [0.02772581540441446, -0.07991890056714437, -0.021166070057693675], [-0.03141231780667583, -0.13806175513860308, -0.0254742423261001], [-0.06003115890593126, -0.16749320420215, -0.02703839599163869], [-0.08165950513668414, -0.1910294526883368, -0.027317056630903617], [0.004740267537030487, -0.04548893502768598, -0.026829830807061666], [-0.0407982912317277, -0.103167546442535, -0.03272150740745323], [-0.06451131469336714, -0.1399294053192354, -0.03898338162923846], [-0.08425962401245381, -0.16865598217213443, -0.04391723504820034], [-0.014278645764384602, -0.01251495770538323, -0.03097277464580479], [-0.023364668256074726, -0.05636394715688469, -0.03503248973422311], [-0.01048661609540816, -0.055337596066380494, -0.03184071000871432], [-0.00033767765137116397, -0.04957452062004853, -0.029259370473424907]], "right_hand": [[-0.08893389619878977, -0.04018534008789176, 1.918841951702064e-08], [-0.055619735072557845, -0.09504615263275538, -0.010917542056091278], [-0.03863681626843101, -0.15565364020797742, -0.01559674372928347], [-0.030037909176236412, -0.20471634878339928, -0.021480352150798115], [-0.026165836259276633, -0.24892751088694437, -0.02687981702805366], [-0.07427987487137584, -0.21914717850139329, 0.0019693983642641187], [-0.06823977834727045, -0.281190028946282, -0.01099873755812428], [-0.06364462760567809, -0.318269948349158, -0.023277378760303103], [-0.060580265573298715, -0.34992536295396176, -0.031207724047589855], [-0.09747906984380171, -0.21860631045048093, -0.0026035969924957073], [-0.09705964936972396, -0.2883748322560262, -0.012767285488633038], [-0.09666897763418532, -0.33232673719839684, -0.02282065646189674], [-0.09715225218684863, -0.36827585368116666, -0.0296767384949767], [-0.12050227721437554, -0.20494599301549737, -0.010401773939227437], [-0.12436945305162425, -0.27042609410747087, -0.02078210300040652], [-0.12515738357501877, -0.3110942094379378, -0.02751567882324375], [-0.12539219374610616, -0.3432076834359513, -0.031494716923951414], [-0.14335045719480538, -0.18006310522146804, -0.019871629058565588], [-0.15302151747597834, -0.22976761930255285, -0.029353706472682622], [-0.15995770277027338, -0.2640689932900687, -0.032347970649844814], [-0.16607254217373366, -0.29417723797392004, -0.0334346926509636]]}