{"label": "M", "timestamp": 1746080420743, "left_hand": [[0.08819972622851421, 0.06214959936825869, -4.41336848906211e-09], [0.08749262532788386, -0.0023160204691483207, -0.0014141745652049321], [0.060463421219013165, -0.05738558583986769, -0.009802358183309403], [0.018837762138049018, -0.07472936274718987, -0.016317322975127568], [-0.016183411937931543, -0.07158748395305492, -0.02425141727609472], [0.06246811530398504, -0.08156171087414776, -0.02833941822311961], [-5.50542372110015e-05, -0.13004260288127478, -0.0369088779506052], [-0.03182649729244355, -0.150443380688967, -0.04010054192704813], [-0.056221872312220936, -0.16663181546428274, -0.04157635630488511], [0.0424883246866752, -0.043347570107215544, -0.033667981662101124], [-0.02058681976492226, -0.1032483708656494, -0.04432593896460493], [-0.051509967364179274, -0.13103750072464548, -0.04891452474916867], [-0.0738053307824214, -0.15335329572026854, -0.05135368979119065], [0.021409490692210542, -0.007438061130015086, -0.03666488310446519], [-0.032580281034644595, -0.0673112497128824, -0.04868911037233622], [-0.0587615478221126, -0.10183653275256949, -0.0544791973586643], [-0.07857989137398275, -0.12803235771042376, -0.05814600294958634], [0.0027006122335650664, 0.022656918176260435, -0.03802472231590871], [-0.0161446080569635, -0.029535286595829248, -0.04707235213335505], [-0.00452118933463598, -0.038696225715442414, -0.044557159598199676], [0.006752940738793253, -0.041133009162554954, -0.041986286090330824]], "right_hand": [[-0.08819972622851421, -0.06214959936825869, 4.41336848906211e-09], [-0.05047721469645857, -0.11001543105997717, -0.01289556872733544], [-0.027949404033709706, -0.16744825485000348, -0.01805629127958137], [-0.017329979772903223, -0.21557624104904644, -0.023832247618669537], [-0.017566115803510304, -0.2584421559692392, -0.029238136788611008], [-0.05765242295673214, -0.23613312971704295, -0.000614764758215736], [-0.052698186249973133, -0.2979133490868666, -0.012264037579087556], [-0.050712598644462675, -0.3349566584015167, -0.02357834811324921], [-0.05030079760587383, -0.3672379597413838, -0.031241015578966767], [-0.08260095473100133, -0.23602074708808338, -0.003683406291270203], [-0.08358605759380466, -0.3056679653658217, -0.012748985365839446], [-0.0843336277011668, -0.3468934269683573, -0.022440688875777118], [-0.08586818062563295, -0.3806738975368931, -0.029363396593805546], [-0.10678329340012031, -0.22242513499326988, -0.009725644638634902], [-0.11067680712901921, -0.28704883543113185, -0.018592269885452428], [-0.11124332230307823, -0.32564467602580505, -0.02475724430844363], [-0.11124976872538948, -0.3575396038817555, -0.028978507130025123], [-0.13060393405739182, -0.19818236111498289, -0.01763955469891047], [-0.13800217062290626, -0.24769853063856917, -0.02604594456367313], [-0.1424632560228541, -0.2823740690382945, -0.028934268556914118], [-0.14615558765545583, -0.31496689373635306, -0.030338451543499418]]}