{"label": "M", "timestamp": 1746067701733, "left_hand": [[0.05616130641871754, -0.08117667099085969, 3.78523915991291e-08], [0.024123112109956355, -0.1200377539124546, -0.01681885706452621], [0.0033184921311247323, -0.17554720142577632, -0.02683251284336008], [-0.009102350054914214, -0.22235886742453967, -0.03532106906918121], [-0.023520790856125254, -0.25805402799238586, -0.04362558330369714], [0.038709861558652345, -0.2367717819370889, -0.018941079015311422], [0.03684851911672655, -0.29941838704686574, -0.033667352055425016], [0.0368397212651769, -0.3372224456835335, -0.044929770849025046], [0.038467014329696514, -0.37042292902365254, -0.05284217832411754], [0.0656313315108812, -0.23531372593654942, -0.021158673655822642], [0.07271130307226363, -0.30549279512334004, -0.032277167169085914], [0.0769430696676438, -0.34757389171210573, -0.040899111424337845], [0.08065200514530474, -0.38252156647555163, -0.04731263467825721], [0.09052819034895888, -0.22095408484670034, -0.025573085473048734], [0.09917528474391084, -0.28723844683617367, -0.03680067483235753], [0.10328657824646292, -0.3287275673834832, -0.043005489505529564], [0.10613801056504371, -0.3644154995657597, -0.047571635248971594], [0.11417557742574953, -0.19564339540846953, -0.03160480296961034], [0.129379104899416, -0.24068784271379554, -0.041137935515147855], [0.13925033854842914, -0.27148715363034576, -0.0439950212270297], [0.14712764303794162, -0.29908835708798076, -0.04578138574753601]], "right_hand": [[-0.05616130641871754, 0.08117667099085969, -3.78523915991291e-08], [-0.06682863510720048, 0.009205205339488353, 0.002829912700024661], [-0.04079181344395874, -0.04100881974713182, 0.0009114235978328714], [-0.005813014622769342, -0.048778472133511705, -0.000601135122415073], [0.019899082318702764, -0.038763952872074424, -0.0034996655383352916], [-0.028977580911752485, -0.06433581471246372, -0.017003073133924268], [-0.00492880843687518, -0.13666215651654368, -0.024696154646177883], [0.00823905534531645, -0.18002477734083505, -0.0277556793643202], [0.016982837686695933, -0.2123096651754607, -0.02896598355471646], [-0.0002674944763876314, -0.040039066612752396, -0.0225976308027468], [0.03198852402626858, -0.11011028475001859, -0.029228225293731015], [0.04834726688180577, -0.15268025893896514, -0.031345034244771953], [0.05916911060127371, -0.18535720379641626, -0.031640621609572046], [0.021290071280042167, -0.011817946198187013, -0.02656009444377475], [0.050376122185649214, -0.07609619908794901, -0.033581014847661114], [0.062436075616915464, -0.11894010035328557, -0.03819849428648296], [0.07111296776033205, -0.14901354430668065, -0.04061727070258408], [0.03466634246024905, 0.017948103474681943, -0.029272195209468933], [0.03690108517447795, -0.023615334602551986, -0.03085678664149852], [0.020265011048735064, -0.030729215471163467, -0.02562591402951158], [0.008316202335035714, -0.025064681172160402, -0.021307654108712815]]}