{"label": "M", "timestamp": 1746080422480, "left_hand": [[0.08589188128674394, 0.0680385472392156, 7.890174773226767e-09], [0.08730412418034883, 0.004822291048779816, -0.0018670406846138237], [0.06254181575156643, -0.048029129073698135, -0.009918424945132348], [0.022272992383253434, -0.06457669184830826, -0.016490428093536125], [-0.011283531219483499, -0.06308819822152727, -0.024623630078000645], [0.06204559112204592, -0.06783113803450537, -0.027783438829404726], [0.009789395398971034, -0.12451117416661431, -0.03715845746031768], [-0.018282212875832326, -0.1512407875636963, -0.04050414314674431], [-0.03980948931218371, -0.17200532232797192, -0.04198530913214561], [0.042976346299207616, -0.03141580680154039, -0.033809119219562485], [-0.016302253530537547, -0.0951020054538913, -0.043880342646074925], [-0.04557431513296801, -0.12583703561497572, -0.04805236636075824], [-0.06619947148851606, -0.1499493921677776, -0.050331420558899644], [0.023423567276200093, 0.0037724103864529494, -0.03795839615081162], [-0.030128602492019665, -0.057275188426799774, -0.050119658032188937], [-0.057328122298660675, -0.09288572291428478, -0.05608314134823736], [-0.07751396266881043, -0.11985584157898746, -0.05967378026171997], [0.006724079872935544, 0.03418762009647107, -0.04054742400025632], [-0.015847344901120962, -0.019203539849354134, -0.0506278790832056], [-0.006468558798994345, -0.030800284925646473, -0.04873129081141898], [0.003518556733981913, -0.033577073445720564, -0.04625363770309213]], "right_hand": [[-0.08589188128674394, -0.0680385472392156, -7.890174773226767e-09], [-0.050695894816008544, -0.1105285202152102, -0.014272016211646749], [-0.02943459463687073, -0.16470212444572618, -0.021034178638997463], [-0.017872099298884444, -0.21144890726488963, -0.027747107067533226], [-0.015480764544177877, -0.25153407993117, -0.034392707721030515], [-0.054661329517083176, -0.23397751986606358, -0.00844678297824322], [-0.049345193294286216, -0.2952284179154298, -0.021315524466275874], [-0.04770273808073049, -0.3322465445425813, -0.032708111809724806], [-0.047621980803040434, -0.36380063015598785, -0.040517230152012834], [-0.08114598518056468, -0.2341090028088027, -0.01122567774455952], [-0.08199312541829777, -0.30219005577587393, -0.021955697140661118], [-0.08299159542080944, -0.34432022623787445, -0.03200991512145015], [-0.08472877820004848, -0.3788521823875677, -0.039170124852812634], [-0.10627748776210824, -0.21980277896129669, -0.016547807671560045], [-0.11313232051757165, -0.2843222737466338, -0.027069568379310537], [-0.11617115558804315, -0.3245434178739892, -0.03457209072540846], [-0.11810965472380955, -0.35825323609491283, -0.039643888864475604], [-0.1298906814183665, -0.19485058277287434, -0.02350947257127125], [-0.13997023519241297, -0.24507912188351874, -0.03411151736953783], [-0.14677623503152318, -0.2802855455113485, -0.03875637449444199], [-0.1526473251719465, -0.31328531257865344, -0.041185190179871115]]}