{"label": "M", "timestamp": 1746080408150, "left_hand": [[0.09067886161383439, 0.058268834093613206, 4.4578195244336596e-08], [0.09316146912660894, -0.010503007430229338, -0.010482851129388938], [0.0721376656571561, -0.07542401543756617, -0.018810367812962758], [0.0420433077349707, -0.11560072022034203, -0.023317619712463357], [0.016513520805234917, -0.13276394299027866, -0.02820504873645187], [0.051093149423805946, -0.06466082784369226, -0.039777898706213906], [-0.0044517299434191325, -0.11978936325089737, -0.05195867482349359], [-0.033988984139502576, -0.14793160409565473, -0.05578424398974975], [-0.05710143487126626, -0.1692204613202574, -0.05678552771592443], [0.02640391778325428, -0.026138428886005764, -0.03938414297253658], [-0.02683067034227474, -0.09164158739864477, -0.05151434252368633], [-0.05667182778007844, -0.13012680781541977, -0.055450498702901814], [-0.07869417793190525, -0.1579839087457521, -0.05704434153337915], [0.006310761423096896, 0.00609487872509825, -0.03755810396678097], [-0.04098688715347188, -0.0589190408231494, -0.04655266955482051], [-0.06655903951793544, -0.10045136989447853, -0.05212446396309184], [-0.08557614168510144, -0.13071525917831087, -0.055759023153710084], [-0.006927758107661596, 0.027630061188923437, -0.035458802250183864], [-0.031745287044588975, -0.03199554596838358, -0.04201363705214259], [-0.03795328530966088, -0.06362581625344865, -0.043360197330780316], [-0.0423579676893704, -0.08641504343431056, -0.04352277512169028]], "right_hand": [[-0.09067886161383439, -0.058268834093613206, -4.4578195244336596e-08], [-0.05597878566234789, -0.10392651912866523, -0.018913542180271005], [-0.035105558764723335, -0.1586846963928392, -0.02937940588095676], [-0.02335917630171699, -0.206681183179893, -0.03836081494764262], [-0.0204847668432882, -0.2505079121034743, -0.04712307557487921], [-0.06827983505570356, -0.22694978883423939, -0.02085371895851119], [-0.06739325913816273, -0.29423473240119796, -0.03780851083888913], [-0.06796058000074177, -0.33480795606997776, -0.05092508179649169], [-0.06936187680397284, -0.37012046841683477, -0.05950289874235949], [-0.09516148664626002, -0.22498489598479401, -0.022923961885758234], [-0.09694060863093562, -0.29777999173032443, -0.036269576414134114], [-0.0981363791181167, -0.3435092315320839, -0.046935633764450486], [-0.09915797092603693, -0.38219969977396573, -0.05475217396009324], [-0.12100525470872156, -0.2085523290155981, -0.027441017536742163], [-0.1267141101752361, -0.2761455968679995, -0.03952205690929319], [-0.12721342703063293, -0.31812337220290854, -0.04660621814148445], [-0.12630432815806425, -0.3534282086431448, -0.05166828274393744], [-0.146104616480124, -0.18058811350625395, -0.033908253882815], [-0.1589802623119487, -0.2305250207511232, -0.045690100426864014], [-0.16606973662916485, -0.2644926133050545, -0.049870419189071556], [-0.17198699034958068, -0.29602024227188223, -0.052035303347071675]]}