{"label": "M", "timestamp": 1746080530798, "left_hand": [[0.09127987205975405, 0.05670531862298106, 2.3148848071274923e-08], [0.08233817769290433, -0.00992094686078319, 0.003954424796780152], [0.04899070108769047, -0.05765137707557141, 0.002374651556655816], [0.011813261686142247, -0.056568847947612376, 0.001035292575693437], [-0.016315945743972864, -0.04006087250677232, -0.002806062559122021], [0.036476151660974454, -0.08090409520431498, -0.013188202018152231], [-0.017209677871311353, -0.12687801211041452, -0.018024235492588688], [-0.04432645761569066, -0.1511284364335316, -0.01934263952740451], [-0.06689423998050166, -0.16926342883778644, -0.019272745430130054], [0.01542260945699111, -0.04594958214893091, -0.019667123769354367], [-0.043089644996309996, -0.09661111595761829, -0.024090974335187653], [-0.07410746915536832, -0.12329565688198665, -0.02613182118583273], [-0.09955525400897841, -0.14495227129422214, -0.026323709511143944], [-0.0029810266026994267, -0.008441597199970369, -0.024300710819440817], [-0.05034677475169236, -0.057963487772084474, -0.031169785078439885], [-0.07854868486066065, -0.0891545392110652, -0.03929910900460781], [-0.10195551683495868, -0.11379661929285777, -0.044854539915938546], [-0.015445888639875133, 0.026834715215896303, -0.027177049428747532], [-0.02974961762948063, -0.008720080315701983, -0.0320528059542206], [-0.015920425829434048, -0.003306605296111794, -0.028940617178079386], [-0.00206207378977485, 0.0061242346544143405, -0.025813478359893727]], "right_hand": [[-0.09127987205975405, -0.05670531862298106, -2.3148848071274923e-08], [-0.060928793857759386, -0.10671940840438066, -0.014131223338481696], [-0.045173725624965085, -0.16867513466951897, -0.0193643765822321], [-0.0449477007812709, -0.21771302558259417, -0.024128317631698672], [-0.057503417605087086, -0.2541150325748445, -0.02875191678135543], [-0.0769231758605096, -0.22621200078474996, -0.00678428494597308], [-0.08011721169898303, -0.28832101151564765, -0.01843077767610842], [-0.08428965180205407, -0.32533133088849164, -0.028808349950308388], [-0.0897058223059782, -0.35651340994605313, -0.03564477916084004], [-0.09863019394483569, -0.2222502796982461, -0.00862015953380138], [-0.10165654426838096, -0.2905346827372806, -0.017771496137200277], [-0.10567969600834153, -0.3322432878528034, -0.02635929980036086], [-0.11038525767376788, -0.36628955463443547, -0.032238961662936994], [-0.11953752026085841, -0.20608623297878406, -0.012968958296759694], [-0.12340791532220187, -0.2725470748925158, -0.021458235410175514], [-0.12523728210607007, -0.3114496242677852, -0.02631935291102729], [-0.1274318775924167, -0.3430584192299042, -0.029429432894791864], [-0.14031131642987676, -0.1803463179419055, -0.019056669609687677], [-0.14330997677799157, -0.23235881718903884, -0.026915966795363944], [-0.14347157389124235, -0.2668396035851182, -0.028805571999233462], [-0.14375618310773292, -0.29718400904967085, -0.02933644575384875]]}