{"label": "M", "timestamp": 1746080429349, "left_hand": [[0.08899277640814719, 0.069120723113874, 8.093939786682369e-08], [0.08596910408667799, -0.007501561415486369, -0.011705817346661356], [0.05319668541643265, -0.05743980223043279, -0.021782665658716113], [0.010570134834083741, -0.073226740436725, -0.027538335189342008], [-0.02261575732170309, -0.06861954871694671, -0.033352469690186876], [0.034776618585695716, -0.05191622999143282, -0.04096186239912026], [-0.024000355274935332, -0.10805406629590167, -0.05249978545353014], [-0.05396439095641139, -0.13523976364719584, -0.055766999224539655], [-0.07873427656960777, -0.15522152602607775, -0.05647987787067285], [0.0103390305829372, -0.009359648442211382, -0.03905677760047301], [-0.04437336177846524, -0.07491812568905462, -0.04928635254300737], [-0.07366048945873652, -0.11147042046187763, -0.05160314593390791], [-0.0966351053436532, -0.13778832485225467, -0.05230193769027091], [-0.009097356729512764, 0.02635659380042302, -0.03553419344762351], [-0.05448370274232642, -0.039835254341132095, -0.04180019592716175], [-0.07748285202637184, -0.08123270190266799, -0.04595514641405256], [-0.09546376916947387, -0.11057040783027904, -0.04972439168421288], [-0.021511035500980744, 0.04886026427005863, -0.032034700365967485], [-0.034216884752981805, -0.014797805375754895, -0.03587452984746409], [-0.03240104457133798, -0.0475858915059998, -0.03613707500436858], [-0.031949250321868135, -0.06840064665229395, -0.03627543710847063]], "right_hand": [[-0.08899277640814719, -0.069120723113874, -8.093939786682369e-08], [-0.053134015576434386, -0.11233858206891242, -0.022500815944331516], [-0.029586062817062997, -0.17051775938518357, -0.03423323899444483], [-0.022842659007108572, -0.21920363560929407, -0.043895668013262536], [-0.025428361308519314, -0.2629925642651637, -0.054211667430000374], [-0.07448312327024315, -0.22642111832652947, -0.029328135130851266], [-0.07733637049152883, -0.29043015750863915, -0.04827445581470598], [-0.08153775656501248, -0.3309950362457981, -0.0622632995418421], [-0.08728994469386495, -0.366998232626401, -0.07173278609480338], [-0.10490162588554192, -0.21819103845336918, -0.03070306994772495], [-0.11414852391267406, -0.288618114382007, -0.04671836829562554], [-0.12230172263800121, -0.333657306345842, -0.0592005645561328], [-0.13056783766916052, -0.37348216486645675, -0.06864839775775938], [-0.13233951404591146, -0.19602217238777137, -0.03438751048256115], [-0.14416040986021939, -0.26378423180278887, -0.05032098552061401], [-0.1512729021631518, -0.30753850772360064, -0.06016766617306484], [-0.15700767176294594, -0.34545941964045634, -0.0670402297584098], [-0.15740794771747604, -0.16367465523271424, -0.0398843789184148], [-0.17754545386490658, -0.21150342923331908, -0.05574830886637547], [-0.1901216594934877, -0.24329854861340325, -0.06241595129107905], [-0.20132906365497732, -0.2731583127405057, -0.06632202417587675]]}