{"label": "M", "timestamp": 1746067698450, "left_hand": [[0.04559402582027166, -0.07861327539072317, 2.2910547076880757e-10], [0.018825013447942452, -0.1245834626919934, -0.014058088638491964], [0.00695528120955189, -0.18137732432065076, -0.02269294538495634], [0.0056017320447160485, -0.22689346452508635, -0.030267189359870054], [0.007720559138229963, -0.2655243960888903, -0.03758056298821561], [0.052052811270685555, -0.23134327298605922, -0.01628131645844892], [0.05989274753315928, -0.2928681237270874, -0.029801119408433097], [0.06309676455043449, -0.3297477975527079, -0.04004901558394027], [0.06632945166579397, -0.3618440168768391, -0.04730570010336027], [0.07672587920542526, -0.22218437865535134, -0.019865465475935262], [0.0920933634100973, -0.2881917146461628, -0.03080269748752898], [0.09962091135229563, -0.32892217440981675, -0.03994377317420235], [0.10536948861212189, -0.363159012773133, -0.046550697666940075], [0.09764044864518844, -0.2013445117382363, -0.025383598196894414], [0.11454721438924229, -0.2634958976118562, -0.03675833162032102], [0.12290574998802611, -0.303699722398355, -0.04403367507585836], [0.12906073924383274, -0.33937701059647685, -0.049192489720201044], [0.11579302809233287, -0.17077642199763274, -0.03211810796501611], [0.13516617909099368, -0.21232331177490088, -0.042510782014515816], [0.14663176979148201, -0.24133388953331908, -0.04624587197541013], [0.1563337933095007, -0.26840195684956303, -0.04839715048138104]], "right_hand": [[-0.04559402582027166, 0.07861327539072317, -2.2910547076880757e-10], [-0.040975869570625365, 0.008900863447949416, 0.005223534171092338], [-0.016003145688361982, -0.03420120107524723, 0.0024049745398834763], [0.01472269636988387, -0.04151323357516921, -0.001746669874596051], [0.03595459571515126, -0.033011169410820614, -0.00775932179016228], [-0.002927221466283012, -0.05933561718770019, -0.014481423337941694], [0.028722296360677944, -0.12410760139009462, -0.02503934833807447], [0.046483867311744455, -0.16219030636560852, -0.030518653721716367], [0.0586188424762004, -0.19121984912679674, -0.03282690268415315], [0.017743474064620457, -0.03467786371529122, -0.024025925479519667], [0.0531067935255694, -0.10043954504580911, -0.033438000927753016], [0.07376057191785172, -0.14221779895311448, -0.03751640585296453], [0.08829359600064234, -0.17433988369182166, -0.03842202368917119], [0.03332064175062315, -0.0012463479285207285, -0.03208400935748284], [0.0675960111230884, -0.06447134884158216, -0.04361967262689142], [0.08628214821858692, -0.10405589505758207, -0.04977563573113839], [0.09979849678903192, -0.13423811822187284, -0.05187631028972395], [0.0437140865316028, 0.03934735012501697, -0.03850859881551943], [0.06658325326389715, -0.0012212393333040658, -0.04394809883976753], [0.06344650413203395, -0.00442000313384955, -0.03817469679198437], [0.05836504087809722, 0.0035693826927063314, -0.032163511561729925]]}