{"label": "M", "timestamp": 1746080430885, "left_hand": [[0.09197837639663829, 0.06705502068529248, 5.950301270591262e-08], [0.08822793839796765, -0.011677862438112108, 0.0020440884743891884], [0.05249729362460445, -0.06277485334147709, -0.0006050331446706165], [0.01152225205938447, -0.06791338053922863, -0.0025971841718581304], [-0.020387915266614178, -0.054734484808756555, -0.006170057723526046], [0.04524293818068402, -0.08620437420638777, -0.015415512844623577], [-0.011628712784148443, -0.14124363454154637, -0.018707109505369607], [-0.03943793976831209, -0.16585053512879752, -0.01897054759850953], [-0.06248597160230248, -0.18433057619436433, -0.018508669565184835], [0.018621769408179792, -0.04874091571625013, -0.019912675195611143], [-0.03303612821539516, -0.11339577430852514, -0.02162310460586897], [-0.058925400957469364, -0.14697283474848452, -0.022935500477536182], [-0.07915005928425428, -0.1713470586809676, -0.023574541322718457], [-0.0049617505276952235, -0.010497889368365619, -0.022679733973207224], [-0.04397063431579027, -0.07476691125906904, -0.024234069135690147], [-0.06544339828792291, -0.1161516635769809, -0.03180795215297581], [-0.08358868778207086, -0.14641785840359275, -0.03891105680677673], [-0.021784947700499716, 0.019757512556541717, -0.024217543696750762], [-0.022059327669804535, -0.03436770723037467, -0.025474981102295756], [-0.009467767920606895, -0.05289717444650359, -0.025335912847647062], [-0.0008798789167869641, -0.06265247022638928, -0.02576782198672902]], "right_hand": [[-0.09197837639663829, -0.06705502068529248, -5.950301270591262e-08], [-0.04339561673469452, -0.1121741169929728, -0.015144160036353377], [-0.013575706486692003, -0.1710850161805724, -0.020314639276364028], [-0.00036378371425482603, -0.22259778169306393, -0.025558719050569154], [-0.001151398576452773, -0.2695548176311178, -0.030473241098941582], [-0.04034214085139611, -0.24522048548373346, -0.0013373853721418908], [-0.033543985726166944, -0.3122381695938714, -0.014262056037026398], [-0.031132344257131583, -0.3516729344184842, -0.02660563766668297], [-0.030559557717554253, -0.38542750567464057, -0.034758077898242666], [-0.06491023657121134, -0.24964887407304237, -0.0035735544425214327], [-0.056427873924339976, -0.3215386761411544, -0.013673720139174], [-0.052409196087722924, -0.366202611375979, -0.024393560001161375], [-0.049460331262288604, -0.40443609382403467, -0.031908909165276056], [-0.09111995933650936, -0.2420146313715995, -0.009185582660995352], [-0.08200390462348067, -0.31092980675879517, -0.018938603898820197], [-0.07532635922136312, -0.3527830396581151, -0.025113509471665796], [-0.06911098265071688, -0.3881617900709563, -0.02913025421568515], [-0.11955214269131859, -0.22455146852016278, -0.016788118234191962], [-0.11414251534598163, -0.27901481504387204, -0.02527446386223565], [-0.10849965835267976, -0.3145918611896204, -0.02724004957743278], [-0.10302323324290644, -0.34687644304736553, -0.027887189866076186]]}