{"label": "M", "timestamp": 1746067660412, "left_hand": [[0.06965971069462534, -0.05852799537918632, -6.390307202512879e-08], [0.03505264099629487, -0.10322480185130602, -0.007925746456120809], [0.015791358043273196, -0.16268251869540512, -0.011187183883522337], [0.009740984248598917, -0.20951830161855806, -0.015129500062397662], [0.005337498004024212, -0.24868011014996075, -0.018741189084438857], [0.042860211331310065, -0.22668236248312457, 0.00010520550475361786], [0.03996042264909414, -0.28709045276111383, -0.010349833952017244], [0.03740367735996846, -0.32279408120482006, -0.02072419474904574], [0.0347675672522208, -0.3554015808730225, -0.028689927467794946], [0.06573660231077902, -0.2272910663190255, -0.0055449057062613065], [0.0634862808928709, -0.29413444075351314, -0.01339044578133631], [0.06010305146248828, -0.33421615149304107, -0.02224541945955792], [0.055595472087473514, -0.36982951484224197, -0.029024502877967515], [0.08852232281358166, -0.2161635962556609, -0.013477714144519912], [0.08832593767783148, -0.2824071852617886, -0.021177036181945278], [0.08700087852106564, -0.32220762834530914, -0.025819827398560986], [0.08409536944613406, -0.3573382040620471, -0.02965774078006774], [0.11094459568785947, -0.19375199844495483, -0.02288332629439383], [0.11458249520024474, -0.24284895801943696, -0.02983371323492165], [0.11725063049870763, -0.2751877343573904, -0.031129773491409926], [0.11874973372990895, -0.30398576777420017, -0.03193719059533262]], "right_hand": [[-0.06965971069462534, 0.05852799537918632, 6.390307202512879e-08], [-0.06616331207764356, -0.008984665003033467, 0.0025643604490039437], [-0.042468386951518576, -0.0544980012322356, -0.00102536359868828], [-0.010505377355536664, -0.05954203633357715, -0.005423008135009141], [0.011157479603890645, -0.046594625579848704, -0.010841302111516958], [-0.03342374790989534, -0.07626972582310974, -0.0164773394444859], [0.003030828465743726, -0.13663955252935134, -0.025410180279457076], [0.025570527039310696, -0.16779551380657087, -0.0288929676273541], [0.041555601452441145, -0.19060830482923266, -0.029926748440860185], [-0.013524641169077669, -0.051635507708827286, -0.024901470709924364], [0.0265310125059935, -0.11552306063796297, -0.0337304577025366], [0.048780322324931694, -0.15068541381187334, -0.03507730052014582], [0.06407250854007014, -0.17572523929941966, -0.03353901034671911], [0.004192023144560209, -0.019759767883605926, -0.03204666348486699], [0.03937964513983659, -0.08209979693453766, -0.04158485812260345], [0.055612543180695834, -0.11823439165779843, -0.04364627426866174], [0.06814362645512635, -0.1440730452147323, -0.042971129985673075], [0.01721578087193466, 0.019090436893411476, -0.038202540802082983], [0.03905718615203026, -0.02445107546245671, -0.040881469400581225], [0.027729862683316214, -0.024085645965589444, -0.03176778026420913], [0.017013855513318122, -0.010012218696122701, -0.023660688815328155]]}