{"label": "M", "timestamp": 1746080441119, "left_hand": [[0.07866270950563428, 0.06630542260654207, -1.3144365111327792e-07], [0.07823944724411626, 0.009244596920287512, 0.0040839704586580865], [0.056106549331748044, -0.05050416987137345, -0.0014060681450503948], [0.01868186608155222, -0.07749825192578286, -0.006830058624715329], [-0.01072695085048815, -0.08409686323150735, -0.015248335637444594], [0.06438848247000699, -0.09957946713377007, -0.018843382994162473], [0.00037310287548346816, -0.14025243404883836, -0.029892826532811775], [-0.034750286830809725, -0.15104964107559446, -0.037137382171287515], [-0.05851430998080487, -0.16255524619315237, -0.04203363245930099], [0.056978915206974574, -0.07254970639423401, -0.029225516742589813], [-0.011879588948229713, -0.12490935142452465, -0.03785941212596685], [-0.04685413393416426, -0.1415105114706811, -0.04312054304103954], [-0.07023152787588872, -0.16148473881348788, -0.04732739771696155], [0.043782243192518285, -0.03805473138893713, -0.0378071948836721], [-0.021962378023730467, -0.09195678212809838, -0.051270406313983954], [-0.05489083117187668, -0.11798071228137856, -0.05769126196892502], [-0.07563482981693775, -0.1463969863679201, -0.06237654413672485], [0.026262393710816536, -0.0015819385729461386, -0.04432391865165798], [-0.015746394921463073, -0.022004425280739304, -0.05763681710296399], [-0.012360663893980743, -0.009321790618663402, -0.055723653144137145], [-0.0016858362254677539, 0.00023653646806192816, -0.05314432188384817]], "right_hand": [[-0.07866270950563428, -0.06630542260654207, 1.3144365111327792e-07], [-0.04674465689878333, -0.11648830077944469, -0.005869424022020252], [-0.03610897667645098, -0.17563078686921568, -0.0072028781721629725], [-0.03482825136497539, -0.2202917645088427, -0.010383658645730997], [-0.04357376881785073, -0.25570779651675346, -0.013261469682837194], [-0.06765216449744184, -0.2433428012597635, 0.008867416327485294], [-0.0691008402449226, -0.30599180100398116, 1.1127266421101665e-05], [-0.07106428747410737, -0.3421528274494749, -0.009879030766540356], [-0.07463878150391876, -0.3732731751333088, -0.016829031925925962], [-0.08680464418188388, -0.243167013993229, 0.0030456262596757345], [-0.08837582776023936, -0.31328495370952464, -0.0035043357869743857], [-0.0906209053511878, -0.35616581456530133, -0.01190888802258365], [-0.09424978001064441, -0.3914000394462241, -0.018193819633261322], [-0.10545189606582865, -0.2322906127656902, -0.0055726826404997555], [-0.10814216803183747, -0.298701584815732, -0.011944619473255444], [-0.10976817271743232, -0.3400736447324256, -0.017263998961847028], [-0.11189217402968706, -0.37430174537536304, -0.021148231329899195], [-0.12371347310962341, -0.21142443664795005, -0.01563391641727502], [-0.1274537151874692, -0.26475346274358014, -0.021615653764385515], [-0.12950824951247886, -0.30033026907335797, -0.023327175339562505], [-0.13180431238495088, -0.3327455841775452, -0.02432438678872858]]}