{"label": "M", "timestamp": 1746080526826, "left_hand": [[0.0821852926528929, 0.05136576470395481, -4.7738763756489324e-09], [0.07339799841644595, -0.004587182817920188, 0.0024208713224653116], [0.04541149196212713, -0.052938412745046695, -0.0022787796580397263], [0.010320045039706764, -0.059776935694307115, -0.006392079145240295], [-0.015883818078164337, -0.05093321923437489, -0.013386602186063197], [0.03680557088647329, -0.0706991571897311, -0.02249839660361544], [-0.018537213258975886, -0.11403056541508022, -0.03140878750396592], [-0.04841890857102567, -0.13630762860692994, -0.03481072063015818], [-0.07228734002513691, -0.15348427225855343, -0.036239321520306525], [0.022589188316570575, -0.03643786426676281, -0.03141037087596604], [-0.03708179690443023, -0.09048015352658705, -0.03964119859793241], [-0.06742096061524185, -0.11870718306208122, -0.04265947928728018], [-0.09022091956566979, -0.14246482518332235, -0.043580427293547684], [0.008408228440617562, 0.0009945444446332016, -0.03827079480253793], [-0.04431946037771041, -0.054414507789128, -0.05045229446908803], [-0.07095329073110813, -0.08530959854696882, -0.05736564225446056], [-0.0911786774679048, -0.11300181266210213, -0.061405309981021824], [-0.0027948897866280453, 0.03953764891304917, -0.04310759224617107], [-0.030446412642572303, 0.009811058667017555, -0.05498652540392438], [-0.01945315893069432, 0.018317325391654666, -0.05181484912983292], [-0.006303660821760908, 0.028133110821103275, -0.04766452752110361]], "right_hand": [[-0.0821852926528929, -0.05136576470395481, 4.7738763756489324e-09], [-0.0519304073030555, -0.10058025465040621, -0.015018624341802844], [-0.03692766334689592, -0.1601576387655589, -0.022030458799725938], [-0.028909187295430117, -0.21178935391696838, -0.028784154579133043], [-0.024915371966878378, -0.25715085989931574, -0.035659167480461246], [-0.07587530768455922, -0.21889022152257992, -0.01002943901994232], [-0.07535665293417013, -0.2804928084866007, -0.02379037911322201], [-0.07536022135956275, -0.3178324941863552, -0.03564225949627112], [-0.07655971672857792, -0.35115900911930265, -0.043913911592771686], [-0.09761815330742275, -0.21440487894976512, -0.01282294043687409], [-0.10279504177504149, -0.28200389651895613, -0.024459344441847167], [-0.10595969329548048, -0.3243124184079412, -0.035275136715793715], [-0.10954065488410578, -0.3605355606169171, -0.043242753363987065], [-0.1175143294481816, -0.1958026960609316, -0.018239184307202005], [-0.12739989534276847, -0.2595857217198268, -0.030080574266911055], [-0.13170225802922073, -0.30099905458950804, -0.03832009885809345], [-0.13536635832463725, -0.33684556911529195, -0.04404106710702363], [-0.13608415363136067, -0.16725536765145338, -0.02526594169592274], [-0.15008194679239653, -0.21542810157752743, -0.03751630636769362], [-0.15891782579446384, -0.2496801838527546, -0.04308493928392739], [-0.16771044464471652, -0.2818922477747349, -0.04630939929540356]]}