{"label": "M", "timestamp": 1746080405770, "left_hand": [[0.08821567321104426, 0.07128321694188831, -4.455241636601361e-09], [0.08729177714936745, 0.010917908147601041, -0.00601937659228874], [0.06262884174077595, -0.040011738206137806, -0.014923516592278979], [0.027912706490275836, -0.06624587816460872, -0.02131228661091006], [-0.001864476336604895, -0.07318413627854765, -0.028817083634217096], [0.06084690042617618, -0.05017112159111774, -0.03426603426842086], [0.003347661250563844, -0.10000444767188403, -0.046646810335299396], [-0.027280921497355365, -0.12517023091395224, -0.051516677888647805], [-0.0510408183259448, -0.14481050043806507, -0.05341120884625553], [0.04387497088562648, -0.016472094257527294, -0.037424804175279235], [-0.018585832562897458, -0.07468449273009609, -0.0503397807514654], [-0.04951481975376483, -0.10546616620374849, -0.054795165664515554], [-0.07041048993572194, -0.13001451836976669, -0.056580837225413134], [0.025947424899204763, 0.014326095080968652, -0.0388743592796815], [-0.027359389576247204, -0.0416237716751154, -0.0508670479645069], [-0.05501430149161811, -0.07600852637564319, -0.05559552943668129], [-0.07429625472052023, -0.10221923932411071, -0.05796718193293031], [0.010036870046357818, 0.03934936696566374, -0.0395203387015072], [-0.014546959331480945, -0.00398493085739963, -0.049016407208885476], [-0.011078344180177207, -0.018979457721520984, -0.0480278077657602], [-0.004400902052040004, -0.027159630899799992, -0.04584817877964487]], "right_hand": [[-0.08821567321104426, -0.07128321694188831, 4.455241636601361e-09], [-0.05588744493858258, -0.11068092648190096, -0.01707907618630875], [-0.03533079300804366, -0.16231380843698212, -0.026046042261490095], [-0.025053937876231298, -0.20798595173788756, -0.03413153053596853], [-0.02340591328976741, -0.24827108775819504, -0.042165486476793516], [-0.06408482509622111, -0.22899526595551165, -0.016032476286495803], [-0.06350054979605337, -0.2909525304560429, -0.030529957799430917], [-0.06503496578862034, -0.32783059595873937, -0.04216257582142812], [-0.06772088489012851, -0.36019341539877037, -0.04993503130726727], [-0.08880646979690131, -0.2272401186190701, -0.01799096524082563], [-0.09034033644203249, -0.29484393048227925, -0.029468357170444093], [-0.09222651200235081, -0.3364520191741473, -0.03904488735627955], [-0.09453003212589897, -0.3711130779139889, -0.046034150607542436], [-0.11219550394368216, -0.2123024049123397, -0.022364326822425756], [-0.1173596533742025, -0.27605201288698056, -0.03288568808048473], [-0.11853842892519759, -0.31471926754625207, -0.039318555413945855], [-0.11861191743539733, -0.3475807349700088, -0.043870864707641656], [-0.1352501449900364, -0.1871877641444544, -0.02860993756382498], [-0.14528766184869765, -0.2360711799043268, -0.038868980991076336], [-0.15085776131337658, -0.2692184674826559, -0.04272038941003191], [-0.15590874517212563, -0.3000807887040582, -0.04475043640564903]]}