{"label": "M", "timestamp": 1746080403705, "left_hand": [[0.08375474818017152, 0.05980761165568687, 2.568673200522527e-08], [0.08567739451363461, 0.002966761740362401, -0.00897926915478263], [0.05863370512988247, -0.042945843127427136, -0.021409226885494643], [0.020711626065760966, -0.06253327107694526, -0.029952053808278225], [-0.00981694246104531, -0.06711937702576302, -0.04050637212100845], [0.06140752990586014, -0.04606516523046831, -0.04883934588145646], [0.0012241292869800554, -0.09665932501089004, -0.0639629228314305], [-0.02984489419832979, -0.1219696494551637, -0.06924202113930497], [-0.05359570454868688, -0.14232173455782648, -0.07134113600065171], [0.04374851637576311, -0.009074687157664237, -0.05181025458170745], [-0.020020870217740513, -0.06963518098847327, -0.06759368495103049], [-0.05279179134556694, -0.10212295155274392, -0.07340737828294804], [-0.0733073851524084, -0.12684346165326202, -0.0765819885920786], [0.024765672009205108, 0.024261396175842515, -0.05236867969972824], [-0.03361643251773578, -0.03440610001811552, -0.06950365159872128], [-0.061919438349781794, -0.06890814498195906, -0.07798216390383073], [-0.07978187794325085, -0.09384244165693295, -0.08275956272883818], [0.0074680639668073135, 0.05096542979729118, -0.05133229793674077], [-0.019231891581129642, 0.008115972488404139, -0.06692904163227528], [-0.011670114587205441, -0.004065527006258618, -0.06910081784396228], [-0.0010554403272595057, -0.009659615161085967, -0.06900650780157905]], "right_hand": [[-0.08375474818017152, -0.05980761165568687, -2.568673200522527e-08], [-0.0502196842508145, -0.09547106256414242, -0.017130371399186505], [-0.028712494010812283, -0.14263299076315208, -0.027387866350655213], [-0.0164431689780439, -0.18613854029521013, -0.03662673959520416], [-0.010798729474137382, -0.22572866164382088, -0.04576163574248008], [-0.0550655561344475, -0.210573475031706, -0.018717994579191752], [-0.053895259254791966, -0.27418967669271377, -0.03397897000029176], [-0.05475819430562857, -0.31185863965360217, -0.045609883646623446], [-0.056647848656987985, -0.34447411637577086, -0.05327251029631001], [-0.07979512249731364, -0.21026659081510019, -0.020602776367492703], [-0.08002388037767953, -0.28036856426305934, -0.033379006397008186], [-0.08109110486781182, -0.32280475841972667, -0.04372374709291039], [-0.08237218941120193, -0.3572124382320855, -0.05093631608026945], [-0.10350008207521483, -0.1966560388394943, -0.0244957384072246], [-0.10611258414137373, -0.26080005710505944, -0.03629353389398984], [-0.10650971869655161, -0.3004459856037988, -0.04334281461357629], [-0.10640005158454773, -0.3330625828776982, -0.047982394760558766], [-0.12710417362765317, -0.17256215596254015, -0.029954919481556718], [-0.13393435892933836, -0.22271808816775843, -0.04093772942822374], [-0.1377501865966575, -0.25625554015818086, -0.04475986708766569], [-0.1418458766511423, -0.2872268735762149, -0.04656526421524222]]}