{"label": "M", "timestamp": 1746080431971, "left_hand": [[0.09603018139545483, 0.07021566363363999, 2.7900459826990512e-08], [0.09149344786135384, -0.008072570506203369, 0.002083738040291195], [0.056824508713911114, -0.0618730246394324, -0.0013631107181778519], [0.015014114574458719, -0.07344791249986618, -0.0038742518496253132], [-0.018827588980536405, -0.06435926892265073, -0.007958498901866357], [0.04854319362889788, -0.0834878103939484, -0.018319711344326264], [-0.010469020444425377, -0.13887805211767684, -0.023304818038804024], [-0.037331248312899315, -0.16427259957504214, -0.024524019318321516], [-0.05945958318984672, -0.18377367993298835, -0.024358033491687626], [0.021285063545650337, -0.04409646683368526, -0.02297853274928238], [-0.03291808940689777, -0.10758227552956495, -0.02616281921297747], [-0.05934272793215018, -0.14107632890035218, -0.028011635636228608], [-0.0799132887706902, -0.16688218678393224, -0.029027088420533226], [-0.0026819845632742954, -0.004368845816706504, -0.02577969442166399], [-0.04363874834205847, -0.06698839636960906, -0.029013994819801985], [-0.06582516329421262, -0.11016170280578452, -0.037064355682884825], [-0.08381249307501187, -0.14307630702199917, -0.04424651306802475], [-0.019829875757101132, 0.026977287432355907, -0.02712509387656109], [-0.023073806287389847, -0.02508686594193332, -0.028854622166624978], [-0.011409848152046268, -0.044293722833789004, -0.02838269741990066], [-0.0030668809127327953, -0.05637526666943052, -0.028562486435950583]], "right_hand": [[-0.09603018139545483, -0.07021566363363999, -2.7900459826990512e-08], [-0.04890312404177316, -0.11362287367056494, -0.017482599435898527], [-0.01695981640242017, -0.16953656979550838, -0.02306667138734753], [-0.001513354752166327, -0.22012354295915382, -0.028044928378806806], [-0.002407243409645069, -0.264523346887752, -0.03266086552610528], [-0.044220553137979186, -0.24209051640375326, -0.0064841184288904575], [-0.027630601390021357, -0.30688111870407797, -0.018885630042548725], [-0.01987345512204183, -0.34647612869827754, -0.030241819774049935], [-0.015032650768673635, -0.3818630557435137, -0.037890249332105407], [-0.06997640191425025, -0.24851068173837496, -0.007615881608151511], [-0.05768369993284381, -0.320332641760487, -0.01693296266035495], [-0.05219331782345661, -0.36614500023094004, -0.02699751755445014], [-0.048462426024313505, -0.4043411454350538, -0.034500075952875256], [-0.09795284814039712, -0.24127948067270805, -0.012000567061392383], [-0.0892007716479319, -0.30842275080668985, -0.021843297050564724], [-0.08077039466777372, -0.35053484081552566, -0.03037456112944473], [-0.07235586999537641, -0.38421479676746, -0.03643778646064848], [-0.12815639879293064, -0.22224118729699427, -0.018475914984091266], [-0.13623103531244754, -0.2723497914901454, -0.02843859080344611], [-0.1407244018754999, -0.30847461353342037, -0.03330054041690765], [-0.14434805406769544, -0.34072508135774304, -0.03620755872237156]]}