{"label": "M", "timestamp": 1746080423181, "left_hand": [[0.08643815731419031, 0.047603817503574064, 1.5027047293303367e-08], [0.0880880695492248, -0.016251612421505544, -0.001519883331725539], [0.0627717101975403, -0.06975894941847777, -0.008155982524422753], [0.023409264528925135, -0.08602138029592699, -0.013199846679900611], [-0.008573679628243345, -0.08262527334438892, -0.019761221335171338], [0.06111430142981578, -0.0871885655657509, -0.026783036536712025], [0.010229116559170243, -0.1447687225860479, -0.03611991470925724], [-0.01665234828095585, -0.17240424624045447, -0.038910927566749], [-0.03707896095335261, -0.192425459925839, -0.03935270783089199], [0.04064283391134717, -0.051397951259502646, -0.032039955659688875], [-0.01713823729076079, -0.11497828330487184, -0.04245691187920123], [-0.04607819316182345, -0.1468089163926462, -0.04586934865935378], [-0.0668648525748873, -0.171797773192972, -0.04678864650905958], [0.020055614243569938, -0.01676556901815941, -0.035362696070919304], [-0.0302815421117026, -0.07569495980829789, -0.04716774545662255], [-0.056904802917114056, -0.10947735603980101, -0.05278561507879874], [-0.07694088531781032, -0.13490861485461136, -0.0556150410047161], [0.003506929508852635, 0.013279681317295733, -0.0371378776765626], [-0.016772932318633384, -0.03790657283304322, -0.04522567717714874], [-0.006181823828441638, -0.04089005072931113, -0.04158746064259548], [0.005817353778201511, -0.03546856539360005, -0.037675300907537616]], "right_hand": [[-0.08643815731419031, -0.047603817503574064, -1.5027047293303367e-08], [-0.04625373992969754, -0.09773625811780419, -0.012495260318246748], [-0.024415487517459106, -0.16117245066969732, -0.016122740556722904], [-0.014375089951256938, -0.21149791811854796, -0.02052348281288695], [-0.011418880248541619, -0.25642762293153387, -0.024326445423666115], [-0.05224217275546145, -0.23277790978122037, 0.0034490628220454366], [-0.041266982432826275, -0.2966425416113555, -0.008077601456583348], [-0.03568984634017197, -0.3344630997257136, -0.019619355671515945], [-0.03333248880218078, -0.36683152909466793, -0.027521409478088975], [-0.07427620546811887, -0.23447482634207906, -9.93644626892559e-05], [-0.0701445678624797, -0.3057076615917394, -0.009975290640023463], [-0.06968767018288834, -0.35040639503497234, -0.020489370924503], [-0.07213605197088832, -0.3857801701479231, -0.02784648276204163], [-0.09664770650189594, -0.22269368769808384, -0.007103399720909733], [-0.09358411163304027, -0.2910766325534408, -0.017527568799518767], [-0.09133627097664632, -0.3328830544647784, -0.02445658443177173], [-0.09073590884680689, -0.36622622849068676, -0.028755315221176313], [-0.11974269399744275, -0.20061330793853474, -0.015896194717079874], [-0.11669810692474426, -0.2530011923276217, -0.025550669625720123], [-0.113165463598193, -0.2891965128133587, -0.028912031835847972], [-0.11047872049352285, -0.3209520917527554, -0.030415686185171115]]}