{"label": "M", "timestamp": 1746080404409, "left_hand": [[0.09023545423896528, 0.0517773739019098, 2.5634386056874077e-08], [0.08634802583294329, -0.006014316042214708, -0.0067392600721151545], [0.059150162446707934, -0.0577102419456012, -0.0157165903216474], [0.026371678032908446, -0.08469229929072189, -0.022432376138466565], [-0.0017369787094914395, -0.09598143695708325, -0.030545587074430686], [0.06131010995902257, -0.06634009800946608, -0.03629119593288329], [0.005424961885468257, -0.11624117706801686, -0.049549183188685175], [-0.024040449385338555, -0.141824856841988, -0.05483758838067298], [-0.04765413796267676, -0.1620843121074623, -0.057074644448966656], [0.04682625243801455, -0.031174430618182217, -0.040638665333187496], [-0.013149988544973061, -0.08981225399920639, -0.054331208816083366], [-0.044368677026396575, -0.12034234638557348, -0.05960988475535139], [-0.0667298467105965, -0.14491233238120202, -0.06214423491967576], [0.030088484008799852, 0.002657341092804876, -0.04334539595821167], [-0.024000927077858388, -0.05504362557252732, -0.05775416109500738], [-0.052502403511496945, -0.08741506582496353, -0.06382877536039115], [-0.07261005394999674, -0.11228549256880616, -0.06696127873572867], [0.013348258787498554, 0.03302265038095736, -0.04506227080926979], [-0.013570598471336294, -0.012669124902543783, -0.05773897082074727], [-0.00810904284576647, -0.025115981332614657, -0.05745971990428016], [0.00033096371946396706, -0.030585298996950856, -0.05551247183728951]], "right_hand": [[-0.09023545423896528, -0.0517773739019098, -2.5634386056874077e-08], [-0.056289584118680736, -0.0964297124986826, -0.014140588240384925], [-0.03584772094219663, -0.1493851182061194, -0.02190037606002452], [-0.02327891504985588, -0.19317295083386662, -0.029561601787352728], [-0.017341525084497836, -0.23385351116297734, -0.03707953912186898], [-0.06269538463904356, -0.22019538502284544, -0.010099140779013287], [-0.060627513421452985, -0.28269008713437993, -0.023445246535403336], [-0.06150129467074757, -0.3200345196411345, -0.03506030749181185], [-0.06416431486989757, -0.3531897833862449, -0.042949224882115736], [-0.08702923374889872, -0.21895783831916246, -0.013313894393406024], [-0.08619778765599505, -0.28649394900377495, -0.02325907109812304], [-0.08734073006150252, -0.3271794941284237, -0.03252581935546812], [-0.08933715847732827, -0.3613610560634514, -0.03948363924921058], [-0.11095448985020556, -0.20477346019294335, -0.019000277649872305], [-0.11280354634651744, -0.2690572410287624, -0.028087882592213967], [-0.11313891626918021, -0.30804460873633094, -0.034067318417793306], [-0.11304041314878031, -0.3407440841408525, -0.03853130296308887], [-0.1349528266146683, -0.18013119466201324, -0.026464247896623834], [-0.14274910024468462, -0.22946539565084176, -0.035390020561681], [-0.1478728469583463, -0.26336586852604776, -0.03839108778574032], [-0.15300448033066277, -0.2943748039323671, -0.0399130081734478]]}