{"label": "M", "timestamp": 1746080530323, "left_hand": [[0.09091103149970081, 0.06124681964745597, 6.904656450120946e-09], [0.0798831427108383, -0.007039263097139674, 0.005882923152942027], [0.0416489462309162, -0.05149667573387338, 0.004107207585498567], [0.0012308980548638366, -0.040111798682146406, 0.0017856209839316934], [-0.02850995745233811, -0.01734900609844402, -0.0032130560491438758], [0.03422482966685155, -0.08670115761774184, -0.009406144268912528], [-0.022432665459549646, -0.13777285552084745, -0.013950616951773982], [-0.0481461287900386, -0.16230486862426835, -0.01562536687533093], [-0.06625537492047262, -0.18001505137246032, -0.01578492600772736], [0.01236841165475919, -0.053088033248950325, -0.01671423510534584], [-0.04712374163927205, -0.10343148733584714, -0.017950088939895456], [-0.0775787840477998, -0.12910817318698925, -0.019885528892157334], [-0.09940303371862258, -0.14978595235499015, -0.021139210863227308], [-0.005758238275053736, -0.014341591315660507, -0.02241499542044531], [-0.05575034599009354, -0.05802095849488579, -0.025763703968439095], [-0.08440923980250113, -0.08773811805985646, -0.03510102163260598], [-0.10583503809281827, -0.11087033019169396, -0.04299298722719965], [-0.018387027981070198, 0.023429855351325315, -0.026370094892045923], [-0.030082017787664166, -0.0016638605957862184, -0.030232162927818218], [-0.01658363098938453, -0.0003221615390523897, -0.02967099558564694], [-0.0029507185594222305, 0.004197280033727082, -0.029073184639508642]], "right_hand": [[-0.09091103149970081, -0.06124681964745597, -6.904656450120946e-09], [-0.05832861368028005, -0.10280663356298163, -0.013112681386842438], [-0.03849883941827992, -0.15964686858286134, -0.019900985521949136], [-0.02747577014309157, -0.20811889786006066, -0.02652112783618894], [-0.022725967291719874, -0.24959987830191616, -0.033401664936108494], [-0.07275647811571885, -0.21758421234051134, -0.014419664884142092], [-0.06721069050594047, -0.2804021551956345, -0.0282450291492006], [-0.06581534567200023, -0.31888807563976007, -0.03826832425965606], [-0.06671426147244787, -0.35248989710148243, -0.045151775539718865], [-0.09991470542036243, -0.21633572879825308, -0.017797123169956033], [-0.10529576893777759, -0.2852362230360869, -0.03077539096909124], [-0.10941383299674926, -0.32812536209823856, -0.04062663470076916], [-0.115997728551898, -0.3631438910795124, -0.047249712710838256], [-0.12388908931665062, -0.19918592926500764, -0.022961348017458475], [-0.1423572170903211, -0.2585650534883473, -0.03583304025639982], [-0.15304643941830265, -0.2973926621519273, -0.0433343407582045], [-0.16258377885310601, -0.33082103849654276, -0.04804844191453161], [-0.14404485012855564, -0.1718921435757512, -0.029246577162716343], [-0.15916276564684095, -0.2188548809457141, -0.04150835229617121], [-0.1685034803987712, -0.2516761706928739, -0.04623724190070683], [-0.176792020727921, -0.2819434433186521, -0.04861674290194281]]}