{"label": "M", "timestamp": 1746080437425, "left_hand": [[0.09462401706278784, 0.04918321724551639, -1.5283727753189848e-08], [0.08964390280942268, -0.011813329780209898, -0.007868922497051154], [0.05870758900453657, -0.06231973937450941, -0.021011508732467803], [0.01443280185031081, -0.07570667675615798, -0.030633101470586812], [-0.021386662638537033, -0.07143900153012679, -0.041840453323007294], [0.06079392121445375, -0.07960520872657316, -0.04442769148590494], [-0.007764914357492809, -0.11891841512550354, -0.0581409932946507], [-0.04325235584404256, -0.13587692090721354, -0.06359422656818622], [-0.07145270637735847, -0.14986484779427833, -0.06653191915519321], [0.045740992779302166, -0.036423897958464777, -0.04836285995693459], [-0.028633668688857486, -0.08540292718214336, -0.06398473926661978], [-0.06354302125668644, -0.10937565188755588, -0.07065609735222768], [-0.08846464686135778, -0.12959711847311545, -0.07483884956926333], [0.02815646661834607, 0.003645027801414648, -0.04988725792556728], [-0.03766184331708399, -0.0470811564155898, -0.06708186609324819], [-0.069661063887708, -0.08077551746867333, -0.07534267135275909], [-0.09368225262542945, -0.1057248723108782, -0.08051053491224115], [0.010514067656903861, 0.03661526875271027, -0.04979333445342866], [-0.016217378887631993, -0.013537087119842299, -0.06420829514898839], [-0.008202564096874452, -0.031656634894617564, -0.0654072740054398], [-0.0002819079974599642, -0.04244110699845532, -0.06539694655093588]], "right_hand": [[-0.09462401706278784, -0.04918321724551639, 1.5283727753189848e-08], [-0.06546590718621231, -0.09407578766873502, -0.019594683606977956], [-0.05052457029212077, -0.15332851715097942, -0.03061189179930436], [-0.04440121969565585, -0.20329085141113834, -0.03981351174315953], [-0.04712944292397085, -0.2469148358457871, -0.049192580167216865], [-0.08695619054144796, -0.216057839731874, -0.023301911354620588], [-0.09721984294569626, -0.2820860894644049, -0.04021386814339357], [-0.10529915217944952, -0.32216289728668185, -0.05334090161844185], [-0.11392617598786477, -0.3568444156454805, -0.06207974331092516], [-0.11196874390197509, -0.2074672083286724, -0.025257632553655398], [-0.12302017648854602, -0.2804872379604229, -0.03943031746865247], [-0.13132160366085213, -0.3280241338036445, -0.05108086224510239], [-0.13877757312667013, -0.3676935952210274, -0.059348058366016664], [-0.13456578243313289, -0.1859234370139691, -0.02939220699571583], [-0.14608678356131677, -0.25492331303231963, -0.041993918320554026], [-0.15280696072708932, -0.29954546125621156, -0.04995097570137857], [-0.1579173331625302, -0.33759270902070465, -0.05533352338493385], [-0.15587197347516576, -0.15420750912744244, -0.03531213514228188], [-0.16895435968235437, -0.20818404994941758, -0.04757077038126288], [-0.1756458134765973, -0.24509771867248709, -0.052311489179795105], [-0.1817361446224781, -0.2800708733399931, -0.054709060778154815]]}