{"label": "M", "timestamp": 1746067700751, "left_hand": [[0.03825713021134692, -0.08508263788204681, 7.365274510286598e-08], [0.0023564683622744574, -0.12004970541987788, -0.023496066480207203], [-0.018907475242342462, -0.17486269038799832, -0.037433325623873304], [-0.030608159240583445, -0.2250302530979823, -0.048578624747039556], [-0.04431026022733679, -0.26504427161777844, -0.05949773317329992], [0.027295502793063937, -0.22952274486022986, -0.027905260379291193], [0.0377529955099072, -0.2917031236667966, -0.044968082398492336], [0.04585686632419299, -0.32986896702550084, -0.057721653499727514], [0.055270553367627435, -0.3636769472713848, -0.06682244123497459], [0.05630021569431743, -0.22765368824855778, -0.027689955167006158], [0.07097660647107859, -0.2973210344396512, -0.04169535144014783], [0.08026024588619281, -0.3414882823041755, -0.052460395234225826], [0.08974389357235904, -0.37975570869403, -0.06049025809586974], [0.08118276569009777, -0.21316349596562786, -0.029856344510288287], [0.09628305658502587, -0.2796074266689229, -0.043876526251432596], [0.10505339925648628, -0.3231909946256974, -0.05211180954923495], [0.1129794997662591, -0.36081496545374514, -0.05784998880462423], [0.10321867806515046, -0.18865914706677675, -0.03389146523498186], [0.1217810645427403, -0.23455501878427917, -0.046027009889147694], [0.1333449405708332, -0.2668522405353678, -0.05066931605222284], [0.14327299178031533, -0.2961562542282701, -0.053553930560307536]], "right_hand": [[-0.03825713021134692, 0.08508263788204681, -7.365274510286598e-08], [-0.05700289096101758, 0.006549481429140938, -0.002591391297491455], [-0.0344295758865828, -0.05044749423277726, -0.006416181686242536], [0.0008357027825366071, -0.06823337539475739, -0.008503815271026706], [0.019358238824088523, -0.06613397792567408, -0.012340275206453253], [-0.011780874105580713, -0.06559372876657497, -0.0270464940457078], [0.012166080161969725, -0.14536731899302774, -0.03516854439763925], [0.02761194905691428, -0.19048157066261648, -0.03773568691566699], [0.040497205056756115, -0.2273827631022128, -0.038766691859586776], [0.019253809333221256, -0.04132396817674403, -0.02912229147280157], [0.04301387572997772, -0.12414046831659792, -0.03789552785965788], [0.058401614580389255, -0.1715396710480716, -0.04049418157627142], [0.07121095016246685, -0.20869442078214592, -0.04141064709378613], [0.0403039126515989, -0.01382512141764724, -0.0291990263560903], [0.06310018557855396, -0.08565001736032353, -0.03848758870104709], [0.0759888662252428, -0.13326657397674968, -0.04412104103276664], [0.08567181056753177, -0.16631010188488804, -0.046690332294311215], [0.05175401924287813, 0.011502899523842884, -0.028160985875506726], [0.054396200999246, -0.04466766882555202, -0.031434901005569435], [0.04202446412272336, -0.06284520505421748, -0.02778946172803085], [0.03182542105299666, -0.06589754386543115, -0.024437969451696746]]}