{"label": "M", "timestamp": 1746067697485, "left_hand": [[0.07165397428199141, -0.07719766477680884, 2.565650317196175e-08], [0.03248182455163761, -0.11537254053195582, -0.017912900251047036], [0.0035480992798494673, -0.16885775831515593, -0.02829423293570963], [-0.009541219450792046, -0.21530598280211416, -0.03704489965263037], [-0.014538826155463199, -0.25767221737355517, -0.04537578007767614], [0.035867391907796975, -0.24028173623227858, -0.0177694405074904], [0.025390494559858787, -0.3019908780890295, -0.03351103387017681], [0.0182623025538277, -0.33828326989463825, -0.046101528151615306], [0.012454014086423585, -0.3725240819541978, -0.055192655018596645], [0.06378123913903493, -0.24177919035724207, -0.020575375239261603], [0.06572657977797032, -0.312477012675209, -0.032274814276346285], [0.0649766899102041, -0.3548932152718658, -0.04214629487944664], [0.06359245172406137, -0.39312985011516005, -0.049726399748588924], [0.08916217044047922, -0.22870558579894984, -0.026028015091785157], [0.09321407956134721, -0.29506873083247454, -0.03805964015861755], [0.09374614448404495, -0.33648711608696913, -0.044574946841009246], [0.09273417786636494, -0.3744903639555931, -0.04960019733953482], [0.1121769342633936, -0.2039940825865207, -0.03328732426098167], [0.12218957888466415, -0.2509041037815083, -0.044099617578956404], [0.12965031146738135, -0.2827063501494045, -0.047041351938630925], [0.1354204338398403, -0.31237605509490135, -0.04895366673401896]], "right_hand": [[-0.07165397428199141, 0.07719766477680884, -2.565650317196175e-08], [-0.06285125572758106, 0.0024537582317354515, 0.00608458821763546], [-0.0337229181470578, -0.044647245580725387, 0.004034836561786711], [0.00024621043481699254, -0.04479834506367452, 0.0002561439138515342], [0.025886784202215, -0.02691279142202176, -0.004802942405814511], [-0.02399447617812367, -0.07401253462314615, -0.009591633345859146], [0.009328045726861514, -0.14519208434906541, -0.018558978503572552], [0.02821330762768115, -0.18336426500411376, -0.02305277129197301], [0.04093078948342426, -0.2120484109659616, -0.025005960866578712], [-0.0021826398556843243, -0.045228213529406376, -0.020076337518528605], [0.038121321508025774, -0.11302710793644281, -0.030287145351587615], [0.05818008215501764, -0.15236474550672394, -0.03508618403608856], [0.07174512952242419, -0.1827384801489539, -0.036139862218097514], [0.01583193083585135, -0.010279589939104446, -0.0292182556116631], [0.05511253661049689, -0.07718666702963216, -0.04195211726427582], [0.07060118993862405, -0.11753735795150402, -0.04813076464845974], [0.08214304304972989, -0.14913992783064106, -0.04982730299220102], [0.028956285867775083, 0.03157974846701151, -0.03667158210277859], [0.0523068939384642, -0.017895595062987987, -0.04113766996854215], [0.04087532258462015, -0.015944342591578176, -0.03303956523034187], [0.029871533167399336, -0.0006967268448528879, -0.02554182935796404]]}