{"label": "M", "timestamp": 1746080438209, "left_hand": [[0.09546727416667396, 0.04224622069685676, 6.925181716370779e-08], [0.09129442956842576, -0.027622193485354513, -0.005423019439188324], [0.06095415525141703, -0.08703823420399118, -0.012762243646404634], [0.020889397216767372, -0.11870339955263468, -0.01663754093877766], [-0.013698097306010017, -0.12317413185606842, -0.02131569244257584], [0.052880470278138865, -0.08359082760101672, -0.03760715527791916], [-0.010829811721423608, -0.13376474903185553, -0.04815417945134689], [-0.04274353204947325, -0.15683936534309117, -0.05075793427410179], [-0.06783945916730624, -0.17231600635910038, -0.05085106139604479], [0.031612128728117084, -0.03945847512145015, -0.0396683114108671], [-0.032573652799440564, -0.09946185022318574, -0.05021345299003807], [-0.0641968932117987, -0.13272902447805873, -0.0531517623247235], [-0.08776637788124322, -0.15633892800838323, -0.054242533058962664], [0.011415202216499287, -0.000874014085267506, -0.03958628721691279], [-0.043675144762745186, -0.06229166404269825, -0.050367707509685375], [-0.07201964150502961, -0.10332073063692092, -0.05852892435965041], [-0.09385495039516792, -0.13203167654034628, -0.06421459543387191], [-0.004153519549296267, 0.026561741274901508, -0.03814549405095444], [-0.021612646148951847, -0.033849219861548284, -0.04696182305538786], [-0.015351890688678866, -0.05868811594769355, -0.048834430806332256], [-0.010005463099525075, -0.07353174996830965, -0.049568086544443044]], "right_hand": [[-0.09546727416667396, -0.04224622069685676, -6.925181716370779e-08], [-0.06408798294498218, -0.09968380370793128, -0.007558165904553013], [-0.05150755995857824, -0.16249902159156, -0.012504810921640026], [-0.04701782658752979, -0.21121120927892867, -0.01888607758857102], [-0.04908153516803979, -0.25407842339294473, -0.02536304243204334], [-0.08115376117625607, -0.23118695285600835, -0.0008074324530125351], [-0.08435735868860189, -0.29780525631335336, -0.01295031590718626], [-0.08787423739777689, -0.3353328902275588, -0.024337017616795017], [-0.0931671117475152, -0.36892437855723076, -0.032408318700368983], [-0.10214903024027207, -0.22576389054622598, -0.007706019603727339], [-0.10545372744233196, -0.3000284862993034, -0.0170655367032045], [-0.10841106411338917, -0.34326234221201224, -0.026518515304011548], [-0.11329516157809275, -0.3792379303959373, -0.03375093676490052], [-0.12286101702803402, -0.20774166686999568, -0.017031640155798965], [-0.12857286054055064, -0.2796356649099545, -0.025923762186103136], [-0.1310494789572079, -0.321880554656453, -0.03169256949832829], [-0.13404651647645183, -0.357420746948178, -0.03605473083972435], [-0.14349318181930945, -0.17903327779225853, -0.027696736919603275], [-0.15026190499131742, -0.23609798455296208, -0.03671662690070633], [-0.1533877032014712, -0.27438427768388374, -0.03979853877404676], [-0.15696280223256798, -0.30957185569319184, -0.0415281481677488]]}