{"label": "M", "timestamp": 1746067663189, "left_hand": [[0.07001552050555873, -0.05868487199417105, 4.2458764420664203e-08], [0.03849233797252907, -0.10531339373446084, -0.013209038810652716], [0.02225073397638958, -0.16744634208960274, -0.020313475755986108], [0.018156490877180943, -0.21510727408768765, -0.027116871661955935], [0.01774897328878275, -0.25239912783116414, -0.03337424232956633], [0.05342651361347185, -0.2359926277329716, -0.008091408036722288], [0.05881693011444478, -0.29731928005162933, -0.02231274996066755], [0.06280422908750928, -0.33430371908664774, -0.03559553428353736], [0.0666411089182299, -0.3674855727961102, -0.04510948710688041], [0.07700886306066979, -0.23058879356202433, -0.011823675420070519], [0.08313720727315896, -0.2983829172880654, -0.02187653362030019], [0.08679087411682868, -0.33989871091765705, -0.03159721759380397], [0.09018638322470926, -0.377248295951681, -0.03872566648574337], [0.09949727517130871, -0.21303669368416436, -0.01814900614473021], [0.10735972081676405, -0.27841281204219864, -0.026995163685132797], [0.11152807006033753, -0.31947639929770455, -0.0318044163210742], [0.1146240208586266, -0.35608666630243535, -0.03566790804781505], [0.12075863253538009, -0.18445787317466436, -0.026403307614340468], [0.1327116137659722, -0.23140561629024822, -0.03407168531153007], [0.14077046938309137, -0.2630574363204496, -0.0355047967386225], [0.147464739136406, -0.2923295398928506, -0.036255218000162126]], "right_hand": [[-0.07001552050555873, 0.05868487199417105, -4.2458764420664203e-08], [-0.0650306795618035, -0.010128531210660593, 0.0021942511512693546], [-0.043015416866049073, -0.05859315515796489, -0.0005310358674395149], [-0.01461285775471524, -0.07123983875364467, -0.003922587078188779], [0.006640863895851006, -0.06697116594476966, -0.008336550163679918], [-0.028655773495027157, -0.08089173372071033, -0.01251853500402213], [0.00011153438166167414, -0.14380860061668838, -0.021389762401482035], [0.017155550351924335, -0.1797110193246645, -0.02616325711245585], [0.028834043129982244, -0.20826371068737234, -0.02836335775459652], [-0.008605581531501089, -0.05548374255262921, -0.02107106239535434], [0.02495748407127831, -0.1214764778790071, -0.030641721701597777], [0.043577590755730415, -0.1604038749730396, -0.03435940385148141], [0.05663916283087982, -0.1900116409801604, -0.034567992896528586], [0.008679158030998523, -0.023090485913665006, -0.028582335563032545], [0.041222966223523456, -0.08693996914700404, -0.04192330909857477], [0.055462556757932886, -0.12525955461861352, -0.046930530296545016], [0.0661370194156743, -0.15377550186864497, -0.04755174855467428], [0.021348660493049135, 0.016657419354127085, -0.03477154755676837], [0.04073088200462911, -0.030781326622080146, -0.0419967918067936], [0.028878974669567358, -0.026928822267770994, -0.03452928744270253], [0.017746236790301143, -0.009123662485970711, -0.026854429871588238]]}