{"label": "M", "timestamp": 1746067700641, "left_hand": [[0.03709356305747967, -0.08621851481234198, 7.983282980780446e-08], [0.002990394592828757, -0.12021707916365099, -0.025970823676828], [-0.01643821564949269, -0.17349478748800456, -0.04086101372277163], [-0.0267257718049068, -0.22323150401476255, -0.052412411878135605], [-0.03948938929568277, -0.2638106828422041, -0.0635134287371495], [0.030977831001586794, -0.2302840175839846, -0.029162329478623406], [0.04262163205583717, -0.29085641492906217, -0.04591561044543642], [0.051473020067382906, -0.3280062672954036, -0.05864527225152849], [0.06150695134321633, -0.3605899362729127, -0.0678030661150918], [0.05973518576075998, -0.22847476292087354, -0.027507285692144823], [0.07577431978873786, -0.2966634133795635, -0.040919435877428245], [0.0859864077295007, -0.3396811867368641, -0.05142215329387254], [0.09597868447127335, -0.37638200545354566, -0.05941947856868519], [0.08388831117164851, -0.21394583964169345, -0.028461781520025764], [0.10027649682996448, -0.27974467815319437, -0.04201264464500432], [0.1100760489574624, -0.3219210076473156, -0.049965219139641526], [0.11876188804005647, -0.35814693126297664, -0.05565593572841518], [0.10491890578861285, -0.18918257554499826, -0.03155108057170295], [0.1236850975636086, -0.2339848335964925, -0.043467947144358365], [0.13576682810429463, -0.26510130514353075, -0.04816026914963597], [0.14622496737299073, -0.29312567375414583, -0.051157947717137386]], "right_hand": [[-0.03709356305747967, 0.08621851481234198, -7.983282980780446e-08], [-0.06399994179402534, 0.012657988720446472, -0.005880246039006903], [-0.0473892719184907, -0.043155790198498765, -0.010756919985837268], [-0.013482525743330606, -0.06287045794157335, -0.01339905650061453], [0.007720523099675686, -0.06311593011555712, -0.017511457455840453], [-0.009518796112897972, -0.06536879442883936, -0.028540423943823376], [0.014089389981807357, -0.14434570190744495, -0.03894272219108976], [0.02883825811088907, -0.19024567944477586, -0.04400212756217186], [0.04156561165436508, -0.22573258034571278, -0.04665891834250807], [0.022924338931247824, -0.04215135904883669, -0.02913178746096882], [0.04603284881843919, -0.1238465478646099, -0.03851826360276815], [0.05948646141459821, -0.1709720819845554, -0.041996266839566795], [0.07095771914219902, -0.20664371072023346, -0.04354956330093518], [0.04347499312528528, -0.01599217800776393, -0.028353880684202044], [0.06502557888830017, -0.08737637720831985, -0.037112977172620895], [0.07662041915866522, -0.13513060521560818, -0.04253192020179995], [0.08494094575003118, -0.16640179996777268, -0.04528137839845143], [0.05275820723164493, 0.008296335776398045, -0.02709800205105791], [0.05661608534022903, -0.04601026181440838, -0.03200681347329799], [0.049751729979141374, -0.07064586701554086, -0.030647750767745847], [0.043835182331575434, -0.08059341525228998, -0.028548339975931314]]}