{"label": "M", "timestamp": 1746080424040, "left_hand": [[0.08770317141018917, 0.05643842263526422, -4.586254322230896e-08], [0.08517536048606496, -0.0074700606861825255, 0.006680028146587363], [0.05905903504024918, -0.06014138333272186, 0.0030092126724080475], [0.01902565217383226, -0.07735434081839818, -0.0002613745710913241], [-0.014431790067592029, -0.07693846934981699, -0.00530280798085931], [0.06023069644169984, -0.09485341672365528, -0.014923548267996242], [-0.0024536560496677524, -0.1333244765003478, -0.018706357168505085], [-0.03274171464131162, -0.14407909105233732, -0.020141343446196825], [-0.054382674737111225, -0.1517952258066422, -0.02081472733632268], [0.03957334932905176, -0.05704367313822353, -0.022977944959477522], [-0.024756256000098703, -0.10773521887220117, -0.026541838295381755], [-0.052230205435053946, -0.12715876121624983, -0.027960863923112436], [-0.07151266651213234, -0.14231131364749666, -0.029088797054602183], [0.017697877139978373, -0.01883974353003855, -0.028685269747348426], [-0.035047564418420676, -0.07119592594143631, -0.0349363062921874], [-0.05934376889985586, -0.10415819918849062, -0.038613079476238994], [-0.07872370659536987, -0.12995100511412686, -0.04206559215474704], [-0.0018140253042349293, 0.01594281251308164, -0.032268699763926025], [-0.01832905667517974, -0.027352953278258475, -0.0376043129043374], [-0.008057204021688484, -0.033744549632415126, -0.03348398829053428], [6.965954986525233e-05, -0.03621622294304441, -0.030329637006186835]], "right_hand": [[-0.08770317141018917, -0.05643842263526422, 4.586254322230896e-08], [-0.05440051218508911, -0.10542555705983878, -0.012934121017368384], [-0.039271299479119774, -0.16472982104718714, -0.02003423109949998], [-0.032028558366865106, -0.21403231148248364, -0.02706276774732162], [-0.0351805900637235, -0.25629203082464047, -0.034369724571361594], [-0.06765290889293361, -0.2275492850144679, -0.012008096513723582], [-0.06959082534290205, -0.2925905901328973, -0.026707072941380534], [-0.07160199760240869, -0.32991908224889344, -0.0386783695706016], [-0.07476591493748622, -0.36396731802939175, -0.04691285570819328], [-0.08991785600458867, -0.22379540128004113, -0.01643170494405896], [-0.09192915413318387, -0.29691662079999376, -0.02800290419868935], [-0.09317489848389751, -0.3407233251843698, -0.037560251980356736], [-0.09538176121350833, -0.3774963390312804, -0.044740723856374086], [-0.11144076887662334, -0.20658798203426115, -0.02315156338583889], [-0.11624003135408473, -0.2762317802821459, -0.03382725577164299], [-0.11743483468653089, -0.3186372740101462, -0.03988673529733941], [-0.11811021225311294, -0.3548503502259768, -0.04446220703067704], [-0.1324294933368364, -0.17912226803395698, -0.03143588019652403], [-0.1390412527081717, -0.23127767126781335, -0.041589991308322555], [-0.14075825092643016, -0.2680909812043595, -0.04515124139336716], [-0.1423898199961574, -0.30212977680321623, -0.04739519504617998]]}