{"label": "M", "timestamp": 1746067698849, "left_hand": [[0.05575364339823729, -0.07155136014733574, 6.590491821796368e-08], [0.03141720035357088, -0.12391643205504714, -0.013100404638766133], [0.021963191420447933, -0.18428733791979393, -0.021019259583029037], [0.019893687982996663, -0.22952448956106683, -0.02807184935098197], [0.02342894653397016, -0.2683681155603597, -0.03506130372530365], [0.06752769503707413, -0.22865215332523983, -0.015749397260624895], [0.07678359277677124, -0.29106576853472343, -0.029179230685720873], [0.08168349834119874, -0.3296337567192893, -0.03939350805597977], [0.08642125614055653, -0.36325398477750215, -0.04669269522603672], [0.09205511013306093, -0.21793828659887923, -0.01979309379969249], [0.11068492455538564, -0.2841743546603465, -0.030270797147459803], [0.12059641863855253, -0.32594402498100944, -0.039296758736814194], [0.12777424597027184, -0.3619474994623884, -0.045973875644023075], [0.1125915216939185, -0.19632745646097272, -0.025610889461779883], [0.13164254550046392, -0.2574940643330084, -0.03623905580687402], [0.14223239194256165, -0.2977349543012495, -0.042455463795181975], [0.149754058205934, -0.3335631182243019, -0.047099785283507486], [0.12974920039446425, -0.16536731737088325, -0.032684800444954344], [0.1500477892839345, -0.20646519441942465, -0.042204358415260206], [0.16371589994298155, -0.23570832521351873, -0.04474963268821844], [0.17507458737019654, -0.2619189269197764, -0.04622836932771754]], "right_hand": [[-0.05575364339823729, 0.07155136014733574, -6.590491821796368e-08], [-0.04685215944443689, 0.00256864101971661, 0.004378623301436839], [-0.019331614401108095, -0.04135399377157391, 0.0004501189815041691], [0.01155128809532818, -0.04136510406147549, -0.005167605708987626], [0.03271839824156282, -0.025699149103860484, -0.01232708914055976], [-0.01276030181088368, -0.06832103220354065, -0.011947790145843573], [0.012515607715219878, -0.13442399988437972, -0.02312243272056233], [0.02521904179726995, -0.17332415896522008, -0.030011568204665717], [0.03278251666159726, -0.20588469292697645, -0.033834364070117785], [0.007668130225629181, -0.043386730627182186, -0.023533725390202195], [0.040898025689227374, -0.10915107987403283, -0.035120594858234766], [0.0573916749346913, -0.15002726425038138, -0.04145012199545787], [0.06859521988002754, -0.18460690376828848, -0.0435917753878122], [0.024276541180437986, -0.009226471088331271, -0.03392063056304338], [0.06061218655809141, -0.07295255064444192, -0.049271094002873224], [0.07661818777811594, -0.11070049680910313, -0.05591088100530735], [0.08994022852360199, -0.1438768933265487, -0.05772193076617755], [0.03655367923951724, 0.03392781353386175, -0.042664233504673035], [0.05937845356299584, -0.011578729172795947, -0.050677175927812596], [0.04813176142755988, -0.0029712886344631716, -0.042131073448311476], [0.0380882378350806, 0.015957477363526647, -0.03386452973424063]]}