{"label": "M", "timestamp": 1746080439558, "left_hand": [[0.08726310999490432, 0.07761029818740878, 9.705108959374046e-08], [0.08312161754006474, -0.0034179512411352374, -0.013435161663984407], [0.04870044595411037, -0.05646562311826975, -0.02251576996932938], [0.006654047669525778, -0.08215636329012958, -0.02618401619955276], [-0.02478371034267018, -0.08980798218687756, -0.028967625572764964], [0.026120322569385988, -0.03669043382329795, -0.04343250038110261], [-0.026519149976860633, -0.10573231637607791, -0.05405748765783559], [-0.05290818821238838, -0.1373242084160568, -0.055297508030215686], [-0.07460964889243062, -0.15953516419690553, -0.0543558002890094], [-0.00020302243286770917, 0.005849552427717397, -0.03850982130432293], [-0.05014539187024285, -0.0733012960669647, -0.0464671049445775], [-0.07562889044831139, -0.11513845987749195, -0.04498688863851147], [-0.09451455494345734, -0.14415242663928346, -0.04303664882861981], [-0.01846559765204321, 0.038827411900279905, -0.031954140678649115], [-0.05757506494853392, -0.04078334308894934, -0.034292033852271524], [-0.07592218497106758, -0.08569550319609123, -0.033907385518581565], [-0.08957136805150759, -0.11618710988270395, -0.035160505487935576], [-0.028562983343750827, 0.05765470834367021, -0.02596137691262491], [-0.039530234340768, -0.010415618148603631, -0.026757225118774475], [-0.04060779008677562, -0.04250267809612509, -0.025081215059274173], [-0.043050684261531975, -0.06280944575971618, -0.02392237538268604]], "right_hand": [[-0.08726310999490432, -0.07761029818740878, -9.705108959374046e-08], [-0.05136381372946943, -0.11684195956579704, -0.026563527480394797], [-0.028851717581934277, -0.17148224799138956, -0.04054358254662532], [-0.019963974303956935, -0.2229833729665764, -0.05122934818300329], [-0.015278982106654385, -0.27035738654181635, -0.06169207730294092], [-0.07304656647043772, -0.23770941159184947, -0.03161366336905385], [-0.07929394088855861, -0.30539863115252774, -0.04933320340231488], [-0.0860580099118705, -0.3468424255339666, -0.06238426656020776], [-0.09259056370067327, -0.3835003628412148, -0.07121149629821512], [-0.1023501113025974, -0.23250039960783753, -0.029908247104456876], [-0.10948221683557989, -0.30568372075382827, -0.045200701351017794], [-0.11500215404884571, -0.35335260879293623, -0.057680701077903296], [-0.11919619749952928, -0.3949847034287009, -0.06697013989508951], [-0.12847926717910851, -0.21370998042630698, -0.03045505933709177], [-0.1373556995150354, -0.2815692411491439, -0.044158214013835684], [-0.14084908396732146, -0.3248528410475341, -0.05290057577871202], [-0.14202833944546378, -0.3617211080152921, -0.05919963491814684], [-0.15283233584555259, -0.1844570834791066, -0.0332456707220495], [-0.16994844834159398, -0.2331911929512243, -0.04647967265796691], [-0.17900970685678833, -0.2657918594372182, -0.0519492178290103], [-0.1866588840263635, -0.29691122340763176, -0.055101272162578256]]}