{"label": "M", "timestamp": 1746080442392, "left_hand": [[0.08287061034998909, 0.06678431941794745, -1.3188774039432584e-07], [0.07841989993377917, 0.006468957384261724, 0.007092016124640834], [0.05474847999776947, -0.04813311596286943, 0.0013204805564282227], [0.01719627869864633, -0.06799062370072431, -0.004727419055833508], [-0.012616548519218422, -0.0671136072847534, -0.013450520303633811], [0.058261721981140324, -0.08868784138053179, -0.020703495978222658], [0.0012505525709646048, -0.14190195860459665, -0.032250884950791536], [-0.03087828939345202, -0.15721654349194855, -0.0375505256280406], [-0.05379032477383699, -0.16737033785058117, -0.040331339201687605], [0.0481386897497458, -0.06285164766127245, -0.03252130142685846], [-0.010288924027531014, -0.12876464461468487, -0.04474244153039294], [-0.04693166447961179, -0.1449684842162238, -0.04802130254041255], [-0.07206465519653762, -0.15807884437109163, -0.04868535500491043], [0.032853166198943365, -0.028676218379611713, -0.04209443983615967], [-0.02288562690757269, -0.08578008088231859, -0.055609833125757895], [-0.05456682815748004, -0.114286885719857, -0.05952930526774058], [-0.07354748586106181, -0.1423393206275528, -0.06156097831446225], [0.014841681885059648, 0.008795269309222024, -0.049313519861535135], [-0.025118728108053115, -0.01581121576843627, -0.05925871778826203], [-0.02350547267930728, -0.004227758941154925, -0.053629890921911234], [-0.014242615338695027, 0.004820114759041523, -0.04843634630729407]], "right_hand": [[-0.08287061034998909, -0.06678431941794745, 1.3188774039432584e-07], [-0.04581755414427268, -0.11488245825056778, -0.015210639932686917], [-0.02774077425742924, -0.17372526831128243, -0.02222633913021137], [-0.02448335337785698, -0.2227251959459909, -0.02899143744970577], [-0.03304934870750752, -0.26071666341416727, -0.03562226342821685], [-0.06222373237719445, -0.24449794189410268, -0.00861404641078442], [-0.06563045310026125, -0.309806085915438, -0.02194764516467879], [-0.06981696786721653, -0.34865526952264025, -0.03383631997315069], [-0.07513656048306039, -0.3823619276141708, -0.04195012220017153], [-0.08747777502269906, -0.241756045461743, -0.010975505891691216], [-0.09146873583417078, -0.3126593101904827, -0.02150081093923248], [-0.09463032085580894, -0.35666057701755255, -0.03152507714612606], [-0.09797742147049661, -0.39339948609096304, -0.03882063960278154], [-0.1110587757493809, -0.22606514214767306, -0.016027315252921556], [-0.11716156399049052, -0.29420839332584797, -0.025516943915067522], [-0.12026626495833563, -0.3361141381296645, -0.0320189465531983], [-0.12230664069219513, -0.37154234764835486, -0.03663236440471734], [-0.13354889487442237, -0.20058256499680943, -0.023001289618008274], [-0.14160359000329895, -0.2538713321426216, -0.032081154821321026], [-0.14591964216542094, -0.2901879459801546, -0.035663895826378036], [-0.14968435159816457, -0.32362338341741226, -0.037616764030621204]]}