{"label": "M", "timestamp": 1746080408660, "left_hand": [[0.08708864307599073, 0.0514262772506331, 4.681694843658493e-08], [0.090022991705111, -0.011578661616209662, -0.009414261455027367], [0.07350684934405956, -0.07775963754464205, -0.01826855342296697], [0.05169343402157883, -0.1268963633228599, -0.023563976592717615], [0.03300729374922098, -0.15205763196053207, -0.02958678558707176], [0.05271481959171451, -0.06941065473867686, -0.04175123666844535], [-0.0026866047256837704, -0.12430451566768229, -0.05471913824586292], [-0.03218580060172602, -0.15337816663654788, -0.058347731151184065], [-0.05541997969485816, -0.1757980837869312, -0.0590635983207946], [0.028665671347545423, -0.030174809633902632, -0.042628510869666784], [-0.027303711946052238, -0.09614532037578671, -0.056529556103068264], [-0.05557188803514907, -0.1348251229640166, -0.059955913958294256], [-0.07580628405230147, -0.1636761094033636, -0.06072003925346625], [0.008090365575098644, 0.003283214477656131, -0.04178668990393981], [-0.04087350081729236, -0.059969530173348336, -0.053613630249853855], [-0.06592191669238576, -0.10229103112048882, -0.05840148340113395], [-0.08352270440494634, -0.13393163601278973, -0.06064207395975142], [-0.00600567466354823, 0.027884586313613645, -0.04041359197190853], [-0.03249900547233279, -0.03187872192291519, -0.048813193211096804], [-0.03212888801473854, -0.05850889753545343, -0.048177077036128634], [-0.028168645362645753, -0.07517245746416613, -0.04632724115696349]], "right_hand": [[-0.08708864307599073, -0.0514262772506331, -4.681694843658493e-08], [-0.05013101643081443, -0.10121529659341015, -0.016074089419930007], [-0.028755875764696754, -0.1578634584019576, -0.024083142617087643], [-0.01788535948760158, -0.20712062175164445, -0.03140834197481519], [-0.013856606032595942, -0.24975067767489723, -0.03855337339106324], [-0.06133303659297181, -0.22733175061611727, -0.01324784420772853], [-0.05654435247195316, -0.294502694386485, -0.02785029972631299], [-0.05576972955375419, -0.3348742276009644, -0.03993478986058368], [-0.0569468954295583, -0.3696985074043667, -0.04808411008660179], [-0.087392760320095, -0.2260354024635556, -0.015972349772591463], [-0.0869787075476005, -0.2997407563339904, -0.02825203602446448], [-0.08761595525582969, -0.34480772825669814, -0.03902227458635423], [-0.08926615507535857, -0.3821223006051022, -0.04680679909714628], [-0.11253923062433802, -0.20992749608682879, -0.021132795610474278], [-0.11622843570000393, -0.27888567896275834, -0.03288664155975801], [-0.11680208770292277, -0.3224269020444413, -0.04095601630885452], [-0.11709342215721905, -0.3585612321609879, -0.04657257171211673], [-0.13707050043873437, -0.18237649992272734, -0.027968458761078663], [-0.14800275599938353, -0.23351363506475736, -0.039911783490960355], [-0.15541686248905887, -0.2689587907045186, -0.044813267333936174], [-0.16290050523366484, -0.3011539176155444, -0.04737658355473941]]}