{"label": "M", "timestamp": 1746080531046, "left_hand": [[0.09419367525035748, 0.048647972975536004, 3.469443837709912e-08], [0.08614758537851328, -0.016843857205643714, 0.0010229155645113167], [0.05171266451941242, -0.06396868583180566, -0.0033254242425570057], [0.010831220409102085, -0.05905355095182679, -0.00675059749171368], [-0.020410962456805702, -0.038483792032829874, -0.012243777197683622], [0.042967247667653974, -0.0902824716956175, -0.017794508241016315], [-0.01429665253487298, -0.13613866420779852, -0.024095283741402806], [-0.0428337020595932, -0.15798649176006305, -0.026356730240383656], [-0.06708882172404917, -0.17396687728516577, -0.027026946107649392], [0.021614853758402882, -0.055211384005746, -0.02348923494471451], [-0.03529685503899812, -0.10920018145666863, -0.028821657403546527], [-0.0637108101870272, -0.13741050737833693, -0.03145657271303425], [-0.0870830460462502, -0.16013461597233375, -0.03226865838663125], [0.0014588051353196297, -0.01869202730459809, -0.02754495412744566], [-0.043748448914976576, -0.07109759525829053, -0.03502474148074581], [-0.06933976039654466, -0.10644256557816999, -0.04357202119049814], [-0.09220550770015024, -0.13492813241262352, -0.04992399286837798], [-0.014288200997592117, 0.015194637803483933, -0.030107578609120292], [-0.023231681889332216, -0.02344601702508338, -0.03581092781451142], [-0.008795833667345739, -0.02122556425492243, -0.03389625845458597], [0.0026526979664729315, -0.01458688172080475, -0.03203755930597784]], "right_hand": [[-0.09419367525035748, -0.048647972975536004, -3.469443837709912e-08], [-0.06110647274693706, -0.10580319169084186, -0.010793199577311797], [-0.045597052909818137, -0.16540875253636356, -0.015627684059259767], [-0.041153902429906006, -0.2142865960069159, -0.021142195407596532], [-0.05014405542707658, -0.2531051104191528, -0.026537820461908924], [-0.07567697961426013, -0.22359445511870032, -0.0008438678426579508], [-0.07607876720579544, -0.2868351202469217, -0.012547385233158632], [-0.07770270745626692, -0.3241770680900221, -0.02353859296001187], [-0.08091376340191471, -0.3564042134848833, -0.030791219309460792], [-0.09722132529099511, -0.22054454433254614, -0.004787623610988701], [-0.09766953974245944, -0.2911341229670948, -0.013674884919182836], [-0.09912192133214484, -0.333469212624675, -0.022603804359274126], [-0.10160439062305111, -0.36830816601490135, -0.028870293831118454], [-0.11864859453834384, -0.2056252417670403, -0.011447193869534272], [-0.12132205347976675, -0.27260093928728435, -0.019798316087265774], [-0.12176362743765326, -0.313468310078819, -0.025266092839731785], [-0.1219612764467863, -0.34627998869387555, -0.028921531275883684], [-0.14091682947521555, -0.18084359887600202, -0.01971233513677298], [-0.14543734547831702, -0.2328465114463848, -0.027172480447723534], [-0.14704509952569259, -0.26810807943073145, -0.02919610247979957], [-0.1481413280521516, -0.29877499181038336, -0.0300250039771549]]}