{"label": "M", "timestamp": 1746080538425, "left_hand": [[0.10732379529089768, 0.0031107425242844953, 4.2776511085866416e-08], [0.08816050985579371, -0.06316693386114466, 0.00033695468924591326], [0.04741689094217724, -0.10146638668895128, -0.0030585355824471984], [0.008062628917918063, -0.10656898681823843, -0.005259087297663919], [-0.021699481655376704, -0.09441986767112712, -0.009070220791478883], [0.03053411873322454, -0.11476469684046639, -0.022677253890920505], [-0.03550632397938306, -0.14206032502890695, -0.030679044326920042], [-0.07051315841362132, -0.15472386045204942, -0.03321581124619832], [-0.09724564443852297, -0.16181501206796228, -0.033428502401872], [0.016805619607186056, -0.07319096670437301, -0.027067619201380032], [-0.05053694176403491, -0.10748970142766436, -0.03289957019984209], [-0.08648582314294079, -0.12572955651324705, -0.03431626898336582], [-0.11246783997555292, -0.13846535423805695, -0.034257479606066336], [0.006088167792946456, -0.028987180040871096, -0.029742357525067428], [-0.05173729888617708, -0.06367198280177448, -0.035868678514462064], [-0.08581090269141958, -0.08787674453474431, -0.04262219279112984], [-0.11080419333656585, -0.10435557992342863, -0.0477402165530237], [-4.0194921338700606e-05, 0.011299131855820658, -0.031206365288223094], [-0.01949556017162456, -0.029731214109891217, -0.03676788859498083], [-0.015163679209685695, -0.04794446281424997, -0.03691046003016739], [-0.00990112592463798, -0.05787887623433197, -0.0361331925837124]], "right_hand": [[-0.10732379529089768, -0.0031107425242844953, -4.2776511085866416e-08], [-0.08104470010698617, -0.06507566620409852, -0.014071223583254402], [-0.07535365026515564, -0.13194738121647015, -0.02111926528506318], [-0.07682239335411162, -0.1846009767145992, -0.027980275147262163], [-0.08145194304563148, -0.22814039101854444, -0.03442357515586501], [-0.11789613212352085, -0.18448451475891625, -0.010077147849384452], [-0.12931093876398234, -0.24948538003473647, -0.02363817572123266], [-0.1380763047901228, -0.2875419315582182, -0.03519287495542796], [-0.14803275899938442, -0.3188220621277062, -0.042788251442285916], [-0.1437551731600764, -0.17529051442106058, -0.012883281624392307], [-0.15907724102307644, -0.24510658367868673, -0.0229769176071114], [-0.16914533576538796, -0.2873852648415585, -0.03195069700629352], [-0.17855541455430796, -0.32143291168168686, -0.03846458903800878], [-0.16566511483320426, -0.1531093726446433, -0.01813250957964249], [-0.18265285630062483, -0.2171430408609999, -0.02726964172952337], [-0.19110920849453966, -0.2555607858171624, -0.03284940526527293], [-0.19719346011155153, -0.286270925835045, -0.036897127320641335], [-0.1845620019083758, -0.11925145370494408, -0.025115865501064333], [-0.20461299980696446, -0.16536456308968148, -0.033240311944884575], [-0.2172881755218924, -0.19642219976411177, -0.03531999569900324], [-0.22806795160339255, -0.2237496493419304, -0.03621111513715462]]}