{"label": "M", "timestamp": 1746080531345, "left_hand": [[0.09081945853437758, 0.0464399088928246, 4.975176340331258e-08], [0.08114416069092173, -0.023759236381387744, 0.0057176452449502375], [0.046039518867937355, -0.0696716851346618, 0.004983655383877643], [0.010095624144147662, -0.06568234933775287, 0.0036667109200811247], [-0.01843818005858068, -0.047442775442310695, -0.0002098237431286262], [0.03261071586014504, -0.09805186274148434, -0.008743672193074314], [-0.01941082064152436, -0.15026720102863156, -0.012130418567238106], [-0.0444997347425608, -0.17878829443691904, -0.013073819121377813], [-0.06355794432758724, -0.20084031223996812, -0.012843145155969684], [0.008513735512185738, -0.06491432984745989, -0.01499122685801232], [-0.0472417103457238, -0.11716636298760603, -0.01521805755772781], [-0.07609059849755323, -0.14655258484252487, -0.01668836262703308], [-0.09622756110125735, -0.16908553219833206, -0.017222307021374176], [-0.009837682025412431, -0.027188464968500727, -0.019581554362014753], [-0.057010466575090825, -0.07430980106448991, -0.022271164140163568], [-0.08387546830589329, -0.1062597069326914, -0.03277909704334587], [-0.10339506838019952, -0.13066409179144375, -0.041276031419873724], [-0.020530410870317865, 0.008331169161079743, -0.02236874596831896], [-0.02790475228201429, -0.017202206618188005, -0.02632404208748142], [-0.015037456184596244, -0.017794317792558297, -0.027322439998296897], [-0.0024313744788870477, -0.014368683031254489, -0.027512267296152873]], "right_hand": [[-0.09081945853437758, -0.0464399088928246, -4.975176340331258e-08], [-0.05486058323142543, -0.09624904839662167, -0.010688423151436872], [-0.036069773201474156, -0.15597945474820346, -0.014357519514259938], [-0.028637590109122722, -0.20436010523747228, -0.018905751969113347], [-0.027162040891366965, -0.24630553774359962, -0.02346630982787677], [-0.06816626933294456, -0.2244636452611511, -0.0015536854745867902], [-0.06033388536443268, -0.28650790798765996, -0.01369065439869976], [-0.05720311455333519, -0.324867856143466, -0.02451750860577807], [-0.0561797631967368, -0.35691496554236934, -0.031865042914168966], [-0.09335354077191625, -0.2238233579060652, -0.005686659336902157], [-0.09389571668241171, -0.2924471969240082, -0.016425551110762326], [-0.09506789025725523, -0.33555914745804777, -0.02628712262036942], [-0.098080537688467, -0.3687554488614886, -0.032984670972707825], [-0.11792974833409245, -0.20773864196580322, -0.012526102335366692], [-0.1255549009575238, -0.27446509227548427, -0.024051065481133678], [-0.12947099836741632, -0.31528304705091065, -0.03182270433603419], [-0.1336077566819921, -0.3475671030598745, -0.03651071533563267], [-0.14101642858760247, -0.18034056237826432, -0.02065099653461578], [-0.1523143198690273, -0.230976470966898, -0.032532116093328615], [-0.16089935499377975, -0.2662492660080063, -0.03762854411690785], [-0.1690846715716251, -0.2970894552109532, -0.0399978257975051]]}