{"label": "M", "timestamp": 1746080528660, "left_hand": [[0.08729821342668184, 0.07508558987405173, -5.740730212286659e-08], [0.08308705558369879, 0.006401453564724307, 0.00924528916411488], [0.05446413089726128, -0.04425710449334925, 0.007579919702325322], [0.016111760800520365, -0.052590298561123454, 0.005108985933365038], [-0.015095121224955124, -0.0434570604483194, -0.00014606900322920247], [0.049599199342983014, -0.0764312237828145, -0.011030321592292558], [-0.01182545524454125, -0.12441939893601933, -0.015640164111394836], [-0.042324148868108404, -0.146140201742496, -0.016528959542074024], [-0.06662947860215006, -0.16228218870751607, -0.016077265160374957], [0.028436327484991003, -0.04430221590468796, -0.0206086077006712], [-0.03455423988097271, -0.10146406995611415, -0.024393627887176195], [-0.06527824373953842, -0.12920941061271235, -0.024973974517484003], [-0.08802622350932991, -0.15278991995985713, -0.02422942738126858], [0.007518416666179189, -0.008738779071569535, -0.027896685139815493], [-0.04244661040141427, -0.06732255392180855, -0.03359572925289503], [-0.06868483880184406, -0.10066975976892281, -0.03866498170495175], [-0.08937124985699721, -0.12911246664541626, -0.0424268125185511], [-0.009121884314832438, 0.027450977305842516, -0.03302654181114544], [-0.027360526647754277, -0.0066737548532006955, -0.036712645830079604], [-0.01606201673582868, 0.0037586007719941235, -0.031119860829998194], [-0.003767790133563122, 0.015398863800122134, -0.02634080898587896]], "right_hand": [[-0.08729821342668184, -0.07508558987405173, 5.740730212286659e-08], [-0.05241824485339977, -0.11670865121055513, -0.01674812890076582], [-0.03185864319064195, -0.170898772053759, -0.023928288300327085], [-0.02239010729827487, -0.2199166873186502, -0.03033890274719404], [-0.013514551035087436, -0.26219010483528676, -0.03622807313730199], [-0.06332753593853929, -0.23783440448917373, -0.007390493674570565], [-0.05654366063678448, -0.29769248177831037, -0.020256810840109284], [-0.051757484189506646, -0.33318134048695974, -0.031540105618507286], [-0.04747102674325366, -0.36343500661935185, -0.038952272664830465], [-0.08729356178704464, -0.23870661540057497, -0.008329937391728057], [-0.08597538204528347, -0.30600262649702514, -0.01850581857631923], [-0.08442412667827226, -0.34846382785787283, -0.028321185229278414], [-0.08265699725952652, -0.3843779508539255, -0.03518451101069369], [-0.1108999114670312, -0.2266200607752551, -0.012272492118410569], [-0.11389101068517164, -0.2889102431021304, -0.022766467729085107], [-0.11321358006372152, -0.32822432545414915, -0.030121982076541147], [-0.11101943012628088, -0.36166021623491795, -0.03487034733876804], [-0.1348059406573588, -0.203891712823361, -0.01803955578139927], [-0.1442894567279861, -0.2511999321793127, -0.028251230265020202], [-0.1498021623277418, -0.2840059719669204, -0.0323384147918153], [-0.15430289897785368, -0.3155271909141652, -0.03432019127367697]]}