{"label": "M", "timestamp": 1746067696517, "left_hand": [[0.078563742820489, -0.05372860202487948, -2.3199836196225512e-08], [0.04198782316136483, -0.10385336890588988, -0.011679566038456223], [0.02243135037102111, -0.17094883898743768, -0.01818807459191601], [0.016762827647294812, -0.22286135034616528, -0.02463775507877135], [0.012574783447719284, -0.26541150258618446, -0.031219096566415333], [0.05483356715142468, -0.23607593123915116, -0.009318262696889979], [0.05101242524844285, -0.30180003879935796, -0.02510607963804607], [0.04701123878657546, -0.3412255284443664, -0.038831068035117426], [0.042756282441896706, -0.37836454471617886, -0.04896547965019512], [0.08208628244174052, -0.23355806212594396, -0.015250494474887084], [0.08587037242779215, -0.306987075857959, -0.0279131723979377], [0.08640798270488491, -0.3527561606950309, -0.0395982577302437], [0.08557690105850847, -0.39451125281744853, -0.04823538130011723], [0.10762224489540405, -0.21669609641828172, -0.023600748256731918], [0.11382661151652836, -0.28745013838590594, -0.03606682312552937], [0.11603879180089659, -0.332112901769167, -0.04378276917042974], [0.11628364567191544, -0.3732866236603876, -0.04942741422578246], [0.13110718818351494, -0.18759898633003871, -0.03337790432146548], [0.14269325111126685, -0.2392559824545899, -0.04470947714611383], [0.15019119646217438, -0.27451332069991835, -0.04847117721811811], [0.1553751423563096, -0.30735523985433466, -0.05082974621968814]], "right_hand": [[-0.078563742820489, 0.05372860202487948, 2.3199836196225512e-08], [-0.07059469979932764, -0.016748349642296833, 0.0041852178750758865], [-0.041909934228158564, -0.06471211919342713, 0.0011288147168235774], [-0.008029783351497838, -0.0710784460098956, -0.0023237533016372863], [0.015173758828576767, -0.05680349056349192, -0.006966309733551596], [-0.03208493082773541, -0.0858550112329468, -0.018564571063935022], [0.004977962890565549, -0.1527287165494856, -0.02875365370768973], [0.025388522319976767, -0.19090173784927295, -0.032680434053457295], [0.03884867204719128, -0.21999928953243963, -0.033739407594408875], [-0.011637529764690992, -0.053481771490868885, -0.027841636648841834], [0.03435832457985836, -0.12044211352576889, -0.03976097494545702], [0.058969629319983494, -0.1607545991458242, -0.043484618997787966], [0.07588099057410944, -0.19130745844249158, -0.04301301927616258], [0.0055283163354560945, -0.015155579837551706, -0.035195827080842415], [0.049112263320153095, -0.07752510104581545, -0.04970071416980207], [0.069409269769188, -0.11575986152159999, -0.05473106914381347], [0.08458486857661346, -0.14471953044692826, -0.054556397323166084], [0.01785655313161573, 0.027949636193210628, -0.040617839952586034], [0.04424285918166027, -0.021285674398178026, -0.046079998534266864], [0.03430415560255292, -0.023950047884400385, -0.03706299555983394], [0.023386919729217505, -0.012289628782831687, -0.028191574340450606]]}