{"label": "M", "timestamp": 1746080530083, "left_hand": [[0.09300021085843675, 0.06252516142814549, 6.757792037568342e-09], [0.08256211730734771, -0.005926944174210497, 0.005181307795709646], [0.046115229173633, -0.050913611130210125, 0.00259568546260929], [0.0035774317262109523, -0.037209228812232396, 2.6058469838136374e-05], [-0.026405722285589822, -0.010591162334010185, -0.005486378100784829], [0.0398552530693819, -0.08340450577851866, -0.012811562098559668], [-0.021323919548964274, -0.1265635110598357, -0.018104384283052825], [-0.05276735860552886, -0.14719385633609217, -0.019861808014371183], [-0.07862853258352123, -0.16253619591586038, -0.02012791446456931], [0.019175431403726965, -0.047231528177240356, -0.02069498824604635], [-0.04060026738585343, -0.0994589203353573, -0.02496754639823175], [-0.07261803684122146, -0.1265881914999948, -0.026935383154746105], [-0.09785446070685606, -0.14905463061379629, -0.027130456333433316], [0.00037586654732137934, -0.007610103989428085, -0.026735636671184775], [-0.05026670252594664, -0.056525504287881265, -0.03440051362263129], [-0.0799649148881416, -0.08764769334059665, -0.04268174702659989], [-0.10430514230269522, -0.11331769979067971, -0.048278277476590095], [-0.013266352633937398, 0.03062232350768364, -0.03074731756549515], [-0.030093388177441123, -0.003088000501433682, -0.03619470894773386], [-0.0156364449497451, 0.0045921212421742765, -0.032285917766707604], [-0.0012153480399712496, 0.015393760372018546, -0.028691655404920146]], "right_hand": [[-0.09300021085843675, -0.06252516142814549, -6.757792037568342e-09], [-0.06006568433569297, -0.1053598172119584, -0.015416834511532687], [-0.03947026130471622, -0.16089230918794745, -0.023265226514318116], [-0.028987735260735458, -0.20911107422306466, -0.030417717217715367], [-0.024635776648034353, -0.2520042546075668, -0.037746874246564956], [-0.07266489502479964, -0.2210763133249023, -0.015019997050037521], [-0.0683177492904447, -0.2827766244105702, -0.029371635702739242], [-0.06639577445169086, -0.32063047089697333, -0.04062044898548153], [-0.06559643236444793, -0.3531553637179191, -0.04809882930745368], [-0.09857217637734819, -0.21851455294183728, -0.017639406089932787], [-0.10176195963004638, -0.2867722567620353, -0.02922916487793634], [-0.10388934811661414, -0.3291853236542384, -0.03887984024788506], [-0.1065223968537424, -0.36493736691536194, -0.045868108322793956], [-0.12302356203018462, -0.20205450899798463, -0.022452249542720525], [-0.1310568335353201, -0.26575337744265043, -0.03361545615831975], [-0.13367967897035452, -0.30586552270663675, -0.04033624611270186], [-0.13505976221035798, -0.34043280858255714, -0.04505724420479033], [-0.14602494294640464, -0.17499107800912256, -0.028819276093585984], [-0.1605246630368413, -0.22158337893593988, -0.04021394365460853], [-0.16921638442851433, -0.25443017631218995, -0.04430639186688491], [-0.17686702247937375, -0.28524160743585075, -0.04629923633928589]]}