{"label": "M", "timestamp": 1746080427808, "left_hand": [[0.10091974391223203, 0.03484706047083753, -9.012353726480593e-08], [0.09383212400579093, -0.025672741032602683, 0.00431926911998292], [0.0634201513613084, -0.0727108704794178, -0.0008329014662261549], [0.022017657834252025, -0.08013798251204048, -0.0055136925027826226], [-0.010604715027338113, -0.0686340778756356, -0.012763963357079295], [0.054362722038040996, -0.10810355387132407, -0.019416656400998395], [-0.01041065078643428, -0.13904815753366015, -0.0271382400063], [-0.04349714180875171, -0.15216313219668726, -0.03032872617569589], [-0.07026183194890809, -0.16280453732106828, -0.03176193251309091], [0.04499589294561183, -0.0733780842895518, -0.028124523485068605], [-0.026620696546188014, -0.11076582062532926, -0.03716796152795041], [-0.06199350343659412, -0.12667253690688215, -0.04009121840605307], [-0.08783513921099428, -0.1417223057718023, -0.04116271266883669], [0.03404323735360534, -0.035755568346669035, -0.03467383998286491], [-0.029434739081201432, -0.0735911366966932, -0.04838817259685436], [-0.06440960878794225, -0.09478851870437073, -0.05387264809284405], [-0.09007829679090942, -0.11478912804351046, -0.05630322127943217], [0.023316848155771112, 0.002643537685552517, -0.03890517516185859], [-0.013059814595316452, -0.02693084584822758, -0.04904705363715553], [-0.002912879086467447, -0.016210897081047036, -0.04344729813386181], [0.012044021729544113, -0.0036341795592031412, -0.037845492982019543]], "right_hand": [[-0.10091974391223203, -0.03484706047083753, 9.012353726480593e-08], [-0.0714061743299692, -0.10160989712982361, -0.009225968067094387], [-0.0664567774005513, -0.16849661954396994, -0.016113179306960778], [-0.06401243039064708, -0.21610865058437917, -0.02413956253905531], [-0.06305982037042554, -0.25973233390058653, -0.03315072902747631], [-0.09556156470615156, -0.2162653307163162, -0.01259421498061543], [-0.09572202026295455, -0.2828855895656587, -0.03189845853875823], [-0.09530531699686731, -0.3253812166472855, -0.047430625838480886], [-0.09723067263659547, -0.3649085824909186, -0.05866900151280607], [-0.11403262728599516, -0.2071122202824754, -0.020960726516488427], [-0.11434215660404938, -0.2792257593257486, -0.0385008553818666], [-0.11369496735129264, -0.3256242318625543, -0.05217844006448616], [-0.115180041826506, -0.3676107317968166, -0.06233875149648157], [-0.1316497961016711, -0.18353931874075874, -0.03150918493727615], [-0.13689215859789308, -0.2550491969591415, -0.049009063424441876], [-0.1382387453070676, -0.30065122141209283, -0.058839793220528847], [-0.14008592744368897, -0.34146064010947114, -0.06541229434332918], [-0.1479540609202119, -0.14802282362163077, -0.04300296856645766], [-0.155685594343129, -0.20102290414132465, -0.05964239487677499], [-0.15870624885463017, -0.240055430229733, -0.0670061945149544], [-0.1613675069779726, -0.27624902188879114, -0.07166884422440625]]}