{"label": "M", "timestamp": 1746080404781, "left_hand": [[0.08117885346155367, 0.03868960215327578, 3.8297913716995554e-08], [0.07912454784912666, -0.023191769880627506, -0.002231729149772036], [0.050672602094348984, -0.07961088668832153, -0.009454022325844623], [0.01166571378403239, -0.1012039643853371, -0.014176554083132736], [-0.02008194124690254, -0.10125236274972706, -0.0206125803107386], [0.051116097953476526, -0.08709717158132901, -0.03239178169708006], [-0.0056337889537889495, -0.140892816573083, -0.041727654492366976], [-0.033464844101506075, -0.16859268194927207, -0.04412786817717983], [-0.055478710698427594, -0.19054249082987806, -0.044538067687551725], [0.03284158032056013, -0.0512425054200537, -0.03776486311668673], [-0.027545878752489254, -0.11580333459928423, -0.04841351457816604], [-0.05506279399642271, -0.1480057580653023, -0.050507561863878336], [-0.0733882809321049, -0.17369870939241205, -0.05047780729736074], [0.012340090696464454, -0.017949932168319, -0.04092682966153015], [-0.03873323619130491, -0.0803881370929673, -0.05349821491887006], [-0.06371373195227607, -0.11703882330689104, -0.05882613412029413], [-0.08160929686431156, -0.14781245226518316, -0.061849004808639044], [-0.0058556807120730475, 0.012425614849288748, -0.04245619190729708], [-0.026419574022200493, -0.03387468404007715, -0.05231672940109844], [-0.013870608066641513, -0.02826568756195453, -0.04876553087651826], [-0.0004524312183778419, -0.019140905886984676, -0.04506937996973377]], "right_hand": [[-0.08117885346155367, -0.03868960215327578, -3.8297913716995554e-08], [-0.04469639291464212, -0.0870247538206445, -0.00929662538834642], [-0.02631344640518939, -0.1466799808785104, -0.012872299515943457], [-0.016071295359181077, -0.19357335749614366, -0.01743380041322136], [-0.011211071199079525, -0.23405729484985582, -0.02174863842612452], [-0.057818624192243456, -0.21577073156161206, 0.0002836343844111257], [-0.05400162569785193, -0.2799720248972058, -0.010545685684110311], [-0.05435237001095875, -0.3183306412078296, -0.02061642323435983], [-0.05740982701189474, -0.3507145944974901, -0.02735171770079995], [-0.08104813113336669, -0.21544107613462316, -0.004477019919625587], [-0.0792689878415148, -0.2873928677224646, -0.01308003313457039], [-0.07915198317752899, -0.3303761886636549, -0.02168615608376132], [-0.0813296219176362, -0.3626922547973212, -0.027652964708200577], [-0.10401394609436086, -0.20204666698239349, -0.011775930261734579], [-0.10482314445350922, -0.26937326851773735, -0.02064566091641375], [-0.10375784107922904, -0.3093712985184156, -0.026588490596386037], [-0.10351602904317969, -0.3388597819034081, -0.03031229706930085], [-0.1272044035379154, -0.17782950619737647, -0.020441262326239395], [-0.13385090849011505, -0.23001229187656633, -0.02907336995634873], [-0.1383726317569276, -0.26583984632406005, -0.03174648290671531], [-0.14259324959773606, -0.2963362094667423, -0.03272065955004971]]}