{"label": "N", "timestamp": 1746080546074, "left_hand": [[0.10406143301297131, -0.0003224136401413539, 8.600237774193726e-08], [0.0729010887889024, -0.057047487813143075, -0.0018752160798463531], [0.02245265488655531, -0.07455509085090481, -0.00975767919937295], [-0.017751984541757974, -0.048443362557981415, -0.01821342324404674], [-0.040018171851078886, -0.010936712611294606, -0.027401604323737987], [-0.001555208898001467, -0.09248257487970919, -0.024123360686204777], [-0.07140028844817961, -0.08504231264526466, -0.03595355833122662], [-0.10719250135240511, -0.0808501719764909, -0.04037390206876741], [-0.1362486194827166, -0.0780805885874835, -0.041790267198716105], [-0.004958370244021844, -0.0475996633127517, -0.030836120647363078], [-0.07841837965077303, -0.05003148577058547, -0.041942685484982305], [-0.11974124198825195, -0.05368080641544025, -0.045118100765993485], [-0.15034980690594063, -0.05697147452876333, -0.04591426659838928], [-0.0013810452680933338, 8.665996533145175e-05, -0.03584205192532509], [-0.04804070709319554, 0.012249106875326689, -0.047788102533967196], [-0.025046889449095798, 0.011681538340214301, -0.04342779954836893], [-0.0009106628508005025, 0.008295050098325846, -0.03620016207877057], [0.006487816182927903, 0.04554967502761618, -0.040632340204831495], [-0.019174340940751662, 0.04304891028860078, -0.046913186416663984], [-0.0008708482816565671, 0.03831350765820815, -0.03918227481425712], [0.016764394399062063, 0.03410658216456561, -0.03062774199984929]], "right_hand": [[-0.10406143301297131, 0.0003224136401413539, -8.600237774193726e-08], [-0.09305137883157354, -0.06523852184737845, -0.015811966426012264], [-0.10523678641388537, -0.13494917198448333, -0.020988313651967214], [-0.12637844315777869, -0.1808103528262847, -0.025544097483968783], [-0.15345375634106348, -0.20622130854373574, -0.029786862618465984], [-0.17180554073790935, -0.15748622692767753, -0.007241757378306904], [-0.2062607715715275, -0.20567208042316845, -0.018105189939234958], [-0.22778130954076076, -0.2318254111241126, -0.0281733279881187], [-0.24706708909015318, -0.2533427149129058, -0.034923306134434125], [-0.1907743304280226, -0.1336768333465224, -0.008742127080873269], [-0.2288257690302006, -0.18436634426415524, -0.016570882685630194], [-0.25317846474912914, -0.21473290811500387, -0.025552484256227914], [-0.2732973169508768, -0.2383784633379663, -0.032436243975124734], [-0.20225155293435043, -0.10132136905350833, -0.012995338015549505], [-0.2398303190784271, -0.1465919403355716, -0.020985287885328816], [-0.2622283645269311, -0.17408608992988114, -0.027623632819754957], [-0.27915064116927607, -0.19499060692163311, -0.032414224931430036], [-0.2082155825465702, -0.06098784452144757, -0.019172193273388115], [-0.24364745552077355, -0.08944469513071875, -0.02747144554637733], [-0.26697499639251615, -0.10937471940615312, -0.03121741997500408], [-0.2873435032185428, -0.1268726801668265, -0.033348368233546435]]}