{"label": "N", "timestamp": 1746080393107, "left_hand": [[0.09142898962879054, 0.060396405719230835, 1.0886366738975676e-07], [0.08081056334538389, 0.0028092977542664636, -0.004764462100013899], [0.0423342765275246, -0.038514680202148245, -0.014003150164930893], [2.5303511303617756e-05, -0.03739152618239021, -0.02327779905705414], [-0.029154401724245934, -0.02074721621133318, -0.03243006121323254], [0.038200737838581945, -0.06472747273740301, -0.027356342844176748], [-0.005800441025456241, -0.128584808685744, -0.04263689190883957], [-0.026890890873511427, -0.1632225081329941, -0.048244172366646444], [-0.042569196829995, -0.1897688063119326, -0.05007960234726118], [0.01858881775596451, -0.030753029286090115, -0.03219891855511753], [-0.03534120859085127, -0.08325293336223767, -0.04763710715402638], [-0.06714112371598568, -0.11585222485648469, -0.05276787689401877], [-0.09321709846679947, -0.1412382810422067, -0.05500467152857829], [0.002661589624677854, 0.009427086900679917, -0.03557485849210877], [-0.037149327767481234, -0.019577496577840425, -0.0496915734484787], [-0.01568901747822977, -0.008117420073221008, -0.04458414463295914], [0.0024219305020693133, 0.0035068520785996944, -0.03694144480824572], [-0.007493362166879205, 0.04737495056728698, -0.03907263304779292], [-0.02011496819320547, 0.028171248545474484, -0.04733928572009981], [-0.0034919382069196823, 0.03251708637660551, -0.04153191975842284], [0.007764422678780433, 0.03771294336413666, -0.034355797011573964]], "right_hand": [[-0.09142898962879054, -0.060396405719230835, -1.0886366738975676e-07], [-0.05326730682108286, -0.1039720206525245, -0.01581128945919352], [-0.028266919065244346, -0.16035360853902803, -0.02257689179394393], [-0.010625060631600031, -0.2104750898466764, -0.028926318426525367], [0.0023492924364047936, -0.24993681878284554, -0.03512604304859215], [-0.05888000115736831, -0.23345904704554865, -0.007978933446675801], [-0.0459060236185065, -0.2968855974198231, -0.020615263903641178], [-0.04037387134222918, -0.33698771083888546, -0.032389613595119555], [-0.03793725943890173, -0.37119222847848976, -0.04058977078560135], [-0.08742942543220597, -0.23650943450963519, -0.009945212421885353], [-0.08746390258400341, -0.30820213238010746, -0.01970745349448101], [-0.08820598393529495, -0.35147412306009784, -0.029271022885724206], [-0.09009017458689707, -0.3871893586773989, -0.036221074853181386], [-0.11406899789733504, -0.22369659473781006, -0.014663598633465532], [-0.12021852008474034, -0.2896399414286172, -0.02429335950675137], [-0.1215365558473866, -0.32973713720414, -0.030653204837759147], [-0.12272408629166268, -0.36412004906901985, -0.03508868907532406], [-0.1391104256238038, -0.19874752929818454, -0.021304777880787207], [-0.1505062151156059, -0.24923715434237534, -0.031091731229815477], [-0.15782568940692582, -0.28307311695161386, -0.0340077843194485], [-0.16435424567602122, -0.31542007074409034, -0.035169226664747144]]}