{"label": "N", "timestamp": 1746080382109, "left_hand": [[0.10685507996875983, 0.04315247280236861, 5.105211062982658e-08], [0.0945928721593428, -0.01937218889180262, -0.0027100842154222935], [0.05881863505800741, -0.0746572415277843, -0.0102315862135154], [0.02668504818824389, -0.10037379910464192, -0.01758333050098401], [0.0029706577427751637, -0.1024027445274635, -0.025473101190125302], [0.04461177175937065, -0.08747856409693912, -0.02909556132383286], [-0.02024978570909823, -0.11662847599892547, -0.04079720070779323], [-0.051687663133353774, -0.1296051344293586, -0.04547011688202428], [-0.07753359469138116, -0.14189528164853601, -0.04739053402615317], [0.032455987701677354, -0.04619964642869216, -0.03558871643709895], [-0.03339041581837197, -0.08641806392931914, -0.04690201616786355], [-0.0675603502402962, -0.11140097614780578, -0.04977311254965646], [-0.09578031521663392, -0.13086088390077175, -0.05106062495719821], [0.022991022798545334, -0.0009859890274342745, -0.04016675427641553], [-0.032703523615165, -0.026388681806334077, -0.053871742320375594], [-0.011965242725869492, -0.02034636716874727, -0.04849851304789197], [0.01033066025756865, -0.011177632578971034, -0.04074674648795967], [0.017028934180413405, 0.04333941285312915, -0.04449610188734446], [-0.012654003603885109, 0.016561665694644484, -0.05409441850904234], [0.004183645403275801, 0.017998404485388687, -0.046666100508889884], [0.021903127495381057, 0.02440095608414603, -0.03815459971316099]], "right_hand": [[-0.10685507996875983, -0.04315247280236861, -5.105211062982658e-08], [-0.06867774520597374, -0.09292540645715187, -0.010438794809303016], [-0.048732598846870215, -0.15259611187171926, -0.016172087555550795], [-0.037224101971924814, -0.20251371361314502, -0.02288591184631171], [-0.025691312324466958, -0.24662904378876316, -0.02951897491463857], [-0.0791600311889142, -0.22515359790116582, -0.0015780176579066954], [-0.07413003030834761, -0.2883744951725873, -0.014471872420214572], [-0.07028357185319, -0.3258544876672171, -0.02655573290805793], [-0.06690330240660602, -0.36013389377647526, -0.03517384795148619], [-0.10228676876324701, -0.22578491970690778, -0.007140451105194656], [-0.10143857182485837, -0.2973487968698945, -0.017204514512665574], [-0.09749889733895468, -0.340536284646833, -0.02711417639626251], [-0.09384850459891443, -0.3780665317940838, -0.034661636022321834], [-0.12446042775774643, -0.21236924969375887, -0.015509689959878092], [-0.12692798562885865, -0.28078783873173097, -0.02560473844491041], [-0.12442446937453532, -0.32382329257763554, -0.03230154736299013], [-0.12077280666132413, -0.3614286495667097, -0.03725104555137532], [-0.14601287030444973, -0.18737752023297122, -0.025462499181957293], [-0.15339533320189475, -0.24091022760275935, -0.03567783226875032], [-0.1552887271311937, -0.27907694901833124, -0.03971715656019637], [-0.1567058992638687, -0.3155395478632571, -0.04211729699840621]]}