{"label": "N", "timestamp": 1746080385728, "left_hand": [[0.10456713291796668, 0.053731621256887394, -1.627712716984525e-07], [0.08601897718114603, -0.008696034713767304, 0.007225135757490301], [0.05356732085994644, -0.05647177330965326, 0.0008806493535890051], [0.013619834581011748, -0.07318084109801254, -0.008659044125821868], [-0.014765855640755473, -0.07213875585038773, -0.018196499387977117], [0.04668853914153354, -0.11717789483452275, -0.014141420488612323], [-0.017509021885897653, -0.14288231740458993, -0.0321576239745264], [-0.052877698762515996, -0.15956920934903776, -0.044563292975441565], [-0.08114623019727536, -0.17362011829391538, -0.05332510167284911], [0.0488660778339637, -0.09226139650492064, -0.028295196597790912], [-0.023378730939854875, -0.11871911598636785, -0.047853378147698154], [-0.06434056471990379, -0.13464040306723238, -0.05972361758723094], [-0.09515468926618659, -0.15081656882010816, -0.06854352573977297], [0.047118456270826364, -0.05491530177971373, -0.04068846345299104], [-0.028937906412566786, -0.04850415047854013, -0.05620102245930337], [-0.016158268985641436, -0.019827913641641954, -0.04999463888188484], [0.0047613743697280456, -0.014070698553157812, -0.043323020093668896], [0.04338530724627848, -0.014172355779373202, -0.0528517119951765], [-0.013290946721189249, 0.0008769685069152792, -0.06286513267901046], [-0.0024070568827514334, 0.01899997958570561, -0.056357033827209455], [0.016157820445109244, 0.018173696158927725, -0.049522182168519176]], "right_hand": [[-0.10456713291796668, -0.053731621256887394, 1.627712716984525e-07], [-0.06206212234935233, -0.09533691334279383, -0.02303415256060928], [-0.03783777588578221, -0.15243052530465306, -0.03263615392669791], [-0.028666593215456105, -0.205468092883652, -0.04043442355177497], [-0.025014576202370627, -0.2520001003502621, -0.04748851285178875], [-0.07185412099947103, -0.23065814711302574, -0.01563678509914904], [-0.060203083318019164, -0.29928233671101206, -0.03240256747374967], [-0.053913935041601066, -0.3411377798517205, -0.04669223678661433], [-0.04937057828294896, -0.37842932307740257, -0.05618244391046008], [-0.10033913603668625, -0.23705250505667416, -0.015157070999972558], [-0.0941746461449742, -0.3152739190640813, -0.028465673397860106], [-0.08967736346978859, -0.3644410842156824, -0.039976024098688126], [-0.08639530268765286, -0.40514403834217294, -0.04805340031262266], [-0.12744494276228316, -0.22757696072282568, -0.01821785103866066], [-0.12526925205684564, -0.30255966090512787, -0.031806284418365166], [-0.121323369228691, -0.34614597710550166, -0.041140699959165604], [-0.11793719321822349, -0.3816159882591522, -0.047032948174865336], [-0.1532504663683058, -0.20435939039618642, -0.02359281876426173], [-0.16017395860696734, -0.2586227474831736, -0.03656772158376772], [-0.1650048298467528, -0.29562863318552557, -0.042435340438844935], [-0.16955726506577642, -0.3290010714528247, -0.04557227144638548]]}