{"label": "N", "timestamp": 1746080386271, "left_hand": [[0.09191652066279932, 0.0638338404868095, -1.3808650834918306e-08], [0.0830728867498485, -0.0061662604860753195, 0.006757664325169011], [0.04980929357961941, -0.05586319376095781, 0.0011848942350154363], [0.01315146750053684, -0.06590044380676394, -0.007290060814204117], [-0.015373848091306777, -0.05255549968168831, -0.016854819939883074], [0.04092117295376224, -0.09664677513997655, -0.01309061831833163], [-0.020137762705736948, -0.13727052158779862, -0.02408369176572305], [-0.051422693122818164, -0.15865926098905203, -0.02997461924553592], [-0.07648332006646243, -0.17573264168710342, -0.03282800752437803], [0.026081017866045015, -0.06484836624556836, -0.02459183764733316], [-0.034648509546146004, -0.11256811228016887, -0.03599262527092288], [-0.06831650390509172, -0.1416599510368679, -0.04155840735231667], [-0.09446897348166708, -0.16543109039919618, -0.044688039305518144], [0.012774547738947263, -0.02484263836162101, -0.033919857073775685], [-0.04034100129489741, -0.04570690671469665, -0.04437640637726614], [-0.024070594698459038, -0.027452341079684993, -0.03921133209144658], [-0.005061230456905408, -0.015778120172647642, -0.0322501090775222], [0.0016632349902439248, 0.01793797590572583, -0.04253456977656261], [-0.03217344737709376, -0.0011914581952889541, -0.046935503615008076], [-0.016717228780049116, 0.009137021202420648, -0.03696721996274882], [0.00011066346494115581, 0.016396618278203764, -0.02725276141124293]], "right_hand": [[-0.09191652066279932, -0.0638338404868095, 1.3808650834918306e-08], [-0.05411347527286237, -0.11270699492867002, -0.014660248155657307], [-0.033367174173414005, -0.1721966304357495, -0.01914407699855469], [-0.023284441443517066, -0.22279801620959605, -0.023702875727972004], [-0.02376911053213768, -0.2651474487297105, -0.027393490756315284], [-0.07312269196312941, -0.24336557736925363, 0.001062243596922995], [-0.06957260800781713, -0.30613350736174993, -0.009089268926016782], [-0.06855177443155662, -0.3430965893869173, -0.019995077891207753], [-0.06915459521291274, -0.3745801883894341, -0.027321278234463474], [-0.09949822219720449, -0.24328287487312095, -0.00026174121222750024], [-0.10294817416065584, -0.313149386599911, -0.007344685914341269], [-0.10503388537222345, -0.35484553579865613, -0.016686286399244254], [-0.10771904212946648, -0.38832451695948234, -0.02351335532230486], [-0.12455283642592029, -0.22943815609646023, -0.004833724401987671], [-0.13125443142364845, -0.29283568742882843, -0.012157750669255068], [-0.13278723107654838, -0.32991992750419546, -0.018639571483843372], [-0.1338199794192009, -0.35948855057763807, -0.023143529549915783], [-0.14841499648816264, -0.20467032623713946, -0.011440183402199232], [-0.16015557858634305, -0.25149600369456954, -0.018504133235688516], [-0.1683698509302627, -0.28326232018414477, -0.021095616828092138], [-0.17555080317029428, -0.31241814086749065, -0.022329327717588936]]}