{"label": "N", "timestamp": 1746080396744, "left_hand": [[0.09450505553193486, 0.055006122202455265, 1.0998490817383245e-07], [0.0829786993937745, -0.00607043426444399, 0.00018886794179283548], [0.050098654873680155, -0.04977856279359008, -0.007509270011416713], [0.015496794937050997, -0.058189994086081956, -0.015150133961161218], [-0.01007207276084348, -0.04311145220402416, -0.024004409985359652], [0.035540203362022176, -0.07124588677103795, -0.031171894221347782], [-0.017986312543492495, -0.12050884951766556, -0.04523978684234376], [-0.04631107599915116, -0.145372324971997, -0.050801128450862466], [-0.06981069174076347, -0.16444253182329766, -0.05253458113989126], [0.01725696594501871, -0.03562127069531423, -0.0374879187652651], [-0.039482957796294155, -0.09657034491195657, -0.04917975047798537], [-0.06839146329880703, -0.1318797796397956, -0.05155965320681156], [-0.09167323573963652, -0.15781438507614817, -0.05216573953244361], [0.001725921110673738, 0.004716682251892585, -0.04114425854522706], [-0.04505593220487313, -0.03588603877050401, -0.051616233965582264], [-0.032994601436950946, -0.031905036083207994, -0.046574253720769856], [-0.017666229408269826, -0.02148226190601432, -0.04011257990089595], [-0.009082054836451437, 0.04354041226530122, -0.04424081063324555], [-0.03159235035332931, 0.012634821996730205, -0.04955034080701071], [-0.017385968822734486, 0.01465929594678263, -0.04129172362926688], [-0.0031013375920801987, 0.022844243196578382, -0.03282595226728927]], "right_hand": [[-0.09450505553193486, -0.055006122202455265, -1.0998490817383245e-07], [-0.05794235543197287, -0.10511040339773321, -0.01047534052332653], [-0.041976232247045775, -0.16621136146291346, -0.014239448065784652], [-0.035445620334081065, -0.2161727752359978, -0.018817507235067317], [-0.04054798737874503, -0.255468472233167, -0.02316138306703496], [-0.07368353309139751, -0.2352432683230554, 0.0009381281736202443], [-0.07387343262640693, -0.2994367890653915, -0.00985641831296821], [-0.07581448674303977, -0.33646610711840585, -0.02081858588442181], [-0.07949227631503906, -0.3678143788748533, -0.028266809256351454], [-0.09811862095596582, -0.2342119787804564, -0.0030078482298437495], [-0.10003894086995373, -0.30572653358887275, -0.01072109404663], [-0.10202992523644161, -0.347590552474322, -0.019534328782957168], [-0.10571894956190166, -0.38045585585293284, -0.025977509089471117], [-0.1212872408241213, -0.22051196619366203, -0.009724922053463276], [-0.12624674044659165, -0.28715230174544787, -0.017110642046291636], [-0.12832679780269912, -0.3269621318313251, -0.02245088777661734], [-0.13052165358708312, -0.3587571281557161, -0.026194001715275785], [-0.14359196539829608, -0.1961914084113481, -0.01812740959665851], [-0.14968302652697613, -0.24922524102019208, -0.025213816436378753], [-0.15262458195259976, -0.2848390874755601, -0.0272752729407174], [-0.15516334999897352, -0.31676188806543454, -0.028173418131992072]]}