{"label": "N", "timestamp": 1746067709110, "left_hand": [[0.0641773266701589, -0.07463702378562481, -2.656902099675726e-08], [0.028529152908900134, -0.11251318625775546, -0.014791714956228299], [0.0023614598309803832, -0.16655401703790865, -0.02352737318828145], [-0.009706934173546325, -0.21178852254174943, -0.03132383029892226], [-0.012426458081472278, -0.2523164101998259, -0.038381921452056114], [0.03771566931973997, -0.23749544567084457, -0.011621521137773365], [0.03427784663565759, -0.2987302945175428, -0.02453043047286551], [0.031366554895355364, -0.33448735377937466, -0.03536259141834048], [0.029689638449385485, -0.3665517415838137, -0.043365933194990824], [0.06191434221256092, -0.23684261994995545, -0.014752056801473193], [0.06211346358159102, -0.30568082635386007, -0.02451411204476396], [0.06124393002148158, -0.34603530787198805, -0.03318866338393803], [0.06009372171294617, -0.38100451984834705, -0.03984710255572974], [0.08492346980558979, -0.22421836945186038, -0.020411008863950093], [0.08713427073199366, -0.29064561254761195, -0.03053176635820703], [0.08754487272744195, -0.33009676081607103, -0.03635249207409207], [0.08657690809236368, -0.36527523849816934, -0.04085035087722236], [0.10737558914629729, -0.2008223395146471, -0.027745448748559005], [0.11516435771353158, -0.24798590803453996, -0.03695716818807349], [0.1211190833618372, -0.2791413588399925, -0.03988588304816585], [0.12582135996307092, -0.3078511828286678, -0.04176324981557315]], "right_hand": [[-0.0641773266701589, 0.07463702378562481, 2.656902099675726e-08], [-0.061114423609388256, 0.0021791718591096646, 0.0017157882917065049], [-0.03255643243324928, -0.04490747246560615, -0.002389429273152289], [0.002409302117643901, -0.04905048159542607, -0.0082636647039879], [0.025619367314659542, -0.03261111882481049, -0.014331076518318994], [-0.018813204008190823, -0.0734172226693594, -0.012855165508281679], [0.013566787843779944, -0.1380909573620659, -0.022566798082318047], [0.03195036368789102, -0.17769644130342838, -0.02717341502808238], [0.04599916256980591, -0.2070612394860513, -0.029201891990154508], [0.005440598260327113, -0.0468560710820458, -0.020751742570908956], [0.04032351692703747, -0.10853292949941865, -0.028853662161023107], [0.06008278000479257, -0.14791235863629604, -0.03289392942650295], [0.07610883857673165, -0.17639109995054517, -0.034833297361013434], [0.024190389089481987, -0.012124564392942764, -0.02738423394694775], [0.04552915640175042, -0.04712513964611451, -0.03617335482688704], [0.030711735745855253, -0.03830249040439888, -0.03482407775368765], [0.015758186065036952, -0.023132011392292384, -0.030629444360145044], [0.036485546673111054, 0.021690983998621793, -0.0339982473472231], [0.03930739991640064, -0.007414225480437959, -0.036919345648831], [0.0251506458005978, -0.0017213034563743669, -0.03031408949118972], [0.015040285974602718, 0.012141574983756459, -0.023228688366085444]]}