{"label": "N", "timestamp": 1746067709229, "left_hand": [[0.06254263922734607, -0.08037409293432507, -1.7114091778533543e-09], [0.02532872852607813, -0.1171639457291461, -0.017974647162974228], [-0.003191420369009863, -0.1670651543922614, -0.028378985209081962], [-0.015212878450853397, -0.2117695537482582, -0.03703611664838217], [-0.018247156010390207, -0.2530222048597121, -0.04485890354645851], [0.03320722220748874, -0.23676458866738667, -0.016821973211454143], [0.031609798903313786, -0.29796615360750234, -0.030971626043880478], [0.030951253597388734, -0.33373158294442223, -0.04236940909437256], [0.031394410025060104, -0.36650384959388577, -0.0506889758288881], [0.05964147659236218, -0.23760653724946842, -0.018462611340853433], [0.062032284299070095, -0.3064665649910545, -0.028968287323183364], [0.06264511694076808, -0.3463834248552927, -0.037931238254544294], [0.06242199139303689, -0.38160610472359585, -0.04494483031339115], [0.0835177227907339, -0.22559469474254693, -0.022685951447868887], [0.08710019864467664, -0.29043832999635205, -0.03357144816581187], [0.08801352352888084, -0.32942088754971705, -0.03948598001106961], [0.08709237355611939, -0.3641325382942612, -0.04412954561004437], [0.10685691149874729, -0.20275065288109373, -0.02876223218403504], [0.11661780317834419, -0.2490091280874215, -0.03870452113191696], [0.12284639683175244, -0.279594569847144, -0.041801659130958485], [0.12689064132965241, -0.3077255863722835, -0.04378571143988668]], "right_hand": [[-0.06254263922734607, 0.08037409293432507, 1.7114091778533543e-09], [-0.06526148171990011, 0.008233319448418831, 0.0021695707700518925], [-0.03790435319021024, -0.04187938765344148, 0.0016902495572175564], [-0.0031082622245116737, -0.0484876528352657, -0.00014425012444088472], [0.02067739862666345, -0.03723093137411844, -0.00202231355857097], [-0.01494943380275945, -0.06883725982855232, -0.007945844980982308], [0.01712016641998731, -0.13362041643181333, -0.01448761417942146], [0.03674301278732723, -0.17196317352415874, -0.016951134145284815], [0.05174087814101585, -0.19880906293477524, -0.017400924767033147], [0.010519328440861486, -0.04131178137103199, -0.0129763317821379], [0.04228083238024414, -0.10368887797632942, -0.01835483539038745], [0.06178338458959386, -0.14397194756409273, -0.02140114623405802], [0.07786473734645187, -0.1708822502743019, -0.022582444481096746], [0.02839810846027287, -0.008167181976771149, -0.016933788808625876], [0.03784268088208957, -0.04749903910466043, -0.023020142412142116], [0.02149107520799741, -0.045230426566157195, -0.023123140969205737], [0.006768458449548411, -0.030725188115256097, -0.020126647369229683], [0.03928280664340192, 0.02130864454171789, -0.020724878428837], [0.035666775748696755, -0.013594698767708803, -0.02324467437586046], [0.020774703823920503, -0.01302709248529931, -0.01910517213501872], [0.010466984345653694, 0.0003507142798001793, -0.013769908219859682]]}