{"label": "N", "timestamp": 1746080385668, "left_hand": [[0.10800549328240024, 0.05434831068125624, -1.315783884583738e-07], [0.09418658729346198, -0.011553674438382344, 0.006508218958550144], [0.056721328533072914, -0.05814258393426734, 0.0005511027147207307], [0.012538464088433881, -0.06981459528063225, -0.00815574843995001], [-0.018807804715224287, -0.0624176608225867, -0.017436695171467623], [0.048240486632496776, -0.11109993375232621, -0.015595643706294302], [-0.016411568289781433, -0.139247432330053, -0.03087046216552675], [-0.05086228525722005, -0.15408205590538504, -0.04043855494704144], [-0.07830063104763918, -0.16656345985146245, -0.0466703712461515], [0.04331557923617348, -0.08064074837969559, -0.028371628780980034], [-0.026142376581909092, -0.11449617948520145, -0.04422176635038068], [-0.06554644957991915, -0.13417058171925933, -0.053038101257323944], [-0.0957857190470896, -0.15269437061648725, -0.059235573793301424], [0.037422549614825704, -0.04002782559128654, -0.03910332861394949], [-0.031070251901907136, -0.043407494384612604, -0.052936531308394125], [-0.01603840617896932, -0.020475216810466552, -0.047574940995780995], [0.005096105920488312, -0.014169537215756131, -0.041002958115370865], [0.03222567906616078, 0.003865557712491651, -0.04931621638662363], [-0.014525308017718076, 0.005844294142957038, -0.058086100573492845], [-0.0011475730247729203, 0.01966642141490812, -0.05083173503440839], [0.017269515396928888, 0.020602728945907006, -0.04315539951773878]], "right_hand": [[-0.10800549328240024, -0.05434831068125624, 1.315783884583738e-07], [-0.0643711518047212, -0.09675802170119252, -0.021887993659043276], [-0.037907226028587586, -0.15246717967860485, -0.031124405134946888], [-0.027550728753956626, -0.2038653199358805, -0.03889321681001853], [-0.02453253134769948, -0.24925926011367458, -0.046029164004190326], [-0.0734879256438976, -0.23281866408258653, -0.013868883317173451], [-0.062211191059140754, -0.30067167897936103, -0.029891836838656365], [-0.056901177468924063, -0.34177247231890145, -0.04382406005369131], [-0.053830969009976616, -0.3782244837464431, -0.053030586438385305], [-0.1018594300706851, -0.2377665728873891, -0.013882214090203373], [-0.0957290027495491, -0.3155280643121253, -0.026627862777358517], [-0.0919740001939416, -0.3633790200108599, -0.038163048770471296], [-0.08979869311131126, -0.40281096253605964, -0.04613441218779631], [-0.1294382455169783, -0.22728004798103238, -0.017302977994380967], [-0.12824593647193733, -0.30131325721178154, -0.03027141436985077], [-0.12500512669297892, -0.3447776941076294, -0.03926313954072223], [-0.12222468892842156, -0.37990241025421595, -0.044921698667491475], [-0.1565294890142172, -0.20303488041401113, -0.022986274719736445], [-0.1644753083811343, -0.25657917333294145, -0.03529184276090705], [-0.16978497812653504, -0.2934541772239684, -0.04042586888304148], [-0.17437894393602899, -0.3270436353157688, -0.04299781905799598]]}