{"label": "N", "timestamp": 1746067728381, "left_hand": [[0.06602180769971819, -0.08908719862925353, -5.758004795441226e-08], [0.03289093728118036, -0.1267252061765345, -0.013218339809579418], [0.012852687406376184, -0.1848300296372763, -0.019991783450221047], [0.00809826605474051, -0.23475475844588406, -0.026147400105181573], [0.0049126607739030095, -0.2761216547116975, -0.031765840961747796], [0.04550548998091101, -0.2526317666929912, -0.009197662030641728], [0.04573793715043001, -0.3159929310366889, -0.021386487542694968], [0.04352105657258215, -0.3517508478775097, -0.03183809291560022], [0.0419182501613282, -0.38499351324517883, -0.03979809898926392], [0.07148503555569953, -0.25244702289810655, -0.012888153550962133], [0.07448009710260636, -0.3219357778831623, -0.02244724131727246], [0.0745953765112421, -0.3627529725616775, -0.03166938887462775], [0.0737016463689406, -0.3991708235522468, -0.03873595424093266], [0.09533182214919145, -0.23904453274270462, -0.018960730477846542], [0.10003800059697916, -0.30568012236402603, -0.028542904193397483], [0.1019471247192453, -0.34585692958659314, -0.034748344404198876], [0.10191511265257266, -0.3837191115221182, -0.039622768855137123], [0.11822678928838602, -0.214195098546919, -0.02658371625618756], [0.12523248620523553, -0.2643511505058508, -0.035327090647495], [0.12902209444068002, -0.29718923640448386, -0.038317805050165306], [0.1315813962260824, -0.3279581828082554, -0.04034263851840924]], "right_hand": [[-0.06602180769971819, 0.08908719862925353, 5.758004795441226e-08], [-0.05691884832774912, 0.01897196030569147, 0.0025389083869649044], [-0.02809074586792566, -0.025747413130644103, -0.0044278900893628004], [0.005759272031551524, -0.030705596681943243, -0.014112533609798836], [0.030025812353211608, -0.013976144591744864, -0.023816706963747408], [-0.016805503228929788, -0.05870905121918783, -0.015654620504140713], [0.015850491560118737, -0.12265270479010087, -0.03045754162981492], [0.031793085253073006, -0.15916307380060787, -0.03875047375888363], [0.04280388736542594, -0.1884609713231594, -0.04315701678977325], [0.004800843344387776, -0.03531196222521797, -0.027350850926608005], [0.04047725755338158, -0.10138347405373757, -0.04110075293479008], [0.05905742972847564, -0.14206964181469556, -0.04810582883103436], [0.0733825597998736, -0.17565243539076147, -0.05152351035505653], [0.022441470354793526, 0.0004923653681629779, -0.03766923754452587], [0.058299930712604045, -0.02629660890930457, -0.050943836795924555], [0.043087589810235395, -0.009216642673347944, -0.046712250162779405], [0.02553297274862846, 0.0037940143906887856, -0.03966282608919773], [0.03506110362128542, 0.040738457133907814, -0.048103204246214115], [0.053136591177839684, 0.02353349996347095, -0.053387083599446654], [0.03858103717147366, 0.03414914188764158, -0.043917533797183335], [0.025434238902542632, 0.044735918998885474, -0.03419664768282961]]}