{"label": "N", "timestamp": 1746080397630, "left_hand": [[0.09542129471538513, 0.05544196483865986, 1.0229214867886076e-07], [0.08294688479878631, -0.002735057431207651, -0.005009555629565487], [0.042805184122488384, -0.04465133537718147, -0.013656505030032493], [0.0018053105615318146, -0.04247596523947572, -0.02233274165350156], [-0.027201394073358566, -0.023622006697034244, -0.031212408718716028], [0.03187360511778472, -0.07362863828767348, -0.025127326405747986], [-0.021528183895235843, -0.1220768891182555, -0.038923093606611975], [-0.05004476446541366, -0.14671635633997165, -0.04519907041333155], [-0.07374321564588367, -0.1665115632777123, -0.04770064776805535], [0.013093284936754358, -0.03808533156050366, -0.02958669666928239], [-0.0402796206801399, -0.0909491673206718, -0.042113944791202], [-0.0715177285262855, -0.1230603544576452, -0.04627741663659284], [-0.0973211465664034, -0.14840764361834274, -0.04796499518681032], [-0.0018306729000857908, 0.0031351711104672083, -0.03276637922011349], [-0.042340976471379244, -0.029778781406219566, -0.0446792139665298], [-0.02279803454163778, -0.01895015312038193, -0.03940831589447576], [-0.003958499823870758, -0.00556698862912605, -0.03186435397629898], [-0.011517799343718882, 0.04351423038859516, -0.03621591642759029], [-0.027346114901597853, 0.014817825654786934, -0.04224158312819888], [-0.010916181080345491, 0.019594917744057857, -0.03455859305608122], [0.0030205937522570147, 0.028140899813260248, -0.02616242349672176]], "right_hand": [[-0.09542129471538513, -0.05544196483865986, -1.0229214867886076e-07], [-0.05624595454549865, -0.10135208723464291, -0.010500886762901613], [-0.03406475745770551, -0.15956224676714542, -0.01423468010996271], [-0.02207827317901014, -0.20600964322721058, -0.01892709031778443], [-0.018298426811810466, -0.24550211093265958, -0.023436626715030162], [-0.06536022100816381, -0.2347905175959773, 0.0006741732472562649], [-0.0562039520820724, -0.2966317275348184, -0.01025783548677318], [-0.052159972776782054, -0.3339144009559408, -0.021251191625317228], [-0.050659573289641754, -0.3648931301853879, -0.0287911990562459], [-0.09229527477992824, -0.23565333756169585, -0.0036404657851680927], [-0.09308427765034877, -0.3069207045958779, -0.012323114486830425], [-0.09346471272865842, -0.34960637830487706, -0.022180860298917537], [-0.09552378072614517, -0.38310770399414973, -0.02927147488378917], [-0.11785536450639297, -0.22208525499103235, -0.010659038325656157], [-0.12307219557765366, -0.28923085773233637, -0.019690697337047182], [-0.12470439343300892, -0.3301355554985079, -0.026900527424494586], [-0.12658481691051895, -0.3629139383619657, -0.03173102296500368], [-0.14230953830753895, -0.1971205635886762, -0.019178394631141404], [-0.15023953190885958, -0.24934201188586444, -0.02839112112376373], [-0.15558388960843783, -0.28580924769469085, -0.03210108030700402], [-0.16041070546504996, -0.31933949252686716, -0.03387983101293949]]}