{"label": "N", "timestamp": 1746080382877, "left_hand": [[0.08940212665005866, 0.0634499453488177, 6.505385082748893e-08], [0.07780219037842209, 0.0057119476078394595, -0.0035890870122050546], [0.04087444104798789, -0.038560178793266266, -0.01367592433741396], [-0.0006794369457085401, -0.04070642786468157, -0.024459455908487672], [-0.029500143424145905, -0.022714695812167437, -0.03599213639735797], [0.03722116896981272, -0.06581450249389163, -0.026651246171722615], [-0.01853457000700631, -0.11070464993300587, -0.042060238161647986], [-0.04837681881046295, -0.13494321119299676, -0.04938894836503503], [-0.07313431320148314, -0.15518482160397987, -0.052678543508545735], [0.022173538525891805, -0.031678772177903214, -0.034583204518289314], [-0.03747657690037893, -0.08549709404893614, -0.05039919981794003], [-0.07169952316913612, -0.11605621936454204, -0.05619630724190037], [-0.09974663952284069, -0.14001457389804825, -0.05852363490406065], [0.009685619414103284, 0.007441784309434187, -0.0410226311516015], [-0.04042395044815966, -0.014957124672515514, -0.058402962032140876], [-0.022499534521552546, -0.002398242027201108, -0.05451241178479916], [-0.0030856889661118646, 0.008635130260971536, -0.04649907959546106], [-0.0006335582792869166, 0.04788323873827459, -0.04718114482018908], [-0.03235416836811242, 0.02500398047647947, -0.05682124762671526], [-0.015922364612280818, 0.0315472867091329, -0.048104604957241705], [0.0010928813269765142, 0.03908161504717127, -0.03851180670320384]], "right_hand": [[-0.08940212665005866, -0.0634499453488177, -6.505385082748893e-08], [-0.05684364981694238, -0.1116866250371401, -0.0156142376505868], [-0.038583279041519085, -0.17500876808370458, -0.021188875559107683], [-0.02964473452911538, -0.22790697774453111, -0.026276369997120557], [-0.027080159986824497, -0.2718983431562297, -0.030562199105432366], [-0.08388209704898837, -0.2413815027377739, -0.003516876107737208], [-0.0898585711064412, -0.3038601648930264, -0.01272184899615359], [-0.09503762173349481, -0.3397573248971906, -0.022394370596316698], [-0.10069226570693003, -0.3696841613743966, -0.029092696122634227], [-0.11034496905521796, -0.23571968910524474, -0.004510176725418366], [-0.1215302272635978, -0.30266075780824003, -0.010517152005590856], [-0.12896217787602035, -0.3427344856071921, -0.018832835736604527], [-0.13590283698574088, -0.37419064076420067, -0.025334670587042463], [-0.13394797847734594, -0.21709109107535793, -0.008431842801542968], [-0.147146042488693, -0.2785340146229962, -0.01500263533480953], [-0.15354177174837524, -0.3146018518483844, -0.020699152978065256], [-0.1584981874750851, -0.34319924400741175, -0.025059841104878244], [-0.1560563374714996, -0.18799607808864288, -0.014336721957423146], [-0.17425144825766375, -0.2324752485104666, -0.02135004985312862], [-0.18586294359315128, -0.26209182290723043, -0.023776525765408858], [-0.19604787344288335, -0.28956096818893756, -0.025005387007676235]]}