{"label": "N", "timestamp": 1746061745361, "left_hand": [[0.06010126683636472, -0.08697903781947747, -7.254770377634346e-08], [0.025853399442707484, -0.11866016912638347, -0.016125621253850395], [0.0034679031356156073, -0.16670499347579562, -0.02720274485947255], [-0.0032124675757716297, -0.20992573364054534, -0.03703496171295755], [-0.002261944198923136, -0.24909205021171382, -0.04671228789202427], [0.03694461931083643, -0.22348924178994584, -0.01987111232806124], [0.036800566739480095, -0.2826591356703452, -0.03596343873086444], [0.03642604661647981, -0.31617048822841726, -0.04847213911012911], [0.036029995209459605, -0.3471038835882585, -0.057930868410604686], [0.059799042140092844, -0.22101181912556184, -0.02351972556365603], [0.059394875095249745, -0.2832125931854456, -0.03885340804317525], [0.056668352037281475, -0.3205193521309709, -0.050443219470574535], [0.05211891594281926, -0.354839266513464, -0.05878119885570857], [0.08240519270207344, -0.2073519584801722, -0.029215575725337846], [0.08131484019804176, -0.2684922546926019, -0.0448105010004391], [0.07839851059017484, -0.30742071268482346, -0.05276521835422919], [0.073392280023967, -0.34271963798917604, -0.05812036441313767], [0.10654975350727713, -0.18428590797278926, -0.036210481748151134], [0.10949415659700079, -0.2313455104530285, -0.050904811899119794], [0.1087955078368699, -0.26264075560335065, -0.05635590674244203], [0.1055695418022704, -0.2921961073796018, -0.05953947271004846]], "right_hand": [[-0.06010126683636472, 0.08697903781947747, 7.254770377634346e-08], [-0.051091128381391605, 0.022049173510069228, -0.0010375049933250271], [-0.021485530041374764, -0.015847418398655496, -0.00937564393834252], [0.011820136644833983, -0.01572767133445242, -0.018049654982343885], [0.03080741664516702, 0.002863308820967878, -0.026468000143871736], [-0.007841155357953307, -0.03373635447608023, -0.03019675530296758], [0.02544517457895294, -0.0894028393053888, -0.045222504190475986], [0.043100289193184455, -0.12420936070673202, -0.052342941222177995], [0.05656554015608637, -0.1525848188218494, -0.05612225090451051], [0.011784154556731468, -0.003880827616170652, -0.038612790768463245], [0.05133248579399179, -0.06627931683219883, -0.05302889894663176], [0.0724753371689265, -0.1040150037991901, -0.05751334265324827], [0.08929006920533447, -0.13357377159646364, -0.05887522224645517], [0.02582478767875025, 0.036993540872508605, -0.0446694245080038], [0.06141914704364534, 0.019570839906745928, -0.05632467602903429], [0.04424335193674952, 0.030783007622225213, -0.04883824339951969], [0.02462367328096226, 0.0397876804435625, -0.03962817455052702], [0.03226061269124973, 0.08023945607703546, -0.05088331684562587], [0.05144970707295407, 0.06860896035683844, -0.05360592183099725], [0.03565787665275384, 0.07251746809486931, -0.0415158082459217], [0.02027029609002756, 0.07790972973976501, -0.030145504636052867]]}