{"label": "N", "timestamp": 1746067708552, "left_hand": [[0.07496451145556796, -0.079816012136657, -1.9712007215724287e-08], [0.037896393985470456, -0.11869872451271052, -0.01319355272622002], [0.013608369837535323, -0.17409316938728575, -0.020930190655028564], [0.0036679272615547853, -0.21897931072996749, -0.028053879798855222], [-0.003051955322970789, -0.2563913838860641, -0.03466757766061598], [0.047596778975107765, -0.24423783610721655, -0.011507819573624884], [0.04510767890356081, -0.3065278064931653, -0.02439090418450568], [0.04461294664130779, -0.3427669447031992, -0.03522539747604452], [0.044282851242900684, -0.375206115330024, -0.043107106234791366], [0.0712905189667596, -0.24367027787209342, -0.01518630692558954], [0.07311419549641081, -0.31323748306249055, -0.02484600975479579], [0.07330819627687121, -0.3538402117205886, -0.03299718055946328], [0.07268065607953261, -0.3885369983178438, -0.03901250753427789], [0.09404327300610692, -0.23096322675193676, -0.021175262054453522], [0.09553832449547311, -0.2958906736422813, -0.03014409657823229], [0.09553512430426622, -0.33666467739868816, -0.03509168948718201], [0.09455621176157747, -0.37199818312008814, -0.0389813029671466], [0.1166192381041876, -0.20725856718893712, -0.028875174816012487], [0.12480169456191223, -0.25529884293261745, -0.03624822345330947], [0.12962269612342486, -0.28746100241382505, -0.03798869771444596], [0.13388189114482135, -0.31676610470343497, -0.039096155775384785]], "right_hand": [[-0.07496451145556796, 0.079816012136657, 1.9712007215724287e-08], [-0.05924246938317135, -0.005346784327637838, 0.007546589170517112], [-0.023340778362155007, -0.050486302971415764, 0.006147579230307948], [0.011522234383092708, -0.055483488032615366, 0.0008918274532222569], [0.03627605933493757, -0.040720919503617066, -0.004280215099383137], [-0.013106653374202418, -0.08841016886856422, -0.003773973365671751], [0.029570058660917522, -0.1578587291322576, -0.013805535237252194], [0.04969190956159135, -0.19459778910379888, -0.01783851268841594], [0.0635790528121991, -0.2232773621270313, -0.01781057047836802], [0.010176597226426184, -0.06106358359756571, -0.013461855243401011], [0.05094642776051599, -0.12823871072955967, -0.020602292685211993], [0.07236690760377688, -0.16911051492399848, -0.023943126079048218], [0.088881667310197, -0.2001350280540733, -0.02480655874900555], [0.027993575279084335, -0.02412394947984178, -0.02197273672946024], [0.049197134053511206, -0.048770870747045954, -0.026919030912164257], [0.03219434518804166, -0.03854089735849688, -0.024890361053371564], [0.01489117080739646, -0.026795503696008097, -0.02039192335918666], [0.04014271198356562, 0.011560474505723586, -0.0305063641691525], [0.043672220163966005, -0.011820252189233542, -0.025946383608679513], [0.02816491524613385, -0.008753690588152965, -0.016808230860269086], [0.01418003642623486, 0.0002642320037033185, -0.008755462556632955]]}