{"label": "N", "timestamp": 1746080386620, "left_hand": [[0.09876087301281447, 0.06533629066586392, -8.714257078209582e-08], [0.08324915317139452, -0.0013161835676589932, 0.007216662911626877], [0.047278594838643426, -0.04516307800191095, 0.0013848636621310113], [0.006808962037649153, -0.05365507731922366, -0.007506557630937081], [-0.023096630796281003, -0.039523745121933865, -0.01745943645453151], [0.03435647682985698, -0.09151269672476027, -0.013907935677117959], [-0.029846701682201937, -0.12199223509078119, -0.028011010223618217], [-0.0649620474986711, -0.13999807377931345, -0.0362150803548944], [-0.09350654010188653, -0.15385204885604334, -0.040694776210749885], [0.027524055610420286, -0.06143843723772287, -0.026443510349632385], [-0.038663462878168346, -0.0971127438936099, -0.04072073284131625], [-0.07680019790752485, -0.11894598363499462, -0.04783552946322234], [-0.106081709158973, -0.1369085332113607, -0.05192365668559075], [0.021025675180455974, -0.021385270389642698, -0.03702083496698907], [-0.04200450682726282, -0.020394671829822936, -0.05082438168892946], [-0.026736582884611004, -0.0018694012102596492, -0.0471300890437435], [-0.005590169618623292, 0.0034158364600885625, -0.040626339566591764], [0.01531218584385542, 0.022350389359674074, -0.04674314817348984], [-0.026835059067170517, 0.022423760102074985, -0.054379682423520516], [-0.011633584098768588, 0.03253156201057881, -0.04657835864592124], [0.007588727281084853, 0.032990493946473555, -0.03797814122506349]], "right_hand": [[-0.09876087301281447, -0.06533629066586392, 8.714257078209582e-08], [-0.059985763885118164, -0.10486736912054158, -0.025514522541662348], [-0.03240393957185902, -0.16084718774947368, -0.0361008571497913], [-0.02260395056377962, -0.21303481280571612, -0.04397688691628278], [-0.021569539082311993, -0.2595583549839712, -0.051065165683177836], [-0.07570958915166345, -0.23502005083420116, -0.020434592465353302], [-0.07628104658871615, -0.30098837376218, -0.0356291971111783], [-0.07957042047393725, -0.3418310243903296, -0.04825267356234042], [-0.08378074496539357, -0.3784999423608158, -0.05658035571599214], [-0.10470794396329003, -0.23531430081054588, -0.018076669929570854], [-0.10615590303055944, -0.3085556996844412, -0.029156443592419094], [-0.10865540963234063, -0.35512248420615866, -0.039223799925943124], [-0.11095465264477922, -0.3944580975404957, -0.04640493093877497], [-0.13183201491198826, -0.22064797205762596, -0.018870587382753184], [-0.13712995496226768, -0.28859840877183734, -0.029394688046055304], [-0.1374468596986959, -0.3296115032638356, -0.03608768708282285], [-0.13626392952168498, -0.3631720141712872, -0.04059570606565309], [-0.15755321182380622, -0.19410267317124275, -0.02233024962588314], [-0.17080518014621146, -0.24179707920094815, -0.032278628715570606], [-0.17834919654653697, -0.27291570254960545, -0.03537635614511008], [-0.18468616882621186, -0.30123486353828266, -0.03660377271310249]]}