{"label": "N", "timestamp": 1746080382672, "left_hand": [[0.10107455420015861, 0.05556296156105082, 5.291744414512726e-08], [0.08814016305154514, 0.00010207383704326078, -0.0024592313169971795], [0.05049520929544171, -0.04286323742426502, -0.012269186945091345], [0.011354735840287077, -0.042829110599793226, -0.022867705634148687], [-0.015600441085870017, -0.021792701077718392, -0.034115062377219264], [0.04445007163118538, -0.07638220038194155, -0.02654225328842495], [-0.016902563421292, -0.11580975763111996, -0.04186757390814166], [-0.04865172946378729, -0.13617048488854724, -0.04910382703175998], [-0.07468443595805423, -0.15315348624521552, -0.05240870424735224], [0.032258750599347685, -0.04093269090036676, -0.03503536380771264], [-0.03208472543946195, -0.08897622515751981, -0.050776248861364615], [-0.06689334686590613, -0.11692540897743552, -0.05686398643455131], [-0.09590383524454041, -0.14027778890570944, -0.05951465945961852], [0.022151691101000508, -0.00037577385529638665, -0.04180560630482621], [-0.0334716237130538, -0.0181305609231163, -0.0588908663822327], [-0.014873279985576323, -0.0050191504006306545, -0.05472128812538295], [0.004957381209085391, 0.0037015519471342573, -0.046738799315382704], [0.01437568130338646, 0.04228777114099444, -0.04822015511965777], [-0.01711924711176747, 0.02501714486729278, -0.0586710531970184], [0.00036041498054071664, 0.03099489467942089, -0.050424658695238704], [0.017602361734733844, 0.035349419762233374, -0.04100914087507864]], "right_hand": [[-0.10107455420015861, -0.05556296156105082, -5.291744414512726e-08], [-0.06768782366859344, -0.10639731970275618, -0.013630012108337553], [-0.04791627114401314, -0.1634788708405006, -0.02066478935272923], [-0.0353414562352755, -0.21267185859463525, -0.028036859842397475], [-0.028226644643085524, -0.2561795554858942, -0.0349965044115861], [-0.08707656773875261, -0.2337500428130508, -0.002970713186401963], [-0.0871509721525719, -0.29637734722693004, -0.014524106275072479], [-0.08762699806411259, -0.3331021573800846, -0.02606227717891423], [-0.08882571179240098, -0.36519425111119386, -0.034050849113414], [-0.11241660070587069, -0.23099615959262018, -0.006217804946772207], [-0.11697150363913618, -0.3000203677018598, -0.01442978853450008], [-0.11910376278357777, -0.3416681526594063, -0.024157954828868473], [-0.12150128042732282, -0.37618794066076233, -0.03159229279418665], [-0.13636502762921346, -0.2149358090421786, -0.01239658533898365], [-0.1446266051407707, -0.2792669655138031, -0.02065946830980155], [-0.14777328053514946, -0.3187416726145509, -0.027400352628965383], [-0.14959697330208638, -0.35184067000448077, -0.03240014886328619], [-0.15919279781840187, -0.187894485332894, -0.020397711327306025], [-0.17261219752051532, -0.23600068163455812, -0.028796017095312678], [-0.1808724312432654, -0.269383371780985, -0.03200432640048431], [-0.18825902186702445, -0.3005755238348369, -0.03371125835002586]]}