{"label": "N", "timestamp": 1746080386147, "left_hand": [[0.09173255023493791, 0.06190599836350228, -5.6409798315196974e-09], [0.08216242993829416, -0.005791564885116068, 0.004122709014172272], [0.04525899296989605, -0.055192456922202426, -0.003151132208796551], [-0.00015184103133356744, -0.061305301762759265, -0.01309463786758048], [-0.03147437774405069, -0.04718887699345744, -0.023668882130198698], [0.04266106306030788, -0.09730589031929275, -0.016174073267202885], [-0.01944860449699275, -0.13799382153259762, -0.029438832212234107], [-0.05195122019324026, -0.15979148967294607, -0.03667007004805206], [-0.07842216724996541, -0.17733068636943908, -0.0408939810340108], [0.028328399173797963, -0.06563212444231514, -0.02792975370073414], [-0.03326284102061237, -0.11207095957109764, -0.04281353585963983], [-0.06683794444291505, -0.1407547961009063, -0.04985899614807797], [-0.09230985584777063, -0.1637236896265574, -0.05397561873884652], [0.014816350895860555, -0.02606703351782559, -0.0377583840363713], [-0.03997955226868511, -0.04732772910393428, -0.05103112328875568], [-0.023069653303012333, -0.02783829968178033, -0.044888830214587484], [-0.003601501664253423, -0.015275626749603874, -0.03695859077918622], [0.003617642174602738, 0.016332775525643096, -0.047236395486638154], [-0.02964161004178975, -0.0037850407633158935, -0.053673712861009026], [-0.013837317817764745, 0.008288243150774786, -0.04387998000295415], [0.0028344812943351836, 0.01687466674556491, -0.0342223530003703]], "right_hand": [[-0.09173255023493791, -0.06190599836350228, 5.6409798315196974e-09], [-0.05536047489844592, -0.11432472862118326, -0.014159892194774948], [-0.03870215657377093, -0.17783162514323758, -0.018694521667918223], [-0.03456472074025509, -0.22927467430239867, -0.02345910103885836], [-0.03888943021529571, -0.27217779036610534, -0.027651500684211305], [-0.07836405412579577, -0.24433592009738545, -0.0002931118933582904], [-0.07792275872771245, -0.3088237807292478, -0.011842004010919461], [-0.07848811380466578, -0.3462078442039055, -0.023457837215037275], [-0.08014271650555391, -0.3784954049061647, -0.03132067726763393], [-0.1032282006251504, -0.24281239072828437, -0.0023717173991140024], [-0.10797436688002329, -0.3129948820967654, -0.010952203726072557], [-0.11109496877881259, -0.356266032765813, -0.02100693214330231], [-0.11485721972446822, -0.3923125379773526, -0.02844832907902691], [-0.12624761066908438, -0.22772757177258424, -0.0076502710041676395], [-0.13597806124968334, -0.29159067077642203, -0.016160037991308697], [-0.13963736634434126, -0.33069520152890686, -0.023112993207523323], [-0.14257623265481817, -0.3632361463829139, -0.028009153716938982], [-0.1477798348181237, -0.20185079953025328, -0.014899924802502879], [-0.16082278812823395, -0.24982536960594054, -0.023077567428812222], [-0.16923290488424228, -0.2836180237896332, -0.02649651372713959], [-0.17693207405910796, -0.31413433654521794, -0.02841720713278762]]}