{"label": "N", "timestamp": 1746080546567, "left_hand": [[0.09400553030240973, -0.007241179606829949, 8.24144247319868e-08], [0.06409574616234795, -0.06857258490122055, -0.00457548256097963], [0.018118780287254523, -0.08783236012045165, -0.011446727906837968], [-0.022179274364042573, -0.07347917460818289, -0.01799726095889713], [-0.04933262341365888, -0.04496120161332999, -0.024823395871734023], [-0.018821586164420454, -0.0980937044580673, -0.023767839032201154], [-0.08683362975337715, -0.0973485504260497, -0.03465880658831914], [-0.12314658108400947, -0.09477446081243063, -0.039301489218538224], [-0.15334889870716673, -0.09113709341135329, -0.04004475552437936], [-0.02542549307226276, -0.051412473784272085, -0.026600746747949357], [-0.09183741517887709, -0.058983409088517805, -0.03497676030054026], [-0.13404034819226382, -0.06103634827134119, -0.037359166846624534], [-0.16586175327772965, -0.06157275823279571, -0.037065805326981664], [-0.02342531164660095, -0.004235880103585291, -0.028000673144201443], [-0.053872097202793935, -0.0017417551622559793, -0.03475270494703413], [-0.03616670430424047, -0.003842996477009814, -0.031180434526311], [-0.014572615197324217, -0.00581857338812093, -0.02504193098159097], [-0.017030661403374867, 0.03879552319061011, -0.029807037336703365], [-0.03248836880922375, 0.02715084522481828, -0.02929857607311738], [-0.016422724856351514, 0.024612085170554056, -0.020658105883812797], [0.0004055407566568435, 0.02296385870784013, -0.011846563590259148]], "right_hand": [[-0.09400553030240973, 0.007241179606829949, -8.24144247319868e-08], [-0.08624676870800019, -0.06516395273877873, -0.015071483769131942], [-0.09753416861875384, -0.13312935026889974, -0.01934462798174378], [-0.11880851732744643, -0.17905276978059598, -0.02303478271271654], [-0.14499860357543431, -0.20682105425757658, -0.025998226940006773], [-0.16545096828960607, -0.15279983161563085, -0.0021562100596030026], [-0.19890056923940155, -0.20327220790644523, -0.011085356492558133], [-0.22010447569609926, -0.23018846249132868, -0.02053946746885037], [-0.2393021876045887, -0.2516523724239034, -0.026921682377498847], [-0.18499773703312755, -0.12953902322977587, -0.0030986565830800642], [-0.22310255945228818, -0.18062185960756755, -0.008826005172454271], [-0.24708299074328324, -0.21062544845935383, -0.017668065911226983], [-0.26726380875780437, -0.23356470265264326, -0.024594968682409284], [-0.19759388813732562, -0.09767952846313065, -0.006884314301627675], [-0.23458930916182336, -0.143570851701038, -0.013377008015094616], [-0.25599105720787696, -0.17151176208299126, -0.020173784596416847], [-0.27212274693298066, -0.19191048185798637, -0.02514636462673467], [-0.20457875100242995, -0.057616675621600985, -0.012511623569276471], [-0.24008066025006036, -0.08431316536377884, -0.019889886351601164], [-0.26357739004887276, -0.10329144758721283, -0.023060119152429646], [-0.2838891659863931, -0.11893987941114136, -0.02460795850574629]]}