{"label": "N", "timestamp": 1746080395973, "left_hand": [[0.0935094222464921, 0.050163470536099375, 1.1022015351185587e-07], [0.08398257915893974, -0.0065947352507086, -0.005275922754439868], [0.04671295698578633, -0.05105023025439861, -0.015449733242676964], [0.005874245202447021, -0.05420739787134896, -0.025436605384948227], [-0.024420586598281762, -0.03746470006409599, -0.03563138352331965], [0.03727723323398508, -0.07980353771107558, -0.03005263375652044], [-0.021072982414867956, -0.12369428488791469, -0.04498367457732419], [-0.05076234365672592, -0.14563448366628282, -0.05133907041744062], [-0.07581183861335547, -0.16326500816297965, -0.05383464034759968], [0.019668901737096473, -0.042871505208082056, -0.03549593598222239], [-0.037148200856894895, -0.09948709251855826, -0.049661151595400695], [-0.06823915317718687, -0.13294805449385227, -0.053745823891235715], [-0.09432458820098688, -0.1587499063702629, -0.05513795004647428], [0.004860800443575778, -0.0004039908410604829, -0.03934417191812124], [-0.04207906573896782, -0.03512910022850818, -0.05351315749601056], [-0.021736602901120932, -0.02263255635411637, -0.047187330093739606], [-0.001779209949369814, -0.009191458491091377, -0.03848280611306412], [-0.0052624083824132604, 0.04104410372867994, -0.04332295621927827], [-0.024145254694410846, 0.01071584016541952, -0.051510314840440094], [-0.006650075487409903, 0.01578192585722147, -0.04335183112587973], [0.008032016513930382, 0.023515439410590127, -0.03430692779007249]], "right_hand": [[-0.0935094222464921, -0.050163470536099375, -1.1022015351185587e-07], [-0.05426560114728835, -0.09924620599980638, -0.012702218082423269], [-0.034348824230442686, -0.16542050326935448, -0.015465466621347105], [-0.02527462586814578, -0.22172350360015988, -0.018622568664029195], [-0.029492256105740595, -0.26683714197156044, -0.0211722173597967], [-0.06460718340087765, -0.2348833834351661, 0.005053881693712339], [-0.06280145921856387, -0.3014770003645525, -0.004036179528648821], [-0.06400301099023278, -0.33893131524284076, -0.014390635455955007], [-0.06781510327860742, -0.3709163715994775, -0.021530710772965058], [-0.08727251355198647, -0.23515755945363034, 0.002724889021366218], [-0.08487508273856754, -0.30836052913840667, -0.0033582324540656116], [-0.0861160235283256, -0.3515397488245991, -0.01184158804288463], [-0.08953129146516116, -0.3854228401504122, -0.018015129765682193], [-0.1101329927254475, -0.22330155392306275, -0.003013463235102081], [-0.10838838820686841, -0.2934369815670374, -0.009174679774036791], [-0.10775723920911691, -0.3345735205625468, -0.01381725961140021], [-0.10805956548294689, -0.3673897296579953, -0.01718602205489762], [-0.13403913918634752, -0.20132881252478352, -0.010782296867642708], [-0.13403316414793762, -0.2558747069917653, -0.016953380111094526], [-0.13355137332758144, -0.2911435626573672, -0.018076877386392635], [-0.1330420724345463, -0.322695713254924, -0.018316559116893713]]}