{"label": "N", "timestamp": 1746080382753, "left_hand": [[0.10077655068518428, 0.05575581840764406, 5.032371148880242e-08], [0.08592974576434383, -0.0007739122585779841, -0.0015131942451478582], [0.04564437519516856, -0.042411850625942146, -0.010762719146098275], [0.004627546510488487, -0.03953298182452096, -0.02122362077167081], [-0.022764502603986242, -0.017575835570238688, -0.03228047714676183], [0.04023942199917542, -0.07427024447404375, -0.0237250959565625], [-0.019239407364901588, -0.11395647802959057, -0.03900656626480908], [-0.04918608917413586, -0.1355770813265954, -0.04641257743851968], [-0.07390694085400394, -0.15379413076322485, -0.04988643306014997], [0.027771809778549667, -0.03949191107925424, -0.032858685777016436], [-0.03501161558722859, -0.08896746276973515, -0.048631956251230526], [-0.06936747366489344, -0.11730282749235912, -0.055081015466985475], [-0.0981319073019793, -0.14059626416284793, -0.05796442073523949], [0.01777275416319402, 0.0007208760205957617, -0.04036400739617978], [-0.03511048361487634, -0.017843891352994364, -0.05753456130774537], [-0.015952346379552187, -0.0041797657932290296, -0.053484911264694776], [0.0035896747639583317, 0.0054062467627732, -0.045458630328396865], [0.010208802078879853, 0.042793165366773675, -0.0474922385785277], [-0.020354515827924146, 0.024089267699506613, -0.057517484429628125], [-0.003210803427044678, 0.03094075194729537, -0.049054566314894764], [0.013365554177344072, 0.036892668296788104, -0.03957582547905932]], "right_hand": [[-0.10077655068518428, -0.05575581840764406, -5.032371148880242e-08], [-0.0682693432658591, -0.10710729345607746, -0.013664256807029648], [-0.05015567137440232, -0.16472329682585002, -0.021015484529294692], [-0.03808857976805085, -0.2138860568824317, -0.028741285173860504], [-0.030558134656581144, -0.25708845647303974, -0.03610149150721349], [-0.08909350468286667, -0.23448797634014387, -0.003919059461430275], [-0.0905398560726095, -0.29689093137673866, -0.016116838087143648], [-0.09133857966067714, -0.333563980780202, -0.028172863633931372], [-0.09292522914744, -0.36591680459756876, -0.03656261662344358], [-0.11427346477242233, -0.23107446920204416, -0.007431073899462371], [-0.1193073439645927, -0.2993666744641202, -0.016203809118233527], [-0.12196303656404398, -0.34075865548122125, -0.02634815518990099], [-0.125042048892268, -0.3758264783416637, -0.03408189015987293], [-0.1378265310753912, -0.214208011281023, -0.01381559176852986], [-0.14668103161727278, -0.27811452210496745, -0.02241560887285586], [-0.1505500718902096, -0.31743133454757716, -0.029206699721600837], [-0.15312276062127408, -0.3508537943624065, -0.034248868071731595], [-0.16006341114586017, -0.1862876299679225, -0.022024161192247236], [-0.17390775571077446, -0.2341390726336348, -0.030439691194782816], [-0.1823311571569977, -0.2671442134322545, -0.03345166711956132], [-0.18984397742108916, -0.29800961511461166, -0.03507425575420823]]}