{"label": "N", "timestamp": 1746067732030, "left_hand": [[0.0809854699384232, -0.08174761900156065, -1.2380134697963317e-07], [0.04423211443428418, -0.12091730547098456, -0.010135654119057943], [0.02698388976775184, -0.17892421485911572, -0.014492429067104348], [0.02428660829135238, -0.22646363394972635, -0.01929844824565206], [0.019773486697878786, -0.2665788632555239, -0.023657701254570347], [0.05700649808199966, -0.249118601770695, -0.001019264992127217], [0.05214058811520224, -0.3124552818859017, -0.01155335317557957], [0.04732717504771159, -0.34886999785207834, -0.021767897784051308], [0.04291393571265588, -0.38146123570199025, -0.02957314627077601], [0.08071050591582608, -0.25320820232651564, -0.0058892662057647965], [0.07865115386582722, -0.32340182941455237, -0.01369539575681517], [0.07539431991269394, -0.36422519123709535, -0.02255259403519145], [0.07125102515986304, -0.39808229510897547, -0.029506794104294746], [0.1028907682223177, -0.24471689793851328, -0.013376298650118816], [0.10196917134001388, -0.3132078065174996, -0.020893385497372977], [0.1008052598224888, -0.3539541153253364, -0.026254694657705312], [0.09825925230593384, -0.3898852726815169, -0.03093840814897007], [0.12453045061568462, -0.2254822873070273, -0.022564951241176842], [0.1275226817763471, -0.2780126648995823, -0.02915882082486019], [0.12917978784788578, -0.3116726175871141, -0.031083157411954464], [0.12986970762456473, -0.34245549843059875, -0.03272034401857525]], "right_hand": [[-0.0809854699384232, 0.08174761900156065, 1.2380134697963317e-07], [-0.06414515538948679, 0.014857497452137412, 0.007049021669366204], [-0.030153781487647233, -0.031247121515534045, 0.0020885296810549446], [0.003198189390618212, -0.03828285727043291, -0.007488209440036292], [0.028556586351194624, -0.02351492689649871, -0.01644520579183567], [-0.020994454055966217, -0.06715131664843024, -0.008031512054188637], [0.02286219242349538, -0.12669868768183337, -0.02211554151880546], [0.04895881551809531, -0.15875020905446446, -0.028991049484158975], [0.0682807137571567, -0.18389947034117973, -0.03243846675298828], [-0.005706435979601628, -0.04622195414261325, -0.023358283289815335], [0.04200596960420714, -0.10950599920877818, -0.03924234983697402], [0.0682302891038752, -0.1465455779389183, -0.0469331427072962], [0.08770028385887568, -0.17814097493643222, -0.04987860154829672], [0.007281941607656443, -0.011558113380618651, -0.03731350611477479], [0.05911687343413177, -0.022442562603378773, -0.05189456306902208], [0.04464462954304737, 0.0023528281370883766, -0.04574703801046441], [0.025904203538675955, 0.013607656799431255, -0.03643773177270468], [0.017736008355924402, 0.030179131964023, -0.05131952055324939], [0.051715777680022466, 0.02902977221858647, -0.055991796397702465], [0.03685022149334235, 0.043588359694057006, -0.04530065894790498], [0.01967558458566283, 0.04927731973217888, -0.034465163659372314]]}