{"label": "N", "timestamp": 1746080383062, "left_hand": [[0.09610149795498718, 0.0546207128926736, 5.084465054212016e-08], [0.07889267061782954, 0.0005034166245640643, -0.0038568180843496546], [0.03868600771267858, -0.035613736940626396, -0.0170469869467805], [-0.0025674667716507533, -0.03049136279964204, -0.03147187124429619], [-0.029864907844238446, -0.01058952943249783, -0.04688469264076045], [0.03886271558248965, -0.0720619987023699, -0.031388220239655124], [-0.019641390063570383, -0.10773650635566169, -0.05135570295357703], [-0.05185691418509121, -0.12889957388863726, -0.06135657429476671], [-0.07816888029446803, -0.14727525732479532, -0.06643484448807921], [0.03347776230933974, -0.04074527506411542, -0.04207782328189514], [-0.03155004009321888, -0.08489442198035721, -0.06352364166151366], [-0.06833180144934033, -0.11219093205073825, -0.07231714461650474], [-0.09892592133567313, -0.1361348119002491, -0.07605846825865102], [0.028150348623549804, -0.00029257200717584434, -0.051255373774601654], [-0.03273858306715067, 0.0024034278338281954, -0.0744973920537066], [-0.01595047745267237, 0.016725710211687568, -0.07225555243130405], [0.00410073613127598, 0.019528245913044653, -0.0640966735197063], [0.02263040003043575, 0.04386066401679712, -0.05992533638775941], [-0.019065793385573158, 0.04380458482505542, -0.07458978033150762], [-0.0036808358811319256, 0.05040703341526939, -0.06732320770641122], [0.014524766230332978, 0.05011312879709188, -0.057951479361310024]], "right_hand": [[-0.09610149795498718, -0.0546207128926736, -5.084465054212016e-08], [-0.06302589208902946, -0.10166217333090583, -0.019157644250903494], [-0.04377139733463016, -0.16507466864998271, -0.026910800159195215], [-0.033313029683598505, -0.21990803339962214, -0.03345406621697866], [-0.029037666746267485, -0.2657656423848463, -0.03922596271853087], [-0.08584181712782162, -0.23385612591018942, -0.009597211114173925], [-0.09001999073675654, -0.29827121933110146, -0.021122412596497282], [-0.09470517719446553, -0.33633113718728097, -0.03198783586183664], [-0.1001440008109845, -0.3689013914044804, -0.03946908207908294], [-0.11380322706825731, -0.22904233336334623, -0.00957986435247062], [-0.12200844159458109, -0.2983779742507972, -0.017579805442503087], [-0.12765272461964589, -0.339484113072188, -0.0264507116471308], [-0.13259027656766514, -0.3733957041548811, -0.033264557066826156], [-0.13909674978334072, -0.21072838815195066, -0.012615459798624832], [-0.15028729590506634, -0.2736034213736125, -0.020543692040997843], [-0.15490074955550026, -0.3114142139922598, -0.026262179136548013], [-0.15760635149769445, -0.3433248257636304, -0.03065127951012469], [-0.1627265989375597, -0.18190956168908146, -0.0179486249330958], [-0.17943532292271222, -0.22838738243844106, -0.02590910111341258], [-0.1897589325680677, -0.2591157857018741, -0.028398292961792033], [-0.19867851786601515, -0.28850778093502516, -0.029647214167066817]]}