{"label": "N", "timestamp": 1746080376957, "left_hand": [[0.08913412144300617, 0.0596039282454986, 8.856226834930747e-08], [0.07648067518250168, -0.0013315243055871877, -0.0044312355547076925], [0.03441304332394696, -0.0473557099396788, -0.014150880316987774], [-0.009073257838058202, -0.04932040988937436, -0.02391050252200833], [-0.04040788368207248, -0.0345616281455382, -0.03397207926579417], [0.03095484304002707, -0.07454639797502692, -0.02793916636877373], [-0.026566167457097445, -0.1236426490879282, -0.04310053404343568], [-0.05710458296151237, -0.14783489542356512, -0.049504920602623396], [-0.08269183646776133, -0.16645573099640615, -0.0519924208903634], [0.01442619319380687, -0.03763647958975269, -0.034304310283596505], [-0.04396938756320368, -0.09744250176571807, -0.04912727370544657], [-0.0744433358281507, -0.13056075838121628, -0.053100208957563906], [-0.09996420906535379, -0.15599015908762726, -0.05419332891690795], [0.0001768902301043698, 0.005551741847037745, -0.03923235573381584], [-0.04930685152440416, -0.028975878947458757, -0.055199754276129186], [-0.030142381235566177, -0.0163387027249185, -0.04917131053194567], [-0.010554091316241885, -0.002160850487298687, -0.04007797516986995], [-0.010519211029373343, 0.04831835385256304, -0.043991239686291386], [-0.03429148236678263, 0.015874412303651275, -0.05264158797589552], [-0.0171663759004898, 0.02214970651253026, -0.04361752100033537], [-0.0019505286723362884, 0.03228582872563599, -0.033912961079903554]], "right_hand": [[-0.08913412144300617, -0.0596039282454986, -8.856226834930747e-08], [-0.050446868568062936, -0.10394327344136176, -0.0139646443337691], [-0.02536354048424066, -0.16287219941547407, -0.019350966002437967], [-0.010168606569726115, -0.21227152641821606, -0.024931992989156212], [0.00025220416154842894, -0.2548610438895073, -0.030040035020906308], [-0.06271661309991076, -0.2391376680570035, 2.8783915886836155e-05], [-0.05475467686184153, -0.2993033397936305, -0.010540143783877454], [-0.05032179729448851, -0.33551602390358787, -0.021737150014955443], [-0.047400471117183166, -0.3678110834612652, -0.02976498826467606], [-0.0873341834873526, -0.2421329523292559, -0.002697510129766261], [-0.0845207113174198, -0.3108999393643619, -0.01061604160723761], [-0.08139483956009141, -0.35251624482733324, -0.020363559953393073], [-0.0793854155790969, -0.38833081448093953, -0.027839398625988727], [-0.11119926461894832, -0.23040296073494096, -0.008656505560501812], [-0.11360656160595878, -0.29631247591982046, -0.017102489938243686], [-0.11246925623529404, -0.33697250804413326, -0.024155059208520485], [-0.11092202391496177, -0.3724175286733395, -0.029398942591772535], [-0.13475166756660797, -0.20807623398058744, -0.016512348173088682], [-0.14232993922222592, -0.25990391986880046, -0.02512556883039771], [-0.1459305952038464, -0.2957890487395599, -0.02873695774374033], [-0.14849812234784032, -0.3305635060689249, -0.030974584794320616]]}