{"label": "N", "timestamp": 1746080546626, "left_hand": [[0.09746101370067199, -0.004776193461226867, 7.705718332689885e-08], [0.06863228099253631, -0.06754132050752681, -0.0014467740200666014], [0.025811397755208607, -0.08782614859828891, -0.00689868197464134], [-0.010103449061356184, -0.07461715683846175, -0.012955904661642004], [-0.03563266078773994, -0.047409674617731594, -0.019518179451298728], [-0.016154776054873296, -0.09599918689979973, -0.01923110803254908], [-0.08348603217909475, -0.09411524272019627, -0.028261719313536184], [-0.11926628342678942, -0.0906338720201757, -0.03180454994161821], [-0.14867236339443046, -0.08597189577589084, -0.031905644287487676], [-0.02287341039481323, -0.048453676291776306, -0.0235794803915431], [-0.0897940082715326, -0.05696001386037806, -0.029802423626599746], [-0.131842857153833, -0.059054908438588107, -0.03143994726170438], [-0.16282244122875816, -0.059009780725912515, -0.03074606930085935], [-0.020230564575869463, -0.00040888621689964236, -0.02638701184344795], [-0.052956307606443556, 0.0033300983542585453, -0.03209887191891619], [-0.033871498639656966, 0.00043668740812910717, -0.029112136488878282], [-0.011408569289285577, -0.002891737361671574, -0.023448662693471237], [-0.01233097028554476, 0.0428919022860279, -0.02930513769417426], [-0.026827834508770854, 0.03355609688165073, -0.028948258114302756], [-0.00985056060515842, 0.030038379865051135, -0.020891245977640607], [0.007413230957640398, 0.026652344411442087, -0.01233227540841583]], "right_hand": [[-0.09746101370067199, 0.004776193461226867, -7.705718332689885e-08], [-0.08848914400357911, -0.06455930803127514, -0.01687481802067272], [-0.0984774110757764, -0.13303360265098907, -0.022380664771685085], [-0.11803596257951211, -0.1813280127700634, -0.026957005175953185], [-0.1447839966434862, -0.2079038251487088, -0.030973826917499392], [-0.1653027524629999, -0.15216672898553563, -0.007036817912985936], [-0.19902165957855747, -0.2030674810931434, -0.01740001712681713], [-0.2201070123385884, -0.23053576684009558, -0.027314123487725297], [-0.23923074691094204, -0.25259203485643483, -0.03392607420193722], [-0.18511761834876478, -0.12890162107066647, -0.007648459502244252], [-0.22300193935534438, -0.18090059898875377, -0.014656084345464742], [-0.24719834779794278, -0.21082921140259792, -0.02379813420096308], [-0.26767176916787727, -0.23414005739623908, -0.03098989332829489], [-0.19782130573769038, -0.09687429436820257, -0.011017741267910951], [-0.2340163991940318, -0.1434311300354354, -0.018351964272218465], [-0.25552384964356506, -0.17068740216541953, -0.02521642319439471], [-0.2719983590868061, -0.19103236116129124, -0.030314195909200217], [-0.2051859830568238, -0.056667943838637345, -0.0163407944482435], [-0.23975381096632586, -0.08414839752905964, -0.024201571423760206], [-0.2627299006899363, -0.1034155681340667, -0.02759137736470668], [-0.28276021596311507, -0.11977227692070302, -0.02946373935540029]]}