{"label": "N", "timestamp": 1746080377238, "left_hand": [[0.09964776193354512, 0.06387921496090894, 8.700062042737954e-08], [0.08603988620805143, 0.0059837565954632506, -0.004279078523193081], [0.04564354737616809, -0.03715285054560132, -0.015198462791126464], [0.005939192092290581, -0.035598738270110786, -0.026272265153850883], [-0.023882292965976284, -0.014487576027215933, -0.03762456995830387], [0.03788244473974114, -0.06760670665161495, -0.029511949381242113], [-0.022993227389048698, -0.11135229969215907, -0.044748186629962], [-0.054596301836525994, -0.13181488391404764, -0.05157703780713979], [-0.08168434159050174, -0.1479383735027791, -0.05449242835073686], [0.02251591613736625, -0.0286082800161488, -0.03652744245520158], [-0.039733591392502536, -0.08537130650147688, -0.051321656472735754], [-0.07261084798333499, -0.11522047613574993, -0.055385807375276486], [-0.10116018845313168, -0.13807787899457521, -0.056692982953237256], [0.009097944265786646, 0.015331908862494104, -0.04192459354188305], [-0.04515855323404774, -0.0188267080467012, -0.057876045268272294], [-0.02436065103484735, -0.004968269149845747, -0.05115002986000334], [-0.004096962078796533, 0.009031639612786035, -0.04175798137041576], [-0.00042966237643616705, 0.0583497396389785, -0.04721667035325681], [-0.027257698911188476, 0.02572908411150646, -0.05592070759220608], [-0.009435505422788357, 0.03212427724842545, -0.045941632997644866], [0.0062635745686141315, 0.04123345610582567, -0.03562937611976827]], "right_hand": [[-0.09964776193354512, -0.06387921496090894, -8.700062042737954e-08], [-0.06226300399433635, -0.10566931610678316, -0.015556681062762088], [-0.035558734898974244, -0.16104800163281793, -0.022134306629575926], [-0.02007322430721427, -0.21019861090883124, -0.028389642186120695], [-0.007784469091530076, -0.25265417000287826, -0.03407016294712872], [-0.07101275069275834, -0.23792831221310273, -0.0030750112254237824], [-0.06507249309011506, -0.29906492221932013, -0.013734497131101005], [-0.06205472476012918, -0.3353048547106246, -0.024595429919513245], [-0.060219336444689325, -0.36669219135142583, -0.0322016550182257], [-0.0970010342174327, -0.23984695988136603, -0.004953910216911156], [-0.09590099759067006, -0.3088342688594578, -0.012810303593894146], [-0.09425945738676568, -0.35061481779848586, -0.02232211451246725], [-0.09339712303447607, -0.38535815688018166, -0.02947577109880595], [-0.12205593067313986, -0.22757517805866875, -0.009970084104686564], [-0.1257643553364817, -0.29313348779012377, -0.018732856433505796], [-0.12574966250951286, -0.3332218006642558, -0.025981098093456417], [-0.1249397250961465, -0.36726061308484637, -0.031102017957845333], [-0.14685532896216746, -0.20407682398978286, -0.016869732135858538], [-0.15678531530784803, -0.2543496773714888, -0.025946433957310937], [-0.16290712092006052, -0.2886282109282733, -0.029777768511140713], [-0.16816508738027475, -0.32178726696764937, -0.031860264099232594]]}