{"label": "N", "timestamp": 1746080376774, "left_hand": [[0.08643437823405695, 0.054472477448095226, 6.43366219217659e-08], [0.07992809238849745, -0.01018333286250027, 0.003852817065045939], [0.048642529654468636, -0.06049323827059148, -0.002871213333074395], [0.014034336959149128, -0.06926264253637099, -0.011831332474057855], [-0.013381670923251899, -0.059010393711233, -0.021976799321802225], [0.039814507213572, -0.09560375667272873, -0.019486457180343277], [-0.013022169450149794, -0.14921079626764108, -0.033150287942204065], [-0.03667900592067849, -0.17947136991822632, -0.04055999739741769], [-0.05567792650748079, -0.2051732106690043, -0.04369085639611587], [0.02015074377951093, -0.06349035498413869, -0.02954144304305946], [-0.03279172929517808, -0.12424118531716351, -0.04153321661077233], [-0.05928030995944678, -0.16108014774775467, -0.045760154428230546], [-0.08188393514531274, -0.19212014785629278, -0.04754186049276472], [0.0036059757034266646, -0.023850025911903116, -0.0375321093657494], [-0.04163769457157569, -0.061524122330791006, -0.05000125861170544], [-0.0240104613886772, -0.042364010973317774, -0.04429656065234077], [-0.006018015973944261, -0.024752436322427313, -0.0360944880284653], [-0.008429245685157911, 0.018907824774120258, -0.0448678115326974], [-0.03057260213899947, -0.011249218347188344, -0.0513316259129104], [-0.014430626771568932, -0.0008643325450411283, -0.041227331793445975], [0.0004258936488161693, 0.010621255948259084, -0.030693719872651272]], "right_hand": [[-0.08643437823405695, -0.054472477448095226, -6.43366219217659e-08], [-0.05027663563302473, -0.10419395364512687, -0.008883593674699073], [-0.030745840768415415, -0.16453003551976478, -0.012518699428792596], [-0.016959756017901898, -0.21077561235985062, -0.01757715480447128], [-0.00718293706813256, -0.2508760443678893, -0.022261747760743727], [-0.06763413678573306, -0.238536697444104, 0.004069092766709041], [-0.06189594798967355, -0.29968179119128874, -0.006996729629785793], [-0.05809040890125508, -0.33668395236900833, -0.01846095228643357], [-0.05611334422811831, -0.36925161728205264, -0.026534293355400636], [-0.09109175988551484, -0.23994852595535543, -0.00139280382263466], [-0.08958279321040648, -0.3095775412971097, -0.009977463604219593], [-0.08644511814483422, -0.35218081463951023, -0.01943593769008971], [-0.08516246331174786, -0.38829985303377906, -0.026303235596545023], [-0.11338836731320914, -0.22725076444480738, -0.009821653151201119], [-0.11662356740048792, -0.29304255519807987, -0.01882117566391575], [-0.11524948516227701, -0.33418392957040793, -0.025191786086438867], [-0.11429230673332942, -0.3690365611612741, -0.02941805381083615], [-0.13452465909730577, -0.20309626298345865, -0.019783665328756948], [-0.14137178513017423, -0.255690287666463, -0.028466853256755156], [-0.14450338100096694, -0.29186319141083944, -0.03127153352009951], [-0.14702119926064938, -0.32551378197575703, -0.03258934636299449]]}