{"label": "N", "timestamp": 1746080546895, "left_hand": [[0.10113167716648655, -0.012338594611708161, 6.594385479478797e-08], [0.06925678638066281, -0.07272196094844754, 0.0002771836065893306], [0.02317689159356102, -0.09352125613083838, -0.006192910406660491], [-0.015347068053379565, -0.08256529217940295, -0.01351225085538906], [-0.040115099523109425, -0.056808072292213546, -0.02198721117857456], [-0.0060073958034841494, -0.1039322833181994, -0.024778417005762565], [-0.06983611481314884, -0.11928925259285811, -0.03787882451846813], [-0.10497463487466856, -0.12827742176119344, -0.04353972863947281], [-0.13261905866134413, -0.13540960797336873, -0.04496399695033101], [-0.01223333821025151, -0.059717669687201505, -0.030641428104051373], [-0.08070306503457769, -0.06753679446175717, -0.04095867574762706], [-0.12169458798545081, -0.07339423247577, -0.04365759499514204], [-0.1523633971961285, -0.07758040658522738, -0.044458358697630256], [-0.010536941932626026, -0.013604511465154075, -0.03444785682223422], [-0.05042536379057664, -0.006729445769418242, -0.04231397106172589], [-0.03155017352293041, -0.010159975788876549, -0.03703479403517416], [-0.009831718207176132, -0.01381665826136295, -0.030432819195111937], [-0.004166857974427548, 0.029137446255905343, -0.03810737933068674], [-0.027351938986767584, 0.027694007702275845, -0.039679592117848494], [-0.011639342742707571, 0.023144192275348377, -0.030418577679141422], [0.004607024644573744, 0.020159975853195813, -0.021364606239132198]], "right_hand": [[-0.10113167716648655, 0.012338594611708161, -6.594385479478797e-08], [-0.08744799483570162, -0.05355553082816614, -0.0183747158238915], [-0.09470444234754521, -0.11910426120903761, -0.026487921702817285], [-0.11162350921277402, -0.16548442171650252, -0.033794952492232085], [-0.13367218679264362, -0.19992756091694805, -0.04082858362069272], [-0.16041030841700785, -0.15077155703711873, -0.01442127512409089], [-0.19062350583043597, -0.2064461826466348, -0.029402756629886593], [-0.2098541285444721, -0.2380860896347139, -0.04169862183060793], [-0.22731651763278088, -0.2639391899142115, -0.04971263921026324], [-0.1835309634079795, -0.12623878169734945, -0.01611581005965125], [-0.220086427988979, -0.18328175997810311, -0.027949871552517047], [-0.24221083337717808, -0.21728395441635692, -0.03899401521654778], [-0.26041069810622325, -0.24299172655405404, -0.046698801796553085], [-0.19798184449563935, -0.091337307377495, -0.020435099913101083], [-0.23510339049205006, -0.13875836051884372, -0.03174059010599348], [-0.25652850510664627, -0.16873980321651605, -0.03976872013012426], [-0.2729254235785836, -0.1927946355173295, -0.045075196029785256], [-0.2054699300094319, -0.04790942261371439, -0.026676502036197713], [-0.24017799982522375, -0.07674349078107456, -0.037724798766521364], [-0.26207089365143127, -0.09800139341509023, -0.0419902410031153], [-0.2806385527642394, -0.1181032457924863, -0.04398560456000295]]}