{"label": "N", "timestamp": 1746080544833, "left_hand": [[0.09236429581491393, 0.041658789927606216, 2.572168464188357e-08], [0.08292902437736191, -0.021688279684846067, 0.004979981721885559], [0.048780496765012435, -0.06728172838750088, 0.0020502645607776587], [0.014975451135420467, -0.07800683597934348, -0.0025090713804133058], [-0.009250057596254612, -0.0647628352838898, -0.00814666255061537], [0.03086845633341869, -0.09084294235900159, -0.01573423823326212], [-0.026695960127713473, -0.12520533254126762, -0.024315952828008844], [-0.0568270996113004, -0.14388051909255123, -0.02789059604920945], [-0.08102288102946115, -0.1591326934824806, -0.028880736982978137], [0.014435477476321294, -0.058255637998601804, -0.023380218933184815], [-0.044415350158995726, -0.09954458684241585, -0.030201121216043188], [-0.07673039698480345, -0.12640903328428055, -0.03219933692278057], [-0.10113139337117737, -0.14641651817414889, -0.03283420713011293], [0.002750277947438682, -0.01971590743987329, -0.028702685323835523], [-0.03913673675947771, -0.044011240351604294, -0.03440426247855073], [-0.021506944964662884, -0.03516695774643893, -0.028580440971747095], [-0.0028142361394682307, -0.023764006854335235, -0.02190255762679799], [-0.0036407349298429744, 0.019458712248729613, -0.0336518075951025], [-0.022279930806203437, -0.0032336542833543104, -0.034965389174311155], [-0.0074821244952721425, 0.0008280315162784103, -0.026193816436859852], [0.006272784834737094, 0.00825592400611958, -0.01766963701378557]], "right_hand": [[-0.09236429581491393, -0.041658789927606216, -2.572168464188357e-08], [-0.06246043498353615, -0.0996592196019765, -0.010324514088060153], [-0.05308823237853871, -0.1594721260412457, -0.014166194587572886], [-0.051595149200405116, -0.2092697662074902, -0.018717119163170984], [-0.059125734325791955, -0.24792880339365844, -0.022989693145646403], [-0.09015049085630061, -0.21484323065677283, 0.0007850695476715752], [-0.09335833479233886, -0.2771162946292212, -0.009684537159699984], [-0.09639161827823728, -0.31395748104855675, -0.020338292576218494], [-0.10137749995269699, -0.3460437354187937, -0.027619213682185843], [-0.11150789097137488, -0.21087218383341869, -0.003027917134352348], [-0.11680677041339693, -0.2803438558540449, -0.010695006816893156], [-0.12036080225570163, -0.32203941228079713, -0.019327786256600157], [-0.12520996856406266, -0.35567905597058724, -0.025594276980797658], [-0.13170528249296173, -0.1943705161487866, -0.009586319705342182], [-0.14091397541235937, -0.25892762555582866, -0.017366011817817776], [-0.1456074659675171, -0.29798835046400973, -0.02312097301154966], [-0.14963823233348822, -0.32896928238719875, -0.026973403880247833], [-0.15088863391020793, -0.16723146577711928, -0.017709435850290344], [-0.1641046860110972, -0.21606320478592345, -0.025441749465523047], [-0.1725199945886561, -0.24899217456504677, -0.027858302365933583], [-0.180063522732785, -0.2777962194091046, -0.02885792349325458]]}