{"label": "N", "timestamp": 1746067730849, "left_hand": [[0.07488519004618883, -0.08594145198934389, -9.120183246699646e-08], [0.03816660714365194, -0.13097330818603883, -0.011537451956229659], [0.018023506442559813, -0.1927805932130158, -0.018093972431504877], [0.015022529311588923, -0.24308130306796605, -0.02480240070811289], [0.012856092699912685, -0.28533359447084666, -0.03145319544668821], [0.05255165380486476, -0.2619109735189264, -0.007328722495971713], [0.05063391720096213, -0.3285913076528306, -0.020158160830326458], [0.04736348543326297, -0.36541468587672743, -0.03184161421664709], [0.04490679511344352, -0.4009425108301435, -0.04104196735112192], [0.07912091205135098, -0.262154429316386, -0.01325796194874733], [0.08034961275094302, -0.3367921415224591, -0.023352171009906032], [0.07914055561879843, -0.37954421061251237, -0.03417655441650662], [0.0765334275709029, -0.41841751953843953, -0.04290223152091041], [0.10401726720766309, -0.24813281087418115, -0.021542126820243385], [0.10705170951123111, -0.31986031967442236, -0.03170173990585082], [0.10793420344517689, -0.3629837832944903, -0.03861932273353711], [0.10640302736086234, -0.4031372795102535, -0.044491607784626325], [0.12799566334671933, -0.2218984043447375, -0.0313254761487808], [0.13240159997478584, -0.2771487376656918, -0.04047382327175695], [0.13557119180009072, -0.3125005149232906, -0.0433452589639486], [0.13747288467582927, -0.3455754382766268, -0.04572265560165233]], "right_hand": [[-0.07488519004618883, 0.08594145198934389, 9.120183246699646e-08], [-0.06304096328212132, 0.012108837172624355, 0.0032666850222619827], [-0.03093368561664342, -0.03278418077812977, -0.002736558939044961], [0.004673569123922973, -0.03439357559255182, -0.011642906275946052], [0.02904461439962678, -0.013244386475452006, -0.020375501127059104], [-0.018945865263384244, -0.0678122169337581, -0.013191607966709939], [0.02190524425152524, -0.12800624065226796, -0.02577597390911211], [0.04468373840525628, -0.1638607065781883, -0.032288413713502266], [0.06190581396143626, -0.19138172233297968, -0.035529419017183], [0.002408603577787461, -0.04107709942547575, -0.024735334257884], [0.045210781541815834, -0.10580927609140997, -0.03629257105698572], [0.06845209947698977, -0.14541248576388285, -0.04202769556501001], [0.08712348810563315, -0.17687368116291885, -0.0445986752267685], [0.02086017979784467, -0.002447312960698615, -0.034763475435343416], [0.060990610376718254, -0.026299270300234486, -0.04560228597561511], [0.04460418640134013, -0.008363537716744165, -0.040273335000434896], [0.025821958276737597, 0.005469400260306471, -0.03262512090326188], [0.03390848613850447, 0.03963449716451588, -0.044993288164630066], [0.053210291066338115, 0.022072125689907997, -0.04722226920620085], [0.03729877922160131, 0.03304048044661269, -0.03615406612949707], [0.02323691813160538, 0.04407318788581492, -0.025542545441755084]]}