{"label": "N", "timestamp": 1746080548904, "left_hand": [[0.0846493480710575, 0.07966964925005682, 7.322129660682295e-08], [0.08676741182562271, 0.012880023595725626, -0.0028939291718003916], [0.05968806706047249, -0.04410179716722135, -0.009236360110921675], [0.025621301769076257, -0.0632835544874206, -0.015381859188665357], [-0.0019517542797626481, -0.05594911303261942, -0.022104041282220124], [0.049119646925838055, -0.061330073877730824, -0.025918281416591176], [0.0062027415790944914, -0.1294183574485107, -0.03705245372730132], [-0.014373527888313664, -0.1634143909015669, -0.040383290484440816], [-0.03144569096209845, -0.1898115587512054, -0.04036260790738574], [0.02501851695474342, -0.030991685266733623, -0.0298819325448345], [-0.019849351039807256, -0.10284493226708631, -0.03943621968689317], [-0.04449117517426468, -0.14333166103862816, -0.0410491483363873], [-0.06474522182256807, -0.17129378034927503, -0.04110227828588479], [0.004200580373006701, 0.0033111961775680555, -0.03216740499809232], [-0.02753945461053361, -0.04921276382682431, -0.040531654711962246], [-0.010688700503203292, -0.04381425355040955, -0.035411617666941085], [0.0050389853780559634, -0.0288535541189824, -0.028837584009666857], [-0.011382208247186979, 0.034336568722216604, -0.03442603588230369], [-0.025068113173644224, -0.012711587206150976, -0.036830999456608435], [-0.010011330605831174, -0.00925247984344568, -0.028115153086103038], [0.0018014968119620237, 0.004180465291148664, -0.019792258988608865]], "right_hand": [[-0.0846493480710575, -0.07966964925005682, -7.322129660682295e-08], [-0.042963401801963064, -0.11835317395517832, -0.015911770943284425], [-0.016763016488547916, -0.17254219348088348, -0.021957389078024213], [-0.0027325513690117475, -0.22085129512386636, -0.027622245356537893], [0.004784556775094845, -0.26028463835689275, -0.03251753761249678], [-0.03958937103014146, -0.24777296206384963, -0.00395399887380783], [-0.02694716130404518, -0.30796020552982434, -0.015997629628389236], [-0.020246082640076064, -0.34512646744595743, -0.02759844632476631], [-0.015394942941106889, -0.37738316150216245, -0.03534976545933114], [-0.06577871164711677, -0.2541351650244446, -0.005195785962493288], [-0.05552814604923005, -0.3232823469442255, -0.01407458273696583], [-0.049689335801789004, -0.3650991509293428, -0.0231155609355692], [-0.04494847138799889, -0.39947106649526065, -0.029625512939816547], [-0.09182151451270902, -0.2467920442313358, -0.009679897546669713], [-0.08587901001682768, -0.31245247843410856, -0.01877744762467361], [-0.08112580377471879, -0.34974507718015707, -0.025048356583770293], [-0.07616150839478056, -0.3798013586829527, -0.029268606149551644], [-0.11832111762984647, -0.22828946897804545, -0.016208245456148778], [-0.12162872761927862, -0.2785963826202279, -0.024549292246647366], [-0.12486171437473388, -0.3118085669090257, -0.027224920032302438], [-0.1277136495652805, -0.3426410483130877, -0.0285284708065004]]}