{"label": "N", "timestamp": 1746067709639, "left_hand": [[0.06406976019577952, -0.0824376353530257, 1.7682595864112017e-08], [0.02851328688502335, -0.11853566297151082, -0.018282455588923236], [0.0024193767599303565, -0.17048460765668957, -0.028808711851254918], [-0.008123380847606509, -0.21619031205499611, -0.03757229356327646], [-0.013400367266302098, -0.2575264260232727, -0.045554244953500175], [0.039179765256543625, -0.23988575255140293, -0.017115632899245226], [0.03950469784118099, -0.30026835139200814, -0.031910134094271805], [0.040473049045649266, -0.33657527370514184, -0.0440122943504889], [0.04284701295555931, -0.3695155959573624, -0.05264268692903143], [0.06562267214056769, -0.23956243160412652, -0.018663600925656425], [0.07015963000667158, -0.3075344073952592, -0.02937549766650305], [0.07273206816144437, -0.3481305811198406, -0.03866517686971466], [0.0749728622554465, -0.38377178681677954, -0.04568847723581898], [0.08948514891468656, -0.22612402528066106, -0.022781523419126613], [0.09377607819516749, -0.2898934027650276, -0.033533430989216045], [0.0957941572522202, -0.329558889029494, -0.03945814108644646], [0.09687580877088597, -0.3647508011383126, -0.044006764005846175], [0.11236885403455125, -0.2014881833455253, -0.028824963447862215], [0.12264478631134161, -0.2465513301357417, -0.03831675963791681], [0.129879757583028, -0.2768247237139444, -0.041103816007692036], [0.135911299367788, -0.3046971970915833, -0.042790827771454286]], "right_hand": [[-0.06406976019577952, 0.0824376353530257, -1.7682595864112017e-08], [-0.06352738903075804, 0.00915432098246254, 0.004003172010152468], [-0.03394682289997275, -0.03960631930381761, 0.004984854408424568], [0.0008957392143288379, -0.04313545188872191, 0.00479269562948741], [0.025197508594040477, -0.02974883873304823, 0.004383751273060889], [-0.013616061745980524, -0.06527356499551601, -0.008112100047453732], [0.019834730082404214, -0.13000977035588637, -0.013771053489567827], [0.040165469159172316, -0.1678485870964435, -0.015057863132699502], [0.055367271682211415, -0.1941998293459103, -0.014483119857981657], [0.011240861511519618, -0.0379361772989381, -0.012869385160735547], [0.04498249869049633, -0.09975792414842737, -0.01756755643668917], [0.06520227763882393, -0.1403926447063269, -0.019531222035412035], [0.08198238091439225, -0.1686208483962543, -0.019770991727996227], [0.028962911631505522, -0.004926135172938217, -0.01608583664056405], [0.039376870713510766, -0.043509175138670364, -0.020048492776432558], [0.02282098372613221, -0.04272852449369297, -0.018825580139217903], [0.008070969517539306, -0.030931162393713366, -0.015291304940919532], [0.03986733832461987, 0.02463182388034546, -0.019014109974439898], [0.036698461882949195, -0.009704838643185285, -0.019801883283849863], [0.021110572864452955, -0.01025098501353174, -0.014883272304857953], [0.010642612892243674, 0.0012269196533929174, -0.009199717246025418]]}