{"label": "N", "timestamp": 1746067731513, "left_hand": [[0.0680923612921681, -0.08321772126471527, -1.632362267563134e-07], [0.04282428533826941, -0.12966173263014477, -0.003208498102374928], [0.04107167063184505, -0.18973167616307648, -0.004711969301075105], [0.04557025559803059, -0.23168691456958418, -0.00848800641750255], [0.04371515992685184, -0.2633011323845807, -0.012011365137507411], [0.06506798982394559, -0.24524348999543505, 0.005673343413207289], [0.06497617912713755, -0.30414063190365376, -0.0028112618588373305], [0.061357659304180086, -0.33948120883656996, -0.011774759194620203], [0.05883135738670593, -0.3709843630799857, -0.018913992641948273], [0.07895515798625628, -0.24646706817783193, -0.0023103967993705413], [0.07960196179368305, -0.313201405911479, -0.010036578345216764], [0.0774706917525709, -0.3551824733252873, -0.018374632343729755], [0.07516396539244512, -0.3913594368915555, -0.024625295603413], [0.09316057848818453, -0.2359020415481512, -0.012376086059101942], [0.09641069571217657, -0.3054056385611641, -0.019634904069838914], [0.09646845433649491, -0.3467579256418811, -0.024955989823399506], [0.09501924637950183, -0.3822105751825861, -0.029204580270001553], [0.10672865924642973, -0.2156025294710059, -0.02369477720002171], [0.11146124782792588, -0.2677758716215296, -0.029617003523304382], [0.11403663297795329, -0.30287513812521544, -0.031772446940467845], [0.11577189690084748, -0.3338799212668321, -0.03362542015617465]], "right_hand": [[-0.0680923612921681, 0.08321772126471527, 1.632362267563134e-07], [-0.04430684948071219, 0.027333213529978077, 0.005605333140490074], [-0.013829131183176373, -0.020755318088332225, -0.00011009124141727823], [0.015196688394145117, -0.03455016523667225, -0.010752045906784228], [0.03713819233459263, -0.03496148086976978, -0.019843617990304922], [-0.0132104412121648, -0.06842752368685714, -0.00473512929162444], [0.024502507424981997, -0.1279624228709829, -0.021242856908533427], [0.046105392731775226, -0.16144628039629375, -0.02921635235909455], [0.06090222443274782, -0.18831369033794385, -0.03288581111337855], [-0.009079470172966043, -0.05512332329417237, -0.020479731233079997], [0.034547080137461675, -0.12081390005655342, -0.041890653200365405], [0.059303679116975046, -0.15648975536533202, -0.051974233280965294], [0.07812626373670141, -0.18851299238619415, -0.05522117262080809], [-0.0041383474418225435, -0.027344022975332432, -0.03563213511571839], [0.0540261645907052, -0.028259856712415477, -0.056732059365778055], [0.045128645682459265, 0.005893722500172156, -0.05268852073409412], [0.029514888989019453, 0.019121375318459127, -0.04310286522777594], [0.0026303602261858296, 0.011271491152668456, -0.0508022087301136], [0.04771154641251846, 0.026458808268008508, -0.05991039004253749], [0.036009138808459705, 0.04961848566817572, -0.05132094032689071], [0.018340102938673553, 0.05535092474871517, -0.04140798594943526]]}