{"label": "N", "timestamp": 1746067709821, "left_hand": [[0.06762866824284507, -0.08618023494806275, 1.1645394868856466e-08], [0.03532811666773382, -0.12676625428150778, -0.014828317263665652], [0.011647261728937262, -0.1811193435024771, -0.023448794717842773], [0.0003164545232296994, -0.2265396766653714, -0.031010736951039373], [-0.005084419637690049, -0.26676490544463427, -0.03792663353601289], [0.04789851314324416, -0.24709264459165747, -0.012838083263606685], [0.049198681674558556, -0.3082955618339582, -0.026477075444598586], [0.05088673500119271, -0.3447010351777543, -0.037856764899647684], [0.05383781045482974, -0.37668594217214324, -0.045808306121552976], [0.0732861499422704, -0.24473489085754332, -0.015500264429470948], [0.07935108819842694, -0.31279695600756174, -0.025023317404656867], [0.08280690207050467, -0.35361297682289977, -0.03371283274937397], [0.08549551177133609, -0.3887416257317589, -0.04034062557265213], [0.09663774660915879, -0.23040476669104626, -0.020521852499772675], [0.10401891910554344, -0.2941335062852959, -0.029999135401963944], [0.10812557171027154, -0.3332861936631294, -0.03516441614915887], [0.1104121836449695, -0.367557590546085, -0.0392809905496025], [0.1186968969363101, -0.2049409731061197, -0.027226688330290565], [0.13072709504470006, -0.24948474876416724, -0.035574005739411246], [0.13876687284572375, -0.2794086405499233, -0.037422438777611394], [0.14495967106701946, -0.3066831771086993, -0.03845664105117385]], "right_hand": [[-0.06762866824284507, 0.08618023494806275, -1.1645394868856466e-08], [-0.060877120642478896, 0.012724307742120062, 0.004252123175891442], [-0.02878697659764351, -0.031450577936671414, 0.0030066819327839844], [0.006181991591128615, -0.03152575835352172, -0.0005634050841992421], [0.028080041025029263, -0.010864990408032937, -0.0042081028538462845], [-0.014588129687960617, -0.06366818252294369, -0.0052140195496035826], [0.018267798354957437, -0.12532002981639506, -0.01233776624364811], [0.036967174020222315, -0.1618987199057442, -0.015473977357065018], [0.05102542378670464, -0.18951234499754543, -0.016699238688436563], [0.009561338014426485, -0.037649234372267144, -0.014163197746771107], [0.04476401344944047, -0.09841200888486716, -0.01999242331684729], [0.06427563940348593, -0.13741173917493527, -0.02390938572207931], [0.07970981506348068, -0.1669816084192422, -0.025508198362787962], [0.026959746300972424, -0.0012193961826322446, -0.021993970161140464], [0.04637071748204475, -0.027413780099429956, -0.028732856862277247], [0.030219531896056168, -0.017582054428769416, -0.027970187814317177], [0.014686521059954199, -0.004960975523481591, -0.024164381696897254], [0.03680478609504211, 0.03547827778958329, -0.029722556678344635], [0.038642223886326876, 0.011892751974396218, -0.03140854076829895], [0.024359586759989095, 0.01756842964248072, -0.025151987312303413], [0.013367180190930639, 0.02961580297006848, -0.018374355125158164]]}