{"label": "N", "timestamp": 1746067710241, "left_hand": [[0.06629628684042449, -0.08819982111005203, -1.0557140205392217e-08], [0.03654704826735759, -0.12433653725303458, -0.017523558225235998], [0.013801902341897366, -0.1787154134033133, -0.02737483714544171], [0.0038802165424182966, -0.2260769309746229, -0.03569551364731524], [0.006301362984542406, -0.2682802122345116, -0.042944538809864014], [0.057486751080524784, -0.2458728916848631, -0.013235306023364923], [0.06364000062521667, -0.3071525822439115, -0.02603222004056093], [0.06658471827592288, -0.3431295373681325, -0.0364323968153712], [0.07035320011810306, -0.3733478246277559, -0.04402338440964627], [0.08197538685119377, -0.2417922045817361, -0.014303958566994028], [0.09148505379275684, -0.30859173065346557, -0.02384709377804781], [0.09687056605196931, -0.34715855116129635, -0.031906734018402695], [0.10083584866972188, -0.3788555452907478, -0.03812414496952721], [0.10375927700789803, -0.22666557818670965, -0.01825060591325264], [0.11472377442220649, -0.2897526037348605, -0.028285131907250023], [0.12028630252843021, -0.32740961384693357, -0.0339980955611551], [0.12356950657214662, -0.359924434409921, -0.038360786277367796], [0.12414491064656745, -0.2016710591159418, -0.024072871040294562], [0.1391042313092912, -0.24592677598338675, -0.03319767211489611], [0.14849268137287258, -0.27543143819301935, -0.03678542843595982], [0.15579714935294312, -0.30219214963070895, -0.039150351376457074]], "right_hand": [[-0.06629628684042449, 0.08819982111005203, 1.0557140205392217e-08], [-0.05543146626090617, 0.01791108156564815, 0.004731076611504885], [-0.023389979599417025, -0.02492224025916951, 0.0010103114141120715], [0.010583888270168108, -0.028341066797054986, -0.005639711965488012], [0.031882181516657615, -0.010877676224343758, -0.012349756668318342], [-0.011612157506631136, -0.06212251028079554, -0.007753070849967989], [0.022698510022423266, -0.12534935236327127, -0.01742111195632123], [0.0403355885624569, -0.1605395830528292, -0.02196019169289146], [0.05295477158041399, -0.1887683453072336, -0.023764419616239894], [0.01120711351984385, -0.03741323152801621, -0.01869980841318865], [0.04855814105011428, -0.0997654338884322, -0.026393406106072072], [0.06716112527298967, -0.1377571922272896, -0.030531416506682032], [0.08063178961736352, -0.16868573106982193, -0.031895399852818564], [0.02868536558267243, 2.3021633463993138e-06, -0.028379093222643037], [0.05395755746419113, -0.022207374243959247, -0.036892322324903956], [0.038007713926406714, -0.005469871729955272, -0.03431898806968013], [0.02179100179001196, 0.009184378098825816, -0.028812697711143576], [0.04002440901785251, 0.0410649184693355, -0.03799034597107806], [0.04731018616679386, 0.026443993024835955, -0.04034951635242138], [0.0318344515161887, 0.037449929379379604, -0.032116307811650716], [0.01985043764487283, 0.05032148420497366, -0.02345944850471942]]}