{"label": "N", "timestamp": 1746067713232, "left_hand": [[0.06145263946356144, -0.09658731966010141, -2.0406687645753542e-08], [0.027244697910433706, -0.13622984429260043, -0.01783297008191136], [0.005460919570466006, -0.1910721151115681, -0.0288028704872105], [-0.006957308020615044, -0.23830494108032294, -0.03793602577317261], [-0.02226822251831113, -0.27768260556883184, -0.046809712816117094], [0.048627164763732925, -0.2584937362095014, -0.020057529944201014], [0.053322423068579, -0.32476951038563723, -0.03452796205464126], [0.05598547842789406, -0.3645644355132711, -0.04605890193321768], [0.059534663260481735, -0.39982024091380075, -0.05443356061188993], [0.07717220568286338, -0.25376934351536684, -0.022214250686875624], [0.08745111727043846, -0.32648911900503913, -0.03267802178688962], [0.09348968387891562, -0.37051391115294824, -0.041888133432582846], [0.09858004618779796, -0.40777136916933904, -0.04923425018629828], [0.10218691076776386, -0.23575053932211787, -0.02657250385341657], [0.11346219128294872, -0.3036995472382828, -0.036988110325415595], [0.11977687759332922, -0.34614100086909955, -0.043270929481571456], [0.12409089678235406, -0.3833862704706869, -0.048540093909940935], [0.12511794064238732, -0.20725198655759075, -0.03264072874912333], [0.14065998192042617, -0.2524802260820141, -0.04219131175517544], [0.14971271179272266, -0.284598375562417, -0.04533612950175149], [0.15701932664167675, -0.31486970833954975, -0.04756406354997011]], "right_hand": [[-0.06145263946356144, 0.09658731966010141, 2.0406687645753542e-08], [-0.05862467802366267, 0.021208408134089893, 0.0017982981680910285], [-0.026525150991156425, -0.029644784822108233, -0.0035743346877115992], [0.01280514179595108, -0.03247131899410252, -0.010363762798956816], [0.04117854808580524, -0.01726606763143081, -0.016885446849640006], [-0.016469935328802348, -0.0592255238288833, -0.0167216692735403], [0.013299928002840529, -0.13073690181446784, -0.028054192010525527], [0.028514467934414468, -0.17425484394343768, -0.03299875493833127], [0.039207966865674376, -0.20680275964841444, -0.034794912126634395], [0.012200433305369891, -0.030137985175770474, -0.024469702120467094], [0.05578561561117342, -0.09626915219263094, -0.03358003811124196], [0.08266279203620126, -0.13816358840776782, -0.03873606040749231], [0.10530623875559328, -0.16675060912732714, -0.04154600542197768], [0.03287270977343237, 0.005900801273124842, -0.030470358341171656], [0.04873010929322494, -0.033206701790605794, -0.03878368131440081], [0.03083158073973677, -0.02575550243742237, -0.03667157402126452], [0.016079520919309406, -0.010824513062873537, -0.032021764570781826], [0.04617507319372897, 0.039592343705380874, -0.036338978121307194], [0.04320943703866228, 0.005845930751463385, -0.037394451232318944], [0.02573328916471838, 0.011310010700860759, -0.028592116257075847], [0.015433988035650617, 0.02586125619263116, -0.020221122032110753]]}