{"label": "N", "timestamp": 1746080548348, "left_hand": [[0.08957174550392477, 0.04679369348430488, 2.379486080877861e-08], [0.0798747567934229, -0.014713398372084782, -0.0012852838626431328], [0.043325561720812554, -0.05595116317573958, -0.008322898533522857], [0.006353822336916891, -0.057860936203737584, -0.015546658988422408], [-0.019747074935899576, -0.0419438673486997, -0.023377451171510633], [0.030133796391258648, -0.08069386645061094, -0.024862827881168184], [-0.02578655086683948, -0.1213325520582445, -0.0363684344278303], [-0.05478865765359743, -0.1424181124925412, -0.040976350523289], [-0.07874150419670091, -0.1596381804486202, -0.04245878853011625], [0.013718308738641787, -0.04450502894552206, -0.03027887800648569], [-0.04575016034047595, -0.08622545314589718, -0.04014216122813147], [-0.07838665872009008, -0.10999788044489817, -0.042669653752872884], [-0.1043476450679126, -0.12774418661040052, -0.04374129763549869], [0.001634325706534803, -0.004853377549883188, -0.03365475623502198], [-0.04229370940050738, -0.03365978661236349, -0.04265938332173818], [-0.023284061593401687, -0.0266415261088455, -0.03630281881207798], [-0.004459642237233263, -0.015662291874489646, -0.028913525689136466], [-0.005047586269736987, 0.03261777946685714, -0.03688040686505619], [-0.02774282522554013, 0.00481704954133108, -0.04036740320478175], [-0.01229765054269236, 0.0073033724810241995, -0.031058235407370485], [0.0015875284246423215, 0.015354428649264958, -0.02208410747803787]], "right_hand": [[-0.08957174550392477, -0.04679369348430488, -2.379486080877861e-08], [-0.06062048683097015, -0.10457017261724362, -0.012726216403881524], [-0.049908792472224114, -0.164042378080133, -0.01824182867127275], [-0.05091920682821569, -0.2134433090621275, -0.023817514405962914], [-0.06131499178876343, -0.24941138547654967, -0.029375251163413385], [-0.08975763984503916, -0.22026237591793793, -0.0054035805061534116], [-0.09242699009869518, -0.2830791997649374, -0.01855482942418346], [-0.0931626692657741, -0.3213813692257819, -0.030677787840720366], [-0.09420991104795064, -0.3551947360087198, -0.03883163849293631], [-0.11268690220420345, -0.21517072066633974, -0.008738970068589891], [-0.11913405089913952, -0.28428975111305416, -0.019391138932161912], [-0.12257624069114796, -0.3275513966253373, -0.03005519670993804], [-0.12583532918139606, -0.3640631908663324, -0.03775042706325166], [-0.13329444597607035, -0.19640081181994884, -0.014672332469202992], [-0.1453822023858477, -0.261006401652203, -0.025250614112478715], [-0.15098196883649193, -0.30232536806356847, -0.033136758416540554], [-0.15485204855815207, -0.3374240878578536, -0.03845004180330692], [-0.1521335334130849, -0.1664541583138867, -0.022135989108886946], [-0.16834858812238676, -0.2144656354535099, -0.03268481320424018], [-0.17866849859664083, -0.24753775548761014, -0.037171417057291045], [-0.1879080577493557, -0.27830312096644894, -0.039593449225230094]]}