{"label": "N", "timestamp": 1746067730667, "left_hand": [[0.0748051191538458, -0.08589702812834114, -5.1218742708797945e-08], [0.038402291895864485, -0.12862880342513744, -0.01126943310650623], [0.018615956777005647, -0.1941716848719707, -0.01752609684105751], [0.014935754510926255, -0.24507693213171225, -0.02365267193206669], [0.011916418451884318, -0.2846759630844872, -0.02976623169506553], [0.04864996486454943, -0.2585640025211153, -0.010303227221831359], [0.04448748033417467, -0.32483365196262926, -0.02416316324202437], [0.04038581468227936, -0.3617258137463215, -0.035759963524822906], [0.03718503416884471, -0.3969164221785753, -0.04484685461814411], [0.07501578483494643, -0.25775146318478737, -0.016723230984994272], [0.07214862799571775, -0.3326239583899733, -0.02895204206355458], [0.07013465176219161, -0.3772472140098417, -0.04029154207387137], [0.06716940137728225, -0.41820638524658516, -0.048782206271983326], [0.10069965882783447, -0.2422197430753892, -0.025235250002774934], [0.10000943937047445, -0.3156559423748927, -0.038155845568627195], [0.1004244335991728, -0.35995320968626865, -0.0462781693828657], [0.09905820922696279, -0.40118569180926145, -0.05231706704129126], [0.12552062647540782, -0.21452129874270914, -0.03493914245716805], [0.12756153552632138, -0.26725166245522824, -0.04683316365292637], [0.12969600531214617, -0.3024108052593252, -0.051117880046525906], [0.13104502260658088, -0.33529468609454716, -0.05401829033369311]], "right_hand": [[-0.0748051191538458, 0.08589702812834114, 5.1218742708797945e-08], [-0.06324145679832296, 0.010992858257608512, 0.006646573660166319], [-0.03183893592924868, -0.03250566618516991, 0.0027383568129686975], [0.0026698365451750046, -0.03458970295020059, -0.004502531107258671], [0.02710001429340145, -0.015696067505694473, -0.011830837398107075], [-0.01881427825013705, -0.06505243572236573, -0.009148702715703363], [0.01884523778777112, -0.12346056299840297, -0.02018872022103659], [0.0406364835186172, -0.15771100926683942, -0.026358900236519985], [0.05775264103129653, -0.1846522761655991, -0.029748493772339686], [0.0036935036452547974, -0.039471584156771745, -0.02118358829492612], [0.04262678351725047, -0.1037720573779955, -0.03145535557328364], [0.06489907929198857, -0.14397540442286866, -0.03740756872672737], [0.08320415346241072, -0.17652593663308183, -0.04046541992484979], [0.02180965202312106, -0.0012696711020335363, -0.031367667138732125], [0.06063251614540262, -0.028366065748000158, -0.04027610356243391], [0.04520771315993048, -0.01019103483800257, -0.0345009230742602], [0.027433065865277287, 0.003286111776366372, -0.0268937719073153], [0.03427298930063698, 0.04113935046482917, -0.04140431411186813], [0.05403247961785149, 0.019355190001302338, -0.042133147726019615], [0.040061256629612296, 0.028611761694853063, -0.03065878834383572], [0.027122502315762517, 0.03887633368621247, -0.01986223407349733]]}