{"label": "N", "timestamp": 1746080546502, "left_hand": [[0.092326922716999, -0.01224007234320764, 9.410641619528287e-08], [0.06214989216618575, -0.07167770026302132, -0.0072766614287817916], [0.013951285219785219, -0.09057023449056596, -0.016198153790281274], [-0.02789553541482126, -0.07255479271571637, -0.024502288099116833], [-0.054242761817299076, -0.03880250519898311, -0.033210518286310525], [-0.019096510367072505, -0.10167366055657724, -0.02792475590410769], [-0.0862656997480803, -0.10272936941823455, -0.041991893931251474], [-0.12307239514100535, -0.10239370671838767, -0.048502284925488505], [-0.1534636229010594, -0.10145467438534121, -0.05032482137935582], [-0.025508930478673825, -0.055053669627874204, -0.030526827025479167], [-0.09145558889215771, -0.062044604264137916, -0.04285452055246508], [-0.13388921568397202, -0.06517100488305128, -0.04672708399679709], [-0.1660091202006069, -0.0671131466522042, -0.04696640346741366], [-0.023379504675129267, -0.0079078031782579, -0.03190836835197869], [-0.05199596686667329, -0.002271946895650276, -0.04275785080309873], [-0.03422927406818704, -0.0037011156365382193, -0.039939061835981726], [-0.012912139834119658, -0.0058635892356696355, -0.033343293247082996], [-0.016896318744953932, 0.035505799592752095, -0.03375175262180454], [-0.031748868802050564, 0.02597620058244309, -0.035803585367567024], [-0.015369312697849568, 0.023539093865255142, -0.027519776937199817], [0.0015848001111830583, 0.021552664092195993, -0.018577992091336804]], "right_hand": [[-0.092326922716999, 0.01224007234320764, -9.410641619528287e-08], [-0.08330974264017868, -0.059207599431249834, -0.015945498940472435], [-0.09513097869979599, -0.12796082704312325, -0.02028726563619731], [-0.11665661088254788, -0.17477661131885405, -0.023912422052452337], [-0.14308224169587308, -0.2041240036767431, -0.026744457347815418], [-0.16467830328251337, -0.1483831377916538, -0.003010133197244369], [-0.19876017824565329, -0.1995747272504727, -0.012120870878384428], [-0.22046630680178705, -0.22726517833621349, -0.021578577328286344], [-0.23989213746242763, -0.24895961153474735, -0.027941091805459155], [-0.18494758492728752, -0.12557287644823337, -0.0036562005947103522], [-0.22361402028048907, -0.17746456465691568, -0.00945748199646618], [-0.24832579637249966, -0.2079481283536214, -0.0183471708019881], [-0.2690063152867891, -0.23083339038283474, -0.025302158539638922], [-0.19801523739710739, -0.09386986888347175, -0.007219255107364643], [-0.23541853455132142, -0.14090123560538412, -0.013858379757281323], [-0.25712898702562026, -0.169130662595678, -0.02096785604475113], [-0.27348550861840626, -0.1891469010295724, -0.026146569295081447], [-0.20536746161662214, -0.053811705764981274, -0.012672195180809491], [-0.24096489463300594, -0.08147757878957303, -0.020182223861070204], [-0.2644203003979396, -0.10061019436805166, -0.02352068199287836], [-0.2842941859470711, -0.11558595135647988, -0.02518069552267025]]}