{"label": "N", "timestamp": 1746080396079, "left_hand": [[0.09328630851882787, 0.05160557902221864, 1.0858123779644073e-07], [0.08400257026377762, -0.005802931369409188, -0.0043241727797204196], [0.048665718585334174, -0.050155357404757635, -0.013375530124570835], [0.010065171944044621, -0.056712292603477134, -0.022536202004822283], [-0.018349095339299577, -0.04197582965799177, -0.03202118437903758], [0.03742709160290297, -0.07834168890036727, -0.027213508712957874], [-0.01845733398869557, -0.12262088637715042, -0.04137640377308938], [-0.047918660363167505, -0.14556825570065976, -0.047597230641345314], [-0.07269450483835443, -0.16425606397310177, -0.04997027929424092], [0.019315486668271604, -0.042899031297872564, -0.03280074063868983], [-0.036127804727482435, -0.09763725542632333, -0.046049929179873925], [-0.06703593280117713, -0.1309731023665031, -0.04992311439090884], [-0.09301913181357613, -0.15675829868997446, -0.051104766656000486], [0.0041926082187536485, -0.0017946109097411573, -0.03687589273511542], [-0.04025703868816139, -0.034389075986891976, -0.050430271518618223], [-0.02029127395817654, -0.02266020196216395, -0.04471601563229115], [-0.000463099237725194, -0.009481599916421675, -0.036346647166413656], [-0.006156981049290146, 0.038787055584385575, -0.04108078797970441], [-0.0249585985595987, 0.009799793340134645, -0.04862882958662284], [-0.007644151886479824, 0.015143997326061344, -0.04053036624201455], [0.007516169379213554, 0.02340997496478778, -0.0315021633081615]], "right_hand": [[-0.09328630851882787, -0.05160557902221864, -1.0858123779644073e-07], [-0.054806481465659446, -0.10260431647003866, -0.011090781248533362], [-0.03634532210450151, -0.16925538507030158, -0.013233286205682194], [-0.0278549167385014, -0.22400817029393166, -0.016225572534812285], [-0.03311515644314583, -0.2667263690078459, -0.018780572076115894], [-0.06742042680475628, -0.23607505211402105, 0.0062256398103725415], [-0.06730439638287934, -0.3012431807037808, -0.0032105004792805977], [-0.06921810506384514, -0.33884463525150066, -0.01370312171277228], [-0.07357426999092062, -0.3710142195586609, -0.020923637838156244], [-0.08922030778866738, -0.23519477573656358, 0.0028436246559721094], [-0.08857591762742616, -0.30720903415750883, -0.004091099126739571], [-0.09092677647577337, -0.35107128366433854, -0.012966215271097623], [-0.09558276598736463, -0.3861423336562034, -0.01923836735559402], [-0.11118284643022941, -0.22246670384759873, -0.0038683080903624528], [-0.11005905072007549, -0.29257252449249177, -0.011005089379687447], [-0.10983696757592391, -0.3333722548454179, -0.015692319800313975], [-0.11084265270774671, -0.3659748642639402, -0.01873309867500459], [-0.1341498185840528, -0.20016368942844157, -0.012455186496258989], [-0.13384897154975445, -0.2547252412858424, -0.01939971610123883], [-0.1329981875599907, -0.29077371801295315, -0.020814312835866274], [-0.1322160134763262, -0.3230632462566753, -0.021044575578278397]]}