{"label": "N", "timestamp": 1746080374975, "left_hand": [[0.10549872571934715, 0.05914419963103979, -1.7118213682641114e-08], [0.09302554722663306, -0.008472198606152328, 0.005939807704949119], [0.05501986056524067, -0.05536560344565062, 0.001260301906326243], [0.016560042571614874, -0.061869295901967436, -0.005075227115751297], [-0.013046372386149727, -0.051843031746588025, -0.012804959167130172], [0.04356997078932404, -0.08870951734096164, -0.020689326718351067], [-0.017848584833209006, -0.13473654672499927, -0.03171534693648015], [-0.05057035614397116, -0.15818918348714672, -0.03608551324602696], [-0.07777072280409844, -0.1752198213376812, -0.03735445580046308], [0.027402163202687603, -0.05410289869430362, -0.030006268367861157], [-0.03649097466524493, -0.10700016251448025, -0.03914394422689538], [-0.07091871527675424, -0.13508910061202545, -0.04121685530488277], [-0.0990706768612632, -0.15538628567529594, -0.04199194207760596], [0.014216632414032326, -0.012436069585379284, -0.03662130440510968], [-0.04262540844603127, -0.03929964304705769, -0.04566891264942428], [-0.024239563318649057, -0.028208780986238115, -0.03927355325131276], [-0.003847197568860413, -0.017575518379832768, -0.03173262974534792], [0.005273925232014921, 0.031124970789329142, -0.04231049391675097], [-0.028149331591855162, 0.006287589909760605, -0.04698670274141002], [-0.012212115595552596, 0.011899666688078557, -0.037154920762574845], [0.0044407666801083824, 0.019243492475354458, -0.02734426542802451]], "right_hand": [[-0.10549872571934715, -0.05914419963103979, 1.7118213682641114e-08], [-0.060455159449063864, -0.10525396299643552, -0.016233389412119763], [-0.03228346810281511, -0.16011194895888625, -0.02314894787000938], [-0.016137702359372348, -0.20840119590678427, -0.03012768636204452], [-0.009058012610857067, -0.2547011279717618, -0.03678296947551787], [-0.07189861393160052, -0.23572013381080484, -0.0025786183808240437], [-0.06381087593653793, -0.30010867366492255, -0.016786057561606733], [-0.05716635845233423, -0.3377739834016126, -0.030036595169597915], [-0.05062684800082769, -0.37184629929162377, -0.038999846158700335], [-0.09551679572584594, -0.23911213070975942, -0.00501633225965455], [-0.08585659186665247, -0.30806812967398556, -0.016619779166172598], [-0.07681801037368073, -0.35056831000827093, -0.02858580259197758], [-0.0665680523376382, -0.38832718197446137, -0.03721866195815656], [-0.12041436779259722, -0.2296522494411994, -0.01118741373569402], [-0.1148957761743979, -0.29561109721675777, -0.023738827284603862], [-0.10614250553283527, -0.3358950126060787, -0.032599908357626495], [-0.09451934451929561, -0.37038390777204316, -0.03829475765199344], [-0.14670069158462298, -0.21054127776784332, -0.019317826492507996], [-0.14749895697392135, -0.263199838445252, -0.030735510900506583], [-0.14212065089793635, -0.2971200193755978, -0.03535794456401742], [-0.1333468990681614, -0.32774024351619896, -0.03789557197214427]]}