{"label": "N", "timestamp": 1746080394893, "left_hand": [[0.09388282644722462, 0.053829717028464924, 9.848176488484076e-08], [0.08472442277823257, -0.0012032026899070983, -0.0036383495029179867], [0.04720102647833996, -0.046149602011862086, -0.012070975503362717], [0.007513487206378057, -0.04883660490292176, -0.02047891774085705], [-0.021360709340525957, -0.03152879714810011, -0.029264429591784054], [0.04028835074527739, -0.07221877129227702, -0.02751606407955076], [-0.01111066796232719, -0.12638858949538803, -0.04102104360927828], [-0.03714188829870905, -0.15427344548656577, -0.04560905690071445], [-0.05808412364539018, -0.1762993847206669, -0.04677708836184899], [0.0224397091035237, -0.03780497676250989, -0.032769952326399836], [-0.03430222954906675, -0.09221421383546878, -0.04577986664244519], [-0.06541908230886334, -0.12320551211021978, -0.048977604922851], [-0.09172758269561081, -0.14704443493881122, -0.0496676455622128], [0.007430287393835611, 0.0020215448123446418, -0.036283024917422746], [-0.03845437411791768, -0.02975604434904168, -0.04964382654414949], [-0.017586632443057252, -0.01769224705741757, -0.0439844576919017], [0.001058866812578714, -0.005449903670185492, -0.035727209798422144], [-0.0022709160648320976, 0.041403877683359694, -0.03963073788101755], [-0.021386266076193004, 0.016689601552765745, -0.04751499961065307], [-0.004358213302869568, 0.02272197412156064, -0.04013627767025556], [0.008836680174458187, 0.030523062367708312, -0.03163902947363899]], "right_hand": [[-0.09388282644722462, -0.053829717028464924, -9.848176488484076e-08], [-0.05696863181271401, -0.10185489557395794, -0.015749114811081297], [-0.03881760975520743, -0.16183869561429146, -0.021702512283553427], [-0.027208181735202255, -0.21438741637285177, -0.027441002138968232], [-0.022463089304010312, -0.260213486961764, -0.03291572313720403], [-0.06846791662096731, -0.23259214970174652, -0.00439503994991697], [-0.06774600904918551, -0.29667118844758444, -0.01788147093493833], [-0.06903114775701416, -0.33560352267004445, -0.030664937828703075], [-0.07215279068144431, -0.37070764745877405, -0.0396111929461513], [-0.09299074541919829, -0.23349516606378423, -0.006750893819156234], [-0.09118864450061012, -0.30376204166949056, -0.01771900969760433], [-0.09239265461485835, -0.347864559686044, -0.028219168318170944], [-0.09468452860715366, -0.3859797629225782, -0.03570648444427457], [-0.11669784744774886, -0.22023562598105695, -0.012407951199818752], [-0.11574484098737342, -0.28797863351801783, -0.02334447989205199], [-0.11604039340163286, -0.32900482968946276, -0.02951704370616333], [-0.11661620982577947, -0.3640480290458432, -0.03348378126659458], [-0.14030031781331093, -0.19562434911206616, -0.020105955711979734], [-0.1395437787583759, -0.24834631504990792, -0.030095765102667704], [-0.13816399587560446, -0.28364323872913666, -0.032825969584153555], [-0.1370639679743312, -0.3162053810595546, -0.03393718513954478]]}