{"label": "N", "timestamp": 1746080374038, "left_hand": [[0.10792011214474939, 0.07081185665475344, -1.6416619867983475e-08], [0.09322531738520126, -0.0008590969162421618, 0.009091383702471702], [0.05455634811054973, -0.04639169282578212, 0.007185807298036754], [0.01827346568600909, -0.05232594219250481, 0.002066338014889347], [-0.009235588512308799, -0.040245109519996235, -0.0043070165657510175], [0.03754586168999062, -0.08241427765060584, -0.008627545819280177], [-0.01974694149570073, -0.12828235123131038, -0.018157832244834655], [-0.05180517473730647, -0.15365884078582986, -0.022553563699892323], [-0.07873357389296173, -0.17190026689963853, -0.023839792708669958], [0.017989894418552782, -0.049825056445107, -0.0193924969689919], [-0.04126811736594249, -0.10406441566988382, -0.027409130722111662], [-0.07460944551838809, -0.1352724135973554, -0.03023993889226832], [-0.10183883291324543, -0.15859649485716582, -0.030915372884474927], [0.003373877961977806, -0.007813406641384902, -0.027984247263456784], [-0.04467596799258923, -0.030265797174613918, -0.036369251165220044], [-0.02704727477270245, -0.01584343447641657, -0.03192469835934783], [-0.007493164035615533, -0.002858144203009279, -0.024943497595410802], [-0.005985351910196527, 0.037231131268685845, -0.03568149370852684], [-0.03104324485847429, 0.016968494293075367, -0.03824491547576841], [-0.01626871481948347, 0.02424400360045702, -0.028992410011919184], [-0.0009724412092953651, 0.03226419371738174, -0.019438955784147255]], "right_hand": [[-0.10792011214474939, -0.07081185665475344, 1.6416619867983475e-08], [-0.0703987299128498, -0.11113352429231348, -0.015364364100299156], [-0.04553064367754208, -0.17001487013839486, -0.02242924288673341], [-0.027069419208207778, -0.218607991634724, -0.029542047054762603], [-0.011796725498229323, -0.2607099034590538, -0.035955514350817064], [-0.07884816225542535, -0.24779964014085903, -0.003218526109600244], [-0.07035660380866032, -0.3139119767489587, -0.01757989980022789], [-0.05991197122472523, -0.35270590801100377, -0.02987004834725883], [-0.048890320108711804, -0.3858863301398597, -0.03797816067732322], [-0.1025308225983752, -0.25231526758912454, -0.005857016400719731], [-0.08991593963727096, -0.31779326277462, -0.018326964677400717], [-0.07401324917786001, -0.3549925650059287, -0.02847522404115812], [-0.056973211323921275, -0.3874950267246984, -0.03516862130920226], [-0.12737307046900515, -0.24434371101638225, -0.012208533226907743], [-0.12058994469473505, -0.30845353608289505, -0.02519720401969371], [-0.10806765877682423, -0.34631623354242347, -0.03228509569777941], [-0.09169474835933643, -0.3796325654694845, -0.036522795647317766], [-0.1533553452682776, -0.22597171503306854, -0.020529324007564367], [-0.15850024216385875, -0.27750644822008086, -0.031182029592831985], [-0.15329113214717097, -0.31069119588257915, -0.03456973347235358], [-0.1428075314813959, -0.3421821717520959, -0.03636254276016852]]}