{"label": "N", "timestamp": 1746067711381, "left_hand": [[0.07948088968032004, -0.08134181580417131, -6.218642859104567e-08], [0.04950501103006863, -0.12961254289134203, -0.013348456985188148], [0.03534352024813814, -0.19612206950214567, -0.020945808206312724], [0.0330687194715985, -0.24875357857500854, -0.02841626107581905], [0.027635946853050746, -0.29381244510122195, -0.035213983263281484], [0.08040861185050602, -0.2665797112965502, -0.0075600739878288374], [0.08983291259046333, -0.3339575895751113, -0.02098082861491218], [0.09534823715174622, -0.3730492792772319, -0.03286654885564091], [0.10172034588852935, -0.40706870492220615, -0.04161791712120698], [0.10421446446003384, -0.25990324743718457, -0.01252185310543777], [0.11654875602324852, -0.33461610042951223, -0.02267852505415966], [0.12439049374620256, -0.3794436635663738, -0.032383878981681914], [0.13167397221431812, -0.41767661794972183, -0.039927216633915755], [0.12517712967548444, -0.24037943424557395, -0.02028274032904593], [0.1395612366136258, -0.3119476946640464, -0.02974235037456044], [0.14891771189697464, -0.35505974992058326, -0.035371099655980766], [0.1565952748503024, -0.39316295327632345, -0.04025326661145457], [0.14454101880245482, -0.20947102525064412, -0.02999675681006953], [0.15993316997549178, -0.2605481467444716, -0.03813458052459495], [0.17034823339564722, -0.29426515679618753, -0.04043832325967369], [0.1792215684401411, -0.32537072417320395, -0.04230853183150344]], "right_hand": [[-0.07948088968032004, 0.08134181580417131, 6.218642859104567e-08], [-0.06556148003153121, 0.012397796631148792, 0.004983271906697909], [-0.03175694726731501, -0.03615826193169956, -0.0004333767411305785], [0.004508674000153195, -0.041264496786890426, -0.010061006317479554], [0.030142701400032976, -0.022929324722343596, -0.01917690519983087], [-0.017407821540698434, -0.07546692341127903, -0.007258324018968124], [0.027378628220068264, -0.134890431898703, -0.02201884554623628], [0.05058283186484503, -0.16978177469348585, -0.029843426564434356], [0.06511234543256487, -0.1975008309587781, -0.03326058688506091], [0.00015892526510797277, -0.05288541320511883, -0.020837753485404623], [0.048990327308311474, -0.11230469421545282, -0.036211406542685926], [0.07488590081826371, -0.1489166434137541, -0.04385941199822795], [0.09313401472823225, -0.18024029750724213, -0.046339108949742094], [0.015193181015054682, -0.01708356011115922, -0.03356044740974833], [0.05972482075561757, -0.02374601754917732, -0.047484697171386744], [0.04634801475969666, -0.001661259128986, -0.042958965185035995], [0.028253530154525575, 0.009486737324670891, -0.034370070245706985], [0.02686524526049264, 0.024098802835125856, -0.04647495730007591], [0.0580591483263728, 0.01786378514111783, -0.04881788549587333], [0.045510138091620835, 0.03164587146817056, -0.03710307030766553], [0.030154454715458967, 0.038958570629578394, -0.025520172148376825]]}