{"label": "N", "timestamp": 1746080394212, "left_hand": [[0.08858115508372359, 0.05716917350189001, 9.479100705496541e-08], [0.08107011066937135, -0.0015995945964532752, -0.0013274644124179112], [0.04684846150812203, -0.04788887327753777, -0.00976281368148683], [0.011751017091383386, -0.055014962859108126, -0.018776599991050975], [-0.015547215508129706, -0.03906355185683761, -0.028237150872977526], [0.03894039038329998, -0.07351251341290875, -0.027673965475057016], [-0.013021502564886803, -0.1305072819135389, -0.041651664301925864], [-0.03911937986596921, -0.1588267033218092, -0.04742663729439459], [-0.0605917809355255, -0.1820680415887579, -0.0495234357153571], [0.019719022787834987, -0.04001956668664033, -0.03444871385394724], [-0.034571645110697366, -0.10137490273627801, -0.04768266907565143], [-0.06395206420297445, -0.13715393032347367, -0.05141717612625129], [-0.08766925039937298, -0.16454640145203453, -0.05271419494968758], [0.0034430871440239656, -2.040890758679001e-05, -0.0391304473365902], [-0.04121503659175448, -0.03679722497758155, -0.05136126846396779], [-0.022113608942350274, -0.025142517397195318, -0.045222019481985405], [-0.0026103399919614133, -0.01218730395538963, -0.03711313391087356], [-0.00717818274291287, 0.03951006972568789, -0.04359858646723854], [-0.024989087725935735, 0.01238887953179758, -0.05035650148002725], [-0.00805213712555829, 0.01760941791011703, -0.042149191164217795], [0.006725292621910607, 0.024354800827006827, -0.033269568419797446]], "right_hand": [[-0.08858115508372359, -0.05716917350189001, -9.479100705496541e-08], [-0.050541500242807805, -0.10020920540927399, -0.01236155197061527], [-0.02514262360139785, -0.1563563227680861, -0.019014424389336024], [-0.004132246214261678, -0.201830377990526, -0.02644467395661115], [0.012799995999803464, -0.23905819020657784, -0.033965070978548964], [-0.05746273961839211, -0.23271540972079086, -0.006233004721478764], [-0.04474227286558556, -0.29430418260759644, -0.020193246785703108], [-0.03800611201361572, -0.3330626628926575, -0.032817032312803626], [-0.033203203961057526, -0.3676688243691782, -0.04175722685406872], [-0.08519458627614769, -0.23586620519874313, -0.01066393200151766], [-0.08589870243824216, -0.3066264190023045, -0.02169326166675622], [-0.08516591114146374, -0.34971643768768074, -0.03209837723789988], [-0.08577323987364964, -0.38477600260551587, -0.03960987080752533], [-0.11122828083749922, -0.22210844199979515, -0.017660889442039224], [-0.12083547759724855, -0.2866298492318495, -0.029041110048390932], [-0.12425904086870683, -0.32837436687533306, -0.03678342738928445], [-0.12682574863412754, -0.36320022944549396, -0.041966599589012644], [-0.13470843695454415, -0.1951016691334339, -0.02622899755972937], [-0.14725963190921326, -0.24429729661964017, -0.03742029416529989], [-0.1552680129033279, -0.27898362456837295, -0.0415464203623906], [-0.1621326277382616, -0.31114317753183746, -0.04363496583178125]]}