{"label": "N", "timestamp": 1746080396028, "left_hand": [[0.09365709574851255, 0.05199271733597686, 1.1217048945131553e-07], [0.08316218922578736, -0.004688048878311814, -0.004363288074197401], [0.04603839801218036, -0.0484326593664177, -0.013728609228963795], [0.006763195459490629, -0.05070082518090232, -0.023349813909602765], [-0.02250993441930432, -0.0345554399662984, -0.033189691538201935], [0.0362290090702253, -0.07975467843000268, -0.02657139293844044], [-0.01987739646327131, -0.12322933392416663, -0.04098985991741633], [-0.049354016749587636, -0.1451056475266461, -0.047576215255532024], [-0.07433191687587089, -0.16271833913689357, -0.05045691827467728], [0.018998153330529906, -0.04377861973184817, -0.0326731629053909], [-0.036283236685766614, -0.09883001473270162, -0.0465745008806901], [-0.06685724662465418, -0.13128334440276695, -0.05144031692362527], [-0.09270515476712785, -0.15715268931673756, -0.05336523835364233], [0.004453533423409748, -0.0019620473048707265, -0.037286163218250894], [-0.040469304888530205, -0.034738976871520305, -0.05161305598224883], [-0.019830708799483864, -0.021241898177155973, -0.046378263482964754], [-1.5450720807115987e-05, -0.008305707135039905, -0.038342153768042384], [-0.005435528264010131, 0.03928396090414154, -0.04199175528641627], [-0.022582067213015256, 0.012231602857378303, -0.0506146083312347], [-0.00481075408847027, 0.018553331492984697, -0.04318551770639899], [0.010035110729472057, 0.025774380369398425, -0.0345686507122704]], "right_hand": [[-0.09365709574851255, -0.05199271733597686, -1.1217048945131553e-07], [-0.05480752082363393, -0.1027114476950488, -0.012235881983100876], [-0.035675255236498254, -0.1680054521913222, -0.01558409953416533], [-0.027104978787340615, -0.2227794758522463, -0.019477788228981295], [-0.032408866910074115, -0.2668178442733204, -0.022904577109841593], [-0.06598602020876584, -0.23606573608293505, 0.0036930557391505296], [-0.06553554782189688, -0.3014542460166481, -0.006350780784897346], [-0.06781167737933466, -0.33851374457373085, -0.017181949069908206], [-0.07245189082602765, -0.37058857572893844, -0.02468495925395391], [-0.08827478859594545, -0.23546262823245842, 0.0006819257362177377], [-0.08742745340891657, -0.30772842174810183, -0.006580690821375977], [-0.08954185364992878, -0.35089222639759327, -0.015519252858937864], [-0.0937413595653029, -0.3860114322647017, -0.02203192039865568], [-0.11054810626231794, -0.2226716563079626, -0.005606120052123414], [-0.10966243562972078, -0.29295257076787407, -0.01283057139798345], [-0.10932532738865945, -0.33313475711889146, -0.01746741658754048], [-0.10996979019699925, -0.36574639045985485, -0.020743319247113062], [-0.13360536701549353, -0.19999172864384673, -0.013857968181675543], [-0.1340966822791932, -0.25411802277260326, -0.020901830399119095], [-0.13302021731708644, -0.2899660258967084, -0.022473283481985927], [-0.1317812460880221, -0.3224377021941093, -0.02299887948066491]]}