{"label": "N", "timestamp": 1746080549158, "left_hand": [[0.083488436432598, 0.08340635481525407, 1.213921690600112e-07], [0.08587080435979393, 0.015824951468761825, -0.0045108733958581886], [0.058611663680479646, -0.044162981009790075, -0.01343507830693788], [0.021143812535678982, -0.06413962187253507, -0.021860314021690596], [-0.011195750334198559, -0.054100384290167176, -0.030738974890905654], [0.05170040338739347, -0.06273553685656494, -0.030112020321548034], [0.01371125571458087, -0.1404298392513398, -0.043819434961168115], [-0.004073669261446262, -0.17933438616329286, -0.04880372874059144], [-0.0191032631322665, -0.20995817972947287, -0.04968763661338669], [0.023788374072319644, -0.033235843412243456, -0.034560074280687726], [-0.016134139429242, -0.11452366831579015, -0.04677106951437114], [-0.03706374331256217, -0.16127401326886537, -0.049109320801108323], [-0.05451289246171387, -0.19417679511481176, -0.04897928394485998], [-0.000873377730478494, 0.002070346833411341, -0.03729301768915346], [-0.026081884636786262, -0.055102996485993115, -0.04768069847326746], [-0.009210773930218786, -0.045565322559111325, -0.04164989379089056], [0.005335166442508284, -0.026572155383296724, -0.03386753911427228], [-0.01899330586066167, 0.035805237761772635, -0.04016470290453625], [-0.022936611365862926, -0.009059389513582301, -0.04315032019830147], [-0.007452349129986979, -0.0020351605064977962, -0.0335575859106181], [0.002982794066521316, 0.01281430156010062, -0.02428365341513495]], "right_hand": [[-0.083488436432598, -0.08340635481525407, -1.213921690600112e-07], [-0.03547251300153273, -0.11395335660039978, -0.014458236910508621], [-0.0019284127984965681, -0.1631973739765044, -0.01949252038601256], [0.020201944302869333, -0.20772103464927935, -0.024512126794620875], [0.034773680057151264, -0.24472050744128546, -0.028780373373020283], [-0.013344057863783773, -0.2439071802495879, -0.0022680961011388367], [0.009188227736509545, -0.30178308119212366, -0.013691230457732167], [0.021805854371345097, -0.33705055855332516, -0.024867415084175906], [0.03129827741384032, -0.36870616738169965, -0.032329274032247626], [-0.03891716723303634, -0.2573593924819646, -0.004384266203495292], [-0.01902139944825368, -0.3235248433520018, -0.01270724660868577], [-0.0060028151084201955, -0.3626618855040058, -0.02157440530339703], [0.003961928898950544, -0.3965672399215361, -0.027810426411709388], [-0.0673260251066749, -0.25774935445980207, -0.009546695715948695], [-0.05063809727096477, -0.32077462377401544, -0.018731249542268468], [-0.038659887029602054, -0.3563301297504586, -0.024543368032938325], [-0.02845975521251294, -0.3850679877055872, -0.028107422488223104], [-0.09841772153474522, -0.24590008150197162, -0.01662946830235983], [-0.09424320857735867, -0.297694533027799, -0.024978709673948902], [-0.09158975139838457, -0.33169684796555166, -0.02656720343576385], [-0.08935874807570413, -0.36200602505009477, -0.02679891609703489]]}