{"label": "N", "timestamp": 1746080393627, "left_hand": [[0.08805133346441445, 0.05413198746547667, 8.840029773586487e-08], [0.07937933831142249, -0.003696019153746135, -0.004205948343172317], [0.04371437892718385, -0.05037604210450946, -0.013206935102435246], [0.0052935261463339595, -0.05788814646711134, -0.022167776888673336], [-0.023219669467743263, -0.04608086769888631, -0.03133863412729037], [0.035232167900447586, -0.07755138425220676, -0.029248609731816148], [-0.01996325159406331, -0.13218756369287676, -0.04371732601655395], [-0.04873276259891944, -0.15988525727250108, -0.04957526410122009], [-0.07310382173882697, -0.18150035180224156, -0.05141734960041853], [0.014959626931771053, -0.043425349809200924, -0.03414032451656361], [-0.0369780394348883, -0.10754464680363299, -0.04728607764435836], [-0.06657117081956064, -0.14459887584155237, -0.05038793984767648], [-0.09126609140794072, -0.17262707153372925, -0.0510172273353591], [-0.002283097697839267, -0.0035963557823784657, -0.037353322150006994], [-0.043357331961699996, -0.042297968007041886, -0.04899732603812968], [-0.024682858792363354, -0.030119987074004855, -0.04223279933027182], [-0.005895227282831479, -0.015659041968545718, -0.03364564400191924], [-0.014676606457560292, 0.035194451420947334, -0.0408010285363093], [-0.029455128415191007, 0.004758454192998909, -0.04590813984774722], [-0.01316289111508714, 0.011455412588926952, -0.03705496405621187], [0.0004098785222065317, 0.0204403913197402, -0.02789237649176424]], "right_hand": [[-0.08805133346441445, -0.05413198746547667, -8.840029773586487e-08], [-0.048848911908459046, -0.10009086634324628, -0.014630172509529474], [-0.02357271067071234, -0.15578193218625233, -0.020809008891119026], [-0.005086810997182475, -0.20546524442653957, -0.026988215805741192], [0.006775088568355163, -0.24687379072818919, -0.03269624712998625], [-0.05781767175193468, -0.23037090372997487, -0.004588477799987156], [-0.04293927278226884, -0.29323561370816753, -0.017192652113961912], [-0.03483926490960924, -0.33165285240105963, -0.029050567058509155], [-0.029094360541415648, -0.36434247381643303, -0.0371196526699783], [-0.08391558840687945, -0.2332311605926378, -0.0070128573508328705], [-0.08062657252802369, -0.3034384510638069, -0.017038945442710843], [-0.07884701698168092, -0.347488361560923, -0.027244052730441948], [-0.07809688899146917, -0.38381947034967473, -0.034683532618650904], [-0.10939088494330508, -0.22080261476345417, -0.012425188293440184], [-0.11104574555341004, -0.28706337459489745, -0.022837466942164732], [-0.11002669737303955, -0.3296458407574333, -0.0305882279591262], [-0.10886527549119938, -0.36470580537821784, -0.03581498026976244], [-0.13392238822447117, -0.19722476781502843, -0.019634675101439555], [-0.14303540892864566, -0.2468356202622706, -0.030484785818452927], [-0.14991324975635212, -0.2819179993497489, -0.03495254627660165], [-0.15605242797633356, -0.31407474753032316, -0.037105073919848124]]}