{"label": "N", "timestamp": 1746080395492, "left_hand": [[0.09801631058038206, 0.058524876936604665, 3.835344017947188e-08], [0.089919442152757, 0.002668383513864989, -0.006370226894941909], [0.051487223566891956, -0.04360446676612799, -0.01527051991563707], [0.008122589428463315, -0.046785164483824145, -0.023334623265439898], [-0.022882904728225316, -0.03234201292539287, -0.03151411388289216], [0.048854249562952916, -0.07022643701387277, -0.029972691994936893], [-0.008129473136289998, -0.11856861126773914, -0.043398709362324345], [-0.037912693299927525, -0.1413104707691455, -0.04807217185966485], [-0.06325064853506517, -0.1598936859478843, -0.04979621771994623], [0.03099840694593134, -0.03515212295849671, -0.0343730491354235], [-0.028868651449620596, -0.09080812175481909, -0.047563392413258826], [-0.06208123221625135, -0.1221559255366989, -0.051656212385827856], [-0.08942471768049326, -0.1467700827833352, -0.053649722670095934], [0.015030399080494038, 0.004408457441920192, -0.037179774826311775], [-0.03372141772473456, -0.03207873322090598, -0.051524802580375534], [-0.01303403533122068, -0.019220922579639102, -0.04664623124886501], [0.006545424020337292, -0.005752320012033361, -0.03920581903561676], [0.002720736854752506, 0.04245345419060402, -0.03999955124861953], [-0.019206013777983623, 0.013535121482054338, -0.049387375908376184], [-0.0023401509826998347, 0.021564674679415363, -0.043094587504459596], [0.011715106294083854, 0.03170998591064264, -0.03566668629746704]], "right_hand": [[-0.09801631058038206, -0.058524876936604665, -3.835344017947188e-08], [-0.0599361343685634, -0.10264986880741621, -0.017070199188471108], [-0.03797268242468963, -0.1601410747278767, -0.02395869596998937], [-0.028717758450550846, -0.21131470027870033, -0.030365547766512256], [-0.027948305021965072, -0.25787493208852713, -0.03638674381362426], [-0.06578583495686988, -0.23348186750406713, -0.006300293776434672], [-0.05816164190137478, -0.2962767844979639, -0.02000950925063946], [-0.0550104255647564, -0.3348242034384606, -0.03274059950181152], [-0.05393731037188812, -0.3687173333968616, -0.041258601760413065], [-0.09239129492337482, -0.23492578273241183, -0.007839425150426403], [-0.09026233574287951, -0.3057875028079246, -0.018365798384204324], [-0.08948663565911939, -0.3499206524918675, -0.028897088315145408], [-0.08992814853900566, -0.38679483494508377, -0.03631662378209923], [-0.11773878825239056, -0.2222302789502358, -0.01259257287002765], [-0.11973555900752514, -0.2891879457172263, -0.02287393687030886], [-0.11951572275474649, -0.3305603746445288, -0.029607932899715816], [-0.11877414037970063, -0.36558172485022555, -0.033921608851704914], [-0.14246333256695193, -0.19823848675312258, -0.019448909552544576], [-0.1466833993828493, -0.24965617425342082, -0.02906986672720912], [-0.1483298619628244, -0.28498212410647156, -0.032448338325619865], [-0.14970090544610412, -0.3181896792355116, -0.033853302650648356]]}