{"label": "N", "timestamp": 1746080395176, "left_hand": [[0.09275616099949122, 0.05431643356195299, 6.89822241066798e-08], [0.08192784073794519, -0.0006348366060277778, -0.0032931084778672665], [0.04411824418431793, -0.043896274649382366, -0.011717640081231688], [0.006380452146620605, -0.04505845457966173, -0.02039826965821336], [-0.021153804314968678, -0.026786909508995364, -0.0295216774416706], [0.03609215030906855, -0.07348692278051532, -0.025761162770102174], [-0.01593723114007226, -0.1228394332990687, -0.039220775618764865], [-0.04337868969405734, -0.14801940542145847, -0.04498610359831963], [-0.06619395194545005, -0.16881997813049776, -0.04732141827322024], [0.018482893372695545, -0.038857362499281886, -0.0315943434375143], [-0.03871534576280747, -0.09116805539685785, -0.044760331235019345], [-0.07057698072481881, -0.12312885744801526, -0.04917238159927678], [-0.09797460223042645, -0.14961799882442403, -0.05110104716104294], [0.0038386505631441987, 0.0007023356975635061, -0.03568698512952602], [-0.0442949978676093, -0.029554977156296597, -0.04936723763513474], [-0.023615083787667353, -0.01626085850553896, -0.044164514761440364], [-0.004391470613563197, -0.003709550099852419, -0.036327557112368195], [-0.005976756341128458, 0.039680161124833906, -0.03965079322339436], [-0.029786198016376747, 0.015432366756821041, -0.04775337065017565], [-0.012436422959299625, 0.022221771952357305, -0.039933372281284414], [0.0026818790998724413, 0.029796863726807867, -0.031214756674304005]], "right_hand": [[-0.09275616099949122, -0.05431643356195299, -6.89822241066798e-08], [-0.05553816889785066, -0.10426081539764148, -0.014716013463541677], [-0.03773897513985524, -0.16696839656684742, -0.01975423510007067], [-0.03037922574915493, -0.21981840613833326, -0.024800581668430372], [-0.03210224947531524, -0.2691848292266233, -0.029558782816679615], [-0.06594244043858644, -0.23234795613892012, -0.002527644439526698], [-0.059072762206410945, -0.2970392882842748, -0.016035712771541363], [-0.056489098376655264, -0.33583404421974167, -0.028307534419244957], [-0.05663034120419932, -0.3703361141240787, -0.036416205266914754], [-0.08779373240092266, -0.23308147947682684, -0.0051359566015516285], [-0.08120196753429267, -0.3049868882238743, -0.015722795594030513], [-0.07937966997292693, -0.34866620150760613, -0.025665785166063416], [-0.07949088157577086, -0.3855073800197035, -0.03256720923151752], [-0.11103759787165834, -0.22068870676030078, -0.011159076870431462], [-0.10653040563424324, -0.2899041503934792, -0.021779323487706823], [-0.10367053637589183, -0.33195681385164355, -0.028027254849383634], [-0.10128577603674485, -0.36737131348937574, -0.031926881875061375], [-0.13542990861303567, -0.1977992204156326, -0.019121995981487335], [-0.1323387206440497, -0.25103702062976585, -0.02898809836845136], [-0.1288201392443935, -0.287107866204487, -0.0320549482359031], [-0.1253743408662114, -0.3200962058230502, -0.033334377593008974]]}