{"label": "N", "timestamp": 1746067726503, "left_hand": [[0.07905686621820235, -0.07747975876582223, -9.647754479138642e-08], [0.03845319660288487, -0.1176450659181641, -0.013155034461746847], [0.01350029834761524, -0.1736158004523987, -0.01997905108450728], [0.00680380847446755, -0.22263099002885575, -0.026453708569336095], [0.0006105697962462745, -0.2674798049947839, -0.032501032801209015], [0.0434497198436721, -0.24495185045444387, -0.006961702772935087], [0.037117888285583954, -0.3086021755031113, -0.01942863571015568], [0.03186948952574687, -0.3444385113326673, -0.030660613077171998], [0.027020692662811176, -0.37873038855711677, -0.03931747083585623], [0.0704730594032873, -0.2485465407955941, -0.011317405765428874], [0.06656046880392441, -0.3196166060690161, -0.020796084511502767], [0.06272035546468863, -0.36083907017279493, -0.030885204543007076], [0.05769829478177511, -0.39848139618780953, -0.03891276542655483], [0.09621961773716502, -0.23877485667935455, -0.018305584660385302], [0.09422815165419933, -0.307815013385756, -0.028439843938459365], [0.09223873038421529, -0.3490312521700129, -0.03506383951137177], [0.08818400256248402, -0.3875903019249141, -0.04035942801079632], [0.12212130921591668, -0.21745018369813407, -0.026892959957955136], [0.12481891738187618, -0.2711612408466442, -0.03604951036897412], [0.12724888224868294, -0.3048965654177791, -0.03878491065485962], [0.128049812773448, -0.33647577102063764, -0.04074529842052237]], "right_hand": [[-0.07905686621820235, 0.07747975876582223, 9.647754479138642e-08], [-0.06772798885600945, 0.005471487856134261, 0.005242696767573352], [-0.03592151365031352, -0.03882493224287532, 0.000719755763357017], [-0.0017563693904374244, -0.0431752491411751, -0.007096818050724148], [0.021966914658537957, -0.026897719882109632, -0.014631180693167389], [-0.023688488148071105, -0.07634974967187821, -0.009265349317800896], [0.02282146472371052, -0.13085973797246025, -0.019785572016191497], [0.04998948616184903, -0.16180334754019163, -0.024488637613941773], [0.07060592680680557, -0.18503401342174514, -0.02639545411950353], [-0.001991886405634138, -0.05149459347713109, -0.020706423722284796], [0.043209477038473366, -0.11037843674544605, -0.029665555959980307], [0.06850931189629497, -0.14608709672444273, -0.03398519214350136], [0.08759336969280876, -0.174546667482075, -0.03559783958150963], [0.016091349037086936, -0.014073652547595624, -0.030664802103766334], [0.05140776844591614, -0.029645539566840573, -0.03844732339166259], [0.035780217073282036, -0.010725521211742983, -0.033631817220075244], [0.01744260689564466, 0.0028921153208021663, -0.02688353961814943], [0.02849286712901668, 0.027141734231252282, -0.0407990713219035], [0.04206011038163646, 0.018988928552578936, -0.04131557404095817], [0.02719332031875027, 0.030611781861099287, -0.03168149731832905], [0.01359931273621521, 0.040598693903728826, -0.022242194712237408]]}