{"label": "N", "timestamp": 1746067730178, "left_hand": [[0.06758396222363981, -0.08343036530235932, -4.649959346490403e-08], [0.03165543530807137, -0.12334601072496759, -0.01145331698311208], [0.009504115944476078, -0.18078205410721548, -0.01824628515490453], [0.003170752190781837, -0.22824325644774604, -0.02479671042001225], [-0.0007930626507636269, -0.2697522955896221, -0.031162988923890113], [0.036768375812219034, -0.2454986590787458, -0.010282719436063398], [0.0314983927561506, -0.3081716757183388, -0.023353821870016615], [0.0265351592930963, -0.34285617379997557, -0.03425060439344631], [0.022248626703869748, -0.3757812004080631, -0.042535792705103194], [0.061712601465898166, -0.2461920661311957, -0.015696824732632415], [0.058341218581114455, -0.31806039160092103, -0.026188207063264166], [0.05590878108223808, -0.3598737314381417, -0.035975307670288004], [0.052505819717916895, -0.397784490057736, -0.043508044217534035], [0.08620913731548305, -0.23350666438130455, -0.02320886306258954], [0.08475044415021961, -0.30203878610811047, -0.03394314752747512], [0.08395530161376406, -0.3435039128246524, -0.040523469751631486], [0.08116279788220124, -0.381653545197745, -0.04572592641134478], [0.11036662943292341, -0.2096168065872529, -0.03205268518851455], [0.11272593546714857, -0.25958912425315617, -0.041737505180202215], [0.11451571065158532, -0.29230214788902315, -0.04472708087661933], [0.1147947284353739, -0.32220609580087883, -0.04684840773183724]], "right_hand": [[-0.06758396222363981, 0.08343036530235932, 4.649959346490403e-08], [-0.057969522880043096, 0.01566979170980491, 0.00490323292412593], [-0.030953194332521385, -0.02652330618108861, 0.0003319380768338178], [-0.0011053138768983032, -0.033444047545669625, -0.00751996659630808], [0.018061123510813105, -0.021386972553997463, -0.01527636074406715], [-0.0179395508374663, -0.05805687807910355, -0.008535976779082402], [0.015037506459462587, -0.11719885265160548, -0.02043815619761255], [0.03412544493557589, -0.1512383289785822, -0.02719139967090753], [0.04924549825620902, -0.17727118469489977, -0.030894904517710507], [0.0035584607752447185, -0.03655215715770893, -0.020002102850766416], [0.037047393596007616, -0.10147107015041201, -0.031450424094531325], [0.0570018169242454, -0.13956317020154274, -0.03772610456681833], [0.07293011829762937, -0.16985341774303778, -0.040822906198180485], [0.02111394841929956, -0.0032808295819174104, -0.030229008426408636], [0.0574409635419492, -0.02995789075367182, -0.04159340320740494], [0.04475218477335396, -0.011838552807847357, -0.03776371583308047], [0.02833880038214582, 0.001687681870634657, -0.03119394679237435], [0.03412812865904933, 0.0343038230891105, -0.04042089280849512], [0.05411699310519625, 0.01882987609977983, -0.0446279620230003], [0.0429763649509791, 0.028792662750228983, -0.03635064876241079], [0.03108849872430729, 0.03789473455402156, -0.02761741840795376]]}