{"label": "N", "timestamp": 1746067726316, "left_hand": [[0.0765751777191237, -0.0814764989068096, -8.974117538955451e-08], [0.03719627609034606, -0.11920548210111565, -0.014957253700233746], [0.012760804563968853, -0.17512540115321915, -0.022702042636384562], [0.006234571624597976, -0.22432860019480214, -0.029686638641181033], [0.0016615185358460354, -0.2688351101993897, -0.036176338646203725], [0.043184973284146624, -0.24672549876387065, -0.009245261813912473], [0.03774885447472122, -0.3099301224179842, -0.02212413518638586], [0.03307073014452875, -0.34576123359075134, -0.033441773808315985], [0.029005627430162953, -0.37965368492225954, -0.042148004937006954], [0.06976677032555549, -0.2496229791293131, -0.012872111334970938], [0.06630959927068361, -0.32066863506800336, -0.022938364877925794], [0.06291732515905442, -0.3619871168203233, -0.033045322449466924], [0.058510104665465315, -0.3992733987902857, -0.040939893007992396], [0.09521205283152115, -0.23902146356291093, -0.019226677543962744], [0.0935198241350335, -0.30810703185310206, -0.029907591600514365], [0.0919799760062578, -0.3493818626852648, -0.03666609924360606], [0.08882483932448876, -0.3878298135730827, -0.041944744688609314], [0.12067978568059738, -0.21703846479116923, -0.027283605495880332], [0.1232754361801111, -0.27011384811289874, -0.03694842991856137], [0.1259316208031537, -0.3034798752552952, -0.03997834288111036], [0.12730495464618627, -0.33453899330496534, -0.04209275107509782]], "right_hand": [[-0.0765751777191237, 0.0814764989068096, 8.974117538955451e-08], [-0.06602328922696592, 0.009622812400293852, 0.003841328004079963], [-0.03423258084653904, -0.035621036858944154, -0.001177642858917744], [0.0007763205943328051, -0.03888501680336461, -0.009144529248977688], [0.023271064484690858, -0.021255771260698723, -0.01692256338261554], [-0.023157244880803403, -0.07013643976573179, -0.011176421638599648], [0.0223360122387398, -0.1284533874052747, -0.02219117235401288], [0.048393089317487634, -0.1621940262445545, -0.02724887904156989], [0.06743093482920592, -0.18737222238116638, -0.02936778923376462], [-0.001131095095329983, -0.044851218208015936, -0.02223141908183488], [0.04352163753872769, -0.10600086288485534, -0.03229791973762509], [0.06782695161031005, -0.14424152302871973, -0.0371931284331078], [0.08586171215616531, -0.17428889864215727, -0.03902335686644094], [0.01757290381620573, -0.007705943934584511, -0.031808718694574065], [0.05345309671075309, -0.028747550737978526, -0.04128179775890936], [0.037647737038646316, -0.011202334920841847, -0.03684986030103027], [0.019544034852105378, 0.0026618881008976117, -0.02992434414652475], [0.030481396644392297, 0.03285569085097935, -0.04152230387638707], [0.04523168108238001, 0.018931615396291283, -0.04344602901318306], [0.029864557561316053, 0.03008093751300667, -0.033548137421481626], [0.01653555253717395, 0.041217943753238326, -0.023670175337932427]]}