{"label": "N", "timestamp": 1746067712306, "left_hand": [[0.050313490119157235, -0.10522259895266847, 1.4360476134106725e-08], [0.01605140461589371, -0.1379918971351834, -0.021452127059871325], [-0.007411918799560123, -0.1883319335543202, -0.03386640109958782], [-0.017864342394645658, -0.236191896055123, -0.043626026361314824], [-0.0292862086660417, -0.27805498351596386, -0.05250493738299299], [0.033897960873983626, -0.25704427472030184, -0.022439295198782454], [0.04071812947857061, -0.32137759741320804, -0.03691172225145476], [0.0444444117640773, -0.3594757561683717, -0.0482190158709473], [0.04843761322430225, -0.39238643044476995, -0.056193434240644574], [0.060863130725748234, -0.25391354486428863, -0.022106385874789795], [0.06951752499962367, -0.3241679521595138, -0.032545139049941364], [0.07417673001893524, -0.36587267481903996, -0.041360668902414965], [0.07741480076924974, -0.40038916332685287, -0.048134213906352176], [0.0854691585194253, -0.23892522884056716, -0.02428304523440554], [0.0937229428923467, -0.30500348825472434, -0.03455263219961446], [0.09772441912435458, -0.3449993087438642, -0.04082333457746958], [0.1000350682461277, -0.3794868933351561, -0.045703597929142484], [0.10938532922194878, -0.21399216265036353, -0.028532100095630685], [0.12167049919751241, -0.2594397518097937, -0.03785845553313756], [0.12850841926782364, -0.2902805427752478, -0.04150751431996623], [0.1336776091045048, -0.31812015722503295, -0.04381953582881927]], "right_hand": [[-0.050313490119157235, 0.10522259895266847, -1.4360476134106725e-08], [-0.05671226943778226, 0.027782384463934603, -0.0005963548064829047], [-0.03023207517693718, -0.0282555257443713, -0.0028554323304514056], [0.005958679340600841, -0.03547829204425122, -0.005749629467468185], [0.030814799398778393, -0.022051896979274715, -0.008544246559120583], [-0.009698437022614343, -0.05272800149513858, -0.012911736258415716], [0.017675571274111877, -0.12119512742691635, -0.020645965219857593], [0.03376870801417894, -0.16060666350679786, -0.02331499516982666], [0.04683882561473672, -0.1875610391730244, -0.023553059545035154], [0.02077089065422721, -0.025647169749514413, -0.017159204929100072], [0.047488372085808146, -0.09610051827584452, -0.02265633171469064], [0.06517793881889923, -0.14179325332781556, -0.02532203470945439], [0.07988803297683585, -0.17216827634299703, -0.025972107021470122], [0.04244857379225766, 0.009273985146537192, -0.020402843237105107], [0.045793476931344924, -0.03258827021434785, -0.0271215259840591], [0.027757294338877737, -0.027539966010137824, -0.02783873836126039], [0.012493483888115452, -0.009746063188141448, -0.024876413401515002], [0.055209936081429344, 0.04268922403364831, -0.02361191039225801], [0.044103990426594554, 0.010291874531386792, -0.027108400185103163], [0.028169414955887328, 0.014516214868229576, -0.02335204239789456], [0.01840684845195537, 0.03064651873965678, -0.017833088879261376]]}