{"label": "N", "timestamp": 1746080373066, "left_hand": [[0.08981032121707504, 0.05236465240283571, 9.150338174854709e-08], [0.08109139140014877, -0.0017308603554184628, -0.0035616155074444035], [0.04828731165987252, -0.0482865797147905, -0.012949514608321364], [0.013696888319689477, -0.0524793780171718, -0.022447366149259247], [-0.01165982190193698, -0.03454133783789305, -0.03261836883167851], [0.03994892099472017, -0.06699838524570528, -0.0295540649322072], [-0.01409302422716157, -0.11425586824790507, -0.0438751781569161], [-0.04279701870877805, -0.13656381936669393, -0.049290894036876684], [-0.06581822771908995, -0.15519400850278486, -0.05106330357114812], [0.02346642138371495, -0.03219882441196565, -0.035805038587051856], [-0.032239587427582386, -0.09184240860099804, -0.049694801213120754], [-0.061151110930846846, -0.12557958277545397, -0.0529293568941219], [-0.08512491483814066, -0.15234235046326633, -0.05341421629280059], [0.008491294896420542, 0.006290209525784111, -0.04031968263017079], [-0.03912697377669787, -0.02914927010953278, -0.055122124296264605], [-0.020237965245063903, -0.016764108704040038, -0.049488338481839166], [-0.0012485989099629646, -0.003674436602572248, -0.04077912275087788], [-0.0026073420002301704, 0.043965175950591996, -0.04458857611200422], [-0.02690446683387445, 0.014168902533996807, -0.05263499749848562], [-0.010873333356776593, 0.019010330688067206, -0.04394333941313358], [0.00391558991619759, 0.02759700435412523, -0.03452410306627433]], "right_hand": [[-0.08981032121707504, -0.05236465240283571, -9.150338174854709e-08], [-0.05651334423675651, -0.10353473428639177, -0.010044834602607277], [-0.03971350576908344, -0.16209084688345324, -0.01641851749499738], [-0.026680274766161905, -0.21049750173712986, -0.0237072379171211], [-0.015230268084709309, -0.2546465856668466, -0.031088253451360858], [-0.07027965890292867, -0.23140326295140073, -0.0036978004977902715], [-0.06682919749545208, -0.2936899640860915, -0.01723998126781119], [-0.06426955843457921, -0.3309112872145146, -0.029425256152311653], [-0.062745323464905, -0.36529571771408603, -0.03820568065157571], [-0.09221211315828637, -0.22959682248899524, -0.009502677910363562], [-0.0920624710526306, -0.29916496751769506, -0.02049387023897239], [-0.08877674247040188, -0.34118306111382685, -0.030621168570908314], [-0.08658049155185034, -0.378503296228271, -0.03826090184165194], [-0.1130225769301511, -0.21332801469650137, -0.017908748645614658], [-0.11751241842680273, -0.28011238281476997, -0.02913288023748403], [-0.11560802383243417, -0.32155518564915847, -0.03606058456153367], [-0.11271976853881505, -0.35864616833482926, -0.041034648393551865], [-0.13242616996351658, -0.18630051783433565, -0.02771181563802712], [-0.13994076999340302, -0.2370197576928085, -0.0388218654561418], [-0.14053388045516768, -0.2728995248858532, -0.04325819363457522], [-0.1400421940872364, -0.30744216395944757, -0.045906881495580025]]}