{"label": "N", "timestamp": 1746080547433, "left_hand": [[0.0924146489538357, 0.0013301109806733405, 1.4836341709295815e-07], [0.07581246890713571, -0.0571079347660729, -0.007293860356027921], [0.049137150126269284, -0.10773072445330194, -0.01941667426038731], [0.0448598937688933, -0.16146522447700762, -0.03243909349140969], [0.05364924215057277, -0.2068295392342082, -0.046326812637384376], [0.000753729555714893, -0.10203391165162545, -0.026146269934332965], [-0.05208205477472501, -0.1375878038782988, -0.04153043280840881], [-0.08282359739200723, -0.15842753163917933, -0.050101553543794225], [-0.10670704224370778, -0.17631390610411574, -0.05420659983375046], [-0.011075331992540096, -0.06346153807684742, -0.029829359086290554], [-0.07124244854766178, -0.07972896801675713, -0.04243512683810388], [-0.10943342078821361, -0.08895118101584214, -0.047058851209004056], [-0.13885945389167745, -0.09644671086779842, -0.04886369812036919], [-0.013036299807847073, -0.02001304597076581, -0.03267970775771988], [-0.042960160281252234, -0.02383921801876128, -0.045060943519216565], [-0.025359937833422854, -0.02472393834379628, -0.042737588418188505], [-0.0037885939332970727, -0.02417180086380454, -0.03655435621650815], [-0.00871187795753586, 0.02142742302682343, -0.03614781326851958], [-0.02271624583455347, 0.011282580988755479, -0.042302097373411576], [-0.006395699615216699, 0.009713814083159888, -0.03604488670216094], [0.009850645439221975, 0.009235620635316598, -0.02793560163925065]], "right_hand": [[-0.0924146489538357, -0.0013301109806733405, -1.4836341709295815e-07], [-0.06945082101462224, -0.0637293602022296, -0.014660559812926759], [-0.06967125724756952, -0.1344194876036499, -0.018992517719047933], [-0.08114969992505602, -0.1874625209303052, -0.02266120973285342], [-0.09888205187295394, -0.22241251852780788, -0.025637041481938544], [-0.12446343610369769, -0.17944960325280943, -0.004814076136132661], [-0.14254177853287045, -0.23975660002373902, -0.015881152904703627], [-0.15359125031744605, -0.2753979541185423, -0.0260095671446457], [-0.1633273063834504, -0.3055664396699865, -0.03289085507008616], [-0.14976919239344494, -0.16471990062228795, -0.006160108110873981], [-0.17303021069137528, -0.2283479872544066, -0.014562012538710532], [-0.18496513746598486, -0.2673972318800298, -0.02334918677115861], [-0.19535355768446833, -0.3001129662826008, -0.02951748001925011], [-0.16911727470699897, -0.13843270536038849, -0.010203254283008974], [-0.19387981969649223, -0.19424105447649614, -0.018999109041585756], [-0.20567449892279444, -0.2309368365111013, -0.025297832876935634], [-0.21491575811197827, -0.26196853506973505, -0.029559332965911383], [-0.1832833423502945, -0.1017081611910728, -0.015999353615556926], [-0.20819158977571267, -0.13977964016953873, -0.024627125057762978], [-0.2215167231279131, -0.16742398208407439, -0.02739954873108057], [-0.2323030379098501, -0.19332812301549987, -0.028648851153521136]]}