{"label": "N", "timestamp": 1746067709441, "left_hand": [[0.059725713412923605, -0.08226026789577828, 1.945930223559399e-08], [0.023930133145980286, -0.11694295751746411, -0.01924222518972604], [-0.003102781738816661, -0.16558346749715327, -0.030613073281616048], [-0.01530394851315498, -0.20960396926739874, -0.040059944026997106], [-0.019887526486952238, -0.2514439622729811, -0.04864788022825248], [0.033862324042150026, -0.23650124342044412, -0.01859844290880869], [0.03343851307260298, -0.29802634078445056, -0.03343276357307396], [0.03373671930978166, -0.3343807758981036, -0.045082348284396535], [0.035379572618502574, -0.3671913537317668, -0.05343696960571845], [0.06006282572700625, -0.23703469878853872, -0.019785775966341124], [0.06378401513706632, -0.3060767154790972, -0.030858587758817335], [0.0658050974093252, -0.34671928554505804, -0.04004323209850881], [0.06729338748525492, -0.3818318541579444, -0.04703729022591868], [0.08377749436640532, -0.22462587082872548, -0.023613914258043912], [0.08787655904839514, -0.2895990634697968, -0.0350140690155336], [0.08958051258243568, -0.32909129579148005, -0.041222824007287946], [0.09001329847654127, -0.3637590419427187, -0.04593110037870751], [0.10688814616187034, -0.20119539339652948, -0.02936655905206013], [0.11710510301410648, -0.24642189512789578, -0.039720875356206505], [0.12419657554742349, -0.2767365597052676, -0.0431305011444463], [0.12969046729787145, -0.30428232742198047, -0.045222899250427794]], "right_hand": [[-0.059725713412923605, 0.08226026789577828, -1.945930223559399e-08], [-0.06859028618968774, 0.01330326982554516, 0.0007831984536394501], [-0.049807537546729494, -0.04283452959643996, 0.0008094848381403386], [-0.01861030187822653, -0.05099861614312864, 0.00025774309148042686], [0.0028716000613952645, -0.03727701756796381, -0.0008184129110647336], [-0.012552669915730327, -0.06492765484651324, -0.012336822074488527], [0.018285701404784593, -0.13224175539657443, -0.01873777529672101], [0.03732403644613127, -0.16995014409221093, -0.020494300390856476], [0.05159509493466254, -0.1956372403020134, -0.020008395819949527], [0.014017925825674854, -0.0365959401648893, -0.01483279612152505], [0.045409249764187365, -0.10397865688694474, -0.018681816034191136], [0.06179096292475869, -0.14421253629960984, -0.019443833551233754], [0.07432464402227283, -0.16978275953862182, -0.018554435935742457], [0.030380407005049338, -0.0041856307031011425, -0.01605723502093993], [0.030476876391190757, -0.04194229830325939, -0.01964042805787341], [0.014355214985561606, -0.04254039081275579, -0.01963229729570793], [0.00043015531276945453, -0.030016347811565595, -0.01680156381274812], [0.03823483654874328, 0.023439717625460713, -0.017208682196316695], [0.030056027588862534, -0.009347538667785624, -0.018438747002874793], [0.014668011001579273, -0.009868659041043608, -0.01430975255014738], [0.0039990362740407095, 0.0013091010649163418, -0.009002107754386928]]}