{"label": "N", "timestamp": 1746080375343, "left_hand": [[0.10253529631506422, 0.05680701265793816, -1.0120681315637484e-07], [0.09504634187279667, -0.00896073219459752, 0.003313524639720569], [0.06294517623374056, -0.061920342768782305, -0.005879365775713721], [0.025226014175092324, -0.07940346383405573, -0.015913240777270053], [-0.007540254410934403, -0.0728016318752842, -0.027456250979697106], [0.060052997150755925, -0.09621590088274204, -0.031302260185202865], [-0.00740103348255536, -0.13935615463773132, -0.04468485520154283], [-0.04075767219979734, -0.15616901217796408, -0.05084842506771423], [-0.06653972910531294, -0.17033135859490806, -0.05411172616694488], [0.04570831030866971, -0.057288207893093405, -0.041795734238896], [-0.024824960806039954, -0.10701488832565248, -0.0547785301933534], [-0.06028453508683277, -0.13236383893832498, -0.058194197360102666], [-0.08689366063771052, -0.15270393247619396, -0.06089885632662289], [0.03059282423543714, -0.013186442877390762, -0.049326422467148676], [-0.0363729392594377, -0.0549063526414817, -0.0621880499598462], [-0.0219605532783731, -0.04482155097696382, -0.054351114871326454], [-0.002005133052497076, -0.03268111904787068, -0.04651081107212209], [0.01710490803249412, 0.03090981752170381, -0.055957836961875555], [-0.02379334213658217, -0.007452849509029219, -0.06554706544733743], [-0.009704505287258434, -0.0031239654913389307, -0.05592657723804745], [0.0076450714855130246, 0.005462357207649433, -0.04644554409447487]], "right_hand": [[-0.10253529631506422, -0.05680701265793816, 1.0120681315637484e-07], [-0.05830214680434819, -0.1058796758297512, -0.016025985073161855], [-0.03126863060359011, -0.16231334933419844, -0.023029535781074893], [-0.018422136028251743, -0.2109927000040642, -0.030060011088321535], [-0.013100012751343256, -0.2577878662807935, -0.03654982983309454], [-0.07205543139960514, -0.2354090194799636, -0.0028280993306476795], [-0.06639313046161892, -0.2981759264112616, -0.017560773244811645], [-0.05860839844292829, -0.33609761248928166, -0.03134997641909884], [-0.04967167249298262, -0.3708912046135068, -0.04048584095363611], [-0.09793121969347478, -0.2395878644685798, -0.005077775692705113], [-0.09135683436473513, -0.30750632801494465, -0.016228139967852273], [-0.08058407030372146, -0.34925999178226425, -0.027171544754559525], [-0.06797905255555785, -0.3856646781534589, -0.03489159752810536], [-0.12361700314810553, -0.23015557011789115, -0.011025467349170155], [-0.12281025188973774, -0.29618207017751025, -0.02246842087137257], [-0.1145863546772847, -0.33609505131349876, -0.029878566596872012], [-0.10229322697707403, -0.37002701803254434, -0.03455353188138593], [-0.14939273356717228, -0.20917105417183604, -0.019089359166151305], [-0.15528825440742114, -0.2610014920377867, -0.02920207931911258], [-0.15124637498343482, -0.29530714194886126, -0.03274059930296403], [-0.14301907561210597, -0.32675849524263584, -0.0344238580224365]]}