{"label": "N", "timestamp": 1746067712171, "left_hand": [[0.04926448472553707, -0.10259605436113405, 2.4965514038684763e-08], [0.016747607370003133, -0.13446845196464682, -0.019424386361098417], [-0.007186052713028418, -0.18517266833297263, -0.03033782366678472], [-0.01824907304246111, -0.23254270619147163, -0.039007724336089795], [-0.029286223873746697, -0.2738358813465877, -0.046804852811656916], [0.034040473207770476, -0.25225928531064123, -0.018674307611612356], [0.03926662922344863, -0.31471923661560247, -0.03179224506891905], [0.0428087749806526, -0.350996080902739, -0.04219497291558817], [0.047034533985256616, -0.3824812121189896, -0.049737181004641154], [0.06045229010694116, -0.24919149207855282, -0.018866287215163008], [0.06720371173337263, -0.31748480355615594, -0.028305042598120687], [0.07107543489697071, -0.35705017844775244, -0.036486774078527094], [0.0738580051531245, -0.3899559449136141, -0.04292101801938086], [0.08459892671290015, -0.23469201465070988, -0.021586582533959044], [0.09165132819141039, -0.29863943858140407, -0.0312931989319358], [0.09500091081149754, -0.3372239361741647, -0.03717664598064932], [0.09668694359437233, -0.37081890134725365, -0.04186633033878619], [0.10813443170172217, -0.2106785118893061, -0.026235350459145854], [0.11941315661025054, -0.25492447859838396, -0.03519463968153038], [0.12575776861945598, -0.2845772262254239, -0.03874442575983484], [0.13026244784953697, -0.3117895394681684, -0.04112740928023391]], "right_hand": [[-0.04926448472553707, 0.10259605436113405, -2.4965514038684763e-08], [-0.05409083940621451, 0.026194912916070002, 0.001642806000797707], [-0.02901003170443797, -0.0279633518094061, 0.0005732145587412105], [0.005285961591849143, -0.03541089811325057, -0.002021173150084103], [0.029273148018319615, -0.02228443254070243, -0.004724947634118834], [-0.00837289825256642, -0.05629609653462727, -0.007666775150918429], [0.0165430501928363, -0.1211343248751542, -0.01473948198068737], [0.030870895259335996, -0.15931822153024414, -0.017576026886924105], [0.042410384709187184, -0.18621008224412275, -0.018109157557574012], [0.021552843133102302, -0.031135234494948233, -0.01345964735417332], [0.04547751944495913, -0.09820553017105856, -0.018404775368218655], [0.06066126861651859, -0.14209463891205987, -0.021283228861453705], [0.07335783016531303, -0.17237973114471747, -0.02206750238394512], [0.04295232717764345, 0.0032332874670531254, -0.01836430724191263], [0.045782450274936735, -0.03237673522875339, -0.024359016650384285], [0.02889343082097129, -0.02402201617806671, -0.02492003346415049], [0.01431182949537408, -0.006352819695435753, -0.022089448831492532], [0.05592987851176662, 0.03725205381410562, -0.02327434974909595], [0.0453812849118519, 0.010605200765405698, -0.0257724363678133], [0.03028464539587142, 0.01602509580448008, -0.021632095212403755], [0.020470651472432135, 0.03108627059027344, -0.01608523238245181]]}