{"label": "N", "timestamp": 1746080547371, "left_hand": [[0.10264356912668489, -0.001978738988843447, 3.523658158755708e-08], [0.07837515142068982, -0.06171276500802405, 0.0007045423091569849], [0.034517281226480796, -0.09030622136695982, -0.0045567623351361955], [-0.001024528690111016, -0.09480809256427566, -0.010750116231089695], [-0.02134215473558082, -0.08499272838591282, -0.017826312919950633], [0.004900482158271343, -0.10232358776140106, -0.021740795590372463], [-0.052834409737036486, -0.12607129451078658, -0.032851780799101636], [-0.08674660727568523, -0.13648024676744802, -0.03782990034466696], [-0.11390771628980954, -0.1428824514802986, -0.03995575465332188], [-0.003775817464076321, -0.06002542244475529, -0.027802553764671466], [-0.07083520820913825, -0.06550248739703567, -0.03746315911680274], [-0.11046286218680207, -0.06826569200996499, -0.040367808286839064], [-0.1411714733461694, -0.0695444968592855, -0.04160441743211653], [-0.003875066317140279, -0.015976263813760216, -0.0317594784402748], [-0.04520909458206087, -0.014399114745613275, -0.040895453029052675], [-0.025154999081704432, -0.01716919244434003, -0.03627298765820892], [-0.0035751905955002886, -0.01803837632162465, -0.029760479723662983], [0.0015615819023530387, 0.02418967604914192, -0.03551965169649495], [-0.02001288500086723, 0.01739555603092926, -0.04013106036409937], [-0.0048954954356954915, 0.01390671791419096, -0.033136922809984974], [0.01066270546369069, 0.012423588177305583, -0.02516623509368856]], "right_hand": [[-0.10264356912668489, 0.001978738988843447, -3.523658158755708e-08], [-0.08576995672536146, -0.06391372131974198, -0.017875356029103687], [-0.08931030563185331, -0.1306607228445653, -0.024542409173253996], [-0.10406467299962119, -0.1764537775817493, -0.030632684583631664], [-0.12202714654765684, -0.21307548375053495, -0.03649675049154463], [-0.149964540719619, -0.16749347757180463, -0.008877938087401763], [-0.17153269484294925, -0.2209591372825487, -0.02389970794756393], [-0.18553162043263452, -0.25461957070013946, -0.037042152261806904], [-0.19794667328328405, -0.2839911051958168, -0.0459827178307714], [-0.17425314811514403, -0.14763350939149839, -0.010503649335464575], [-0.202348137661994, -0.2030246043224287, -0.022650214101024232], [-0.21837275587556276, -0.23871005799681405, -0.03422766098148698], [-0.23103100016688707, -0.2702687839557508, -0.042443601597275823], [-0.19037003003479785, -0.11613595016078601, -0.015237571224329751], [-0.21918561033229017, -0.16235532298604638, -0.02775518456941677], [-0.2322152253790386, -0.19470675106590782, -0.0360893147125476], [-0.2406870226836174, -0.22503315888897463, -0.04165343486058216], [-0.20043073349314716, -0.07459083598368461, -0.021995351902535657], [-0.2271940626667453, -0.10307996338266266, -0.033444138539011896], [-0.23859423342732286, -0.12747063983765222, -0.03785742770697589], [-0.24577725243742946, -0.15346928218569567, -0.04027476482169955]]}