{"label": "N", "timestamp": 1746080545946, "left_hand": [[0.09861318528119681, -0.010716112190636274, 6.295361912561929e-08], [0.06792954322849284, -0.06622569138653646, -0.0018691216873990785], [0.01803934630503573, -0.08128254674470377, -0.011508255984001434], [-0.021605958244949958, -0.05364308288582025, -0.022012402725482213], [-0.04323095527294761, -0.01586489072344526, -0.03344007701160817], [-0.0023998008435714984, -0.1027150493545386, -0.02714245299819248], [-0.0705010309684621, -0.09652458308453958, -0.041400315419356064], [-0.10530945120395878, -0.09332284803059164, -0.04794791040669848], [-0.13369363355673197, -0.0914692893486579, -0.05083385107408728], [-0.005350772469026925, -0.05892481492446336, -0.034767950151126444], [-0.0758427610092148, -0.06140478534091002, -0.048717366400795485], [-0.11610148004516102, -0.06574876788384479, -0.05329394305343221], [-0.14717283359940728, -0.06989894435968026, -0.0550853325567971], [-0.0027996152875731165, -0.011901286372089722, -0.04045731684371821], [-0.04677268563000619, -0.0031726204222518304, -0.053539146879046234], [-0.024830985004254787, -0.0035010891134964247, -0.048339835083612476], [-0.0020511009611551352, -0.005739040427693772, -0.0407668411508916], [0.004108839660867609, 0.03338514202513462, -0.04599700153816856], [-0.020559818850763398, 0.027557565294228443, -0.05199659307770661], [-0.002762292913289637, 0.022936308115509275, -0.042741165933958], [0.01424824366229606, 0.020197267160639056, -0.03334240388114505]], "right_hand": [[-0.09861318528119681, 0.010716112190636274, -6.295361912561929e-08], [-0.08698348973283342, -0.05966863911225999, -0.015554290515300691], [-0.09883413850658751, -0.12917212131759148, -0.020100604843421885], [-0.11812968677033396, -0.17507695244142873, -0.024414946107739078], [-0.14319005135072288, -0.20528424732203435, -0.02822237480504418], [-0.1655711941171326, -0.1539801723389266, -0.0038504951861457848], [-0.19649884261895934, -0.20661839302512197, -0.014591784888008087], [-0.21600485091660462, -0.2355555943923714, -0.02474909612685816], [-0.23395523363885015, -0.25917024361619695, -0.03161096269621792], [-0.18413013226223304, -0.13352858439889156, -0.005489561072642301], [-0.21971975868021604, -0.1881320526613088, -0.01358404476169206], [-0.24284533177521878, -0.22129353866930482, -0.02286843997030487], [-0.2629505152184763, -0.24706775824663868, -0.029729337708063824], [-0.19554535333601322, -0.1027877067562321, -0.010177262709891837], [-0.23144888119265838, -0.151057739014574, -0.018691482753257802], [-0.2524053247956915, -0.1798058443268142, -0.025700851449657173], [-0.26906549211748715, -0.20194880357044037, -0.03046881457457477], [-0.2016788026242128, -0.06343724498839215, -0.01681655263988365], [-0.2350616194535055, -0.09374865697169806, -0.025342930277747977], [-0.2569210936023677, -0.11546232941718926, -0.02915087816942377], [-0.27606458995682615, -0.13438187165247809, -0.03118624679589192]]}