{"label": "N", "timestamp": 1746080396264, "left_hand": [[0.09503683210233449, 0.05181877541383304, 9.951609188566997e-08], [0.08571664560614349, -0.003011617271988589, -0.0016524777509918673], [0.052869143268511186, -0.04853600489378289, -0.009788037060026736], [0.01635188436221234, -0.055792419814578026, -0.018287086645748938], [-0.011038609987330698, -0.040778974754879585, -0.02738737986221993], [0.03991861676573259, -0.07734890755207202, -0.025724271509286262], [-0.017419685781993925, -0.11989235102457758, -0.03862416558986775], [-0.047529514176964494, -0.14172678061550473, -0.04373444822428647], [-0.07215478919555798, -0.15937267623460546, -0.04512713861331367], [0.0230538017311647, -0.04182818748037146, -0.03237785116459808], [-0.035778171710491226, -0.09416623789147538, -0.04457628416121218], [-0.068247342582795, -0.12609862911653183, -0.04816913134009641], [-0.09428521619766048, -0.15080922375394454, -0.04922136517269082], [0.008195677118973017, -0.0018921371495354174, -0.037121533559135673], [-0.03622424705978953, -0.033469423891516345, -0.04912552499266749], [-0.017883372408578176, -0.02143169824294109, -0.042949049233718825], [0.00034719629095418, -0.008169677826672973, -0.03448588195904606], [-0.003339727274542053, 0.03732066014095394, -0.041628372263846004], [-0.029427804580964348, 0.007031751179676094, -0.04624850692770592], [-0.013269359929405448, 0.014806516994393098, -0.03559167157923973], [0.0014133983010932484, 0.0254876944690575, -0.025138147853164972]], "right_hand": [[-0.09503683210233449, -0.05181877541383304, -9.951609188566997e-08], [-0.05732861723378016, -0.10230534922275801, -0.01050290430676161], [-0.039845950254307524, -0.1663281888879882, -0.013582025551273587], [-0.032685091174043716, -0.21806820226253634, -0.01755207239102404], [-0.036739203651025606, -0.25931004616796066, -0.02130686423901779], [-0.0706846651658101, -0.23352957087823112, 0.002942456770038698], [-0.07225496555283437, -0.29869637940466326, -0.007678719518307321], [-0.07563535337473287, -0.33592311865716484, -0.0187257458435312], [-0.08140746283361647, -0.36792108567756454, -0.026377790289219157], [-0.093293280108589, -0.23223675029296548, -0.0012026215750108378], [-0.09400260051382753, -0.30455524795104433, -0.009174893932607725], [-0.09701059245729307, -0.34787028217753707, -0.018567927429159147], [-0.10217352232577802, -0.3826809176816144, -0.025412257787662918], [-0.11529090279670774, -0.2192128108875953, -0.008306881546550033], [-0.11627091439833334, -0.2890029795539998, -0.016000415122645367], [-0.11691545871304988, -0.32963914479902073, -0.02117535055975946], [-0.11841737545224738, -0.36268252150420677, -0.02478565573917223], [-0.1376594108097082, -0.19610553556071575, -0.017155055600406564], [-0.13946121685687785, -0.25057033874469425, -0.02441697848815812], [-0.1392037829893054, -0.2865621915834259, -0.0261694760688903], [-0.13885640898616874, -0.3191735677441678, -0.026854150015818083]]}