{"label": "N", "timestamp": 1746080548966, "left_hand": [[0.08460610967196357, 0.07914712750709652, 9.209770310116855e-08], [0.08781001179370941, 0.010865745693937324, -0.001981630292306188], [0.06338339741555161, -0.04688010616397273, -0.008684783516580408], [0.030034099929399153, -0.06641350788075742, -0.015295235622145497], [0.0030271546933682563, -0.058850325267875626, -0.022676565821629614], [0.05414392511414393, -0.061404305323223086, -0.02788372298750672], [0.012301748518963325, -0.13345234503347397, -0.03935426934524057], [-0.0073162500924399574, -0.16917537844919373, -0.04225427513782233], [-0.022886058368917186, -0.19704610453751653, -0.04161898703983536], [0.02903937645282663, -0.031061085752172413, -0.03239390480736557], [-0.015506693854298894, -0.10643195393339774, -0.041548628078839495], [-0.038845236458374004, -0.14840994148294434, -0.042442526893842154], [-0.05739956290243205, -0.1769291600486722, -0.04194878259527211], [0.006970617975148075, 0.002415290604224637, -0.03499613107639152], [-0.02213641281084921, -0.05204212019363152, -0.0430688752309283], [-0.0046295887234956805, -0.046719528546235865, -0.03800703385434578], [0.011349449061706266, -0.03113136743808756, -0.03136240322206271], [-0.009857576353319462, 0.03273049795851419, -0.037393192006104976], [-0.022894983640740385, -0.015126461819614481, -0.03893620149915846], [-0.00784355592450535, -0.011436653990299165, -0.029600374416631343], [0.0038840967010164208, 0.0031723932075821276, -0.020891127496432526]], "right_hand": [[-0.08460610967196357, -0.07914712750709652, -9.209770310116855e-08], [-0.04139175946843195, -0.11861112485556843, -0.013693655240175406], [-0.01471211283679204, -0.17025865916827174, -0.01917541423508477], [0.001087183110654405, -0.2150563178194525, -0.024982451815478163], [0.012405335764668934, -0.25295109010373656, -0.03022923177899462], [-0.03483802123499991, -0.24561482576539004, -0.0027498372643920336], [-0.021023941430029072, -0.30586750056063794, -0.01518503773476889], [-0.013903989361388949, -0.34302657543892406, -0.027011258348018857], [-0.009188992354927115, -0.37518590429767895, -0.034906156319124054], [-0.06192253133330384, -0.25285816681917034, -0.005395803342096179], [-0.05186027260992639, -0.32251977816784566, -0.014773017871176285], [-0.045110931828421, -0.36441933151046113, -0.024246950012028277], [-0.04004585938752586, -0.39772025479608264, -0.030969956894931944], [-0.08906181014506831, -0.24651367018555878, -0.011053445854129141], [-0.08205773205996833, -0.31148590121703107, -0.02040910486166925], [-0.07580241086950805, -0.3498744999046584, -0.027257169388487417], [-0.07038079120616929, -0.37939264377947296, -0.03178292213711142], [-0.1168348798501308, -0.2281953032004803, -0.018568797606891316], [-0.11902920236103563, -0.27812035664515716, -0.027534229531025092], [-0.12154869841161164, -0.3132053104005989, -0.03089162411154425], [-0.12429262061536969, -0.34472457942513235, -0.03244917097915825]]}