{"label": "N", "timestamp": 1746080545828, "left_hand": [[0.09991462946044309, -0.010850547545389633, 6.11934553091709e-08], [0.07089745572717855, -0.06625611731458562, -0.0027011247046687093], [0.02373423425879447, -0.0823591554028974, -0.013115337577912039], [-0.01684196805319187, -0.05755234905567334, -0.024333235181182255], [-0.039946425884299044, -0.02224989371164523, -0.036464833783862075], [0.00011100799078412953, -0.1073233310806888, -0.026838527206712155], [-0.06792901391721443, -0.10301748924523671, -0.04135782703239756], [-0.10206344266376254, -0.10216938580280262, -0.04891760430670777], [-0.13019753756105332, -0.10253975807167713, -0.05246132055211727], [-0.003351396446753985, -0.0642593294250327, -0.033803894776463235], [-0.07206596089332727, -0.06725688416234454, -0.04775998159268234], [-0.11229855090116558, -0.07243304300260427, -0.052953448666461136], [-0.14408081464090644, -0.07651842420466148, -0.05536041975601854], [-0.001690922689150961, -0.01852004914973191, -0.03908477540863972], [-0.04550141170658085, -0.007371313443001185, -0.05218647756864765], [-0.025678698640566266, -0.0075909365812257944, -0.0483483718007051], [-0.003708408673626458, -0.009321839694576896, -0.041673787040655545], [0.0034899819570736726, 0.026105003622598585, -0.044321076870814984], [-0.023311378959249247, 0.021439318028984036, -0.05041927302773727], [-0.006428433463797383, 0.01864950197462334, -0.04211084236991824], [0.011033221194316059, 0.017043265999476365, -0.033352063639553516]], "right_hand": [[-0.09991462946044309, 0.010850547545389633, -6.11934553091709e-08], [-0.0874890526051799, -0.05780973923800521, -0.014192138269187988], [-0.09902812088234343, -0.1273839725365069, -0.019058278082553882], [-0.11656439237205633, -0.1747823307441269, -0.02375185401012027], [-0.1383814606035578, -0.20719502894347458, -0.02815750981608948], [-0.16087426779530584, -0.1563326710694207, -0.0060693037694833285], [-0.19159175612784515, -0.20988215213767034, -0.017783769956281486], [-0.2108320910047379, -0.23958515465394714, -0.02833038028494239], [-0.22815755299587528, -0.26340650835081164, -0.035480457913007156], [-0.18121048504286755, -0.13575792722121954, -0.008783638702213926], [-0.21709093169655413, -0.19257266237585177, -0.0175496601456472], [-0.2391276430066414, -0.22621863203451628, -0.026856042321478635], [-0.25796251057895275, -0.25285610312216045, -0.03372888412273013], [-0.1937017853286363, -0.10501363904323133, -0.014206667314865208], [-0.2289743101905076, -0.15463738144116757, -0.022965697792290046], [-0.24938172449772347, -0.18383603240168672, -0.02960167302797176], [-0.265805632908238, -0.20711813891069866, -0.03421925748528866], [-0.20008680862610764, -0.0659799831927285, -0.02140933764558726], [-0.2326946033194075, -0.09915747400542886, -0.030092108704159026], [-0.253673747662866, -0.12216633774495725, -0.033543224404714446], [-0.2721110542838106, -0.14194139334771083, -0.03535185006092145]]}