{"label": "N", "timestamp": 1746061433722, "left_hand": [[0.06936282776790006, -0.09061919889279393, -7.44099107450492e-08], [0.03180261640563472, -0.12744644594093252, -0.015693480952059503], [0.006427691019673977, -0.18412437532249054, -0.024826619650143964], [0.0006821055657996002, -0.23219407690368046, -0.03283245976733201], [0.002484898609443631, -0.2717742567126356, -0.04022572442475807], [0.03930270046146431, -0.2558660462511167, -0.01383897439120886], [0.04144987988663799, -0.31678403528995513, -0.028493433900727994], [0.04244936113737667, -0.3536561577042648, -0.041273593607531765], [0.04364103717065927, -0.38612575026653284, -0.05074151322186308], [0.06624210932747894, -0.25691266800555695, -0.017504714838388086], [0.06957032291338609, -0.3263811238377348, -0.028892848700024863], [0.0695281828076293, -0.36972564168411354, -0.039407870876291114], [0.06873205107331132, -0.4069519589528445, -0.0472750354273997], [0.09171879494853799, -0.24353312032010943, -0.023523807635616623], [0.0952685218895541, -0.3110197303976209, -0.03504321797022014], [0.09664692218455215, -0.35229213889566346, -0.04127651317748563], [0.09695386968916198, -0.3882128714933143, -0.04595905462982336], [0.11647978258683511, -0.21697572903554216, -0.031264626661731784], [0.1246241914239927, -0.26587120146194493, -0.04147519351890235], [0.12952851334671422, -0.2983387639481243, -0.04389300612707305], [0.13336172438659932, -0.3279137458078073, -0.04519287720242454]], "right_hand": [[-0.06936282776790006, 0.09061919889279393, 7.44099107450492e-08], [-0.07003835161332791, 0.026135007242787996, 0.0009866554245195538], [-0.0443892377400622, -0.01619361779036663, -0.006044589403456162], [-0.010178716031800136, -0.019661927995615325, -0.014010176584304075], [0.014856096817028198, -0.00602656935377096, -0.022493196770749534], [-0.034224390333331106, -0.041271211821611344, -0.025215665034472028], [0.003613150791871178, -0.10323969044406954, -0.03793412912624888], [0.024674228597033145, -0.13965771689117235, -0.043961320858610195], [0.04159822502566621, -0.16658986022171166, -0.04648289973759314], [-0.010081315117987023, -0.01754214391302796, -0.03274654213918374], [0.02919074187914907, -0.08437600973574884, -0.0410982938661207], [0.050165787196594584, -0.12785639309551583, -0.04472173928068373], [0.06655768999777119, -0.16002946633350337, -0.04625253418227637], [0.009617987646882169, 0.01876412150308699, -0.03766975445414108], [0.03726031570091097, -0.015527154495060931, -0.042378043147819434], [0.02012198597575629, -0.004826901231465523, -0.035554313665922405], [0.0027381666284241094, 0.010003467042291285, -0.02837785312131012], [0.021196045811226825, 0.05770038254593189, -0.042648123402197556], [0.027984833944023662, 0.034738854352648944, -0.041409346932504615], [0.015207406826481374, 0.03988422109937485, -0.029776097410075097], [0.006663692707289603, 0.050464336596963824, -0.019130825819073816]]}