{"label": "N", "timestamp": 1746080374353, "left_hand": [[0.11658541985187905, 0.06015516113579815, -3.603460587863016e-08], [0.10017046695703408, -0.004978256358967249, 0.0031590554142887535], [0.05866868926847939, -0.05197613427762353, -0.002578797728606675], [0.01832966392969665, -0.05483769518643215, -0.010371489972380138], [-0.011150571118408451, -0.03714592319247237, -0.018942931610077138], [0.04877363839901434, -0.09206022522434554, -0.01506108077198098], [-0.012457354306468289, -0.1303670220201301, -0.02737059642367597], [-0.04449567519748327, -0.15136132355624043, -0.03340102029455961], [-0.07108041687521054, -0.16715736368876863, -0.035828538051236404], [0.034701443997731514, -0.05856765871906142, -0.025134150057589583], [-0.0278455147484051, -0.1065475459097074, -0.037792877707493344], [-0.0653347884418406, -0.1311936321206621, -0.043302174693658615], [-0.09631506834189214, -0.14931839766095092, -0.045477624105169936], [0.02291714102503283, -0.016688099625036076, -0.03357166271376036], [-0.031838560298048164, -0.02920714583056072, -0.04740624361508854], [-0.013872088732435629, -0.013359420999506762, -0.04400515177460875], [0.005878981090248749, -0.004098581256388012, -0.036749907426332794], [0.012898629673926094, 0.028293154848767415, -0.04134026973944647], [-0.02421504809461439, 0.01090669832540164, -0.04823476121840367], [-0.009061385884267808, 0.021034828781170977, -0.039151134714374286], [0.007709186876175494, 0.027873657603537084, -0.029401859233481188]], "right_hand": [[-0.11658541985187905, -0.06015516113579815, 3.603460587863016e-08], [-0.07491357726695116, -0.10587641166416205, -0.014588796502495935], [-0.04905805760796403, -0.16088005000728525, -0.021327529355953407], [-0.028778810808616603, -0.21040442015491578, -0.028456277034112524], [-0.015423607403203188, -0.25336285898890215, -0.03519767224384142], [-0.08442342759951771, -0.23507101920986997, -0.0019385951024695244], [-0.07065470826413363, -0.29596320491348094, -0.017200148641716602], [-0.05676916157236377, -0.3314209018739145, -0.03162798687220055], [-0.04265459952132503, -0.36199443316542695, -0.04109757116297701], [-0.11139590037059949, -0.24247226420458423, -0.004900886117025964], [-0.10258772349899058, -0.31013004596039495, -0.015493031901588092], [-0.09090606142981822, -0.35114350293646873, -0.026168912804790063], [-0.07851051404769975, -0.3860750742046392, -0.033972624112222474], [-0.1381974647264894, -0.23461586412366858, -0.011570182933636214], [-0.13649317329513136, -0.2994255237591227, -0.022381944653812727], [-0.1274430790605044, -0.3376156082238149, -0.029711521701623687], [-0.11478515898401509, -0.36980200500927096, -0.03471835944965422], [-0.16487035412076764, -0.21414287638837848, -0.02028268032833309], [-0.1745508636470569, -0.2637212509112861, -0.029896834638460507], [-0.17485970655998354, -0.2972869735032076, -0.033380588926809666], [-0.17037308747612515, -0.3287323965191089, -0.0353344492995608]]}