{"label": "N", "timestamp": 1746067727930, "left_hand": [[0.059162221189813305, -0.09905602757598055, -3.7510268240199634e-08], [0.029497312317370458, -0.13622727753940336, -0.014021792041638427], [0.012819816446716146, -0.19333653196518827, -0.02229490188087467], [0.010356165294273662, -0.24048612668910463, -0.029927563413103944], [0.012275878686500208, -0.27804200209803576, -0.037294753731775106], [0.048277594188752444, -0.2561537645557296, -0.012865250068704813], [0.0518771876628643, -0.3153710622886275, -0.027026093571217352], [0.04997914074543799, -0.3501113656419271, -0.038863365541288206], [0.047674483283073686, -0.3825496629449571, -0.04788473260678427], [0.07171157084396015, -0.2535004407131766, -0.017029611388180627], [0.0765732364751856, -0.31971730706396967, -0.029256153042219825], [0.07614905605782557, -0.3599680413117882, -0.03998127427790523], [0.07455156320154618, -0.39735964296535375, -0.04794625560888902], [0.09287748635138211, -0.23784258917445517, -0.023454207637982186], [0.09998727633215276, -0.3031662368944869, -0.035399358226443564], [0.10221054796060358, -0.3436509554148067, -0.04252953449377126], [0.10224860084491659, -0.3821716830988623, -0.04791245294954339], [0.11284309736199283, -0.21120427289792512, -0.03138999356486443], [0.12175593860281986, -0.2585981161591903, -0.042149978593705936], [0.12638751173380333, -0.29116678783290645, -0.046141978212981945], [0.12940748148920475, -0.3227601950337869, -0.048848720043628883]], "right_hand": [[-0.059162221189813305, 0.09905602757598055, 3.7510268240199634e-08], [-0.053746057667797026, 0.02902724995337464, 0.0016035980127260816], [-0.024127667991248793, -0.01781148092674299, -0.004501575445851443], [0.012033815003753064, -0.024780757445941538, -0.012829586869112411], [0.03878763270844609, -0.009850644560804355, -0.020972101860798485], [-0.018802449042028446, -0.05149697744436357, -0.015551607035226086], [0.011394244336908365, -0.12142643521820035, -0.02821429317697358], [0.026314115716100057, -0.15932378519425616, -0.034162539916073896], [0.03718909294267006, -0.19061911905431866, -0.037087331942888574], [0.004971044914723257, -0.02992663624660533, -0.025982600754745355], [0.03467154871005221, -0.10544649969694429, -0.0382181535115852], [0.04897551868058433, -0.14919621031268582, -0.044154821659241596], [0.06000903441919049, -0.18489546000601462, -0.04674373496398569], [0.025161559395896895, 0.003919720191065722, -0.03502986745083245], [0.055629629923487044, -0.029090610736824063, -0.0482812438889149], [0.04063688453976768, -0.009705579318812036, -0.04530242507337501], [0.0240649444570582, 0.005809027690085219, -0.038827582857459776], [0.04052705007822784, 0.04138128270968998, -0.044088689979461367], [0.0521497937922311, 0.02152819171106703, -0.050087805709620375], [0.03825357231174202, 0.03482389680071687, -0.04220536238196893], [0.026799335508895197, 0.04806356947339384, -0.033478637752799044]]}