{"label": "N", "timestamp": 1746080547787, "left_hand": [[0.1018174809895991, 0.030050634225921306, 5.047042885863084e-08], [0.08302486119627843, -0.027908750704970866, -0.003072557896300972], [0.03903921536752226, -0.06107850578520087, -0.009785673180915277], [0.0005810132469654266, -0.05905639539122808, -0.016238948459224217], [-0.023395302479300877, -0.03655392298273582, -0.023198928366220346], [0.02271540953627214, -0.07708798501616303, -0.02562988042707018], [-0.03459099385011228, -0.11421981608449647, -0.03649211273208624], [-0.06580719024043044, -0.13057681691514755, -0.04039180382996613], [-0.09114545355801322, -0.14225603412160415, -0.04136610545766544], [0.01123664469374786, -0.037175285007946625, -0.02979870382969599], [-0.0516010128643433, -0.06546698729541076, -0.03987337927806329], [-0.08930300285450692, -0.08062581718741901, -0.04253491017995079], [-0.1194383649348595, -0.09102490185075159, -0.04353250051790865], [0.004819531034715987, 0.005236859226688237, -0.03207594353301341], [-0.037011920544835084, -0.0160329648762337, -0.04119445598435573], [-0.01845298475391989, -0.016446913113796747, -0.03577199237773874], [0.00023785169686669347, -0.010367318587746886, -0.02892320404003159], [0.0031901182164380815, 0.042770584277835366, -0.0343758284728841], [-0.019422271408613676, 0.015087310423100207, -0.0378601286697336], [-0.004423187871338553, 0.013953441056144676, -0.029427053111030242], [0.009751369985451635, 0.019552550789540813, -0.021106942681703888]], "right_hand": [[-0.1018174809895991, -0.030050634225921306, -5.047042885863084e-08], [-0.07498234669737308, -0.08479365820492182, -0.017410633928560237], [-0.06463734130458776, -0.14735219931109625, -0.023850139785553087], [-0.06897863168982145, -0.19660669027655947, -0.029184168121621928], [-0.0822326328579259, -0.2339610121107454, -0.034202862282917676], [-0.11235205694187735, -0.19745613052613123, -0.011005778329116759], [-0.12216874523326947, -0.25721231387658533, -0.02397304326326068], [-0.12826783174572254, -0.2941923126297779, -0.035578448768855575], [-0.13428356436895134, -0.3268262212792804, -0.04343330022996371], [-0.13833870360040848, -0.18695584874541954, -0.011671479356528257], [-0.15328368954760024, -0.2504577177236436, -0.02131640138756806], [-0.1622427487567869, -0.2908165167552667, -0.031100393886917745], [-0.16976183747043597, -0.32540363602349526, -0.03846828459936319], [-0.15922978961413858, -0.16435228913676472, -0.015089788004485854], [-0.17736920802851838, -0.22207656114143615, -0.024435735206483837], [-0.18640782898295805, -0.2597949837554754, -0.03192017251761252], [-0.19285685527386437, -0.29247247458134373, -0.03741168474570697], [-0.17656875421846, -0.13190000036809071, -0.0205104952255799], [-0.1975431574823422, -0.17281280049070974, -0.030163015284214376], [-0.21087505331791515, -0.20154180842425581, -0.034579269211141635], [-0.22256614158376017, -0.22925204863612023, -0.0371798304069688]]}