{"label": "N", "timestamp": 1746080377668, "left_hand": [[0.10659656002999801, 0.059304005618555956, 4.4566402232035146e-08], [0.09777104355444116, 0.0036383704337165073, -0.002911113258527512], [0.06259416541300149, -0.0437321045324168, -0.01198725895717085], [0.023929903427714286, -0.04863351429122534, -0.021353795772572213], [-0.004615259738318208, -0.03142582401234902, -0.0312146166847934], [0.05154899344321924, -0.06956999042975724, -0.0278911832045157], [-0.007890111246797851, -0.11441699788877814, -0.041814887571244436], [-0.03820855316012242, -0.13553029622292326, -0.04755704862246433], [-0.06365978761121088, -0.15281437163081135, -0.04976003049711066], [0.03496062216894495, -0.03319809140140911, -0.03482333133689851], [-0.026201487570069022, -0.09034019927495152, -0.04820198257283271], [-0.05864788236847557, -0.12107202926851535, -0.05186309017843729], [-0.08687454124476009, -0.1450200360085821, -0.0530149720396689], [0.02076836081787947, 0.007217548828364904, -0.03995480210806831], [-0.030555642195387034, -0.029483795546968086, -0.05498217413086041], [-0.009423918753088371, -0.017248346879801944, -0.04886124563051511], [0.010649942366889913, -0.004194396801328036, -0.039861807718637676], [0.01100759541438129, 0.04713949913428039, -0.04482480919377385], [-0.01538137038939973, 0.01262901412605858, -0.053422360926759366], [0.001786380433479096, 0.018919184232360112, -0.04410881813344308], [0.017038250998356562, 0.02923886297151384, -0.0341655738238569]], "right_hand": [[-0.10659656002999801, -0.059304005618555956, -4.4566402232035146e-08], [-0.07058152335088716, -0.10559284214975159, -0.014077488180199946], [-0.047060291396384804, -0.16084764523242895, -0.020857131536095082], [-0.03062654760161463, -0.2093052751329471, -0.027849683038882942], [-0.018706274936196674, -0.2508938886401724, -0.03435131665878447], [-0.08251347260680163, -0.23608142564459333, -0.001710188855257545], [-0.07667455215527841, -0.29834367248002447, -0.012792361021175593], [-0.07328955454117032, -0.33515976004385856, -0.02429414054582422], [-0.07120067686050578, -0.3673288588033875, -0.032459210214858966], [-0.10916092318634543, -0.23677598970165473, -0.004607943666918303], [-0.10931919155548467, -0.3057957276998885, -0.012732693184030164], [-0.10859312828657995, -0.34858224906206625, -0.02279667757672479], [-0.10883986291852027, -0.3846441208214836, -0.03051685305805264], [-0.13442055122330226, -0.22357645920277006, -0.010588541328175721], [-0.13986550167264025, -0.2889635271500494, -0.019111168655232238], [-0.14049116465160652, -0.32950992680505276, -0.02664176733451673], [-0.14002402747842035, -0.36424451040915, -0.032170747861683696], [-0.15877964750217194, -0.19920239482206706, -0.01841081112448059], [-0.16978554199589035, -0.2487570174143175, -0.027219459753707008], [-0.17610037085472074, -0.2833148523761275, -0.03111135241222529], [-0.18118103006889924, -0.31684494510259864, -0.03337763841656931]]}