{"label": "N", "timestamp": 1746080382535, "left_hand": [[0.10663746644212528, 0.047757110292582956, 2.684152078982351e-08], [0.09282920125998188, -0.008316094569100088, -0.002346222192229453], [0.053479047348373075, -0.048013569212716246, -0.013585659928875964], [0.012721791255164226, -0.044754411353307634, -0.025889161725398194], [-0.014757536317073957, -0.022614634944480554, -0.039093640429844166], [0.048919247791669576, -0.08345968666020938, -0.028724045250460323], [-0.014364202231617574, -0.11733203093024297, -0.044995239791234404], [-0.04771119704730004, -0.13453236121344248, -0.053148126196948746], [-0.07512448963286374, -0.14912765859619365, -0.057523481007933946], [0.03850872657382443, -0.04772631338038526, -0.03850605099838902], [-0.0276338490770268, -0.09056452702362386, -0.05562698185473605], [-0.06459165443749583, -0.11464505494544827, -0.06265404272344083], [-0.09577902488605726, -0.13465824268197632, -0.06619876822746984], [0.029767208701652986, -0.005623257706215764, -0.0464095861637651], [-0.030824496547834868, -0.01939675805248587, -0.06499437598153514], [-0.0115452290794129, -0.007035547310969664, -0.060759991669941865], [0.008993708544130768, 0.00013798545589286673, -0.05281979871427846], [0.022995200688384523, 0.038493064196196705, -0.053881168243415614], [-0.012673338902758631, 0.02343788809974165, -0.06643741699477484], [0.004578283164467536, 0.028959381304717865, -0.058472975111052705], [0.022274167071481738, 0.03338190526343376, -0.049133856990813386]], "right_hand": [[-0.10663746644212528, -0.047757110292582956, -2.684152078982351e-08], [-0.06914226224440036, -0.0965869250889314, -0.014169034579018594], [-0.04699817208368744, -0.15316755094248638, -0.020675589863501466], [-0.03299442295532463, -0.20295723923863251, -0.027387366888545223], [-0.023456044080780183, -0.2463202926946492, -0.03345253616783062], [-0.08158556168214093, -0.2298608538482152, -0.0010937175919363284], [-0.07794233429301388, -0.2932572258828939, -0.011966267005075104], [-0.07722406730179315, -0.3297919377303396, -0.023313715338411648], [-0.07801996362547438, -0.36096576627424676, -0.03118221947119997], [-0.10865890513702119, -0.22993129359419928, -0.0037645869691161015], [-0.10872341119897665, -0.29968904814617714, -0.0112060763065102], [-0.108993648643066, -0.34119620541110296, -0.020665551744661614], [-0.1103858984131097, -0.3754826698621779, -0.02791318275594307], [-0.1345496799261825, -0.21583344278967684, -0.009578096832278334], [-0.1388073166345444, -0.28161713976570424, -0.01738010184053103], [-0.13974587619569936, -0.3213774095317093, -0.024019643998157186], [-0.14011920684941503, -0.3544886405154197, -0.02892378606892574], [-0.15979335552949717, -0.19005322381888953, -0.017296170243975697], [-0.17042898360999303, -0.24047970926051354, -0.02525778634719034], [-0.1767902933213532, -0.27452780706729707, -0.028268632726077065], [-0.18240149254392182, -0.3063892331006205, -0.029841250109254962]]}