{"label": "N", "timestamp": 1746067729393, "left_hand": [[0.07214177210393602, -0.08741021536474905, -6.385220796883205e-08], [0.03610777599635979, -0.12353433559179056, -0.012356212296864727], [0.013779710079410326, -0.17727721330271867, -0.018110401568429045], [0.007813373328436814, -0.22508030209499524, -0.023637691999841778], [0.0043716200059270805, -0.267219145383051, -0.02868701179536858], [0.044395639886141196, -0.24585818236998447, -0.0043917673743460225], [0.04050672872704273, -0.307597290261369, -0.014735564654357453], [0.03805989581967502, -0.34269070821231273, -0.02441725755344136], [0.036873738671528294, -0.3747482545693427, -0.031940763180529366], [0.06984845492260419, -0.2490678614678568, -0.007887241822657985], [0.06863667334499884, -0.3177262809502881, -0.015313280113291436], [0.06724372012559957, -0.35713332920733903, -0.02370922253696284], [0.0653190715374697, -0.39127718890880403, -0.03056368960474618], [0.0938167613457644, -0.23965688576042551, -0.014019494590150606], [0.09408990391275035, -0.3054320259721155, -0.021877537532103124], [0.09348429014480669, -0.3438564119870357, -0.027321959770612934], [0.0913312840285645, -0.37842497929297364, -0.03196717827368976], [0.11779919583273424, -0.21957638241292773, -0.021806263816403437], [0.12176950495423909, -0.2700594402505023, -0.02917673273269094], [0.12392902106066807, -0.3026932361644206, -0.03155136130741072], [0.12483344799519946, -0.3329902687922854, -0.03339907889448576]], "right_hand": [[-0.07214177210393602, 0.08741021536474905, 6.385220796883205e-08], [-0.061847353792043494, 0.015125823688564966, 0.006002075094522072], [-0.030663161863192432, -0.029738858682026914, 0.0006725011773204319], [0.003200098793164829, -0.0353015298712766, -0.008372952450201053], [0.027085760660053096, -0.017595464646658007, -0.017107395606964605], [-0.020727393223434268, -0.06602346632672276, -0.009737706533251563], [0.019714281771883783, -0.12963682809496851, -0.022710201635980646], [0.03994571531740002, -0.1656814895056167, -0.029167992147462317], [0.053401865033484194, -0.1935466483525004, -0.03198983627144979], [0.000981531073623106, -0.04418512711836357, -0.022345109786057284], [0.04027042993430539, -0.11012717239760836, -0.03456172678285778], [0.061583214402975435, -0.14841016234907448, -0.0404821213557445], [0.07690699258037614, -0.17960548128242917, -0.04262367727648086], [0.0199051953138863, -0.0096299145263372, -0.03351492844059784], [0.05646839360246201, -0.02579648249713911, -0.043935275817982955], [0.04237689654623354, -0.004228284796459893, -0.03927364671464361], [0.024786995401827366, 0.009549301456364673, -0.03194226371018235], [0.03519794715507765, 0.029502513719146407, -0.04483640735854569], [0.05379703528886498, 0.022199782174155264, -0.04681438534766933], [0.040450539662806435, 0.03603420387322048, -0.03724657254952796], [0.026635186232869885, 0.046074132355967204, -0.027494382170276395]]}