{"label": "N", "timestamp": 1746080372431, "left_hand": [[0.10437610270069134, 0.04174657057809334, 7.925319935916105e-08], [0.09207728662373701, -0.011181991802225196, -0.007843566014989686], [0.049603054474236886, -0.044987194182132345, -0.01759823573024821], [0.0065405668611030685, -0.038461871227638854, -0.025512447083357988], [-0.021300069918076633, -0.01963572712567985, -0.03333909436663813], [0.050180299952474354, -0.05995243179548555, -0.03618074698158411], [-0.004893097095106197, -0.10242168707353827, -0.05168872540552753], [-0.033698477131224834, -0.12324366404039698, -0.05768113821322057], [-0.05855227494535245, -0.13997350692291377, -0.06023504754519837], [0.03613417233951539, -0.025142939723289428, -0.038322732927014956], [-0.022467020955585355, -0.07270149361669222, -0.05295662368718746], [-0.055345594320681334, -0.10164966331707156, -0.05681094208697081], [-0.08438821716406963, -0.12365613568841184, -0.058580627166469654], [0.024215531953413645, 0.010870310752227852, -0.03860805267051482], [-0.026363732274748006, -0.01726884880171955, -0.05229797145107519], [-0.006904791499942583, -0.017630047932377015, -0.045962096330661784], [0.011453401369053727, -0.01198792273322924, -0.037685281626196145], [0.017164236038040088, 0.04155780751139765, -0.0389879061178924], [-0.007702272490935211, 0.0156650072217562, -0.04691563267563643], [0.008317345772655988, 0.012969154114639602, -0.03982904214854146], [0.02199813879702818, 0.017814836662880897, -0.03206582536039468]], "right_hand": [[-0.10437610270069134, -0.04174657057809334, -7.925319935916105e-08], [-0.06583291870285789, -0.08510525365200867, -0.014592866646482005], [-0.04129760485653341, -0.14298426351477783, -0.021501764512929077], [-0.022352051644667324, -0.19187106920734792, -0.028537194412762132], [-0.006759370180635954, -0.23180799203943717, -0.035367995230358995], [-0.06888705284694156, -0.22016222026700916, -0.006099193272343099], [-0.06405723183863694, -0.2843360415851468, -0.01839111468161333], [-0.06327767116533803, -0.32250830544082665, -0.029955645293507867], [-0.06350605227704487, -0.35544525858214554, -0.038157319085446145], [-0.09617040534091924, -0.22059374008488025, -0.009216051885057594], [-0.09506152973857372, -0.2918231897028889, -0.018374531450560734], [-0.09392490539254665, -0.33447988326890665, -0.02801367408277521], [-0.09324855214332783, -0.36934677048448544, -0.03533786098984159], [-0.12228567894522566, -0.2068662754638772, -0.015190582417689396], [-0.12551504193005453, -0.2740506385448956, -0.02448325289361482], [-0.12506458135681886, -0.31480881677546724, -0.03128578355968514], [-0.12330124715914002, -0.34879282847917525, -0.03632998599094887], [-0.14792809605478308, -0.18170990892912897, -0.02305319453436294], [-0.15821033931873765, -0.23183921385168274, -0.032471894657145596], [-0.16389167975855282, -0.266942950021395, -0.03615490036952589], [-0.16827155936366484, -0.30011974182019896, -0.038223208924878384]]}