{"label": "N", "timestamp": 1746067729505, "left_hand": [[0.0708476032643558, -0.08668399943504602, -7.507006692908706e-08], [0.03540243584457126, -0.12303699196306132, -0.011857443452415488], [0.012716944682215271, -0.17572411749187627, -0.017874050840810722], [0.005698271828957748, -0.22232822427214446, -0.023777828881765686], [0.002601418322586877, -0.2634065432041444, -0.029254924704551166], [0.044090151018047134, -0.24442207608410463, -0.004862939701899268], [0.040092307595563405, -0.30628351736812226, -0.015625705645766486], [0.0379329448611731, -0.3414190087368508, -0.025460524149505254], [0.03740565861207779, -0.3733703467815122, -0.03297856997792422], [0.06929964149022601, -0.24717877416232234, -0.008667818632616996], [0.06792441943526632, -0.316310604711368, -0.01650638760162428], [0.06699055549991975, -0.35624587725536555, -0.024984716894107445], [0.0659622078204672, -0.39083476249523696, -0.031817308035417095], [0.09335537943164633, -0.23767130091375385, -0.015020208466453046], [0.09388159622891368, -0.303857349651606, -0.02312441125158994], [0.09361609318814346, -0.3424500532948261, -0.028547418385728142], [0.09195858234850497, -0.37725025989100935, -0.03306101948284641], [0.11748839689211397, -0.21771570178705796, -0.02296194175731127], [0.12147270942407859, -0.2686230269846012, -0.03042851731039003], [0.12340041959294924, -0.30143394856047073, -0.03274591770743494], [0.12397671463450896, -0.3320769750362789, -0.034471547978724634]], "right_hand": [[-0.0708476032643558, 0.08668399943504602, 7.507006692908706e-08], [-0.06101622560562877, 0.016044195310655564, 0.004387632618428341], [-0.03031621594655192, -0.029849097987256375, -0.001183415401116882], [0.0035655058965500257, -0.03419209536274138, -0.010092276157330719], [0.027780127181282407, -0.015538112106497423, -0.018533343190742565], [-0.02160139249413226, -0.06492237515834036, -0.01092344002335222], [0.01722133628791278, -0.1323562416899069, -0.02471901042500039], [0.035263686094368404, -0.1693247967407307, -0.0315372075584189], [0.046426066299863795, -0.19699897844418562, -0.0342703195740393], [3.7663303506807693e-06, -0.04371342498716793, -0.02279790731789846], [0.04014317630425038, -0.10908422594676713, -0.035514774987957645], [0.060800707813339815, -0.14735953488660766, -0.04176967324442156], [0.0753721284631625, -0.17790698491752915, -0.043937687495365856], [0.01919261499429687, -0.009579545002192626, -0.03343447322362156], [0.056131155647079115, -0.024544477426803116, -0.044692610053387725], [0.040944846694078614, -0.004660624568392414, -0.04063873084246124], [0.023131499072525496, 0.008648052460029814, -0.03356863711788817], [0.033747714879266616, 0.029352732845361103, -0.04430000208163933], [0.05159175111849195, 0.0250114093944764, -0.04720305812985782], [0.0367320434541727, 0.038354262383488144, -0.03787976599134727], [0.02294346154242484, 0.04800732057437739, -0.02822687635536569]]}