{"label": "N", "timestamp": 1746080374699, "left_hand": [[0.10487288362816555, 0.056947633184827456, 1.2104631494252703e-08], [0.09274704178773184, -0.01148659966180403, 0.004608957377829399], [0.054273616299088286, -0.056750975009748995, -0.0001347311567053547], [0.01486717993748907, -0.05850196390892233, -0.006839853485303282], [-0.014530142695204935, -0.040481925988663195, -0.014559348281941244], [0.04649168921055451, -0.08939319502564659, -0.014985387877531862], [-0.010689646625419574, -0.1339627989752686, -0.02506594603104032], [-0.04089769211619442, -0.1571242952207535, -0.029750579507505714], [-0.06634233540744726, -0.1749380014084184, -0.031655461864919965], [0.028366666945162922, -0.05700938647641072, -0.023715887190446566], [-0.03010758859552624, -0.10760242973359799, -0.03268017000182725], [-0.06359708851825616, -0.1340170533850567, -0.03633801674508776], [-0.09067641305203916, -0.15232996013382638, -0.038162051783147785], [0.013788128341572378, -0.01664774255174213, -0.03033801144313242], [-0.036234568713478375, -0.040893464621582394, -0.03922917547020903], [-0.018263929677044956, -0.027993175763751994, -0.03512883142921805], [0.001223376949667077, -0.015835913608596496, -0.02904629624630569], [0.0030917983377528545, 0.025672159364918436, -0.03627731564035638], [-0.02338695950025908, 0.004237055686318697, -0.040377910425207386], [-0.007915266580454229, 0.010862730190854455, -0.032448639683000664], [0.008037460859306603, 0.01838373368732512, -0.024197172454262575]], "right_hand": [[-0.10487288362816555, -0.056947633184827456, -1.2104631494252703e-08], [-0.06553479957412936, -0.09986335875452364, -0.015272627857894915], [-0.04145622757950354, -0.15796450743149387, -0.022044445023316105], [-0.026194447108350123, -0.20551283595499975, -0.028562269203833323], [-0.02017511343856772, -0.2510730984313778, -0.034575158522073], [-0.0766999971621922, -0.23984624128775417, -0.004674479014454209], [-0.06953828383973285, -0.2999599961025269, -0.01845476897407514], [-0.0648877398112282, -0.3360080020105436, -0.03124780155992921], [-0.06197882982685742, -0.36932067830054327, -0.04049847838407043], [-0.10026403338244208, -0.24101902890611054, -0.008027722643820066], [-0.09701407425402675, -0.3106064960368175, -0.019888469639192104], [-0.09644183458423694, -0.35272497798845964, -0.03130790509751754], [-0.0977974261935552, -0.3904078526110514, -0.03955754681721862], [-0.12258799826742839, -0.2265271961232767, -0.014581789857413586], [-0.12044523028886614, -0.2936036814320738, -0.02782617193661727], [-0.1175157171267631, -0.3335506934350827, -0.03600767459820638], [-0.1151975690502162, -0.3699430292479293, -0.04133354917397999], [-0.1445487548126654, -0.19865006555530504, -0.022912712425572676], [-0.13881752818145363, -0.24650048653192955, -0.03570125622765217], [-0.1299123248416161, -0.27918216941327423, -0.040589402325836924], [-0.12063176497352111, -0.3105717762141058, -0.04323986334913701]]}