{"label": "N", "timestamp": 1746067728909, "left_hand": [[0.08588631790602652, -0.07003353124163372, -1.305298592416073e-07], [0.04390851995013117, -0.11263360857862106, -0.011440554356905932], [0.018586852608800875, -0.1702220046336202, -0.017320864614586602], [0.012099248472337077, -0.21900951797024895, -0.02340656348906164], [0.004584797394382538, -0.2629808133050875, -0.02930198366873257], [0.050016757167120174, -0.2420730359594139, -0.004501889287279479], [0.04385192030597339, -0.3049832689796607, -0.017085113353950104], [0.037411143213237255, -0.34024946212904816, -0.028885115526195205], [0.030592356506641615, -0.37417373246011454, -0.03796018528973515], [0.07716101448866783, -0.24521734752604474, -0.009949849635248333], [0.07351284845587946, -0.3165861281667243, -0.019845641102416357], [0.06817212232081894, -0.358020302601934, -0.030569370614733776], [0.06109101368230741, -0.3954429489802609, -0.03897803159836447], [0.10271690753567743, -0.23534507562024173, -0.018005027234715903], [0.10142855304563995, -0.305559784539757, -0.0284099737292412], [0.09806003721312276, -0.3473529889319723, -0.035217740810872665], [0.09215964872935584, -0.3856821118654736, -0.04057551244228525], [0.128053776699899, -0.2139466775381597, -0.02759433768009043], [0.1315669813110066, -0.2680614344407371, -0.03681704553421399], [0.1332514428231075, -0.30284003816959026, -0.039620365169922435], [0.1325598503685945, -0.33475671776507465, -0.04161919845656574]], "right_hand": [[-0.08588631790602652, 0.07003353124163372, 1.305298592416073e-07], [-0.07042246716569635, -0.0006780193983600765, 0.006233317940647273], [-0.036349458760953954, -0.04293438171003436, 0.0015746034144343201], [-0.0011823036779624661, -0.04503408825337433, -0.0069211649545804265], [0.0231310213217656, -0.027538599846311195, -0.015057153137118588], [-0.02368367092479298, -0.08121252650680118, -0.008705596266827802], [0.02656952888051148, -0.13064184180362193, -0.02003877296673261], [0.055641024445215695, -0.15803640890239012, -0.025355467723102335], [0.0777412626392062, -0.17734604937309553, -0.02740677501037693], [-0.004468250085549256, -0.05523437568287348, -0.0210166367279714], [0.04623376544321256, -0.10850730902108499, -0.030467575521306724], [0.07487617145940169, -0.14162307764064097, -0.03549491675611595], [0.09650040257410844, -0.16653257651012687, -0.037721152460001676], [0.011527596590695575, -0.017638774636517716, -0.03180663385923554], [0.049383347879982775, -0.027538237898147116, -0.038649275212019975], [0.03280752451432263, -0.00964845220984095, -0.03318776867123848], [0.014206872631766265, 0.002535265915287952, -0.026410108324786262], [0.022181043121621027, 0.02316481823158643, -0.04287610587212886], [0.03913066845373325, 0.01775952959275841, -0.04140573669908041], [0.023700772975545688, 0.02884998328828816, -0.03058594670956056], [0.010045011667109471, 0.03813526575899683, -0.02074570297469846]]}