{"label": "N", "timestamp": 1746080382297, "left_hand": [[0.10579981010344093, 0.039532981141899744, 7.286209643517576e-09], [0.09517003267393548, -0.021255149465588603, -0.0046463757646119505], [0.05940530127756276, -0.07715755313489812, -0.013346262916816903], [0.019200260985395547, -0.09618852504537324, -0.021353806141384046], [-0.012512637116967932, -0.08635666994845688, -0.029790612402859445], [0.04959023036550327, -0.09447475418767565, -0.030310146183445193], [-0.016801050960218087, -0.12009626747434217, -0.04246196428522639], [-0.04960102539979843, -0.1293359430339542, -0.047762367083384896], [-0.0761463424054807, -0.13876100919940418, -0.05044941131557395], [0.036276002788778516, -0.051365139710014183, -0.03668193565577987], [-0.03197930607773022, -0.08925337996056916, -0.048105141279439975], [-0.06642409422507553, -0.11156797193190743, -0.051225520579285845], [-0.09357842956523416, -0.12860668658561697, -0.05341068218624909], [0.025534160888579994, -0.005300161593766586, -0.04135994237776277], [-0.03565322215088371, -0.033961250708984494, -0.05610663732786054], [-0.015478413503643155, -0.025862353596489335, -0.05045312950403059], [0.007699453537416772, -0.014740774064929978, -0.04293738269273452], [0.017354510366079236, 0.03999896982299153, -0.04586224990433421], [-0.018028608376112407, 0.010852704899958227, -0.057349144865027867], [-0.0015009375634955345, 0.01300595926179358, -0.050380071879435245], [0.01709550235941567, 0.020202333254077446, -0.04245021808644232]], "right_hand": [[-0.10579981010344093, -0.039532981141899744, -7.286209643517576e-09], [-0.06773295117412696, -0.09239176767133658, -0.008992248874381142], [-0.048112111647688985, -0.15070668856661576, -0.014561119556168551], [-0.03674677914949868, -0.19839430779067638, -0.021510181679284025], [-0.02765386508480662, -0.24304662915087255, -0.028679622698145148], [-0.07796820923897028, -0.22191798001128235, -0.001461428637444254], [-0.07293907036120083, -0.28604834789789757, -0.014898321020564936], [-0.06940432467116113, -0.3242889286017119, -0.027300686771187313], [-0.06650444714477001, -0.3595261960542361, -0.03609521279896454], [-0.10001998854568936, -0.22131076388320603, -0.008029644243206062], [-0.09881768022350058, -0.2936707707647917, -0.018773102326606127], [-0.09519482666501475, -0.3379696230172154, -0.02924410696512772], [-0.09238680705271023, -0.376233941874016, -0.03718830559290071], [-0.12172974912671297, -0.2068902364343307, -0.017260948758886136], [-0.12431748086379708, -0.276364965481776, -0.028078086250844687], [-0.12190363473815874, -0.32009752443427775, -0.035234085813638884], [-0.1186279334629927, -0.35793007832748214, -0.040416441817082], [-0.14305740554271915, -0.181084315563499, -0.027897904294564454], [-0.1497599385731834, -0.2349706145984263, -0.03893812285411215], [-0.15087279192315228, -0.2738791585288716, -0.04344772112475646], [-0.15158652937193368, -0.3107275985030268, -0.04610314937749844]]}