{"label": "N", "timestamp": 1746080548716, "left_hand": [[0.08000784457355409, 0.05990732823451919, 6.781108234262218e-08], [0.07498077790737544, -0.005075996433120431, -0.0003777059785342345], [0.04319663626843704, -0.05457192933467307, -0.007743616124614337], [0.00672300600425113, -0.06238380940821444, -0.01579374634530795], [-0.02067590798768994, -0.04679542062700488, -0.024520526686549093], [0.03579811934813588, -0.07638765811082011, -0.02509578527238373], [-0.016045994155016584, -0.13353329318663076, -0.03660950569167862], [-0.04006968800215318, -0.16144413953407108, -0.040488475995745184], [-0.059149421084977886, -0.18565794980390513, -0.04120337817550588], [0.014364490965740287, -0.043478654745760625, -0.03090046639213625], [-0.038880395857730905, -0.10083181179495183, -0.041700631600922605], [-0.06516845473622507, -0.13675769012615974, -0.04422311982838162], [-0.08338676246410455, -0.16399169959821686, -0.0448131857382483], [-0.003325524683036505, -0.006264093346594514, -0.034558888573035275], [-0.04016160873226289, -0.045123292530478504, -0.04300492737314163], [-0.022614161725025617, -0.03435493400463975, -0.03649357529300993], [-0.0046351989945224124, -0.01968526696195457, -0.028951096073208168], [-0.014902793104034117, 0.028636090076225456, -0.038109817004966365], [-0.0297000136994721, -0.0022648879448974, -0.04043322457761646], [-0.014132055897283271, 0.004500567433498258, -0.030938538699820096], [-0.0012143359678837005, 0.015005414886226896, -0.021926130844056316]], "right_hand": [[-0.08000784457355409, -0.05990732823451919, -6.781108234262218e-08], [-0.043265997014399545, -0.10537593045612498, -0.014152059286993436], [-0.024500833776753207, -0.16534096593486178, -0.01864523589787062], [-0.019115795441589815, -0.21562756278412973, -0.023236850982621897], [-0.020543087948571646, -0.25830636524426076, -0.02695646105098805], [-0.05634634305468805, -0.23659861811408983, 0.0002805157438494393], [-0.05001245942600902, -0.2995850106750308, -0.011245940443348318], [-0.04653424398934047, -0.33896432207621574, -0.022583218395568923], [-0.04430244900132124, -0.3727971082358459, -0.03019920898755564], [-0.08021254654891624, -0.23783024757975524, -0.001686628784184397], [-0.07822751072524883, -0.30775665526397916, -0.010692897512432643], [-0.07568316284427633, -0.35128801222436185, -0.02017951558132868], [-0.07388430291627401, -0.3865827899394386, -0.02682965918644876], [-0.10301478906893066, -0.2257160216552805, -0.0070041364248724924], [-0.10644706281602793, -0.2914257852826535, -0.01672090356631535], [-0.10552453127885618, -0.3313160579141923, -0.023804510981080794], [-0.10428227546304196, -0.36337560690927206, -0.0282268771615837], [-0.12482894910445819, -0.20296407221250817, -0.014225301031884411], [-0.1330117056061281, -0.25336171348705694, -0.02370456679634423], [-0.1387355919151051, -0.28786203613125466, -0.027617089941071777], [-0.1437444686602909, -0.3193205146877767, -0.0295265484171848]]}