{"label": "N", "timestamp": 1746080547544, "left_hand": [[0.09088167483770275, 0.010517826826316261, 1.419561097644913e-07], [0.07617356717259158, -0.05243732044907447, -0.012800377370085166], [0.05334523871951127, -0.10696569233730532, -0.026583156582111224], [0.051986416614528345, -0.16443534912662805, -0.04008090780065632], [0.061506148062541295, -0.21055948533086227, -0.05375856042839765], [0.0024886796116803498, -0.09357480346143587, -0.03070703265621959], [-0.05255159235326074, -0.12627453395847352, -0.044125631919997806], [-0.08306003193579191, -0.14298256460376704, -0.051590326056838776], [-0.10744045313039434, -0.15662998896482702, -0.05554676204911863], [-0.008963465478306922, -0.049975955591308636, -0.031883787656095605], [-0.06762556770007495, -0.07373016821458735, -0.04424004561208954], [-0.10521912147514596, -0.08836030167930756, -0.04962252489794605], [-0.13371892955581807, -0.09787955745176674, -0.0525204775856109], [-0.0122095486380833, -0.006249773034480069, -0.032471210374573525], [-0.045898574515679524, -0.0311240186347495, -0.0446978101517381], [-0.028839897806403572, -0.03695653273250583, -0.04310232116354131], [-0.008649702564955224, -0.03405267983845288, -0.03808149937335664], [-0.010588592712546254, 0.03126126932722556, -0.034203780824520504], [-0.02747042788710165, -0.0012062583187182183, -0.04102152419161137], [-0.011966149116262252, -0.005845961079757115, -0.03603978097769021], [0.004627646215272205, -0.0030208873754938117, -0.029304112225739865]], "right_hand": [[-0.09088167483770275, -0.010517826826316261, -1.419561097644913e-07], [-0.0659818525288114, -0.0744755518073439, -0.01584863209823262], [-0.06022797125913587, -0.14274040915647124, -0.02069416515995159], [-0.06971714970042595, -0.19481524653835985, -0.024943594424336354], [-0.08685919769810678, -0.23044894385104678, -0.028568059191922634], [-0.11619824381733684, -0.18864511256870894, -0.004130674992168184], [-0.1290849166062108, -0.24997092471073085, -0.015395156642723937], [-0.1378081659298642, -0.28634510249892775, -0.026159803052354814], [-0.1466085844645099, -0.3169559952776554, -0.03339225088696961], [-0.14092579839490926, -0.17627037644697244, -0.004915394151766876], [-0.1604634582526541, -0.2408890892003898, -0.01330601705338942], [-0.17180639921262408, -0.2794576680894063, -0.02241144538512693], [-0.1824026942100987, -0.3106483361873243, -0.028895568671397923], [-0.16013573609132065, -0.1524885380511479, -0.008635619497722196], [-0.1820780273494375, -0.20982844518557323, -0.017208636531394872], [-0.19306933430389034, -0.246001119491108, -0.0237875221634425], [-0.20211805547760361, -0.27534678847766364, -0.02823913412029454], [-0.17474263463476059, -0.11791113319124662, -0.014290202352097532], [-0.19770521336528546, -0.1577953940715619, -0.022613042630758796], [-0.21198892696036636, -0.18577397151658445, -0.025606057248323086], [-0.22432498700053868, -0.21030452323404192, -0.026973286003958208]]}