{"label": "N", "timestamp": 1746080397247, "left_hand": [[0.09290333923098211, 0.05548455595262739, 1.2403633829255866e-07], [0.07984353796036683, -0.005671314894264785, -0.005050985096127814], [0.038794245792918146, -0.04781911458443169, -0.01484799271020784], [-0.0022159918585424707, -0.043704999254637875, -0.024261680881522963], [-0.03084098491410422, -0.02134888767323055, -0.03396975780736558], [0.03164770250406125, -0.07083178960929845, -0.02927353572890129], [-0.02213550951293216, -0.11952053492727979, -0.04341464086356305], [-0.0506547630078774, -0.14351130539969265, -0.04964606050242994], [-0.07484585932477623, -0.1634465423162938, -0.052269932022981885], [0.012503554152072539, -0.03408206758046681, -0.033690210761519096], [-0.041693592420698374, -0.09068426127159215, -0.04681412983789992], [-0.07248751880872177, -0.12464407594480238, -0.05028245600614044], [-0.09860428791233213, -0.1511648715962062, -0.05160628949731528], [-0.002981633626693185, 0.007048076819711356, -0.03644278712530994], [-0.047962329515865786, -0.028305644783653706, -0.048644038749629116], [-0.027636421107770228, -0.020469150410589717, -0.04252945780600567], [-0.007995879751043978, -0.008948032099360483, -0.034605754012940124], [-0.012712452498912641, 0.04549075075555662, -0.03931933089682818], [-0.03265499860173153, 0.013566824178271939, -0.04518978050893605], [-0.015029013345599083, 0.016584561575406043, -0.03653250738613259], [0.00011912168797564556, 0.02444646665018501, -0.02774636473780817]], "right_hand": [[-0.09290333923098211, -0.05548455595262739, -1.2403633829255866e-07], [-0.05485039832321564, -0.10368984823258258, -0.010564276061141747], [-0.03401349658532046, -0.16375439441136064, -0.014565603203054453], [-0.024342667182206533, -0.21374496896052678, -0.019465034193901713], [-0.02719907910872261, -0.25448882738094114, -0.02418485772489993], [-0.06401054120187735, -0.23644221199350832, 0.0013251075045488878], [-0.06077331164973079, -0.3000977162426244, -0.009537979463187874], [-0.06073319233871346, -0.3369900125211352, -0.02042956478443325], [-0.06233675560539023, -0.3686315337998148, -0.028001017688002602], [-0.08949074335173011, -0.23634114670259646, -0.0029394996550178255], [-0.08850788339761245, -0.30806781532079913, -0.011513253199704717], [-0.08844841730233485, -0.3496342188776223, -0.021121234880954513], [-0.09016365771546922, -0.3828136651260061, -0.02804255146190836], [-0.11438447805632015, -0.22256147180271482, -0.010019839820513491], [-0.11810180383504473, -0.29033304049794945, -0.018813675161739908], [-0.11914203638912825, -0.3301574213395466, -0.025338448087086775], [-0.12044529136280983, -0.3626844369929743, -0.029790956179544838], [-0.13874318032977226, -0.19794016219925234, -0.01865453116737884], [-0.14334827445229048, -0.2518080885868779, -0.027184640241445478], [-0.14565875333414885, -0.2881522319938057, -0.03037081377430819], [-0.14748682592563692, -0.32175880542790564, -0.03202437052116124]]}