{"label": "N", "timestamp": 1746080545017, "left_hand": [[0.0938564969630913, 0.037874711040509726, 3.703578881671261e-08], [0.08101258319505804, -0.023071342559237325, 0.004611627904457646], [0.04521294733800174, -0.0646121013805638, 0.0007516993056893647], [0.012091127887632185, -0.071955927930638, -0.005097000355047628], [-0.011155742908031258, -0.05913308438456137, -0.011962252286329406], [0.02832301945320045, -0.09266643753945328, -0.01581814205514359], [-0.029766899122688133, -0.12341798989497517, -0.025300869002681522], [-0.06031276055467662, -0.14106735691494854, -0.029545567245073283], [-0.08488580250959973, -0.15571586875593066, -0.03115984758908975], [0.014117855453677011, -0.05942241080173525, -0.02450028361537545], [-0.04532239859908458, -0.09780916620015506, -0.03280588512349671], [-0.07827214457014163, -0.12316302122711796, -0.03581199836688614], [-0.1031306975236681, -0.1424565109538948, -0.03717528681016244], [0.004509302740357739, -0.019489328897881863, -0.031047793396307994], [-0.03837277502141885, -0.03646896657454536, -0.039034899991927344], [-0.02046923658522989, -0.02563530383863048, -0.03410809127805346], [-0.0011275321163180638, -0.015683097703416707, -0.027682354567057452], [-0.00048809833538909477, 0.021988788723032993, -0.03719642821530136], [-0.020831302723609012, 0.005121601492199313, -0.04073607364656024], [-0.005194046989584441, 0.00999345441657572, -0.0326985883400644], [0.009680200959062798, 0.01603225595807465, -0.024507307022694328]], "right_hand": [[-0.0938564969630913, -0.037874711040509726, -3.703578881671261e-08], [-0.064024479465248, -0.0964205436623032, -0.011441706283681645], [-0.055429062748767834, -0.15719496037292244, -0.016145558593158672], [-0.05605919526054477, -0.206466630398503, -0.021448432804594575], [-0.0645520132836235, -0.24552740511335175, -0.026429710889553648], [-0.0933159983144488, -0.21545078321899208, -0.0004555142267914875], [-0.0982462783948455, -0.27709503943496333, -0.011718554289000803], [-0.10238908265734044, -0.3134696076187066, -0.023080708257092925], [-0.10814353111333452, -0.3455569361175513, -0.030873966437938508], [-0.11508047459346239, -0.20971377938820351, -0.004024611477273727], [-0.12230334668019635, -0.27825042790328264, -0.01219035998035102], [-0.12704260906370152, -0.3192724036921093, -0.021187461021697922], [-0.13275520180851147, -0.35255942507192806, -0.02782000860496197], [-0.1350282231852656, -0.19173710260498852, -0.010435164222294966], [-0.14596391514912363, -0.25569496410270787, -0.018569802708747384], [-0.15170053933627334, -0.29449114618345434, -0.02437377211827142], [-0.15673664508100177, -0.32542255471288534, -0.028302414658540935], [-0.15360428134551002, -0.16346014341627255, -0.01854351357314282], [-0.1680683623067348, -0.2124594760775181, -0.026583210303835012], [-0.177576518259758, -0.24607682538750741, -0.02927211467754916], [-0.1863841747525419, -0.275428593682195, -0.0304588427282562]]}