{"label": "N", "timestamp": 1746080397758, "left_hand": [[0.09523224832187317, 0.05604023761095724, 1.1036087145521396e-07], [0.08228537422124635, -0.0010823014054057634, -0.003785584449282638], [0.043206858648926254, -0.041803367256573104, -0.012901043554351574], [0.005466864823338715, -0.039206446417436654, -0.02223798904330499], [-0.02119577752510622, -0.01828865935504376, -0.031977784890098636], [0.03175365875815905, -0.07085733370470097, -0.026439266061380823], [-0.02138523496534402, -0.12030090174955549, -0.03994814418423883], [-0.048574287456541486, -0.14519182562776342, -0.0458229163458387], [-0.07126691325368642, -0.16576197218504984, -0.04824180278207114], [0.014655505843485071, -0.03367134822352484, -0.0316550706360031], [-0.039909223235507565, -0.0857269721836692, -0.04439812107852081], [-0.07000941078901675, -0.11733026647080184, -0.04800286494032117], [-0.09659750750763976, -0.14256814941703827, -0.04945819038198879], [0.001038384578984338, 0.008547193539095155, -0.035313773554847994], [-0.04586833668492555, -0.022226791824115386, -0.04784892292463529], [-0.02402804521191714, -0.012855274611300309, -0.04208072393552318], [-0.003911359164928225, -0.0013559163247761636, -0.034306210554227], [-0.006877726495667042, 0.04850698657881196, -0.039045746650562894], [-0.02727150637763508, 0.021302655551023616, -0.04637709056638093], [-0.009546341688430625, 0.024200807443744015, -0.038730972035053754], [0.0053309719239424055, 0.030679014553603407, -0.030348051904711876]], "right_hand": [[-0.09523224832187317, -0.05604023761095724, -1.1036087145521396e-07], [-0.05615052282226462, -0.10102100250179195, -0.0128982270224815], [-0.0322594823281342, -0.15854537420351686, -0.01751277545423837], [-0.020040400959362645, -0.2080220457443183, -0.02265738666598], [-0.019544368564245025, -0.2501256039663037, -0.027511596966382213], [-0.0644732187092692, -0.2340097246670074, -0.0002431116287945516], [-0.05539565193283632, -0.29601483207743623, -0.010973137015954502], [-0.05268824862429097, -0.333387387857546, -0.02211621354758376], [-0.05300732256978563, -0.3649313074561195, -0.029932819117862258], [-0.09102844505515621, -0.23492889362245165, -0.003615601763431804], [-0.09154301971181722, -0.3061396421148674, -0.012439272425742645], [-0.09376683581819574, -0.34906065584212864, -0.022990315751537482], [-0.09781968283958171, -0.38300714325217206, -0.03068011126136718], [-0.11658828908819144, -0.22138750153638198, -0.009860534076271237], [-0.1211839904049753, -0.2892513180225524, -0.019129589154759888], [-0.12335142655942691, -0.32985259440842973, -0.026790771032021727], [-0.12593421654547227, -0.3627270916320107, -0.03201219746253747], [-0.1414363541607043, -0.19664323009038084, -0.017821609911008396], [-0.1494330003384421, -0.24906510854739378, -0.027480768663310864], [-0.15547826178056262, -0.2858210534346899, -0.03168891160826138], [-0.16101734100161433, -0.319681661840351, -0.03383714872135431]]}