{"label": "N", "timestamp": 1746080546708, "left_hand": [[0.10541957135240519, 0.0024686122216116425, 1.0017991198505604e-07], [0.08300603647933406, -0.0599966837638432, -0.006321746198933584], [0.05367897705074007, -0.10277307965363677, -0.01787377543123779], [0.04828374436495969, -0.14979224635246002, -0.03083242634353078], [0.04963587383639441, -0.1825073044871828, -0.04461194482715903], [-0.005434669470701137, -0.08764669123521426, -0.02439981092968701], [-0.07073824518453038, -0.09070824803385871, -0.03736686005581006], [-0.1072051840418402, -0.09069979381570331, -0.04589642594352654], [-0.13666229038381084, -0.09070715716699995, -0.050970680795999056], [-0.010391607436443467, -0.04063905655746936, -0.029677505146406515], [-0.07850550941539135, -0.04653881516542687, -0.039902826001038214], [-0.12048136486897676, -0.04913044210512919, -0.04531451178361469], [-0.15204063008707655, -0.05001166772935503, -0.04887205262733687], [-0.005864938527421157, 0.007283620617122985, -0.03395303361581769], [-0.05124628551640621, 0.007918427209860761, -0.04402907128880443], [-0.034473934846235475, 0.001299826301510176, -0.04155258924199744], [-0.011353868884463004, -0.002343707966283466, -0.03650300551232173], [0.00401422446223649, 0.04919172544687318, -0.0389661974892289], [-0.02214815229002943, 0.03619315075552606, -0.04462955940496323], [-0.006682114683225432, 0.028244938984468046, -0.037930531415485656], [0.012401003670047244, 0.02336217996512149, -0.03013254272475002]], "right_hand": [[-0.10541957135240519, -0.0024686122216116425, -1.0017991198505604e-07], [-0.0965434993989093, -0.06782587416870421, -0.017166993540557767], [-0.1053731315918465, -0.13445983993585428, -0.023982028402546738], [-0.12420953871715108, -0.18074119104284814, -0.029594837892266006], [-0.15003339610742494, -0.2059817852994607, -0.03503354941427416], [-0.17272412804121348, -0.1534518709064204, -0.012944138356612497], [-0.20704774727824124, -0.20167352351937468, -0.024408072785159725], [-0.2280679432363114, -0.2283324589697957, -0.034520905299893656], [-0.2470833888848102, -0.25061639496409294, -0.04121162516945583], [-0.19252088759753477, -0.12796431218489038, -0.013775350900825992], [-0.23107025232868939, -0.17811099416778248, -0.021675965082773207], [-0.25546885320846086, -0.2082387498707073, -0.030515161840489902], [-0.2756562697186934, -0.23225239162792802, -0.03750205693214713], [-0.20424624534681937, -0.09444540205385249, -0.016984290386509907], [-0.24132809221657725, -0.13834254676243135, -0.02477107334223657], [-0.2634286943994239, -0.16533963145930308, -0.031518681431489025], [-0.2803518574128184, -0.1864889685216618, -0.03657363670645586], [-0.21031584802873296, -0.053731601636792636, -0.02208072782175768], [-0.24601123234065314, -0.0810391158740433, -0.0303024233232661], [-0.26895956469123206, -0.09978433821781464, -0.0338071788728717], [-0.2889605208876777, -0.11619339126448718, -0.03576252362761211]]}