{"label": "N", "timestamp": 1746080548845, "left_hand": [[0.08014975121664719, 0.06866987946793823, 6.2356620705588e-08], [0.07843593281419965, 0.0038570497487651857, -0.0009060057308663404], [0.050355610959633444, -0.052253196379610206, -0.006785194767525411], [0.019554646550135838, -0.07511866520787895, -0.012452337659662756], [-0.005280537121575687, -0.07462566337016774, -0.018674420020336355], [0.03816146343130261, -0.06841428368365146, -0.026566710293006078], [-0.01015200260471357, -0.12884857459322072, -0.037019444770365256], [-0.03261350156306634, -0.15907968179390486, -0.03977427293260174], [-0.050186848590961224, -0.182726407079129, -0.03923514847670703], [0.01641676764802729, -0.035858573977266044, -0.031108331878148675], [-0.033521597568906866, -0.10058019196750746, -0.03928323006125664], [-0.05966818942982512, -0.13796989781473787, -0.0397949195925036], [-0.0795645793067461, -0.16471658167471498, -0.039252957688922716], [-0.0022652134102566076, 0.00018561793539073618, -0.033635706193787134], [-0.03701128240201211, -0.04611885997463897, -0.040529250114132546], [-0.01996928973320245, -0.038967702581627295, -0.03403607757872363], [-0.0027258194876303393, -0.024654338661567726, -0.02679565332986323], [-0.016044253986234824, 0.0339241111328912, -0.035975571725204256], [-0.03375035974196283, -0.006956895577252471, -0.03733638626758228], [-0.0186129145750354, -0.002268680357926135, -0.027547760179380376], [-0.005559133144060305, 0.009690278460205221, -0.018527553916010565]], "right_hand": [[-0.08014975121664719, -0.06866987946793823, -6.2356620705588e-08], [-0.04140462855450797, -0.11217392804902672, -0.014663666576008257], [-0.01932056651154884, -0.1707210343816278, -0.01933285116524075], [-0.009090834752174022, -0.22050204339376728, -0.023979331475222805], [-0.006547654819416153, -0.2626744458309602, -0.02787170368947197], [-0.048679261899478805, -0.24298537754557256, -0.0006277198340148474], [-0.03966568652585904, -0.3034655937673604, -0.012238386352819666], [-0.03450294106534803, -0.3413313143482735, -0.023826165673302386], [-0.030754559925649926, -0.374212071538602, -0.031568080614127164], [-0.07347079397532956, -0.24574309483086698, -0.002241074854323871], [-0.06919013771537655, -0.31477073699083846, -0.010906005009316723], [-0.06552462508095007, -0.3577218778850534, -0.020293714772298032], [-0.0626487872913161, -0.3928542907471909, -0.026916430418087774], [-0.09760422609843135, -0.23490528487861465, -0.007148109141791831], [-0.09763425418718963, -0.2997569181042244, -0.01627126390290608], [-0.09619527359837086, -0.3390802036167485, -0.02307151733504647], [-0.09455793474614001, -0.3707287756605517, -0.027442065253070493], [-0.12111699002898849, -0.2129167377137271, -0.014039001763233461], [-0.12774881933125368, -0.2622933258708879, -0.02288148820201117], [-0.1332104927241595, -0.29598416498009605, -0.026279439854706037], [-0.13822845318849863, -0.32689798840153506, -0.027878987568010726]]}