{"label": "N", "timestamp": 1746080392629, "left_hand": [[0.09064766361563723, 0.0633706988568154, 9.767661441266476e-08], [0.0811571779982089, 0.006680767219628354, -0.0030257932786571904], [0.04467704911796644, -0.03776338346545112, -0.011359918250070622], [0.004062488894934422, -0.04222367177793747, -0.020101758373199097], [-0.025722312130670118, -0.027451943424367787, -0.02899948313950147], [0.03621965131355659, -0.06564312623639916, -0.024983870254412337], [-0.007060832070647702, -0.12655298811751567, -0.03935762211374201], [-0.02902253743740065, -0.15925237280389548, -0.04517263226615453], [-0.046359519734231656, -0.1841998332111687, -0.047044359756865176], [0.01699469978320716, -0.031221713346523735, -0.030853435717092374], [-0.037127772297287316, -0.08576054427466238, -0.044739014045115405], [-0.06867527088624178, -0.11890259378351274, -0.049156073230940046], [-0.09455642304759505, -0.1438031086951517, -0.05071982625597273], [0.0022417998369774336, 0.009510013365612337, -0.035108994238958566], [-0.037529803623536605, -0.021266040545082954, -0.04803295873311182], [-0.017016433144822422, -0.011801053970737878, -0.04211039802820101], [0.0008937217350697924, 4.9222836331592695e-05, -0.03382196724785073], [-0.006497342668504179, 0.04877678239580094, -0.039378270600458155], [-0.022227813523824292, 0.022767041178224045, -0.045936393161037356], [-0.005714941650354797, 0.02646967437935067, -0.0376372929498611], [0.006708830512473142, 0.033313710788341194, -0.028631910040161353]], "right_hand": [[-0.09064766361563723, -0.0633706988568154, -9.767661441266476e-08], [-0.05452532827030342, -0.10925391368079578, -0.01333472790875192], [-0.03166292569185664, -0.16546714590776823, -0.01999266568448058], [-0.0163790287950072, -0.21309846179645595, -0.02667016258907215], [-0.007580854749560702, -0.2523538261913415, -0.033264135333817446], [-0.06319091446444362, -0.2342982622113353, -0.008988786867592021], [-0.053770739499567635, -0.3000669470269672, -0.021972427886735403], [-0.04920927987830793, -0.33937868905297347, -0.033378213067526925], [-0.04668508979486422, -0.3726039063268169, -0.041049376928007475], [-0.09092987454393836, -0.2349316139706183, -0.012389131669983492], [-0.09417368635591508, -0.30678201781158726, -0.02236441515425966], [-0.09620950341659343, -0.35071496827147874, -0.03207991592973988], [-0.09843195482355199, -0.3869781401037154, -0.039225917404399034], [-0.1168161552048147, -0.22094659027116142, -0.01812135062554976], [-0.125032997690686, -0.286197404225862, -0.027439704253303755], [-0.12654525950459802, -0.32646170227692134, -0.033728186088958306], [-0.12704383573096, -0.36028761747217536, -0.0382743790099332], [-0.14121129773163277, -0.19569638700567824, -0.025525771990949776], [-0.15342435311860186, -0.24533068679900671, -0.03485120644474984], [-0.16030351795614378, -0.2793681615654957, -0.03773662176448762], [-0.16585307446278774, -0.31117811022095265, -0.038982286779328294]]}