{"label": "N", "timestamp": 1746067726374, "left_hand": [[0.07880793021815849, -0.0803367776795049, -1.0058826836079845e-07], [0.0392695656775587, -0.11935212202992997, -0.01477927900636522], [0.015023445019832122, -0.17522227679127647, -0.022430042996083876], [0.008189396278074615, -0.22416267515689364, -0.029450764237665555], [0.0026304050929321357, -0.2689032899688634, -0.03597427116065947], [0.044581737835732396, -0.24686048893228832, -0.008763598825393256], [0.038378428646057595, -0.3103006309342962, -0.021852730283400283], [0.03297538530610569, -0.3460306369255174, -0.0333484101944773], [0.028031148337720618, -0.3799606237691387, -0.042140242444403106], [0.07139218783952091, -0.2502233811449064, -0.012469554158649443], [0.0679841325133204, -0.32110140430671974, -0.022793011151636112], [0.06422371861669658, -0.3619836609835349, -0.03303381243747154], [0.05917180769928795, -0.3992344082362287, -0.04097700843912796], [0.0971346176268877, -0.23998484198837747, -0.01895635469863653], [0.09545674778522886, -0.3086904262904632, -0.029838851394927476], [0.09371634440168666, -0.3499220102276649, -0.036733827197781024], [0.09008962603687444, -0.38848154545689667, -0.042075248091843785], [0.1227410358253361, -0.2181683787678856, -0.027147164452739552], [0.12537693587728632, -0.2709758431892501, -0.03683097671083401], [0.12780906831672337, -0.30436014881335777, -0.03993857187861812], [0.12866096861606238, -0.33540907414834237, -0.042118052573740246]], "right_hand": [[-0.07880793021815849, 0.0803367776795049, 1.0058826836079845e-07], [-0.06605497047557475, 0.008040600962184416, 0.004804131571248078], [-0.03327174979000603, -0.03639427160524677, 0.0002358535929752848], [0.0011539413937952, -0.03971277272331802, -0.007691614915650922], [0.023325828554410573, -0.021607473126267335, -0.015322214165522523], [-0.023509750736420434, -0.07231213934620355, -0.008760153122785849], [0.022640275650800484, -0.1298906814075572, -0.01968198163446571], [0.049076387248093364, -0.163050624676055, -0.02472328580505071], [0.06886214522121636, -0.1882707154665138, -0.02690345053174482], [-0.0015914945354408808, -0.048497895219566795, -0.020499397943830506], [0.04377302518950237, -0.10822755479140021, -0.030263691767233307], [0.06931164195147158, -0.14531621210628198, -0.035420191395828374], [0.08845085668872436, -0.17484169411316938, -0.03746754898026286], [0.01706566243340828, -0.011949333339411753, -0.030888283550084016], [0.051986126993258254, -0.02729520983881672, -0.039708135549713544], [0.0358165515957558, -0.008885008135589687, -0.03568562686711511], [0.017016116976476734, 0.004601210745715575, -0.029166175882363355], [0.03015351949234552, 0.02865936747471652, -0.041524889345232054], [0.04320445587622744, 0.020861112370382878, -0.042843560300747756], [0.027881285819045917, 0.03269952473953313, -0.03359864370269544], [0.014052335898820057, 0.043290944714656526, -0.024322202047921154]]}