{"label": "N", "timestamp": 1746080372246, "left_hand": [[0.10672549825465107, 0.04011306938969861, 6.934557970761652e-08], [0.09042886609170038, -0.010244541438026673, -0.006391552026123744], [0.048645381960221216, -0.04260378284472987, -0.01634096935135464], [0.00578376176600111, -0.03753225890268202, -0.024817796673572146], [-0.02183443691601809, -0.02068741102840292, -0.03327212773632404], [0.04707223187429117, -0.05738589608496769, -0.03521088263643979], [-0.007737978574723531, -0.09995047202715501, -0.050767383719189374], [-0.037168815575068154, -0.12050850744479141, -0.05660984832464632], [-0.06194865312553513, -0.13674116856474536, -0.0588937220739881], [0.03460045883451732, -0.024214276189384824, -0.038226555103239405], [-0.024786601995489738, -0.07102201378352097, -0.052558080148957506], [-0.05851378441686283, -0.09861901421795889, -0.055576272483522225], [-0.08740651205552895, -0.11914576295742377, -0.056769654978485455], [0.02444368495071979, 0.01035184076728844, -0.0393473161291536], [-0.02733064257207795, -0.014419933206330202, -0.051847571514261726], [-0.009763298212188553, -0.014269269752684086, -0.04460918080270626], [0.008459202807097761, -0.008953293998714218, -0.036022483886106585], [0.018579780190376118, 0.0408000144609376, -0.04059843831411578], [-0.010337281531312291, 0.020500013502447748, -0.04713166475051994], [0.0037630652459291294, 0.01864130528172887, -0.03933961989302836], [0.0174152921791194, 0.02279892134284675, -0.031297395844169996]], "right_hand": [[-0.10672549825465107, -0.04011306938969861, -6.934557970761652e-08], [-0.06833618864734964, -0.08435178723807639, -0.01468994079224694], [-0.04400124551019448, -0.14285525923610318, -0.021913912260479868], [-0.02568637173834564, -0.1910934036868943, -0.029234434982000478], [-0.009907367451878701, -0.2314947907465698, -0.03637708415777678], [-0.07226363438709688, -0.21866832783982745, -0.00687227951902594], [-0.06812847090773667, -0.28277304702165834, -0.019500913767206838], [-0.06685621767166695, -0.32118914562315587, -0.0312713392915376], [-0.06674055014154258, -0.3548877829824859, -0.03963549492641814], [-0.099309462465362, -0.2189958165742276, -0.010231864658348024], [-0.0982894020749887, -0.2893009246187531, -0.019698966414014096], [-0.09726772896924571, -0.33215173961999644, -0.02963562704867681], [-0.09708076150072245, -0.36711789958364516, -0.03714800466224375], [-0.12529028915161913, -0.20532317983208123, -0.0164104023477249], [-0.12796019320327992, -0.27226527459718286, -0.02587871251997699], [-0.12817450515684886, -0.3134511222507832, -0.032867132349234246], [-0.1274906780019912, -0.3477055013265001, -0.03796799203183281], [-0.15074606947069205, -0.1800695265060064, -0.024469938448100137], [-0.16073854349643996, -0.23133706718341648, -0.03419042802675389], [-0.16678086833384764, -0.2668097093684386, -0.037979612542024234], [-0.1718961685386521, -0.3000827869798331, -0.0400104960475146]]}