{"label": "N", "timestamp": 1746080375977, "left_hand": [[0.10693252741882998, 0.055992829336737944, 1.5662293095415944e-08], [0.09533918761262777, -0.012090405816836907, 0.0019107685686788657], [0.05528515425402715, -0.05859833808582408, -0.004516572974958971], [0.01370524471469402, -0.061468025461904614, -0.012456946477722717], [-0.018364648207954037, -0.04458102766395754, -0.02101041513982337], [0.0493558117370416, -0.09120102887186057, -0.018470032584577706], [-0.01241720456282258, -0.1326567518771365, -0.029871573580183407], [-0.043743464756307825, -0.1540374958583679, -0.035074556585925], [-0.07030856376317224, -0.17105925486190857, -0.03740068326566549], [0.030679737570726857, -0.0568540441342831, -0.026824421765320978], [-0.029926715586943656, -0.10873560299649138, -0.037954999738904094], [-0.06455232974820582, -0.1361407110094036, -0.04213039797576463], [-0.0927073362654083, -0.15621192680514337, -0.04397754566091018], [0.014740132498504014, -0.01515792610489887, -0.03334899175125329], [-0.03405142078652133, -0.043106293755886774, -0.04460052929062227], [-0.013778646482778434, -0.028514376004165874, -0.03985942140683046], [0.006694952499448177, -0.015222653631740803, -0.032845977487879374], [0.0026468101797309136, 0.027705470080056936, -0.03951369362247183], [-0.019192012766897838, 0.0035222123479850247, -0.04561303997812506], [-0.0022413787783172063, 0.011262608486638057, -0.03799835448099266], [0.01297833953534588, 0.01994302142353799, -0.029721039743957484]], "right_hand": [[-0.10693252741882998, -0.055992829336737944, -1.5662293095415944e-08], [-0.06477434140204535, -0.10391490753808919, -0.01564152198220435], [-0.040840566890437746, -0.16111059635402025, -0.022716430003451832], [-0.027457134644225584, -0.20848042080164741, -0.03007803134103581], [-0.019899292710636635, -0.2536169950440957, -0.03704102212850847], [-0.07911096174557108, -0.23541798532997582, -0.002995929151581148], [-0.0736582697256669, -0.2983979442117438, -0.016916303810354572], [-0.06816403166527812, -0.3345872173659183, -0.029960279927379756], [-0.0631355307398869, -0.36768144221698146, -0.03898527051198768], [-0.10337142210631522, -0.23664069583847658, -0.006385297482392538], [-0.09818313450710373, -0.3063057851938173, -0.017742297142984826], [-0.09215353958807929, -0.3498910438321928, -0.02936635077219813], [-0.0862277156895587, -0.3880162721554699, -0.0380068899531914], [-0.12755285467265934, -0.22445238963729125, -0.013523785245848999], [-0.12479045693554759, -0.2910079422605473, -0.025923817727513405], [-0.11829898219053799, -0.3326097537886141, -0.035027840810556744], [-0.11048004747716454, -0.36826020791411257, -0.041060662697852524], [-0.15217195069084744, -0.20104183557303643, -0.02262959821435479], [-0.15785330587061983, -0.2532789254293373, -0.034197776135304274], [-0.15941849837906633, -0.29036951057864413, -0.03964347325459698], [-0.15944064497763988, -0.32560130555523764, -0.04307732029795077]]}