{"label": "N", "timestamp": 1746080384959, "left_hand": [[0.10973512431531554, 0.03845420704168285, -1.3163983889414879e-07], [0.09376076478744122, -0.027890614901395393, 0.004579618270058662], [0.055632295686397173, -0.07057098367865822, -0.0017945792014270234], [0.012150019463094642, -0.08004656989353723, -0.01028001881479005], [-0.019624003641589914, -0.06871235457885728, -0.019476922257984974], [0.041151760129676786, -0.11663951537841469, -0.018321739797288357], [-0.026827741310069382, -0.13709744515504418, -0.034228859601368504], [-0.06354981071859311, -0.14872538925925075, -0.044000027340459325], [-0.09294670607247514, -0.1572961351440606, -0.049843409469277275], [0.0346322705246029, -0.08596032732672985, -0.0295762446000099], [-0.03872455846846332, -0.10830885720272171, -0.04581207339674656], [-0.07938896115047026, -0.12074328693906268, -0.05415167811109962], [-0.1098871010178846, -0.13346949973584, -0.05947598454671029], [0.02909636605042723, -0.044868703578984655, -0.03892039633794794], [-0.03599237331024043, -0.03860452415179258, -0.05375889835783637], [-0.01916702436623602, -0.018229345088825, -0.04918327795491436], [0.0021946774970405436, -0.014389925623595869, -0.04253313359521877], [0.02462633960220223, -0.0007574990409209868, -0.047687579788827913], [-0.018873944153072836, 0.005324125215744425, -0.05690768414384656], [-0.003923763006136515, 0.017870300844347167, -0.04970701290626178], [0.013999339584503003, 0.01758630070027183, -0.04165706907233242]], "right_hand": [[-0.10973512431531554, -0.03845420704168285, 1.3163983889414879e-07], [-0.06512087250431993, -0.08804206669554646, -0.022674650522477992], [-0.040660730595243465, -0.14910839267762424, -0.031956150260604284], [-0.032138742392342295, -0.2036450616663428, -0.03965324470811521], [-0.031799804015130405, -0.25184187762687876, -0.04680210137078431], [-0.08375559689605633, -0.22649757352826094, -0.014809717865157359], [-0.07807729175855971, -0.29609674182943946, -0.030976771338180588], [-0.07657017197195572, -0.33966091989439884, -0.04496146072718051], [-0.0771939498273603, -0.37829855005438884, -0.054424952900459324], [-0.11260038208269141, -0.22752053105957368, -0.014765766086412155], [-0.11117708125317145, -0.3065989099729562, -0.027749266980532507], [-0.1106566368730796, -0.35579590698898367, -0.039616957814370767], [-0.11155514404571773, -0.39698788839108007, -0.04810926887970173], [-0.14015427139682068, -0.21270620758499797, -0.018210090476139515], [-0.1439908676472914, -0.2886718014694838, -0.03187641113498278], [-0.14425426595394056, -0.33419456569731204, -0.04167656928372959], [-0.14442808441933647, -0.37199274728528564, -0.048003317254216075], [-0.16642046956871048, -0.18484277566353993, -0.02397321485669243], [-0.17983495541750166, -0.2398381598231733, -0.03781052718946532], [-0.18924129656769814, -0.2775117289083815, -0.04437392207608188], [-0.19803047915655198, -0.3120472947896213, -0.04789163812716818]]}