{"label": "N", "timestamp": 1746080383007, "left_hand": [[0.09425503424702894, 0.0566236397561397, 6.458573227009495e-08], [0.07711979213698666, 0.001158517986388022, -0.0019483166055635022], [0.03670254424577573, -0.034230853855896186, -0.014287837211042315], [-0.004303689103697383, -0.029331178774851245, -0.028095367178141786], [-0.03172253979307839, -0.009975730640365214, -0.04296323579475401], [0.03763190164363023, -0.0700536963909392, -0.030526734396963573], [-0.020317417264845636, -0.10874271264165734, -0.049643121144093194], [-0.051707165240549635, -0.1316354786941202, -0.05893985124282091], [-0.07754982143614592, -0.1509387625466764, -0.06343527577965682], [0.030694341948525546, -0.03946380073815966, -0.04113212459823289], [-0.03298607462204603, -0.08613377099816698, -0.061348161124525784], [-0.06949835508326198, -0.11441492624800514, -0.06966828711379691], [-0.09974240879188571, -0.13840122228561844, -0.07323511951003928], [0.024162504446208637, 0.0006907420332211878, -0.04978785438570118], [-0.03593538516204688, -0.0002345581427054327, -0.07070257984754051], [-0.019248248723860384, 0.014148728293970623, -0.06745552083893742], [0.0006660455059950211, 0.018486949065549697, -0.059126555901894855], [0.018187230851926674, 0.04489051619267508, -0.05780737011590309], [-0.022256189743238647, 0.04164651368496632, -0.07047107820572941], [-0.007192394891150559, 0.04776897024972121, -0.06255401185735589], [0.010656411125457224, 0.04819226166246453, -0.052919762553203895]], "right_hand": [[-0.09425503424702894, -0.0566236397561397, -6.458573227009495e-08], [-0.06193516814435897, -0.10323503387456329, -0.018443507900688993], [-0.043415272263243154, -0.1681163881357867, -0.025427494712341143], [-0.03309656146918913, -0.22317140446406064, -0.03129709261829515], [-0.02898355273980306, -0.2679815912850833, -0.03635269679052027], [-0.086235355503446, -0.23592578874708536, -0.008767486983666539], [-0.09152542951946183, -0.29975711948329564, -0.019735576863561238], [-0.09665792393381455, -0.33689164013250406, -0.03015888564636862], [-0.1025309881381902, -0.3678986145769499, -0.037330292564711466], [-0.11382729017828594, -0.23094819326990768, -0.008895966998759598], [-0.1228912326407522, -0.29940888667621807, -0.01656548620766416], [-0.12926088994154136, -0.3400771389490207, -0.025137068261436878], [-0.13524570887491255, -0.37290663921858663, -0.03172713550190283], [-0.13860599426108997, -0.21241078250663, -0.012065690874549354], [-0.1502116232479906, -0.27528779668509024, -0.01993586823512915], [-0.15542565152175555, -0.31232642924105675, -0.02574266297196631], [-0.1591224689767721, -0.34272507397269136, -0.03013832558368611], [-0.16178913242666343, -0.18332463095606596, -0.01744775651118549], [-0.17930395119443593, -0.2294315167727971, -0.02543757210899348], [-0.1902762913086298, -0.2594871451255471, -0.02819492080838214], [-0.19991923918791957, -0.287857323794026, -0.029661040516625815]]}