{"label": "N", "timestamp": 1746067708801, "left_hand": [[0.06768487057613062, -0.0738858772887632, -1.968599855846286e-08], [0.032359527540231456, -0.11282013003336884, -0.015615758983898248], [0.00712283235697118, -0.1658062601432597, -0.02461013378574386], [-0.003980134083444996, -0.2096065240759112, -0.03259374688778269], [-0.006826043518569042, -0.2496500492138425, -0.03970741197914699], [0.041608023766659286, -0.23731033328883208, -0.010903096501355961], [0.03760280440864553, -0.2980154118893593, -0.023574778706666143], [0.03534506318767019, -0.33334529976068633, -0.03466567916326964], [0.034705017339857404, -0.365220602798493, -0.04278742477866242], [0.06601551926859314, -0.2370764183688365, -0.013386702879699449], [0.06531140232621234, -0.3051255076221681, -0.022256769504490966], [0.06452640948314496, -0.34513792834982987, -0.030684968661672817], [0.06381071983786986, -0.3800362342149438, -0.037324502110751494], [0.0893254259297402, -0.22469617581376713, -0.018572948991596967], [0.09103348593316549, -0.2903828596117097, -0.027406074972331745], [0.09146313915556284, -0.32933786340978094, -0.03226541578301492], [0.09057106555582987, -0.36369433621218117, -0.036307512046539786], [0.11210817602111613, -0.201263957654789, -0.025671460936546996], [0.11964422259819324, -0.24841653653887005, -0.03320269663904928], [0.12538534739035112, -0.2787393016245991, -0.03478128425760354], [0.12964747188464665, -0.30618321276083454, -0.03586408852704431]], "right_hand": [[-0.06768487057613062, 0.0738858772887632, 1.968599855846286e-08], [-0.06126235301873111, 0.0015033650497413428, 0.0029552481230495247], [-0.03111424263300444, -0.044961746508575005, -0.000833170287674019], [0.0030498616961892933, -0.0506445643876831, -0.006761744080452389], [0.025579120820336563, -0.035366955992475003, -0.01279080983094398], [-0.018721451898168456, -0.07507573737369953, -0.0108887082174893], [0.01549973999798468, -0.13976031821469764, -0.020291067214647452], [0.03458033365963229, -0.17849583971649782, -0.024346125958485548], [0.048727408699683984, -0.2069068696618478, -0.025750402510935612], [0.0046127973449286595, -0.048129297272416334, -0.01956835524438812], [0.041489503326672894, -0.1104882969099553, -0.027489810793848504], [0.06185856891707642, -0.14895715850675056, -0.030994236398813702], [0.07784902920665833, -0.17610436948429953, -0.0321769383679512], [0.022665371402728722, -0.01238662749459726, -0.026956438330257484], [0.046204781168017024, -0.04537095905651156, -0.035399304281038005], [0.030956570098551912, -0.035992813085781374, -0.033010863015377895], [0.015596312208343961, -0.021600893350778364, -0.027938510756426057], [0.034623964079739514, 0.023542402705692, -0.034247171872634936], [0.04070650577720799, -0.004544591558617748, -0.03625857469969823], [0.025809377702060966, 0.0018677500014091946, -0.02834766787954032], [0.014981229700490902, 0.015162258255056724, -0.02025571449174934]]}