{"label": "N", "timestamp": 1746061764658, "left_hand": [[0.05687219908451341, -0.11353224992072003, -6.084284803138922e-08], [0.012343264098782322, -0.15515873703931862, -0.03095809577958113], [-0.017680883739214066, -0.22386023836323377, -0.04992857167315579], [-0.023416717218512264, -0.2895647646020238, -0.06533016687224108], [-0.00989549932342334, -0.3425469315510706, -0.07973261595260435], [0.03314331688693678, -0.31070519707006, -0.033272020056783196], [0.037357509234442365, -0.3934014490326548, -0.05703269858827882], [0.03748288133722684, -0.44159098241616784, -0.07501871355698908], [0.03754995102857658, -0.4823087210459407, -0.08794149485815278], [0.07046730123852236, -0.3070507357682185, -0.03411134264778203], [0.07877330267617462, -0.39508948915210684, -0.05588466811609119], [0.08025672643779232, -0.44786240703290964, -0.07269692861631777], [0.07914200664787263, -0.4941954390059676, -0.08421688535417325], [0.10284701793331706, -0.2845709219624408, -0.038557332411562985], [0.11460421925823601, -0.3706151490541213, -0.060952808471544724], [0.11934225658066273, -0.42423073205139056, -0.07356584575843877], [0.12147963972139461, -0.472571809860798, -0.08159482107641325], [0.13294560794804625, -0.24751113162083926, -0.04531710697309281], [0.14839853656731566, -0.3098944627855567, -0.06658089905466025], [0.15712449071289633, -0.35431620781150885, -0.07555904201443223], [0.16276412322076358, -0.39704589770232057, -0.08050309048922523]], "right_hand": [[-0.05687219908451341, 0.11353224992072003, 6.084284803138922e-08], [-0.06225116441999884, 0.04033187868533209, -0.009460402259093946], [-0.0330117479113033, -0.015076174690558533, -0.02302957306565545], [0.0133049151516406, -0.023101065253118076, -0.0354528111959124], [0.04333193228124554, -0.007915737927617813, -0.04816409183194485], [-0.026579354042758498, -0.03564971284672731, -0.04746833344955411], [0.012665501486930845, -0.12163975217084226, -0.06950851798168506], [0.03451906251068936, -0.17087384717931883, -0.08059086291655607], [0.05392455987454634, -0.2086676381805313, -0.08611815966910337], [0.0021911126186654945, 0.0009143874438619695, -0.05337411766115912], [0.0446759961434871, -0.09056811363936529, -0.07413834415547911], [0.06788031604324045, -0.14839205077274217, -0.08218038570937236], [0.09109196857710453, -0.19265316528270623, -0.08612942761635776], [0.02729307040474786, 0.04353356975647241, -0.05685492206236606], [0.06592867968288951, -0.02302028672408307, -0.07833383131202969], [0.04386546111534551, -0.011388218394314548, -0.07251682079097307], [0.024003148616644793, 0.01073174838504289, -0.06203481534828156], [0.04515393245267152, 0.08223525244415528, -0.06045707856926009], [0.06439360867231801, 0.026129004776852063, -0.0730018655708613], [0.045821082602930545, 0.031563841596159437, -0.062258346116250717], [0.0334535590421107, 0.05018893149376455, -0.04983512542092542]]}