{"label": "N", "timestamp": 1746080394743, "left_hand": [[0.09890179065848385, 0.060913793451788795, 5.5880445162502504e-08], [0.08868075833795686, 0.007600745375345865, -0.005105648176733931], [0.05064618759175845, -0.034619412314277766, -0.014686148704350102], [0.011320605716174924, -0.03316588177689196, -0.024089764630269208], [-0.01635140964137383, -0.015396753194582604, -0.033828155897261875], [0.04559795705615826, -0.06025284836748742, -0.02975572981787152], [-0.0054926442705814675, -0.11648586481641592, -0.04403164290948628], [-0.03216499469564567, -0.1430414165065807, -0.04886150447640519], [-0.05381461265280077, -0.16462164454986752, -0.05056660862131205], [0.029985156096297986, -0.024529422476808643, -0.03483071573967307], [-0.028435559390776754, -0.0752607999919667, -0.049706259855229286], [-0.060974804173067554, -0.10345160431022049, -0.05396818273785933], [-0.08893609071235306, -0.1268802136577452, -0.05575466968088641], [0.016891282866328235, 0.01515218276323946, -0.038251121058453935], [-0.03189823215297415, -0.01640770761634831, -0.054003238184716], [-0.010347722547203146, -0.004506616408093079, -0.04852830188252413], [0.008531257789764775, 0.007220208696149312, -0.04014041796889888], [0.00854015573614525, 0.052608984880432225, -0.041501513614685945], [-0.01653214697911792, 0.026883052388563883, -0.051448019670551355], [-0.00040495327712004723, 0.03195625344562706, -0.04434569117906905], [0.012929832730344747, 0.03940211124840531, -0.03600937051302116]], "right_hand": [[-0.09890179065848385, -0.060913793451788795, -5.5880445162502504e-08], [-0.06021042485831174, -0.1004173342549818, -0.016699762982499415], [-0.031129210431411133, -0.15505522675890476, -0.02482729623823374], [-0.005668106146044647, -0.20122828833561682, -0.03258300831808143], [0.012811451356761051, -0.23861526091708454, -0.04024871002087033], [-0.06690947063572962, -0.23231764264949564, -0.009935569642130826], [-0.05435837213496878, -0.2955105061461361, -0.02290892713440239], [-0.04972822198513098, -0.33449713957017096, -0.034784124615295474], [-0.0481084616312736, -0.36861364206520925, -0.04334845735545229], [-0.09627900666115642, -0.2346179728073394, -0.012202786382670064], [-0.09681497604402295, -0.30782558046444886, -0.022771351870553305], [-0.09807860752417014, -0.35182529226041875, -0.03336270625643545], [-0.10148198409033006, -0.3880225953429177, -0.04125415158455248], [-0.122710602572594, -0.22099122513237457, -0.017180657638207853], [-0.13241548366355643, -0.28537219307417383, -0.027668051346462108], [-0.1365862993125951, -0.32606049719641433, -0.03521507273280472], [-0.14057507634319374, -0.36195792541799193, -0.04058918396026191], [-0.14654651277795377, -0.19568490291033008, -0.024099390150822592], [-0.15683392799884893, -0.24663246886975998, -0.03409163226655424], [-0.1631913700087034, -0.280216993748391, -0.0376204175616779], [-0.16868761038607302, -0.312828231005942, -0.03959217434379209]]}