{"label": "N", "timestamp": 1746067711704, "left_hand": [[0.07129023105482124, -0.08648271415441801, -3.033430530733724e-08], [0.04077070416242953, -0.12588237554160134, -0.014921045140664335], [0.02014429240772551, -0.18393539201556186, -0.022814126430083594], [0.013219934664503974, -0.23307422239485132, -0.03008608215462621], [0.010632448701808291, -0.27669746804370066, -0.03640058167338964], [0.06608413591873692, -0.25524108786947547, -0.006782048739073647], [0.07324470092196098, -0.31689897563358926, -0.0180359225001072], [0.07728907260572551, -0.3520603019061382, -0.02824780701916471], [0.08175527754172815, -0.3816617545869965, -0.03580683261465276], [0.09063071693319595, -0.25097365037470243, -0.009360762391290432], [0.10032668613441022, -0.31977431499284953, -0.017807040750864103], [0.10552460114202314, -0.35947881927419184, -0.025934458216905872], [0.10951902079867237, -0.3920607792086076, -0.03224405086866464], [0.11259421666952081, -0.23544682267500985, -0.014938547408885961], [0.12387650155353482, -0.30069924766165185, -0.023586144205744508], [0.12975738468381898, -0.33862162140971486, -0.028613444240898126], [0.1335092562708222, -0.3713990694735026, -0.0326250833099953], [0.13373587971166886, -0.2098657700292447, -0.022470665403527542], [0.14748817616902893, -0.25764469035250936, -0.03012826245465458], [0.15567227369684591, -0.2886940862767141, -0.032586342657182896], [0.1620889794435702, -0.31658650924691994, -0.03425073560910924]], "right_hand": [[-0.07129023105482124, 0.08648271415441801, 3.033430530733724e-08], [-0.060384135274237485, 0.013658854220590632, 0.006806857668838151], [-0.026550204257117734, -0.03241472713045909, 0.0017969980744743405], [0.007757496567564455, -0.03800906374860904, -0.0069583548604555895], [0.030336684079961474, -0.02276261116235185, -0.015663304068776005], [-0.015149283308704919, -0.07662943479029223, -0.010452902566981982], [0.020573870160291576, -0.15056375926489377, -0.02438585159527329], [0.03536325201781847, -0.19258936289921377, -0.031177602921551296], [0.043084664054167374, -0.2278086398156229, -0.033445818833031736], [0.007925745837189203, -0.05351118165194273, -0.023065458154691427], [0.05006662151857805, -0.11836038438869718, -0.03254667024417479], [0.0704710081295051, -0.15556772294241855, -0.036288601038960165], [0.08296385522103206, -0.18683682066030188, -0.03698588438645634], [0.02572943243173601, -0.0169608187416669, -0.03439327979307516], [0.05439497434874315, -0.02432598376293003, -0.041198444835936814], [0.040479849771987896, -0.005857673830863825, -0.03736268760456104], [0.023030474067444875, 0.006882561643014122, -0.03150168605871255], [0.03805427226927345, 0.0231549669102167, -0.04597662002655652], [0.04929914153607804, 0.021569861305593203, -0.04382689497009374], [0.03482617092007503, 0.034363727444242216, -0.0333834665298054], [0.020343084050518618, 0.04467765936849997, -0.023873085505883716]]}