{"label": "N", "timestamp": 1746067709572, "left_hand": [[0.061908822882093484, -0.0835948114870458, 2.2995721815419444e-08], [0.027051303178381596, -0.12046482164024888, -0.01850155755521657], [0.0008767223830281783, -0.17052219395309742, -0.029504798510223387], [-0.010072180832357922, -0.21473518521735602, -0.03869986726339655], [-0.014998028693261525, -0.2553834239797555, -0.047172787581381485], [0.03756224318981778, -0.23848398758824693, -0.018671643344750345], [0.03848760849735574, -0.2994832983341086, -0.0336428051136278], [0.03937056601888927, -0.33587483899349724, -0.0455523729224518], [0.041434396864158514, -0.36919601614740805, -0.05406305783819252], [0.06408475355793755, -0.2379026383090943, -0.02020815034080191], [0.06926641898092216, -0.306458140948306, -0.0310864093816464], [0.07225092772464024, -0.34692505215438507, -0.04009918048381155], [0.074560891767929, -0.38264569633268264, -0.04701214432318792], [0.08786039797898977, -0.22471509926608696, -0.0242624869683457], [0.09316681039292174, -0.28896415535676645, -0.03526121877952651], [0.0954932245888629, -0.32833768417196674, -0.04096892702925663], [0.09650654514808266, -0.36304425603675666, -0.04537752648306189], [0.1107055032541698, -0.2006713438893049, -0.030221643208358524], [0.12172622111446853, -0.24620023681365436, -0.040057676461234086], [0.12938836614156893, -0.27645178010595495, -0.04283560478492468], [0.13520190315393563, -0.30381194374455345, -0.044518039172604336]], "right_hand": [[-0.061908822882093484, 0.0835948114870458, -2.2995721815419444e-08], [-0.06457858979381302, 0.010310575383296331, 0.0018062006332246632], [-0.03864821858991896, -0.0432180444642514, 0.001573397773015324], [-0.005819816371712523, -0.047099572956770384, 0.00039019469330092563], [0.017174490019191156, -0.030353803985872285, -0.0011218192688168807], [-0.012373521811756312, -0.06691723105214233, -0.0116326722204734], [0.018856916115463227, -0.13338508992349518, -0.01849517869897972], [0.038167980262485995, -0.17207974039590074, -0.020891041724868713], [0.0527750967260507, -0.19861257633026874, -0.02126203384783801], [0.013559038323740696, -0.038096961592701706, -0.016092635562378214], [0.0449892217873336, -0.10252230406388868, -0.021075477177132873], [0.06276882978742648, -0.14260606379777233, -0.023157214698987284], [0.0775905057689198, -0.16892683869169786, -0.023727019574976423], [0.03111250094570354, -0.00409520359363833, -0.019255901526064705], [0.03919713188259165, -0.042865294819874535, -0.023828672231991758], [0.022779348885410895, -0.04276526727874623, -0.02328353982117869], [0.008110898116123394, -0.030291452600818836, -0.020406129807359265], [0.041280862106069446, 0.025995044183071848, -0.022399726902762453], [0.03812835838943075, -0.007703624175455104, -0.024240033836600387], [0.02369600268737756, -0.00849871488698777, -0.01998144252885723], [0.013182674750556352, 0.0032949832646119045, -0.014797414054710356]]}