{"label": "N", "timestamp": 1746080386910, "left_hand": [[0.11245609836786744, 0.06491172545596796, 7.834639651970032e-09], [0.1018969934143673, -0.008846476683029068, -0.0008821728377754711], [0.061927442601538, -0.05632158115082738, -0.008143571810040665], [0.02043338967998131, -0.057109866107910835, -0.01625875754004574], [-0.00980123326000913, -0.03653272157783634, -0.02500569111749393], [0.05073349804170204, -0.08937606523895116, -0.02189185605299247], [-0.015396006541701675, -0.12765734448199276, -0.033293498790557374], [-0.04964219858338509, -0.1466943330176673, -0.038421427544327064], [-0.07805545465421457, -0.16275052355203182, -0.040321674157036365], [0.0296614298262795, -0.05110634005438215, -0.02860173341468174], [-0.032613025876578855, -0.09792241593536488, -0.038764037990302], [-0.06941126717234723, -0.1262514764639697, -0.04272622280981363], [-0.09676400976001583, -0.14691535097490155, -0.04418448009699984], [0.013645492140787321, -0.006341594077321847, -0.03345940668421399], [-0.026005800267855886, -0.03087756902283527, -0.042574706241407786], [-0.006013402909964951, -0.0196183626682072, -0.037839869385459836], [0.01517871570010373, -0.006818888505710061, -0.03095777598689946], [0.0033306623460921387, 0.03835789010494635, -0.03839817733109819], [-0.011774554633663196, 0.014235923164316282, -0.041122454269290606], [0.006032299386241136, 0.021473422662720565, -0.032091000837230564], [0.022365899137417582, 0.030403181744643393, -0.023012161788749146]], "right_hand": [[-0.11245609836786744, -0.06491172545596796, -7.834639651970032e-09], [-0.06857967313156964, -0.09915441400895322, -0.024618290059359414], [-0.03689715894475652, -0.15346318499595965, -0.03490780575054211], [-0.01878291106274601, -0.20626103921073308, -0.04268707411894854], [-0.010874717105584433, -0.25201939694528214, -0.04978853855552138], [-0.06732717592198148, -0.23459531770122874, -0.01879939599666535], [-0.05490766256302984, -0.30242533742928546, -0.03445627500899001], [-0.04865809097076894, -0.34439592072052494, -0.047931964420280755], [-0.044633178795097914, -0.3817432406918372, -0.05680702808024046], [-0.0955953353810887, -0.24283777802423445, -0.017247527541378208], [-0.08566003777164084, -0.31971292969873655, -0.028094510247733812], [-0.08160663179693008, -0.36770080141799183, -0.03843568609108329], [-0.07865410396772164, -0.40782863351410686, -0.04606161393386935], [-0.12472887518421683, -0.23576361936859225, -0.018999542106336184], [-0.11784155683542377, -0.30877213083292, -0.029703615551958596], [-0.11173029850442702, -0.3513525820557319, -0.03685638839416004], [-0.10555368520074726, -0.386005942845106, -0.041808751365880484], [-0.15540286915099585, -0.21527193760005875, -0.02330623587135], [-0.16114113638468702, -0.26966257468201715, -0.033498767354780884], [-0.16333763744264443, -0.3042000594462578, -0.036712123395114135], [-0.1648915092225861, -0.33518687022839383, -0.03816835639262036]]}