{"label": "N", "timestamp": 1746080548178, "left_hand": [[0.08805658626580101, 0.03415556241908745, 2.3923701236141043e-08], [0.07744869637105056, -0.02711595764516635, 0.0006888200661869401], [0.041392570366718374, -0.06817500942505102, -0.0047429207443307], [0.006807093413616632, -0.07473783363460569, -0.01089212462117007], [-0.017978955632847685, -0.06209737998680174, -0.017620992778764544], [0.02499633073341477, -0.09033571567677537, -0.02189760646187099], [-0.029226692687576324, -0.1309703460402762, -0.032217991815758226], [-0.05876629099214899, -0.15038772688380644, -0.03653989960655041], [-0.08302665419286805, -0.16546763916519672, -0.038132423760525794], [0.009271280262355434, -0.05400475007461172, -0.027720850816809913], [-0.0489650626656862, -0.09206496380414723, -0.03689773534329585], [-0.08278778624828217, -0.11526252815897395, -0.039956069920221014], [-0.10991263576279013, -0.13308819090383328, -0.04178943926555476], [-0.0023119962586027245, -0.013858768349020036, -0.03139241665348879], [-0.04532784718582854, -0.04110000214509632, -0.03897494215936609], [-0.027310715304030734, -0.036169534081699414, -0.03321372272670181], [-0.008679823978091684, -0.026620695220143605, -0.026738177542507957], [-0.00851065800103072, 0.02306530698418576, -0.034900867669024865], [-0.028918747410915175, -0.002371538714255915, -0.03786884367596446], [-0.014478204627100451, -0.0023776013524433736, -0.029734808700698723], [-0.0007930665614430527, 0.003152773945417988, -0.021756363067280217]], "right_hand": [[-0.08805658626580101, -0.03415556241908745, -2.3923701236141043e-08], [-0.05829211919936625, -0.0971266053119637, -0.01207440451665945], [-0.04813077016456843, -0.15714749497629918, -0.0162532064887813], [-0.05157703091315202, -0.20904154675176265, -0.020327775864929114], [-0.06630020286628753, -0.2457610539752189, -0.02405231170631705], [-0.09126366675207394, -0.21038567038118394, -0.0030685489654274996], [-0.09402543727766259, -0.27441416597536905, -0.015213946294942538], [-0.09525641003254885, -0.3124902895372389, -0.02634123090009183], [-0.0969356689523205, -0.34608283495665104, -0.033712165740319114], [-0.11506692540508949, -0.2057126256095527, -0.0056934209871264], [-0.12211742455611714, -0.2747860996423542, -0.0174259871028834], [-0.12658145528332804, -0.3179384334153213, -0.028158557218767404], [-0.13066989638901044, -0.3543393214445803, -0.03534108179859626], [-0.13558342580874422, -0.18654074486935276, -0.010789689000340611], [-0.14825909787292804, -0.250321535764503, -0.022067775989268283], [-0.15458893305977559, -0.29095115067277605, -0.029206677131593747], [-0.1595511656729486, -0.32502811925499697, -0.033312153332001375], [-0.153665115601423, -0.15536371984850192, -0.017282899655843946], [-0.17025128115467192, -0.20359138199428445, -0.027727404896123173], [-0.18105222014661573, -0.23568746622109227, -0.031359044586011464], [-0.1913156603341642, -0.2645779029488351, -0.03274737265576244]]}