{"label": "N", "timestamp": 1746080372601, "left_hand": [[0.10683628966146928, 0.0403775949669801, 7.404664821747626e-08], [0.09160225495530887, -0.010390496156357645, -0.005417765132017624], [0.04790959172089332, -0.04304317542234802, -0.014793930197239253], [0.005582744429822973, -0.036449148437608374, -0.023014975697859798], [-0.022189695070317646, -0.019352477711570226, -0.03127115360338708], [0.04922707035184835, -0.06142992885451472, -0.033520409681829184], [-0.006081967028558877, -0.10291675397937422, -0.04879204430870408], [-0.03539384952441355, -0.12317069746604295, -0.05465576729606511], [-0.060253428074940975, -0.13965268109342208, -0.05718725473979872], [0.037091787268469276, -0.028573178635399352, -0.03741839438117462], [-0.022831742235262794, -0.07544735500372125, -0.051567150193249846], [-0.056053496536588525, -0.1031240522011306, -0.055154985412483475], [-0.08510169325598835, -0.12429805411606867, -0.056949284019091495], [0.026802465983705753, 0.007109152846120243, -0.03939155762820119], [-0.02757874959444661, -0.017858324052316694, -0.053245280576080405], [-0.00915493636082944, -0.014238727130969124, -0.04669637708205217], [0.009423265818259462, -0.007398997427759541, -0.03827057483372247], [0.02076112668136206, 0.039576766185370496, -0.04121661389779339], [-0.008070520312871398, 0.017474063933939025, -0.0495345312451662], [0.006877022585172328, 0.017106729046605984, -0.04226368327597816], [0.0209575239068524, 0.021872329058960648, -0.034332399434122356]], "right_hand": [[-0.10683628966146928, -0.0403775949669801, -7.404664821747626e-08], [-0.0691071168383002, -0.08454864698818891, -0.014510643246166239], [-0.04450267180235444, -0.142207745527435, -0.021565723654599273], [-0.024722742360556424, -0.19156164753649704, -0.028757472166095418], [-0.007869730416188329, -0.2322163752325628, -0.03577266667186674], [-0.07232889911301825, -0.2190445651818615, -0.005846028722010501], [-0.0672587345882111, -0.2832565251015268, -0.01803777219774813], [-0.06581193213148816, -0.32113218006202077, -0.02963151736362095], [-0.06538889100172326, -0.35434202932795067, -0.03786940741357034], [-0.09888467626839448, -0.21923766342163975, -0.009000473700560759], [-0.09736777036528964, -0.2898603952555922, -0.018042319508896114], [-0.09596329891544844, -0.33234665168778316, -0.027747079351211148], [-0.09511841791702035, -0.36731819518250897, -0.035180552524357284], [-0.12459501661796721, -0.20553224243200807, -0.015026318191445924], [-0.1274216736365819, -0.2724164524955462, -0.02420017665578567], [-0.127044585226274, -0.3132190787412805, -0.031042006324764428], [-0.12525472411403413, -0.3471332435274713, -0.03611391447109603], [-0.15004133053495175, -0.1806436901808788, -0.022943946652905153], [-0.16005554509815934, -0.2313957166781403, -0.032224901130314114], [-0.16568202798257275, -0.2667835240385051, -0.035888935747788925], [-0.17004213065602816, -0.29988520601747287, -0.037934732709450754]]}