{"label": "N", "timestamp": 1746080385134, "left_hand": [[0.10441461220264306, 0.04725145405832932, -8.803048650733796e-08], [0.09167646482788065, -0.020235369224762056, 0.00442102223452654], [0.054400719467497395, -0.06601070929342462, -0.0019973346638147804], [0.011811436809637591, -0.07495017966308697, -0.010778732050649432], [-0.018838277793843672, -0.06243133185627765, -0.020554909726377527], [0.04350756440035057, -0.11126515187778978, -0.01741011529764838], [-0.022755746758026683, -0.13699855387630325, -0.03193546756337899], [-0.05765891934017686, -0.15089920296695872, -0.039990378520749326], [-0.08589451777012629, -0.1624131624094016, -0.04467144906862825], [0.03377529661981724, -0.08040199470560225, -0.02920370304287453], [-0.03686811135350795, -0.11088812632370916, -0.0441884108895585], [-0.07551529561445453, -0.12844575809153197, -0.05131925115526262], [-0.10504600423042375, -0.145202482757219, -0.05557056907651443], [0.02570972057367416, -0.03946648834789611, -0.03918775843405816], [-0.036088717460144124, -0.03968473665957412, -0.054055614921970516], [-0.019147009234911676, -0.01804192300682759, -0.0500370376310459], [0.0019595886278150013, -0.011314783923184003, -0.043469525242420044], [0.019192645020709824, 0.005522887475683436, -0.04858378377225356], [-0.02137112960915802, 0.0062419843126985805, -0.05793111811110138], [-0.006524762864475786, 0.01935193850503322, -0.051012016815764914], [0.011125604724755033, 0.02162092499530489, -0.04314251414424758]], "right_hand": [[-0.10441461220264306, -0.04725145405832932, 8.803048650733796e-08], [-0.06369849927505741, -0.09898865618725117, -0.0181762276943227], [-0.04299517082842115, -0.16229697981857283, -0.024894005200043534], [-0.03766980689785006, -0.21463484350166304, -0.03100751097798172], [-0.040727836312296026, -0.2595389361599275, -0.03646956403640801], [-0.08787930838989275, -0.23551343138730035, -0.0074324137885603365], [-0.08673184339321989, -0.3029786288270188, -0.020954288555628503], [-0.08736759062556873, -0.34390635401104613, -0.03344617914795566], [-0.08950000766224867, -0.37941109861038863, -0.04185280103285424], [-0.11562637301087016, -0.2346190563388507, -0.00883673260636983], [-0.1188950103565664, -0.31155365117303446, -0.019277134709402545], [-0.1211273155118115, -0.3582283503712365, -0.030045820329614774], [-0.12431136427223154, -0.39618308526449764, -0.03775324885009899], [-0.14160152640778287, -0.21899143722988976, -0.013563735192512817], [-0.14902589244343342, -0.2901812919694833, -0.02437442178608997], [-0.1514560215027266, -0.33354761258030474, -0.03316056126561409], [-0.1534072845562917, -0.3685054786474088, -0.03903000194272622], [-0.16636159650261548, -0.19078670068058706, -0.020407299735343363], [-0.1810461260982373, -0.24262129419442077, -0.031196645591881168], [-0.1915862655537288, -0.2785769244873843, -0.03628064999860199], [-0.20127974948668542, -0.31147167195601244, -0.0390818936419827]]}