{"label": "N", "timestamp": 1746080397079, "left_hand": [[0.09531756579759952, 0.05706904765770016, 1.0269584032892763e-07], [0.08220784166976339, -0.003690338948644679, 0.0005162655867618794], [0.04681691299228457, -0.04654699833174113, -0.007225488845641983], [0.01150367678395177, -0.05216471498750704, -0.015375722205910738], [-0.01470336201097361, -0.03730006554401795, -0.024170886397265154], [0.03394414200604526, -0.07424658590692887, -0.026821590770364202], [-0.018166774946762505, -0.12053842581368518, -0.040275272970843524], [-0.046505431971818154, -0.14378415481095022, -0.04696823917671268], [-0.07035751780036333, -0.16212857349952212, -0.05009877455047516], [0.015806879530400005, -0.03927452097615032, -0.033768437564554596], [-0.03834942945680389, -0.09750223536135261, -0.045297908870513735], [-0.06869609012664146, -0.1327613890774332, -0.049094394932896704], [-0.09365172903180713, -0.15906244109360437, -0.05132156423291834], [0.0001925066489503622, 0.0013039889798590013, -0.03836754061347202], [-0.04986448454287316, -0.040980768493056874, -0.04769983289032274], [-0.03699233580753089, -0.03790834246378039, -0.04180618796355831], [-0.02034685763247448, -0.027700156490293615, -0.03531110198760047], [-0.010595546046199231, 0.04018357620094991, -0.042712411946776316], [-0.03642240732162382, 0.0049354452150456455, -0.04699997397246226], [-0.023632911284006925, 0.004493078163033925, -0.038185847796182545], [-0.009468027420743748, 0.010831076900031369, -0.029660410478940143]], "right_hand": [[-0.09531756579759952, -0.05706904765770016, -1.0269584032892763e-07], [-0.059911969777547376, -0.106760155322058, -0.011527997115642615], [-0.04362188575769208, -0.16745511229266252, -0.01609774770081632], [-0.03670768269002588, -0.21666865128283264, -0.021257845490618883], [-0.04168608099556507, -0.25702412873874203, -0.026092968304787564], [-0.07519530518176616, -0.23629446235440207, -0.0005105077363838723], [-0.07548134502984173, -0.29982693675134797, -0.012025018908499377], [-0.07753967988289652, -0.33656910991966754, -0.023364727025266763], [-0.08130148879171671, -0.3679088474640036, -0.031055403652492777], [-0.09981683091240984, -0.23484042201536862, -0.004238461751755253], [-0.10218574007748105, -0.30590839033279005, -0.01282110337177713], [-0.10435229325083142, -0.3478554966903693, -0.02211062478875415], [-0.10802151122617051, -0.3810206339090985, -0.02882128958799513], [-0.12304282566693986, -0.22037822667349471, -0.010788288583637635], [-0.12805098534395512, -0.286996745505064, -0.019025435949114232], [-0.1300451394616284, -0.3265811474279455, -0.024642763698069493], [-0.13199027798721116, -0.35854644268838487, -0.028458303971849997], [-0.14493748795933478, -0.1954912487101693, -0.01906227986919352], [-0.15030392192427466, -0.24818521475351335, -0.02684772086339106], [-0.15284795027037293, -0.28364363098542655, -0.029203938332487064], [-0.15490763629680415, -0.31576249776725807, -0.030222483047271948]]}