{"label": "N", "timestamp": 1746080385968, "left_hand": [[0.09646299369290996, 0.05355830193798264, -1.2720189315151682e-07], [0.08325790433732372, -0.012356496810740667, 0.006561005735135749], [0.048939592401221935, -0.05924379924155173, -0.0006428363703668171], [0.0061545238238283045, -0.0701128766379602, -0.010583793519271667], [-0.024052497270271964, -0.06037781423386422, -0.021731041406926374], [0.04488711742484474, -0.10956842889398524, -0.018606717936484787], [-0.020000458775272314, -0.14035535187160342, -0.0350418342761155], [-0.05441130476341383, -0.1554965634976391, -0.045096385135191555], [-0.08152545518967166, -0.16835374082187307, -0.05127492907482793], [0.03908635266415539, -0.0781537365751116, -0.031810835439003836], [-0.02916231201030608, -0.11520813202636013, -0.04774066661394216], [-0.06625242618761713, -0.13553565175384485, -0.05570180049947618], [-0.09427078416090952, -0.1543289758127037, -0.06131980232336121], [0.031631505349807555, -0.03815531060576379, -0.042904575711120524], [-0.03379170624745463, -0.042522561402247874, -0.05631757569621115], [-0.019331878425216314, -0.021847238763755304, -0.051187951066989874], [0.0018586013591248584, -0.01599096812122136, -0.04503509132841346], [0.023370622424924877, 0.004907178260508413, -0.05337096266329474], [-0.024430817504259912, 0.002263737917745785, -0.06082899265435385], [-0.010461121895557562, 0.015420741574905713, -0.052426803430171684], [0.00878003205666342, 0.017711286723922446, -0.04432633650489917]], "right_hand": [[-0.09646299369290996, -0.05355830193798264, 1.2720189315151682e-07], [-0.05703979561899551, -0.10605682709128372, -0.016516679146937715], [-0.04002782480879793, -0.16787883089637903, -0.024853010833271873], [-0.0377334968211758, -0.21752593233051684, -0.03305031297082536], [-0.03835180906591776, -0.26237164767802895, -0.04117634133677041], [-0.0749015229243788, -0.2380006190291308, -0.011289254272389792], [-0.06856221289069402, -0.3038949577132816, -0.029117497545429978], [-0.06257699837454336, -0.3444797054797421, -0.04400982385264413], [-0.05693373064425185, -0.3813013290496902, -0.05399974136773577], [-0.10012592722655146, -0.23646767824446538, -0.01482947856875793], [-0.10007187628263202, -0.3126858381508495, -0.029788883197672915], [-0.09677102223838895, -0.3604422295645267, -0.04211589023534314], [-0.0940503610652488, -0.40171152562477175, -0.05072955468694631], [-0.12326138621596143, -0.21978159534277802, -0.021484315761587512], [-0.1289293151440843, -0.2932824040598017, -0.036663455800659515], [-0.12800884866573614, -0.33875164214850023, -0.04599729179180841], [-0.12598179277496466, -0.37748202606254283, -0.051695019667310826], [-0.1444425180241335, -0.19088627353509957, -0.029935981968586916], [-0.15416170341812124, -0.24555414750825214, -0.04434931543075456], [-0.1584038113663181, -0.28479216835774274, -0.05092146554595502], [-0.16193751003875786, -0.3212257327029664, -0.05449978989256786]]}