{"label": "N", "timestamp": 1746067727820, "left_hand": [[0.06362357735548237, -0.09720119526967642, -5.0672184905615815e-08], [0.03263334243446926, -0.13321979370676537, -0.013072796274393606], [0.013759377772432866, -0.19016278680847098, -0.02049179173795846], [0.009305124657531716, -0.2378933783322424, -0.027465084345766146], [0.008588884320130826, -0.27655740259224076, -0.03410119333807908], [0.04732104186263735, -0.2548135222591909, -0.010753670326209705], [0.04743403675277434, -0.3152551071473282, -0.024049096778346043], [0.0442499080183993, -0.34927643226889044, -0.035355037204843745], [0.04147198818714342, -0.3814248079981951, -0.04400919698217408], [0.07152299285482158, -0.25386456517299627, -0.015087585843253596], [0.07331418458069379, -0.32126453993378284, -0.026019382677935972], [0.07227995862326139, -0.3611011588938924, -0.035913673873954464], [0.07047049499640967, -0.3979354136271321, -0.0434781357705895], [0.09425355584076507, -0.2400481899781049, -0.021723272979643726], [0.09830591803909695, -0.3058102615355402, -0.032477860498553016], [0.09981075907797679, -0.3456459487196048, -0.038604236860213303], [0.09947295617230581, -0.38375348678142546, -0.04344234193471546], [0.1163834187188846, -0.21525835648027636, -0.02989988333002118], [0.12261522781265831, -0.26392365573462784, -0.039492608618020224], [0.1261767940239833, -0.29605015745312063, -0.04246879505143143], [0.12836824037678482, -0.32698048599231533, -0.04454987707695465]], "right_hand": [[-0.06362357735548237, 0.09720119526967642, 5.0672184905615815e-08], [-0.05772595769442473, 0.023408395969295406, 0.004028264897238688], [-0.0301282739006761, -0.023268902277489126, -0.0004935847701813218], [0.003641926213642824, -0.029017778665025733, -0.007853682151500833], [0.028349127084653574, -0.009839691392407451, -0.015170236935145454], [-0.020397895746715734, -0.0557853863601715, -0.010163581954410137], [0.013351487127183748, -0.12029487819822023, -0.020397777523566907], [0.031141864427649057, -0.1556411888557371, -0.024823098708193516], [0.04487560699572261, -0.18299167928262733, -0.026699644528722196], [0.00354652143713537, -0.033675022600261464, -0.020945231459747613], [0.035943965448510924, -0.10552822779492424, -0.03005935623196255], [0.05235508693996303, -0.14742828753287623, -0.03464772544094699], [0.06578961576637457, -0.18044249910729035, -0.0363817691829876], [0.024209632462994027, 0.0015305216957291617, -0.030326315750409175], [0.052135824128208885, -0.030476939951456797, -0.04008241433214761], [0.037107549192479876, -0.012596930340713882, -0.036820701038125264], [0.02116067943387538, 0.0038235543636779778, -0.030631080377412294], [0.039606208925183205, 0.040761065791072394, -0.039651127017671615], [0.04816450371954485, 0.019950279625207675, -0.04271947973767787], [0.034341765176053675, 0.031685021683134564, -0.034361374753954635], [0.023257675512459428, 0.045944331393064086, -0.025552642421260926]]}