{"label": "Z", "timestamp": 1746080056549, "left_hand": [[0.12530759709243772, -0.00768123340088913, 6.496923211906064e-09], [0.08341885905445084, -0.05104391141359697, -0.01004505427615068], [0.06126006126571511, -0.11755214569487134, -0.015148010615327091], [0.048956297841611346, -0.16570122598285175, -0.021457554729440935], [0.031505229702234065, -0.2023384984532347, -0.02839607796583878], [0.09152241067495039, -0.1889839073601017, -0.00486418459535059], [0.0874530487631915, -0.25837233059437054, -0.01926989599518072], [0.08045490370384968, -0.29938129872602476, -0.032663770139399445], [0.07267111699074606, -0.3368306113703864, -0.04326516794869579], [0.11279682898449098, -0.19000363009628551, -0.012838305934449762], [0.11083648223300799, -0.26948920647818786, -0.026449542985984304], [0.10458477809014335, -0.31707628686805156, -0.040290613485703806], [0.09684805550332513, -0.3607297746981155, -0.050806932718563846], [0.13316354879917897, -0.17620841806776447, -0.023291992838139704], [0.13291277254109524, -0.2544612629641469, -0.037125892353185475], [0.12761087282334843, -0.30164407606678617, -0.048168586555237855], [0.12019027396872378, -0.3439089591239454, -0.05646975908625309], [0.1533009133120267, -0.14990123711819806, -0.03514987692756056], [0.1554449844676016, -0.20822221148522577, -0.047966627223204494], [0.151927415542621, -0.24903858469022072, -0.05482147848076747], [0.14640414011975394, -0.2860452621320611, -0.06012789093161078]], "right_hand": [[-0.12530759709243772, 0.00768123340088913, -6.496923211906064e-09], [-0.08355633278629192, -0.05989192841934688, 0.014820207372577596], [-0.08723612768730815, -0.1260325589488118, 0.01801407606417068], [-0.08982862506341227, -0.1676633545860295, 0.014196082343565312], [-0.08619808286739349, -0.20463700966765727, 0.00873858412126983], [-0.1151927028996694, -0.18066998103190174, 0.015953856040997787], [-0.11841498801010379, -0.2491580849614886, 0.0041335938980511825], [-0.1117461949949938, -0.2961186314331603, -0.00708966985009077], [-0.10347987509576893, -0.3359635274734023, -0.016471760586431575], [-0.12434998738217873, -0.17590918319076468, -0.0046293133609627436], [-0.12673821095584162, -0.26170906094028656, -0.01804872233573516], [-0.11417503316652522, -0.31380327708817624, -0.030923239972803794], [-0.10142938989007513, -0.35724379490481045, -0.04088811484204322], [-0.12986452785815084, -0.16193714174949228, -0.02642619249740289], [-0.13129930583149357, -0.24741099874273345, -0.04024213791982867], [-0.11793485645017983, -0.2990383891145502, -0.051624633176866365], [-0.10511520822453777, -0.3400565763919295, -0.06018262960935322], [-0.1295430779388262, -0.13995695522520266, -0.04749120207590908], [-0.12719878088302966, -0.2046937190346382, -0.05892983776630235], [-0.11930469367643, -0.2485966854699212, -0.06661187977923774], [-0.11065909114961374, -0.2862573799555499, -0.07356768649287589]]}