{"label": "Z", "timestamp": 1746080049042, "left_hand": [[0.21863611803341337, 0.019611432191779448, -2.2198680173215207e-07], [0.18204562038000416, -0.084603458384665, 0.005063550270539464], [0.1741651139834915, -0.17453361554780827, -0.005724720876353153], [0.16185056399737988, -0.23939164117185135, -0.02002763607273221], [0.15185782675133727, -0.2987530748449771, -0.03569872414135705], [0.2574020848031074, -0.19678098327199495, -0.026280649300872365], [0.268958093825305, -0.3056662085174476, -0.05572117381160911], [0.24834410097384843, -0.371087036530629, -0.07492125039795046], [0.2221177233135129, -0.40981683792203155, -0.08621999310326653], [0.2662346203470772, -0.16864300055018772, -0.04911122921245852], [0.29780760933861466, -0.2933206304097974, -0.08182198987022393], [0.2657456262441189, -0.36926408324498183, -0.10170345764428736], [0.228321438198366, -0.41512903417923386, -0.11205434806466108], [0.25862375173641855, -0.1291759346210691, -0.07152617720698427], [0.25844235656434683, -0.23465390842199196, -0.10813016584217602], [0.21880582935605591, -0.2915407755259357, -0.12983931499659723], [0.18406074343816942, -0.32506464913500244, -0.14008114100148222], [0.23218574637533265, -0.09033268168783576, -0.09112890333975326], [0.18385011591130015, -0.14908557774798753, -0.12392517318154635], [0.14073843909068773, -0.18033012327570738, -0.1379905161809064], [0.107326630418753, -0.20187393686821586, -0.1445205264288552]], "right_hand": [[-0.21863611803341337, -0.019611432191779448, 2.2198680173215207e-07], [-0.14332683226690598, -0.009431571505073356, -0.021084487420892663], [-0.07306193483532486, -0.04553698482615041, -0.02185998729903769], [-0.021803955409298185, -0.08263702560952953, -0.022172659555108044], [0.02100439595064693, -0.09578012873123193, -0.021822791912132853], [-0.08786907725170282, -0.15665880345075764, 0.01516051692956963], [-0.045939583227322764, -0.21240847285189376, 0.011373185203207544], [-0.022710044751898584, -0.24506330901440987, 0.002071917423993197], [-0.0010453237759001912, -0.2734622461942852, -0.006054821943687467], [-0.11839313388543951, -0.1858892260941933, 0.01686863633079178], [-0.08299688930850956, -0.2519418684943088, 0.014017441784509076], [-0.05796071856667975, -0.29136404025490087, 0.001593409163894168], [-0.03422015943168859, -0.3219452431872076, -0.00855192652203103], [-0.1524207086997616, -0.20415169649506743, 0.013412997212659317], [-0.12211764503129825, -0.270033059118045, 0.006342841213311942], [-0.09692276487951797, -0.3042455524442472, -0.0049958874919003695], [-0.07207971862163823, -0.329162247869735, -0.01295109473033286], [-0.19091571927257653, -0.21644610661620967, 0.007095268898518024], [-0.16658335270589522, -0.2734279220451839, -0.0006716113430656883], [-0.14663038386494562, -0.3067597850003046, -0.006033050403004407], [-0.12352611716812888, -0.33383355998139974, -0.009666123777327205]]}