{"label": "Z", "timestamp": 1746080029476, "left_hand": [[0.2677095219251769, -0.01666222402149995, 2.2002501000017557e-07], [0.2098008642673511, -0.015595245611654266, -0.021406492034854525], [0.1469614447434633, -0.030221439004911692, -0.03659895698966084], [0.09817634529515719, -0.03555372432322311, -0.050663462323231774], [0.05925177033212353, -0.031465110325415074, -0.06561992852367382], [0.1419362757726904, -0.14400954463822024, -0.025931706307813954], [0.08928695841301518, -0.1920573736921666, -0.04753918670541233], [0.05670217026771562, -0.22197560644591527, -0.06427618588940447], [0.029000701485788545, -0.25058762805991003, -0.07680581275956132], [0.1714168818509891, -0.1773667071542286, -0.03245233236757061], [0.12859945838201453, -0.25219839226180074, -0.051362620139309145], [0.10305614557179171, -0.29960118575033406, -0.06654970056556503], [0.08074930642260779, -0.34085372348155724, -0.077535024010836], [0.20851926501200527, -0.19068080254041123, -0.042052061570630773], [0.17500847915395473, -0.265845671304692, -0.06294146906093526], [0.1536572241134298, -0.31539402156549734, -0.07560716185427038], [0.1324785781051259, -0.36045983734141984, -0.08415740218273114], [0.25033109858422964, -0.18993327900444457, -0.05322771981835844], [0.23603708960082928, -0.2532685856397774, -0.0708533590026472], [0.22648819979668486, -0.2949729350071906, -0.07652265118301217], [0.21468266303768865, -0.3337910467350222, -0.08032438901271434]], "right_hand": [[-0.2677095219251769, 0.01666222402149995, -2.2002501000017557e-07], [-0.21117690321154425, 0.001187887278879463, -0.01317983933491414], [-0.16882017598663515, -0.06708261266507426, -0.021093921917475555], [-0.1889719655184576, -0.13288401708444025, -0.030755328817842306], [-0.21080207702843648, -0.18117770430937552, -0.036889702523971654], [-0.17357980596799572, -0.1288515346923784, -0.003808449577641027], [-0.1357461478937289, -0.1903371919600346, -0.02869050467434569], [-0.13143604865900596, -0.1438107814057986, -0.043669633141697445], [-0.14668147098159806, -0.09863756831609546, -0.048746684203752846], [-0.2026574983375559, -0.1433462185108729, -0.009023390595680442], [-0.1591731210407078, -0.20573984360243744, -0.033952671646334365], [-0.158976182519928, -0.1433745449868377, -0.04349239173140929], [-0.17779575877109946, -0.10006753400613418, -0.043620031939967295], [-0.2340726245976374, -0.1523373113442934, -0.01808803125578639], [-0.18915441495989035, -0.21647266714357052, -0.044579156858121874], [-0.19026164563964612, -0.15029541557148762, -0.04366917153309756], [-0.20839009063368882, -0.11080474554431091, -0.03668063184304898], [-0.26988072241284494, -0.15310243031394985, -0.028011421401673967], [-0.2266725173952748, -0.16757791121468907, -0.04928699435457519], [-0.22840300657590779, -0.11485977615880485, -0.04731277040251275], [-0.2471449674140254, -0.0867023901394935, -0.04155007036428841]]}