{"label": "Z", "timestamp": 1746066779537, "left_hand": [[0.0, 0.0, 0.0], [-0.04698930239708048, -0.026408982095261834, -0.010093431013962427], [-0.09069281704046825, -0.07392017428332105, -0.017748752031881337], [-0.12203997148796575, -0.10386521945853133, -0.027147130255141566], [-0.15027205128950874, -0.12457365451302058, -0.03643692338318028], [-0.058724150194877936, -0.16560620034445403, -0.005023131581581031], [-0.08126199678313491, -0.23002923920136598, -0.015332393058683912], [-0.09630744807430332, -0.26430964604757806, -0.024627366122722292], [-0.10929646976872157, -0.2960421437764238, -0.03268965178454928], [-0.03267193931354092, -0.17254789401753967, -0.013512463505158567], [-0.04332276686938735, -0.25452561109939775, -0.021809226187953973], [-0.050961978636005476, -0.30188730943538566, -0.02983973041988909], [-0.059009790947245164, -0.3384465084925823, -0.036913250217340376], [-0.007098020844778531, -0.1634940652064616, -0.02502081647844609], [-0.025820317584472566, -0.2347908841300451, -0.03785646811024747], [-0.04911182737777235, -0.2604976127611595, -0.046934840427144624], [-0.06933365814552743, -0.2770756058114264, -0.05334683194676025], [0.017339528559201133, -0.14571470663314043, -0.03791322262599307], [-0.0028470566652428232, -0.19745242688992498, -0.051420265393519536], [-0.026469043378251195, -0.21313295731609566, -0.05754826454927313], [-0.04732901029241818, -0.21917293252567172, -0.06200696564139712]], "right_hand": [[0.0, 0.0, 0.0], [-0.04698930239708048, -0.026408982095261834, -0.010093431013962427], [-0.09069281704046825, -0.07392017428332105, -0.017748752031881337], [-0.12203997148796575, -0.10386521945853133, -0.027147130255141566], [-0.15027205128950874, -0.12457365451302058, -0.03643692338318028], [-0.058724150194877936, -0.16560620034445403, -0.005023131581581031], [-0.08126199678313491, -0.23002923920136598, -0.015332393058683912], [-0.09630744807430332, -0.26430964604757806, -0.024627366122722292], [-0.10929646976872157, -0.2960421437764238, -0.03268965178454928], [-0.03267193931354092, -0.17254789401753967, -0.013512463505158567], [-0.04332276686938735, -0.25452561109939775, -0.021809226187953973], [-0.050961978636005476, -0.30188730943538566, -0.02983973041988909], [-0.059009790947245164, -0.3384465084925823, -0.036913250217340376], [-0.007098020844778531, -0.1634940652064616, -0.02502081647844609], [-0.025820317584472566, -0.2347908841300451, -0.03785646811024747], [-0.04911182737777235, -0.2604976127611595, -0.046934840427144624], [-0.06933365814552743, -0.2770756058114264, -0.05334683194676025], [0.017339528559201133, -0.14571470663314043, -0.03791322262599307], [-0.0028470566652428232, -0.19745242688992498, -0.051420265393519536], [-0.026469043378251195, -0.21313295731609566, -0.05754826454927313], [-0.04732901029241818, -0.21917293252567172, -0.06200696564139712]]}