{"label": "Z", "timestamp": 1746080086874, "left_hand": [[0.18619046906957323, -0.1590625681577265, -1.4593229706017672e-07], [0.14735871335169723, -0.2226052798562116, -0.0006986748096968916], [0.08757088158901873, -0.2627488119351016, -0.010812133801452075], [0.028576088912337764, -0.25373606739141163, -0.024098745058244622], [-0.010881063106318893, -0.23662512997600327, -0.0371500913037328], [0.07855447483523106, -0.33173456869119206, -0.019437112706908986], [-0.002259856590028986, -0.3502663071446218, -0.04173188008227882], [-0.04845047092617631, -0.3598612862272269, -0.05374597924419976], [-0.08623183199876792, -0.36662437605187426, -0.06073266291796326], [0.07989147722729062, -0.30723768140144814, -0.033207250140661185], [-0.012690740814091755, -0.31842594934301083, -0.05865814600418221], [-0.0629670623137518, -0.3286728018230034, -0.07184349558794188], [-0.10295630388896121, -0.34127350003664997, -0.07879292594128626], [0.08348790402309432, -0.26574395387548827, -0.04612904286061302], [0.01892327648082984, -0.20522770624971606, -0.06814667078084223], [0.04098279235071671, -0.18524596006406968, -0.06615289308905947], [0.06277171411301331, -0.19408946955728287, -0.05977585934998891], [0.08514235861467721, -0.21522042182091136, -0.05940506626426019], [0.0402376122091013, -0.1646430939471977, -0.07125393094216977], [0.06105138523296528, -0.15213757907612102, -0.06453330910666756], [0.0820100543954767, -0.1621421001568859, -0.05687807874358114]], "right_hand": [[-0.18619046906957323, 0.1590625681577265, 1.4593229706017672e-07], [-0.13625148033853823, 0.0992696866395096, -0.020517296929206896], [-0.105508386647468, 0.012979463998997872, -0.029030411380998745], [-0.09065857963429652, -0.0578215661399215, -0.03701094438000579], [-0.07385754253175046, -0.11434493566683096, -0.045102469640948495], [-0.1646046748611419, -0.0823265739824907, -0.013449876876775924], [-0.16216923690624327, -0.17139948488443038, -0.030105645364336978], [-0.16169717574998732, -0.2245984092685671, -0.04461851483186755], [-0.1626124780612957, -0.2701935391441726, -0.05491135818789275], [-0.20177726743159513, -0.07771905874667462, -0.017798971725912632], [-0.2069367072997725, -0.17763916299819127, -0.03156969062081776], [-0.20866720393083707, -0.2408431998759037, -0.04462446023661464], [-0.2116924851779283, -0.29343224117222017, -0.05428765082561988], [-0.23513804520987847, -0.054273316741551905, -0.02575941232767179], [-0.2483206822560347, -0.1467026318246944, -0.04103815285520352], [-0.2514016018006348, -0.2055336031527821, -0.05220015126330931], [-0.25326656523289476, -0.256372335488872, -0.059833533472365766], [-0.2671366173117033, -0.015021248488365474, -0.0359216359091027], [-0.28777458150423196, -0.08325472814911082, -0.052002062091659196], [-0.29983887967180084, -0.1300146683022451, -0.05893611002526098], [-0.3105840543115138, -0.1750515954710361, -0.06286715705208633]]}