{"label": "Z", "timestamp": 1746080059878, "left_hand": [[0.11905588242586738, -0.022902192619266477, -1.2854904636108205e-07], [0.07293939537906699, -0.05624064464441902, -0.009437394896218506], [0.03553490061407891, -0.10627335155003458, -0.015149105770385545], [0.01277760684505882, -0.14123774578435894, -0.021637794762827504], [-0.004618390539700235, -0.16852835918986545, -0.028608431782148846], [0.07186545064345973, -0.19379934147514782, -0.0042312827234216215], [0.054501177251434274, -0.25486810533760895, -0.016095603500982176], [0.041983473595924185, -0.2894899583006994, -0.028024671390706222], [0.029325795120941696, -0.32216543726543645, -0.03762135678859059], [0.1001972338129395, -0.20159087086595237, -0.011590561765534038], [0.09006797702139684, -0.27485603077899173, -0.021380703914965885], [0.08100491886171421, -0.31649727450483767, -0.032534704059520386], [0.07027621484551218, -0.35434989499540304, -0.04125087836154046], [0.12856346573526495, -0.19419567729602327, -0.02134430890489728], [0.12214393091118564, -0.2641126325207566, -0.031906624958290344], [0.11431725211493515, -0.305830928570058, -0.04041940808205069], [0.10403645973601594, -0.3447740369826255, -0.04707860015491732], [0.15707636760190966, -0.17418943757417282, -0.03241499221056011], [0.16038212442018374, -0.22944621026726134, -0.04164050932628293], [0.16029411466856328, -0.26499298305040003, -0.045157065264371465], [0.15732303624234253, -0.2988757448330866, -0.048000191875114395]], "right_hand": [[-0.11905588242586738, 0.022902192619266477, 1.2854904636108205e-07], [-0.13971843900843092, -0.04153737197785869, 0.00022765417408945266], [-0.14866261004565148, -0.12002428163227569, -0.007369817121102408], [-0.15327197968312348, -0.17962377699201004, -0.016226613373121507], [-0.16975919172021225, -0.2231695696484888, -0.025711401144795615], [-0.1348351239355468, -0.15779988872453016, -0.02529491669601991], [-0.12148819792763943, -0.25843575052779916, -0.043006134766246144], [-0.10815886608502724, -0.3130872956122762, -0.05064124832968766], [-0.09643613065479106, -0.3537109387491184, -0.05406138668495274], [-0.11393985337683873, -0.14067519959664615, -0.03661954521130781], [-0.09090663872132529, -0.24860037857691739, -0.053647636727575235], [-0.06999994363271869, -0.30672071844723253, -0.05963987077836247], [-0.05273827692148557, -0.3467754705978152, -0.06221323640672258], [-0.08675410431050319, -0.11440555380513903, -0.04747992812556954], [-0.061182327971418496, -0.21711005348550522, -0.06419517825582481], [-0.040555251658028806, -0.27643238235412354, -0.07086922027130232], [-0.02516547568122791, -0.3205376461119029, -0.07369383311021223], [-0.05394633824232424, -0.08316882602987334, -0.05752797246884281], [-0.024587203735153922, -0.16399470868965113, -0.0711722817147693], [-0.005826159921955469, -0.20865177529527276, -0.07472869700078325], [0.008477643449600525, -0.2471765357177736, -0.07571984795412748]]}