{"label": "Z", "timestamp": 1746066789226, "left_hand": [[0.2853504799792518, 0.11927147503711934, -2.143070923127245e-07], [0.20679540942141222, 0.07337004872355102, -0.018096471778782056], [0.1451316261346786, -0.01022297858930515, -0.020844912842860292], [0.10877578194057594, -0.07932359978649138, -0.023927823029363873], [0.07266237495358989, -0.1232103685327977, -0.02617049369249439], [0.20007078550840057, -0.13710745783324874, 0.010952447233788689], [0.17240778119059094, -0.2306442397453995, 0.002137336176726982], [0.1561635036861311, -0.2850163082964279, -0.010864122739625708], [0.14220684441308304, -0.3348261593501773, -0.022426910321330273], [0.24331535822322017, -0.1521263388812052, 0.005685404719972963], [0.22557198512737245, -0.25698663958346873, 0.0011503697193186047], [0.2133199351160952, -0.31755209808159873, -0.010102972235340114], [0.2010697996585745, -0.3680911479596866, -0.02010443011731908], [0.28694010661255703, -0.14623525697226464, -0.004906771202007418], [0.2722738590157913, -0.24619785565756366, -0.012901525889284855], [0.25940762015940905, -0.3034224725520293, -0.0210223731724406], [0.24577479397889943, -0.35398832618270903, -0.028611997600935836], [0.33179137283988325, -0.12358326890304003, -0.018586377024895264], [0.33369564270769553, -0.1999895263768185, -0.026239033007556305], [0.3332734015520698, -0.24789237248596058, -0.02867758645190505], [0.3322444656617576, -0.2943686572403205, -0.03149024028143997]], "right_hand": [[-0.2853504799792518, -0.11927147503711934, 2.143070923127245e-07], [-0.19721064732685692, -0.14096194685903068, -0.004489295490341388], [-0.10419912323781888, -0.1313127053290312, -0.01811108734540581], [-0.03328782650074834, -0.13496053195217628, -0.03013601145134995], [0.016818342772980922, -0.15805278533310624, -0.043605040720293704], [-0.08754450216179195, -0.05199821334826745, -0.048111380598649035], [-0.015364977665606934, 0.06506898124738641, -0.0665451554544969], [0.02232881139511699, 0.1323049911902892, -0.0732558783396975], [0.048306625496400954, 0.18240667493807453, -0.07530908681438626], [-0.12759094958011488, -0.002695664338471014, -0.05675110870242745], [-0.05912229522720173, 0.1403546504074493, -0.06761006444235648], [-0.022341255994534643, 0.21837632628871073, -0.06878006875606735], [0.0037828573645185878, 0.27322276655907923, -0.07083772856824011], [-0.17296532659526967, 0.04031659095337379, -0.06313121892348379], [-0.1116202618074677, 0.17142566981501067, -0.0699459020776657], [-0.0753441724527098, 0.2398695990736962, -0.06972303434501793], [-0.048026717737191624, 0.28548083373930566, -0.07140481255324173], [-0.21674825815105048, 0.07402099700078202, -0.06872144922265662], [-0.16848940077087574, 0.1704095887856354, -0.07115957873010212], [-0.1402609193256816, 0.22309077816040432, -0.06558763925699644], [-0.1151400047842988, 0.26107574349673335, -0.06209140426521913]]}