{"label": "Z", "timestamp": 1746066770721, "left_hand": [[0.0, 0.0, 0.0], [0.04788468524153693, -0.053664109772682066, -0.015838322326092946], [0.08201141173197923, -0.12847096847915296, -0.023843704147194986], [0.10709317557915647, -0.18668458432848858, -0.032396830854129186], [0.13292077073584105, -0.2295133901212687, -0.040904863111457156], [0.02726644158113851, -0.22079625138779027, -0.004963616485969305], [0.031044974022156297, -0.2970180691451817, -0.018538953264251614], [0.03354665710905031, -0.34206805448274813, -0.031981676848778715], [0.035979490900126164, -0.3822765841684018, -0.04202927899950958], [-0.004249074752820968, -0.22077007048020383, -0.010280708637643753], [-0.003773361170841623, -0.305527816143771, -0.021215764444857226], [0.001107906770293386, -0.3586476875953612, -0.03272887941036727], [0.005621451963964602, -0.4038624395538124, -0.04161672956172168], [-0.03368271128004486, -0.20454866142213685, -0.019152067927553817], [-0.04126156473558417, -0.285864721230889, -0.03080927525180085], [-0.03910021181019989, -0.33698114741293433, -0.040001897672925474], [-0.03513384758508483, -0.38201646278740686, -0.04679358752249716], [-0.0620543982664907, -0.17502776241532947, -0.030222966267743383], [-0.0770743524931487, -0.23768194147379995, -0.042047362217290864], [-0.08411233219877767, -0.28149614469906, -0.04744672002760191], [-0.08897235249425164, -0.32451780208631753, -0.051069595072605896]], "right_hand": [[0.0, 0.0, 0.0], [0.04788468524153693, -0.053664109772682066, -0.015838322326092946], [0.08201141173197923, -0.12847096847915296, -0.023843704147194986], [0.10709317557915647, -0.18668458432848858, -0.032396830854129186], [0.13292077073584105, -0.2295133901212687, -0.040904863111457156], [0.02726644158113851, -0.22079625138779027, -0.004963616485969305], [0.031044974022156297, -0.2970180691451817, -0.018538953264251614], [0.03354665710905031, -0.34206805448274813, -0.031981676848778715], [0.035979490900126164, -0.3822765841684018, -0.04202927899950958], [-0.004249074752820968, -0.22077007048020383, -0.010280708637643753], [-0.003773361170841623, -0.305527816143771, -0.021215764444857226], [0.001107906770293386, -0.3586476875953612, -0.03272887941036727], [0.005621451963964602, -0.4038624395538124, -0.04161672956172168], [-0.03368271128004486, -0.20454866142213685, -0.019152067927553817], [-0.04126156473558417, -0.285864721230889, -0.03080927525180085], [-0.03910021181019989, -0.33698114741293433, -0.040001897672925474], [-0.03513384758508483, -0.38201646278740686, -0.04679358752249716], [-0.0620543982664907, -0.17502776241532947, -0.030222966267743383], [-0.0770743524931487, -0.23768194147379995, -0.042047362217290864], [-0.08411233219877767, -0.28149614469906, -0.04744672002760191], [-0.08897235249425164, -0.32451780208631753, -0.051069595072605896]]}