{"label": "Z", "timestamp": 1746066764615, "left_hand": [[0.0, 0.0, 0.0], [-0.04109623435961833, -0.04589086459702333, 0.012055964587229077], [-0.05816182648911714, -0.10135073481737499, 0.013077374294100346], [-0.06624596736382415, -0.1457620132028298, 0.00921161505021733], [-0.07325228416690806, -0.18378785759117533, 0.0038780654243873833], [-0.050781572392567746, -0.1584213362977776, 0.015892398412143953], [-0.0624845800653366, -0.23001896277419914, 0.005270295556006557], [-0.07267901049163843, -0.2825649987036193, -0.006034966741477068], [-0.07852286249524087, -0.3278726463346456, -0.01493698036125643], [-0.04823527158852215, -0.16296505189016094, 0.0015945887408136423], [-0.0645954629408637, -0.24268679699865842, -0.009757451042865302], [-0.0760664195777686, -0.29908066138566725, -0.021783273607912015], [-0.0826986967901573, -0.35015865023102966, -0.031454522754900245], [-0.048988670225857234, -0.155540523552595, -0.013244177312528123], [-0.06404526752061562, -0.2364881372835454, -0.021675848729567525], [-0.07331754979946016, -0.28940982909989005, -0.02843531208764908], [-0.0778968034494432, -0.3335220313045779, -0.03482054404772974], [-0.05356849674032662, -0.1404372787210909, -0.027786241280029156], [-0.061064121652537884, -0.19616721362786507, -0.034975056340907675], [-0.0666132144184669, -0.23397336448569503, -0.03891000367674432], [-0.07073065745466743, -0.267788000197092, -0.04312880025070631]], "right_hand": [[0.0, 0.0, 0.0], [-0.04109623435961833, -0.04589086459702333, 0.012055964587229077], [-0.05816182648911714, -0.10135073481737499, 0.013077374294100346], [-0.06624596736382415, -0.1457620132028298, 0.00921161505021733], [-0.07325228416690806, -0.18378785759117533, 0.0038780654243873833], [-0.050781572392567746, -0.1584213362977776, 0.015892398412143953], [-0.0624845800653366, -0.23001896277419914, 0.005270295556006557], [-0.07267901049163843, -0.2825649987036193, -0.006034966741477068], [-0.07852286249524087, -0.3278726463346456, -0.01493698036125643], [-0.04823527158852215, -0.16296505189016094, 0.0015945887408136423], [-0.0645954629408637, -0.24268679699865842, -0.009757451042865302], [-0.0760664195777686, -0.29908066138566725, -0.021783273607912015], [-0.0826986967901573, -0.35015865023102966, -0.031454522754900245], [-0.048988670225857234, -0.155540523552595, -0.013244177312528123], [-0.06404526752061562, -0.2364881372835454, -0.021675848729567525], [-0.07331754979946016, -0.28940982909989005, -0.02843531208764908], [-0.0778968034494432, -0.3335220313045779, -0.03482054404772974], [-0.05356849674032662, -0.1404372787210909, -0.027786241280029156], [-0.061064121652537884, -0.19616721362786507, -0.034975056340907675], [-0.0666132144184669, -0.23397336448569503, -0.03891000367674432], [-0.07073065745466743, -0.267788000197092, -0.04312880025070631]]}