{"label": "Z", "timestamp": 1746066795103, "left_hand": [[0.23726367465553513, -0.009270838145854086, -9.524222852112486e-08], [0.18962461162920838, -0.002122167905470875, -0.03631046162250435], [0.13243070994798437, -0.004841338156411937, -0.06669892056325982], [0.08328517164258538, 0.013478614415031412, -0.09369908391462856], [0.043442563709595906, 0.011923747245803352, -0.12204151852657674], [0.17359221421656784, -0.07442274269743256, -0.08470406626145525], [0.1624283210663399, -0.05511935294111606, -0.12260431572613589], [0.15347195776354927, -0.030157734184035768, -0.14540898188823959], [0.15057158354867145, 0.004430151975986165, -0.1576139768110114], [0.22037022034709813, -0.09118720026075361, -0.08417560701988092], [0.2264429679039571, -0.06417467331269835, -0.12325200398849084], [0.23161568425827736, -0.036416949892483175, -0.14371557965223314], [0.23929738971986791, 0.0021090315839914515, -0.15636743890797822], [0.261317824733945, -0.09366624628229873, -0.0834884011286637], [0.27692126329592287, -0.0704010482174472, -0.1253176543196555], [0.29390483663333267, -0.03889503000803718, -0.140764036567475], [0.3089114901786884, -0.0071443478110728865, -0.14664650064408055], [0.29482790469375997, -0.08220625465048863, -0.08406783002200768], [0.31416534263626394, -0.0705569937397158, -0.12207285010216415], [0.3404542611110611, -0.04709165995350129, -0.13300650748558043], [0.3662320221353501, -0.02119895611626732, -0.13644138992830204]], "right_hand": [[-0.23726367465553513, 0.009270838145854086, 9.524222852112486e-08], [-0.18100112367861235, 0.01744945394458355, -0.02708255196104373], [-0.12804858764740734, 0.013052263510544835, -0.05014809423907163], [-0.08383515851393712, 0.022243680036277923, -0.07316240124118231], [-0.04077958503968907, 0.027177141476594273, -0.09977369687743291], [-0.15975928133633868, -0.09425086088343262, -0.058334162606213935], [-0.15337273507061003, -0.06745276506540915, -0.0924231402110778], [-0.14583354903801132, -0.03773970985204172, -0.11960934309325139], [-0.14304307077727477, -0.002461587270755385, -0.13570388448259652], [-0.20857961116834772, -0.1092819035550645, -0.05950497347954221], [-0.21463768902796634, -0.05774371951902731, -0.08737442203836937], [-0.2118220368423359, -0.029853715273326323, -0.10433677562853647], [-0.21696385627876474, 0.014707246835753942, -0.11795929796242195], [-0.2551766185899644, -0.10307103144147334, -0.06213240680897531], [-0.27057050384716574, -0.05538261061899965, -0.0885406388213273], [-0.27462002849352063, -0.032333099361968355, -0.10453724941699634], [-0.2833722234174353, 0.003338098662409992, -0.11582829201713221], [-0.29632426210757506, -0.08509107777890919, -0.06698353080045992], [-0.3256336531334227, -0.044757354944727594, -0.09199771295419523], [-0.3466666062312887, -0.015110174519955517, -0.1031852466535562], [-0.36739383800913594, 0.01816021586815955, -0.11034648574564905]]}