{"label": "Z", "timestamp": 1746080027867, "left_hand": [[0.25001344449485335, -0.02434118896906073, 8.571172878333432e-08], [0.1966954182426118, -0.021095201471164962, -0.020021296958146084], [0.1392713843867194, -0.031863025319303094, -0.03395365273749403], [0.09427347220769809, -0.0350778434494607, -0.04664555141872114], [0.05866449716602052, -0.030802312651886946, -0.0599160985782666], [0.13305245941340965, -0.1368432051626961, -0.023132507503650115], [0.08447054702665853, -0.18009022581724188, -0.04200876009526119], [0.05477679440707662, -0.20618753433610668, -0.056758192374023776], [0.029945463154648574, -0.23119691662605432, -0.06770373429609121], [0.15948634939563072, -0.1676187415783947, -0.028381318208547324], [0.11944233908780093, -0.23573186084772443, -0.04410593872327039], [0.09633414908091827, -0.2782304787433581, -0.05681278349401799], [0.07670019062828955, -0.31475730022417747, -0.06612772320061855], [0.19305448623054391, -0.18083109465372238, -0.0365775946741994], [0.16122205380470322, -0.24901146262908413, -0.054110699475310886], [0.14125668227877686, -0.2933577998490993, -0.06488487944929996], [0.1218598734161458, -0.3331863479267544, -0.07233408998000701], [0.23128705533651908, -0.18176379027507106, -0.04632648781590012], [0.2173718807269117, -0.23959735940783955, -0.06107317687224697], [0.20839263789383045, -0.2766364876140084, -0.06555968731554077], [0.1973301362986575, -0.3105968456191013, -0.06863539623942817]], "right_hand": [[-0.25001344449485335, 0.02434118896906073, -8.571172878333432e-08], [-0.193808276042171, 0.0003904321120824709, -0.015509882577658748], [-0.1559519458540404, -0.061733139310423915, -0.02020762363176678], [-0.15312992536833825, -0.11811796895291336, -0.02628233561362343], [-0.17246725798844853, -0.15101369824119953, -0.028934226613491976], [-0.16068275218050906, -0.12574659219313625, 0.00489536832771444], [-0.1238777520439959, -0.1646992373048176, -0.023126106651346744], [-0.13150820409916258, -0.1237854664638145, -0.045905721229858185], [-0.14664299949206552, -0.08685644484431763, -0.05464283989751035], [-0.18318023726669536, -0.15191192467654185, 0.002193936880372307], [-0.14758853657486756, -0.2167434939486878, -0.009205191525810055], [-0.12394869813676217, -0.25358353974548314, -0.01928283465328662], [-0.1027086227165693, -0.28895462969550084, -0.025461803995758547], [-0.2132808018191609, -0.16329860359893036, -0.0071047360639596], [-0.18565589610477645, -0.23187224630090683, -0.018804635575119678], [-0.16431545452532975, -0.2665276334983449, -0.026994706245497036], [-0.14515726625602074, -0.29615878896294756, -0.03060950310052809], [-0.24721966130945225, -0.16247150216216402, -0.018675492913332713], [-0.2321245432494609, -0.2199820270378452, -0.022655547099735204], [-0.21942597784201875, -0.2536355615792655, -0.020894047951624924], [-0.20773320101840823, -0.2835727254921853, -0.019187899030798723]]}