{"label": "Z", "timestamp": 1746080020329, "left_hand": [[0.234747678490316, -0.041386484375468484, -5.1645754285177014e-08], [0.19596480056630308, -0.04598244109732811, -0.019793999596377766], [0.16726394886440654, -0.08293674729745085, -0.031258442488507], [0.17068585750078777, -0.1368650463103338, -0.04329703425443562], [0.175093665743371, -0.1789084558846317, -0.05409867230775804], [0.12322145677656662, -0.14756498221695383, -0.016614340985279537], [0.07620303763285247, -0.1779751150187172, -0.03440939802350721], [0.04669175771461267, -0.19656801545693983, -0.045339207061044794], [0.02257623287698952, -0.21324927380272796, -0.05223546004333567], [0.1488911455329834, -0.1789650894036606, -0.021691870855946184], [0.11269612612326126, -0.24676777381192153, -0.04070421513993793], [0.09136668695899075, -0.2867308021470642, -0.05269935982359799], [0.07361002166914021, -0.320383248204305, -0.058348681298719667], [0.18240314951809647, -0.18690779773178248, -0.029356180261146305], [0.17332757396018217, -0.23126121315401982, -0.057688527772771454], [0.1838305819125564, -0.18466865760108464, -0.06198953055276483], [0.1904271172019887, -0.14999461333258132, -0.05716640491607267], [0.21824037579543448, -0.18091224309440168, -0.038334401579384836], [0.21427311609503638, -0.19152686455143145, -0.06063039499329646], [0.21791419664690864, -0.15307620904683134, -0.06002020179800356], [0.22058520426942954, -0.12550180729033258, -0.05441101787773066]], "right_hand": [[-0.234747678490316, 0.041386484375468484, 5.1645754285177014e-08], [-0.18023076095605592, 0.007615033125565405, -0.023843629620300875], [-0.1306233022027636, -0.04597547263513269, -0.03492712868210612], [-0.09085145382480157, -0.08456669816385004, -0.04516245615129142], [-0.054060394678313396, -0.09615820353305495, -0.055158759461697314], [-0.17682859629589504, -0.15577798420158795, -0.013857277037690989], [-0.15839630513183187, -0.2306853898315891, -0.025663977968252816], [-0.15039156961620218, -0.27658791014780587, -0.03717557978065266], [-0.1451066209584613, -0.3141601457173537, -0.0457956167286931], [-0.213418111374056, -0.16238857452493982, -0.014320965205047652], [-0.2081295997455316, -0.24715745651706436, -0.022181316743028017], [-0.20599728968357545, -0.29800207321402294, -0.03161313032453146], [-0.20531594533967987, -0.3365289881043436, -0.03902791366535541], [-0.24796493199518924, -0.1528508166961602, -0.01820513731259518], [-0.24767299476753613, -0.23052476087250817, -0.02701849249240939], [-0.24700652238180054, -0.2763389746310734, -0.03573301706343861], [-0.24627695982279849, -0.31256645447627646, -0.04227128744597632], [-0.2828245460182582, -0.12813785449234766, -0.024906219219880243], [-0.30045489316712565, -0.17992451279050428, -0.03382498223286094], [-0.3116099050879653, -0.21372360167013157, -0.03746064697071763], [-0.320344134265372, -0.24465182191969528, -0.03953458139809605]]}