{"label": "Z", "timestamp": 1746066785380, "left_hand": [[0.1870245091282032, -0.04450936213320267, -4.679206446803556e-08], [0.16596779121860847, 0.029330111776549175, -0.017632411287438424], [0.13207205704247701, 0.09559614793888721, -0.029201316592495367], [0.10768130870804829, 0.15150998004441657, -0.04086120753976045], [0.09243250006952046, 0.20044460442080908, -0.05275516334912533], [0.05601981728859386, 0.05160799620922867, -0.010485626211032313], [0.00615863348642348, 0.09262499784750257, -0.027995754566271795], [-0.024523450032790006, 0.11974261322499323, -0.04362266977568101], [-0.05220051628762043, 0.140243776847532, -0.0552928177714391], [0.043341390285454764, 0.014376076047680722, -0.01634004260845335], [-0.018771378071427952, 0.043234182236290566, -0.030773937941614916], [-0.057886138948717546, 0.06324955711908832, -0.04387426411242182], [-0.09125116996412416, 0.07885776403166296, -0.053534590220238286], [0.043663812404893754, -0.02592192177705893, -0.025721607061898855], [-0.016937369093497977, -0.0007350668851828151, -0.04094438575190198], [-0.051194076761025, 0.01732048889722452, -0.049520900144137035], [-0.0810813802216111, 0.034632998074984905, -0.05527434523904324], [0.053955453499951296, -0.06909908529063308, -0.0371923294323219], [0.008981091350702488, -0.05847747761409773, -0.050114850354069124], [-0.01927776899596726, -0.045496940504701065, -0.053883594132437665], [-0.04372559823274459, -0.030044638656565877, -0.05617384097991129]], "right_hand": [[-0.1870245091282032, 0.04450936213320267, 4.679206446803556e-08], [-0.1426237333593449, -0.006435529751828804, -0.02084370559537826], [-0.1145826882642298, -0.07406197336026467, -0.031725928836957705], [-0.09593505802412806, -0.1282745500025855, -0.04197753143052217], [-0.07327640625047314, -0.16653767791088378, -0.051869740931675845], [-0.18102554257396655, -0.16157580544191127, -0.01316649781429667], [-0.19448784747355605, -0.23515485032551559, -0.02526486398284368], [-0.20559209345513488, -0.27513968043274023, -0.0367303554917089], [-0.21653481747883327, -0.3096483503331652, -0.04550601829175218], [-0.21412440331052027, -0.15240638234858325, -0.015168597769165945], [-0.23207707252820048, -0.23140490034097586, -0.02465664872896046], [-0.2446793502084533, -0.2786666335297096, -0.03510207559932704], [-0.25590298108383314, -0.3149203748074916, -0.04345876426523336], [-0.24188155693160887, -0.12910433719413475, -0.020262033271985305], [-0.2633168140786923, -0.2009603015636325, -0.030283218875205], [-0.2739846937648476, -0.24166920312441473, -0.03877645401339623], [-0.282383410680477, -0.2743911723837328, -0.04503817355753344], [-0.2660116275213613, -0.09378941509294372, -0.02781136604865421], [-0.29401594518039736, -0.14341274107545082, -0.037803700302538656], [-0.31149619427925695, -0.1759236519365786, -0.04259860491417827], [-0.3260249731403195, -0.20719569580599212, -0.045718755540011494]]}