{"label": "Z", "timestamp": 1746066773041, "left_hand": [[0.0, 0.0, 0.0], [-0.024954341100327217, -0.1008161137599369, -0.010849042250821532], [-0.019022681458217026, -0.19329311682069086, -0.024402416126346336], [-0.009245550260754147, -0.27284106222321536, -0.03468110425470187], [-0.021191384197540988, -0.3320578414576057, -0.044140909419175846], [0.06235087009192379, -0.19742475763140455, -0.03510110439154542], [0.11476006832791572, -0.2904883588009822, -0.04456292799990956], [0.1437164700281699, -0.3400262914509935, -0.046519627497129824], [0.16260079784686166, -0.3768714271047806, -0.04565333470124205], [0.09924455945513491, -0.1565367149588292, -0.03170193937724446], [0.1498630231463448, -0.24934002293502158, -0.032683883177595754], [0.16656825337849832, -0.29170946460290575, -0.022328123531813623], [0.1724644861374743, -0.3135793791157233, -0.013872995343169211], [0.12073603933795864, -0.11156900571161159, -0.02726227347856533], [0.16621536164230025, -0.20358175001921777, -0.02599029567196565], [0.17605932637666014, -0.24328968878721485, -0.013024676970589481], [0.17534172653948196, -0.2642016115154177, -0.0031754516494883135], [0.13299791661024157, -0.06946578763071573, -0.02326868645601496], [0.1704204327198739, -0.1280498138577539, -0.018912333425333397], [0.185069082410861, -0.15594478615912638, -0.006473325207881398], [0.1930674731180199, -0.17488624121507274, 0.00421099726185867]], "right_hand": [[0.0, 0.0, 0.0], [-0.024954341100327217, -0.1008161137599369, -0.010849042250821532], [-0.019022681458217026, -0.19329311682069086, -0.024402416126346336], [-0.009245550260754147, -0.27284106222321536, -0.03468110425470187], [-0.021191384197540988, -0.3320578414576057, -0.044140909419175846], [0.06235087009192379, -0.19742475763140455, -0.03510110439154542], [0.11476006832791572, -0.2904883588009822, -0.04456292799990956], [0.1437164700281699, -0.3400262914509935, -0.046519627497129824], [0.16260079784686166, -0.3768714271047806, -0.04565333470124205], [0.09924455945513491, -0.1565367149588292, -0.03170193937724446], [0.1498630231463448, -0.24934002293502158, -0.032683883177595754], [0.16656825337849832, -0.29170946460290575, -0.022328123531813623], [0.1724644861374743, -0.3135793791157233, -0.013872995343169211], [0.12073603933795864, -0.11156900571161159, -0.02726227347856533], [0.16621536164230025, -0.20358175001921777, -0.02599029567196565], [0.17605932637666014, -0.24328968878721485, -0.013024676970589481], [0.17534172653948196, -0.2642016115154177, -0.0031754516494883135], [0.13299791661024157, -0.06946578763071573, -0.02326868645601496], [0.1704204327198739, -0.1280498138577539, -0.018912333425333397], [0.185069082410861, -0.15594478615912638, -0.006473325207881398], [0.1930674731180199, -0.17488624121507274, 0.00421099726185867]]}