{"label": "Z", "timestamp": 1746080035887, "left_hand": [[0.09441490498898573, -0.014775544164968967, -2.747037522310013e-07], [0.13316540021720594, -0.08596667301941133, 0.02108385528828815], [0.16317184179650907, -0.15132684694783866, 0.015436488647675559], [0.17283689681936695, -0.2090138877215419, 0.00647459870519856], [0.17027815238069727, -0.2544750232637881, -0.0006496708641063049], [0.18963676831193899, -0.15689450264119856, -0.0470022597488638], [0.2266629499338879, -0.2582940515073399, -0.07904769105379697], [0.21001582475267697, -0.3199382629315382, -0.08353937143023983], [0.1866504745861202, -0.3471557292265562, -0.08039546667456564], [0.1702179429590119, -0.13451071423192287, -0.07022864859794924], [0.2154687939763629, -0.25020233808553644, -0.11704680175120986], [0.1845484872434353, -0.31855956856386625, -0.11933667056648545], [0.15598785169936927, -0.33842131727421404, -0.11156511216543115], [0.14085574999088996, -0.1185755732612891, -0.08913929609798098], [0.1615993775995919, -0.22955662877855207, -0.12372984283065182], [0.12131385408431071, -0.2642590932833971, -0.1096496999380659], [0.09912352353836469, -0.2586593440964834, -0.09029690412093466], [0.10875379436164789, -0.10502120017455045, -0.10511075185096219], [0.11100490141192657, -0.19935366817037373, -0.12854260925112285], [0.08502410700156376, -0.2348966273450991, -0.12274121309559842], [0.06790443144989747, -0.23932457405990532, -0.1114983417105861]], "right_hand": [[-0.09441490498898573, 0.014775544164968967, 2.747037522310013e-07], [-0.11655869411991786, -0.07125221568026496, 0.02349352876403836], [-0.1433874021395882, -0.13743480975334518, 0.020411802714890907], [-0.1540863901977864, -0.19149183463253083, 0.011484438625214859], [-0.15397686091465249, -0.23388078833285597, 0.0006078445860120447], [-0.17079861876598157, -0.15129401253523564, -0.04175963354368226], [-0.22530200350212556, -0.22299877377162658, -0.07555866912966872], [-0.23851676756860513, -0.2830470065680293, -0.0936340425144368], [-0.23998205197568928, -0.33050070740810994, -0.10342784197103445], [-0.15996955066996804, -0.13075246084827818, -0.0696219090136357], [-0.2100472748165301, -0.21068573256040538, -0.11099376608912097], [-0.202414755724426, -0.2828948451927597, -0.12799477760569106], [-0.18078529114981742, -0.32857039880828115, -0.13570026747521013], [-0.13342905041151595, -0.10818761522081265, -0.09327727049435955], [-0.16919399283296663, -0.18328362143916974, -0.1346053256055261], [-0.1547765075474762, -0.24387260815429704, -0.1533212040104897], [-0.1347542816204246, -0.27688887738816703, -0.16062484278514638], [-0.09589619714710734, -0.09061410725361908, -0.11238480260832369], [-0.09985095006175752, -0.15281570427941035, -0.14465240238974447], [-0.0867236973090342, -0.1935173123344472, -0.157360002492554], [-0.0702905612479647, -0.2165615910803781, -0.16365365161588255]]}