{"label": "Z", "timestamp": 1746080030577, "left_hand": [[0.27996843394266074, -0.023712184242308053, 1.7693011018641714e-07], [0.21867810554928555, -0.02838942887560995, -0.020322227946522213], [0.15933219520688446, -0.049294934615363745, -0.03687177300417057], [0.11306946679609041, -0.060138290815090846, -0.052430350070262234], [0.07280498087063944, -0.06521753082976725, -0.0690612776415836], [0.1630377545871832, -0.15901828635417842, -0.029867832790152638], [0.11341170846659611, -0.21561343090667895, -0.05314278976760049], [0.0836161250626082, -0.2482481448833679, -0.07017040952389712], [0.057473461904289515, -0.2777639464855523, -0.08258033648711584], [0.1967843720755795, -0.18523694017036604, -0.03802822991278759], [0.1587082512354677, -0.26345166694897076, -0.060082344157845344], [0.13420595620123332, -0.3106955958128917, -0.07714769190087113], [0.11072039085361544, -0.3515370607770386, -0.08921847072481703], [0.2345374125885541, -0.19118996363126786, -0.04886759507530684], [0.20613794474033653, -0.2682637393491636, -0.07347564850357707], [0.18744546504037102, -0.3157323447848137, -0.08781825774055303], [0.16723653305646474, -0.3597310011624951, -0.0970268327226905], [0.27412780332725717, -0.1829054542538079, -0.06074072617007694], [0.26283378455286216, -0.24449476944006204, -0.08268874102338795], [0.2553434888517855, -0.28497500598116277, -0.09031211312711261], [0.24469130960867297, -0.3233935867303152, -0.09491333436676531]], "right_hand": [[-0.27996843394266074, 0.023712184242308053, -1.7693011018641714e-07], [-0.21225950290985207, -0.018426359630449727, -0.0022027858632117066], [-0.17030809858081233, -0.06957959537089702, -0.01286960294455931], [-0.14319001829054287, -0.11119048211385714, -0.029988633275209817], [-0.12659688417751114, -0.15521059133952395, -0.046999609615234965], [-0.19737854831082935, -0.17868572488517132, 0.0013263236548583322], [-0.14771152790530576, -0.224874252194083, -0.02447989436779207], [-0.11622887333075463, -0.25785411041379247, -0.04108284921489645], [-0.08981880249556397, -0.28871026762606794, -0.051618682767046425], [-0.22862595265663313, -0.18645754829633107, -0.013018140183417555], [-0.15853218729739826, -0.15640950655511515, -0.04965292644331778], [-0.17285326184693822, -0.09329605708849005, -0.057798357858418664], [-0.19490456354287683, -0.07268753034709372, -0.055405454162162734], [-0.25429561652623195, -0.17074546497273857, -0.029770902144855414], [-0.1849283563379127, -0.12740892248623636, -0.06443128165109797], [-0.20217598781725396, -0.07436539185148212, -0.056489144887264676], [-0.22273968836357194, -0.06313374565037526, -0.04291201276758274], [-0.2763076680216601, -0.13998788610669918, -0.047487585523415664], [-0.22069572080488126, -0.10573670112550272, -0.067372624241642], [-0.22958011335527997, -0.06859010185344208, -0.05901499949901102], [-0.24862089084509598, -0.06370688369085611, -0.047545238688385595]]}