{"label": "Z", "timestamp": 1746080028020, "left_hand": [[0.24917079569199452, -0.022283192792263977, 9.29224630039444e-08], [0.19557388117393604, -0.020464720107871964, -0.019654633726207113], [0.13840993664396617, -0.03320947761769841, -0.033401232003376254], [0.09387551802430859, -0.03731527180458129, -0.04599475794186542], [0.05787572445563848, -0.033689932781159115, -0.05916999499922372], [0.13211383098800947, -0.13816490609508522, -0.022110434156042805], [0.08404149725009566, -0.18177200544880043, -0.04094564862782365], [0.054834347013528684, -0.20793583725034726, -0.05581374592404823], [0.030065019587814216, -0.23270629362091774, -0.06693979952235989], [0.15818346521525425, -0.16883168300023166, -0.027705061508142052], [0.11859774666287204, -0.23693185499278896, -0.043800321862857115], [0.09534694909875097, -0.2793563350947011, -0.057124747992635554], [0.07524337250850381, -0.31536698237882904, -0.0667668679473757], [0.19157456431242068, -0.1816736486039762, -0.03623491082529782], [0.16006492113898196, -0.24980923381412223, -0.054174022841858904], [0.14056824153606942, -0.29371944495865293, -0.06543417330241026], [0.12143072484577112, -0.3331668182510478, -0.0731259766487182], [0.22963826713839092, -0.18160508005851075, -0.04626927969935356], [0.2156493331730333, -0.23858300616588918, -0.06173999340033368], [0.20651644657255724, -0.2757063573449476, -0.06685528710655946], [0.19559253847313549, -0.3098956600674182, -0.07023585305975204]], "right_hand": [[-0.24917079569199452, 0.022283192792263977, -9.29224630039444e-08], [-0.1942346554839483, 0.000560828114789077, -0.016044531744706776], [-0.15698056456814308, -0.061301943354324394, -0.020230723640480657], [-0.15180791749232414, -0.11623398370999875, -0.02554913829356401], [-0.1643497026006688, -0.15407158066796392, -0.02711400936089189], [-0.1580051513461539, -0.1263928237059429, 0.004700533408853888], [-0.12293438036373523, -0.1637067090870168, -0.02232168301071246], [-0.1341841772115939, -0.12452012205636186, -0.044355173502026835], [-0.152273201221404, -0.08889406865318368, -0.05274440233918938], [-0.1808422599417201, -0.15254077105530509, 0.0027655541104721704], [-0.14671005806170379, -0.2161826407812007, -0.008312542541673724], [-0.12307589459173947, -0.25240760933352097, -0.01773229563930527], [-0.10123851618130157, -0.2872778440586208, -0.0234101641063638], [-0.211436705151881, -0.16405834570059094, -0.005759494405819726], [-0.18600030995861125, -0.2313827939347138, -0.017328692901766668], [-0.16575666498201755, -0.26518601732247676, -0.02464692814764295], [-0.14724436587540152, -0.2948196314299167, -0.027621970176436698], [-0.24604623283944135, -0.16331347976822097, -0.01658875248648234], [-0.2319161906701067, -0.2205573615164169, -0.02112457315750091], [-0.21977568603992576, -0.2543021372503183, -0.019077846886545482], [-0.20830551717556756, -0.28500490174850657, -0.016927908812733712]]}