{"label": "Z", "timestamp": 1746080036516, "left_hand": [[0.11635619044367375, -0.016501973195631146, 5.447684846642074e-08], [0.16810450508781272, -0.06324549504810795, -0.01266054011312552], [0.20770625019126293, -0.12683763736801695, -0.031777705882405305], [0.2269114875487031, -0.1940351061674034, -0.046807717483853456], [0.23543887912120187, -0.25320190964012423, -0.061053364709852745], [0.1679055434900062, -0.15958647491900038, -0.066195814612963], [0.16832434981691977, -0.28447897356628604, -0.09257638257415886], [0.15930745425799306, -0.342736174767238, -0.0995961010212737], [0.14999730531571218, -0.35767498416404975, -0.0966977087776474], [0.12037418115262344, -0.15810396321347958, -0.06530639654416519], [0.11174567794845251, -0.29312594542207365, -0.08647462706420926], [0.10924563249336622, -0.34120694076187036, -0.08093417983672377], [0.1067355055266176, -0.3425189033651624, -0.07214922787988122], [0.07891099929081484, -0.15063241937079244, -0.06209877087401409], [0.07426812429597168, -0.27508885027938973, -0.07331994342166893], [0.08701183278583616, -0.2808054062662707, -0.05429491308519284], [0.09492874223195905, -0.2529226348233607, -0.037088391011380645], [0.04751801916018262, -0.14031077287815566, -0.05935688033217528], [0.05206202756586666, -0.22635564890990875, -0.06449488780446375], [0.06778461095548527, -0.2319278232476257, -0.050108517713207276], [0.07751992011858451, -0.21589673712928137, -0.03485118761494653]], "right_hand": [[-0.11635619044367375, 0.016501973195631146, -5.447684846642074e-08], [-0.16886794662012414, -0.04175052612383127, -0.012316672669907821], [-0.19575377092972032, -0.11936393320140215, -0.028693303394715163], [-0.2093041486100954, -0.18927862354954192, -0.0397743937614149], [-0.2372301053519119, -0.2300671065972432, -0.05163703690551062], [-0.14796893058482763, -0.1334270912995432, -0.06864389580573098], [-0.14627792644064305, -0.24218410935162815, -0.09549721465309238], [-0.1475601634102837, -0.3104683058052037, -0.10973328338403014], [-0.14944599912123663, -0.3598740668445107, -0.11618897725903658], [-0.10353153334546177, -0.12034632991767394, -0.0678134683469279], [-0.07753540244006595, -0.23923950311966738, -0.08493487206951755], [-0.06985572621270297, -0.3029722782913366, -0.08567570962426255], [-0.07037293317655596, -0.3360370738065608, -0.08538356287743015], [-0.06818920573969836, -0.10768522204857223, -0.06402707707080921], [-0.040046729473251656, -0.22026067618170259, -0.07727820223300165], [-0.04005778524864606, -0.2732338733131679, -0.07376231210514622], [-0.04824282901755269, -0.29061857180935047, -0.06916768963959864], [-0.043412598871102506, -0.09623046447624115, -0.059456059321118054], [-0.023647244586305387, -0.18183787491264683, -0.07004010574728946], [-0.019750676789876964, -0.21848059044497234, -0.06536214137335689], [-0.02332412790159854, -0.23371409344108998, -0.05879986622300854]]}