{"label": "Z", "timestamp": 1746066780463, "left_hand": [[0.17238281253527332, -0.03053430349670671, 1.1645612372895383e-07], [0.11986588471036314, -0.052319503658497364, -0.01466272690167212], [0.06564857646114092, -0.09688496377198129, -0.02828459934992601], [0.022810878521869183, -0.123144455593578, -0.04250836864351698], [-0.013942384633674339, -0.13718823143534917, -0.05657925012129653], [0.09275257218900383, -0.20620668773005096, -0.01669236767431199], [0.0699930453834011, -0.2813009181272027, -0.03427157413126393], [0.053278061738668836, -0.322555329802678, -0.04785902665917855], [0.03619495539879303, -0.35485459703636063, -0.05756636001815704], [0.11576216523131468, -0.21457369317957892, -0.024394895475004463], [0.0888373318797954, -0.29008219283121073, -0.04481110382481827], [0.059862104106038865, -0.3292189804525054, -0.05810892108167421], [0.030670053114622346, -0.3571369489980877, -0.06599417066749325], [0.14473944882335446, -0.21116785839646857, -0.03491187131106315], [0.114342819540403, -0.2771405980341433, -0.056905408972493625], [0.08048086796657088, -0.3051843432919268, -0.06707238174583073], [0.049749927638113006, -0.32636826034668437, -0.07147367545377632], [0.1774473427464419, -0.19854487169248883, -0.04673908684377275], [0.17185700420372385, -0.2688648359237396, -0.06366596739692779], [0.16615683247570331, -0.3145771364535696, -0.07054087524576534], [0.1585559911336058, -0.35545301512004157, -0.07410374502066538]], "right_hand": [[-0.17238281253527332, 0.03053430349670671, -1.1645612372895383e-07], [-0.1153840696304567, -0.006438888474328935, 0.018167348785421766], [-0.04829213377122328, -0.00019025067282875776, 0.019647527014150807], [-0.0016147796502630762, 0.02628322121348305, 0.0154146901181909], [0.03343639718920148, 0.052748338604218285, 0.01147932493359407], [-0.0111241639530543, -0.023447897874379037, 0.006975966819077933], [0.042015939256564785, 0.016834767865341892, 0.0003409246909506054], [0.06009926680245858, 0.052368537111593366, -0.002801598739554345], [0.06703288575960845, 0.07814123740820761, -0.0046213340068707864], [-0.016265262460069922, -0.0008807869119246536, -0.008571497255785671], [0.03190616853343846, 0.06723420285851507, -0.011213661157894215], [0.025835774551176627, 0.11000952639625701, -0.01017192445127879], [0.012412024755467706, 0.13162387493646607, -0.010350983626638114], [-0.031113519362805896, 0.030287692784347005, -0.022986419376505227], [0.008555440878553408, 0.10243654795301955, -0.022101246081022784], [-0.002200687860986426, 0.13449344733335258, -0.017043010446446176], [-0.01718165439502771, 0.14639046773846145, -0.01591537361458232], [-0.05150986118141717, 0.06419220417072365, -0.03676853766571594], [-0.03232660524276827, 0.12196174770931159, -0.029484210325210074], [-0.042699433224520224, 0.138344257422748, -0.022747554889019937], [-0.053855046823226636, 0.13876906821353152, -0.0198946340734675]]}