{"label": "Z", "timestamp": 1746080071311, "left_hand": [[0.1657160235983991, -0.12326763505056754, -2.2581392481168573e-07], [0.1271432134254493, -0.19618675198350255, 0.0022619186775817276], [0.0633264817863585, -0.2261917102137552, -0.0029560891969931703], [0.006012548094609604, -0.2172197422559017, -0.008588608891872122], [-0.031136165704092004, -0.19400934950435253, -0.015567525855107435], [0.03915772049959882, -0.2547419354210713, -0.025840605888264156], [-0.0383478381525751, -0.24443976987825047, -0.04221791254749243], [-0.08627460112828059, -0.23844761800555767, -0.052086766808852596], [-0.12602082879864238, -0.23524329537396643, -0.0599966871999108], [0.03762779227677408, -0.21014003167058773, -0.03441314430726275], [-0.035489066450802347, -0.15796368200586866, -0.04826503530614744], [-0.02923737053842773, -0.14278855437327242, -0.046557116194448224], [-0.0164858811014417, -0.14841664214791317, -0.04633237162156895], [0.04363202531410848, -0.15893233328366374, -0.04123713514450434], [-0.013939146205507968, -0.11980031964052643, -0.05400201224686158], [0.010382967587945574, -0.1192841936680802, -0.04190953870422535], [0.035120664981906975, -0.13164366941245806, -0.03355099399683894], [0.053741696223113006, -0.10962501690539546, -0.04790100823443184], [0.016559891458562997, -0.09291433304683147, -0.05727715568116128], [0.03728643061245304, -0.09407057032412267, -0.0481835086027233], [0.056822964470193804, -0.10312615432867236, -0.04025094131743876]], "right_hand": [[-0.1657160235983991, 0.12326763505056754, 2.2581392481168573e-07], [-0.11842975276985651, 0.07025252249638032, -0.01204094582644309], [-0.09316105539514234, -0.007958186865381522, -0.017572766448638272], [-0.07507711761177625, -0.06829825129973491, -0.024175081931819886], [-0.05442733934285936, -0.11453259333029103, -0.031291133866376435], [-0.12770444805466583, -0.09044105840244866, -0.008060513494978291], [-0.12303504618383386, -0.16973970731914964, -0.023761600898275698], [-0.11887176259564869, -0.21124692870979805, -0.037347349235372466], [-0.1152561091027667, -0.24706379460682118, -0.04686236660176047], [-0.1582546032209681, -0.09037542657632223, -0.015128910550947814], [-0.155481838409332, -0.17898359669201824, -0.027579508109371455], [-0.15176627728170822, -0.2331268065077816, -0.039435240546113054], [-0.14938931342795325, -0.28070973234409935, -0.04858956056632918], [-0.1875713159089684, -0.07317108644207097, -0.025033616884961512], [-0.19041716012983745, -0.1551891187721756, -0.037786412822677175], [-0.18758068886157123, -0.20830621243594674, -0.047630197609510726], [-0.18422263288096818, -0.25589986533088677, -0.055235354225107405], [-0.21732648389446002, -0.042266282446132585, -0.03650116785491929], [-0.2297740400038167, -0.1049056612171926, -0.04942099753065345], [-0.23609803248288186, -0.14803761940992835, -0.05484540871786476], [-0.2420221616860078, -0.1890217961926878, -0.05863712773012493]]}