{"label": "Z", "timestamp": 1746066755871, "left_hand": [[0.1720943570130132, -0.019577809784539418, 2.630493018559065e-07], [0.12994233471530597, -0.07227355211073523, 0.0025602255008004187], [0.10298422297664084, -0.13239646167703084, -0.00728007143802041], [0.06559320878805786, -0.1690178392163945, -0.021753934720831158], [0.030660153739466015, -0.19653168443034533, -0.0368271527978215], [0.18045526830102945, -0.21965624282700094, 3.310867714107662e-05], [0.180086748005164, -0.3063654075867821, -0.011699062567991025], [0.17742843356852178, -0.3601736763481288, -0.021985320799215623], [0.1744740044630217, -0.40382635711268566, -0.030617398148465005], [0.1887210063146914, -0.21892289916018579, -0.01566755226053468], [0.19135659818843712, -0.3225750257241888, -0.029820378331310602], [0.18561527379434858, -0.38483919871010525, -0.04073242422897316], [0.17839572044738072, -0.4339890490287385, -0.04914584481257184], [0.1854956647479905, -0.20669529745926926, -0.03289943776380886], [0.16999720872790475, -0.30924562768726693, -0.048190308068544074], [0.1502807868012515, -0.3683915234045748, -0.05990351873500052], [0.13270443355628908, -0.4114380550074193, -0.0682711926905455], [0.16953126093517545, -0.19026537415600173, -0.04991875571998633], [0.14461899137730083, -0.26389982293799286, -0.06335368518369396], [0.12454640229413463, -0.3075245964278812, -0.07112353932969946], [0.10718054834711636, -0.34590199075997924, -0.0771842983245074]], "right_hand": [[-0.1720943570130132, 0.019577809784539418, -2.630493018559065e-07], [-0.12525332647313758, -0.05334241113751779, -0.006836673619276748], [-0.10178750133075729, -0.1180974774542903, -0.018653441858934038], [-0.08452511619692854, -0.1691310011863752, -0.033509204952649085], [-0.07406133089862951, -0.21801408681322523, -0.04365830360638948], [-0.18746224846534434, -0.18873813840576417, -0.0018364482979919962], [-0.11708898338795633, -0.22562734012149052, -0.029524768044739254], [-0.107781231019243, -0.17210249475627276, -0.044477874101974055], [-0.12220505408456384, -0.1473901972772226, -0.05220249727332492], [-0.2043712165941218, -0.17706856948709312, -0.011720604481848158], [-0.11722725739669371, -0.2092100404642766, -0.03818222512166832], [-0.11476073221116617, -0.1471358758936923, -0.0418736807300086], [-0.13455116026280878, -0.12798215298987933, -0.0399102782841714], [-0.2087430331869678, -0.15569993771427149, -0.025251379259995738], [-0.12431996564304776, -0.16655699467159107, -0.04780666757519566], [-0.12565074590157577, -0.11120622907361702, -0.04080218396231012], [-0.14594343727057693, -0.0959828332841497, -0.031992902181582995], [-0.20372422092053594, -0.12812457476803432, -0.040333356400324843], [-0.13752533635749276, -0.13323426601493973, -0.050354209517717345], [-0.13720020984493664, -0.09475509353653438, -0.043948802443420365], [-0.1548583462825465, -0.08126095691861275, -0.037017659959883875]]}