{"label": "Z", "timestamp": 1746080035807, "left_hand": [[0.09109457697924567, -0.014053950575878656, -2.3740383561222838e-07], [0.1331391805919067, -0.08152764261012138, 0.019467188257633945], [0.16321705323758823, -0.1435132164469198, 0.011527589157070379], [0.17388206054754168, -0.20195655712139043, -0.0005712579228026794], [0.16818956884478783, -0.2473469710713088, -0.011262050459640894], [0.18978342102564966, -0.15364543050665222, -0.04419626602758034], [0.2250870589557276, -0.2582086356244233, -0.07592916457877312], [0.2102040497328085, -0.3216586974124782, -0.08111327669869844], [0.1879787533552706, -0.3497025828906646, -0.07866477485881371], [0.17110866011781448, -0.13321765204773048, -0.06837709765163057], [0.2178027512088471, -0.25110627538551955, -0.11522567026435959], [0.18856362649128355, -0.3217194507676219, -0.11944763775002433], [0.16150373048317432, -0.3440710398914632, -0.11308824611439318], [0.14162601407381345, -0.1190052739122972, -0.08847946473113667], [0.16548043804156307, -0.23226771483688716, -0.1229476072841035], [0.1239030687531224, -0.2668589366548323, -0.10849550734878437], [0.10042648767771625, -0.25987487941231113, -0.08871490840086935], [0.10867175331727377, -0.10625867302761867, -0.10597803286945481], [0.11342704149386335, -0.2040117395912428, -0.12676935471719422], [0.08772098809825386, -0.2378985545818168, -0.11800221580346884], [0.07039198237879318, -0.23964194145634843, -0.10493995142497489]], "right_hand": [[-0.09109457697924567, 0.014053950575878656, 2.3740383561222838e-07], [-0.11043502665982348, -0.07378340656951045, 0.021824204774884687], [-0.14156108026272105, -0.1401935046570811, 0.018988025471199876], [-0.15823272881907535, -0.19505058063787542, 0.010678884564740242], [-0.1643568428311213, -0.23592922773764166, 0.0009857180378424792], [-0.170579422208634, -0.15212343198383851, -0.03769998643632231], [-0.22477381778218158, -0.2225432124412071, -0.06887092377800183], [-0.23929997429928512, -0.28118137408379584, -0.0858369282004793], [-0.2434169029455263, -0.32798376633267934, -0.09539316724422059], [-0.16065290025597068, -0.1314924130403784, -0.06385431315122089], [-0.21199517975845625, -0.20988998809594545, -0.10047251889620493], [-0.20573160651735226, -0.2810449036853928, -0.11442245621180633], [-0.18580197626834696, -0.3272961985381487, -0.12079151759367415], [-0.13525046712477273, -0.1094425395339626, -0.08623899429551667], [-0.17211531000331493, -0.18397975654343524, -0.12218953824882899], [-0.1560716968139028, -0.24444714115139202, -0.13649360315994286], [-0.13373239510497636, -0.27818795274121244, -0.1418285389026094], [-0.09910884312537122, -0.09292524552283896, -0.10491351101784084], [-0.10305134517737524, -0.15297507290693876, -0.1341240269609324], [-0.08917398956307164, -0.19394924537861896, -0.14483789090793223], [-0.07086753854522938, -0.218074226892587, -0.14983371158030429]]}