{"label": "Z", "timestamp": 1746080001543, "left_hand": [[0.1799497314253601, 0.0005121224222054815, -3.9255827438917265e-08], [0.13335618159010268, -0.04373375597955186, -0.017815429559092693], [0.09847672492668354, -0.10046301493855198, -0.02727643775070445], [0.07951797400415576, -0.1497759131316877, -0.035908887533104394], [0.06382959416668388, -0.19229199866838123, -0.04404135152874378], [0.14421528427259223, -0.18363179276709024, -0.009923857139653361], [0.13747100650584054, -0.25460861769270704, -0.02342487857918498], [0.13345275526091085, -0.29713345904434896, -0.03614936868047874], [0.13172132995577193, -0.3363913611451839, -0.04603074410427773], [0.176588685714313, -0.1868476255132725, -0.01383209143062775], [0.1778179501917958, -0.266918161932404, -0.023809023728398365], [0.1780865607859761, -0.31477535023899894, -0.034434186617848715], [0.1781665874505682, -0.3564189707573577, -0.04295365948925373], [0.2069844973077475, -0.17447536218387089, -0.02105341154902158], [0.2104317655354901, -0.2501795109615961, -0.03262220364133186], [0.20950557839831924, -0.2972069930495514, -0.04042942482126414], [0.20778413323818506, -0.33958274439115005, -0.046673753902166056], [0.237073929579809, -0.149149464252857, -0.03036517437052607], [0.25065078528101253, -0.20479303925916403, -0.04070543240953486], [0.2589510752466484, -0.2409017975009768, -0.04396210398327843], [0.26567951092448916, -0.27530632540526584, -0.04640269001025922]], "right_hand": [[-0.1799497314253601, -0.0005121224222054815, 3.9255827438917265e-08], [-0.13775816755542003, -0.0682119723006443, 0.021530420250789797], [-0.1356324430455436, -0.12539219283039874, 0.024434092889935227], [-0.13264265687362817, -0.1654432567527369, 0.01962569891011853], [-0.1262335487350291, -0.1992362132434254, 0.01350116403257074], [-0.197209659468113, -0.1766872813847597, 0.011416854573776438], [-0.18740239543244072, -0.2625996715668384, 0.0006298462797024987], [-0.16845348552650222, -0.3107095727273365, -0.007770930705740911], [-0.1513864543942178, -0.345815307845715, -0.0136241257533578], [-0.20159286309733868, -0.17276927680080723, -0.00911837607665987], [-0.1863723164698067, -0.2774179237433558, -0.019821914060470073], [-0.16108764692591754, -0.32899657455894876, -0.02723353982259382], [-0.13807978607590352, -0.36097984137316913, -0.032433615074129826], [-0.19470318686116814, -0.16064269570271253, -0.028804327459203465], [-0.17004776731487495, -0.25298853222087403, -0.03856616606721699], [-0.14037049833610038, -0.29851068195409575, -0.043575187859789796], [-0.11595151361909758, -0.3255074936047364, -0.047172153624989985], [-0.17490693852873307, -0.14031840865733947, -0.04713483938395451], [-0.14608215572782837, -0.20654064056141105, -0.05380614429677962], [-0.12064049367989584, -0.23995741236705934, -0.0544652605275683], [-0.098709050830103, -0.2615053802028401, -0.05514537587386886]]}