{"label": "Z", "timestamp": 1746080020745, "left_hand": [[0.23805837706873453, -0.035456857956941014, -4.5620518342940354e-08], [0.19995259970996407, -0.03279865794913955, -0.01865562245069115], [0.16659052105679245, -0.061680763411260456, -0.030973873332476153], [0.16574151168435394, -0.10701408131986422, -0.044327573633883434], [0.17031776872009965, -0.14699039900400215, -0.05664921437911295], [0.1248377976990201, -0.126129863200563, -0.019489549617292764], [0.0759842580236977, -0.15382764611194674, -0.039741093277980116], [0.04609633025538783, -0.17001945096792315, -0.05086125212048314], [0.022020758085825817, -0.1852480461527106, -0.057163130377078465], [0.14963831219276305, -0.16018038697379822, -0.025570074431264054], [0.11216474925092465, -0.22715336221078083, -0.04763186500680986], [0.08940772650163202, -0.26535774845026877, -0.060282210161980064], [0.0709391643123632, -0.2991887419315005, -0.06535184863384583], [0.1825507406020607, -0.1729824456139637, -0.03388076671541582], [0.16979106013948111, -0.20600905478389397, -0.06429373255526925], [0.1827867610655176, -0.1533956778647142, -0.06691569912354416], [0.19212504356139218, -0.11982831220744143, -0.059801186585391186], [0.2176937968484403, -0.17256479880710482, -0.043345421757452596], [0.21020272616523722, -0.1693795971469173, -0.0658930838050753], [0.21665800306949118, -0.12445771292370063, -0.06361951118499014], [0.222579381365763, -0.09797465387440663, -0.05614850126427501]], "right_hand": [[-0.23805837706873453, 0.035456857956941014, 4.5620518342940354e-08], [-0.18304634449908455, 0.0006602516160264828, -0.023537018484002796], [-0.1327454992069546, -0.05481120025641539, -0.034649787033434416], [-0.09163305950878049, -0.09443864530847661, -0.04493037829894309], [-0.053420330492976655, -0.10569420330758199, -0.05515772330881965], [-0.17989005925329407, -0.15933677012188238, -0.013657011142820486], [-0.16202186434888488, -0.23412251115223517, -0.025319896159170335], [-0.1540962268487771, -0.2800682709025211, -0.03667551618650723], [-0.14876089439699122, -0.31729901411589573, -0.045066876474673716], [-0.21635018002298753, -0.1653014839635141, -0.014072898297941776], [-0.21106918307690314, -0.25031222542960313, -0.021721641592080072], [-0.2089897021193992, -0.3009121406914463, -0.03092343568128294], [-0.2082636363534427, -0.33925184793506524, -0.038140252246689085], [-0.25087833262483766, -0.15570025747780483, -0.01788257361700128], [-0.2504795401016904, -0.23318952694933823, -0.026282971505799203], [-0.24907795368061866, -0.2787861014576621, -0.034648810127542624], [-0.2474492073325286, -0.314742842159433, -0.04096524916645511], [-0.2858230281298889, -0.13188977849103947, -0.024490080545240798], [-0.30291444608349866, -0.18402628856819994, -0.03244604608875928], [-0.3136004777167483, -0.21828620235028184, -0.035493804416765876], [-0.32175737814862, -0.24959126888146071, -0.03735818046595615]]}