{"label": "Z", "timestamp": 1746066788086, "left_hand": [[0.2737295441263681, 0.10058120023411642, -1.9743338591533103e-07], [0.2460765639634106, 0.015469179285476017, 0.019492172810615268], [0.23889466311867322, -0.07376962485424106, 0.019745757804507515], [0.23620010839217234, -0.13800164003559937, 0.014055427274018536], [0.22890033857899383, -0.19086970640923046, 0.006816796083131421], [0.27314129472067206, -0.13129945822436181, -0.0011178505405441406], [0.24277382288673766, -0.2401014165171668, -0.01823810264953179], [0.22618825686833813, -0.3077304898586811, -0.03041283878989565], [0.21238488049721357, -0.3656815733385978, -0.03932009663948084], [0.2779460983394127, -0.12276050324552513, -0.02423405311974217], [0.23859873094558426, -0.2495780925341988, -0.0406439350846633], [0.21770530608105865, -0.32655783930821974, -0.052117903373592005], [0.20063287330593366, -0.3927525480839644, -0.0619271744543962], [0.2680645489884044, -0.10623233810023264, -0.04633233490830398], [0.23317336254411225, -0.22985371751279934, -0.058379062446034025], [0.21492404755481692, -0.30507832852510475, -0.06738055864460318], [0.20283563181141553, -0.36696219339023445, -0.07602506577762533], [0.24566659684966438, -0.08461307700439574, -0.06706349823983385], [0.22534838569636959, -0.16783144424467208, -0.07819965102537395], [0.2117134874604332, -0.2242879141507869, -0.08530694579732423], [0.2007966958359557, -0.2744231950637294, -0.09210254780340257]], "right_hand": [[-0.2737295441263681, -0.10058120023411642, 1.9743338591533103e-07], [-0.23857793134485678, -0.009398160605201001, -0.01132765867418006], [-0.18430150332960446, 0.05601024384389829, -0.01616795700326348], [-0.14559344637577928, 0.1071620898378201, -0.02344535081411232], [-0.11771839384639779, 0.15256897382857193, -0.03142445386714682], [-0.09365986950264, 0.005897255063927671, -0.0016188978512588323], [-0.024565567671695855, 0.052239039343862426, -0.019933925659107007], [0.017617008496475815, 0.08241344049296646, -0.03604554251349749], [0.0547843203064854, 0.10609546330834864, -0.04688341136069193], [-0.08490196415143185, -0.03143587844773411, -0.011542227300512834], [-0.007403856821032287, 0.014606249174978797, -0.026727576418902495], [0.041791046620178934, 0.04597823628828605, -0.0404286749640338], [0.08408927349785963, 0.07007970174322314, -0.05037618670912], [-0.08713260151608496, -0.07417285503345276, -0.025236103666968233], [-0.013139069439266144, -0.03994626991958099, -0.040392751492994615], [0.033479285173449044, -0.013332420829702133, -0.05051371876290982], [0.07132584977719593, 0.008679225623900683, -0.057159023456621535], [-0.09890572324608889, -0.12510966684052519, -0.04079801507622741], [-0.03683659268126023, -0.11504709660629298, -0.054018143393970486], [0.003898172437985495, -0.09885167030081456, -0.058155100451630776], [0.03781568014065221, -0.08172665657322513, -0.06053683958983731]]}