{"label": "Z", "timestamp": 1746080029701, "left_hand": [[0.26768146905874396, -0.015100579669390176, 7.990441404046785e-08], [0.21006018272230187, -0.014835883515138162, -0.02065865514487823], [0.14801895297186352, -0.032156642016251145, -0.035304319254299214], [0.10010498679286246, -0.039698458214703296, -0.04882610544669792], [0.06128888498236321, -0.03708655405414887, -0.06326315202342574], [0.14597429792417163, -0.14345073707412964, -0.025909156227678035], [0.09456467146921567, -0.1924831371011246, -0.047163167792783275], [0.06261826607466664, -0.22206463352624112, -0.06339075184949312], [0.034802903703173065, -0.25012177985640227, -0.07554926240461665], [0.1754596664911218, -0.17514950125700457, -0.03264485721409415], [0.13310845408294703, -0.2504602084896779, -0.051383151695361944], [0.10738464785123455, -0.2973844711827188, -0.066439220548706], [0.08424785245479868, -0.33828355859367343, -0.07730760114357646], [0.21241833000995478, -0.18728956254185838, -0.04225706968749079], [0.1795678403866296, -0.26134085270803087, -0.06304107707510467], [0.15877963117367414, -0.31075175617655587, -0.07548503181121484], [0.13790847292181707, -0.3559925323786178, -0.08377731393463617], [0.2537943097925385, -0.18627767901693956, -0.05332321601565372], [0.23888157136570773, -0.2494736920384419, -0.07079473417963023], [0.22989172163353264, -0.290806883726452, -0.07609300713638857], [0.2185973443195367, -0.3291519504183287, -0.07957425577052497]], "right_hand": [[-0.26768146905874396, 0.015100579669390176, -7.990441404046785e-08], [-0.21989130195156154, 0.00013826993218777844, -0.012645397373206094], [-0.1745581878785728, -0.048861053842534884, -0.020035105340892027], [-0.16636298649363232, -0.09568862879293083, -0.02953904342386491], [-0.1735439571456477, -0.1327882109282156, -0.037950414052578485], [-0.18104664603265533, -0.14011356717364618, -0.005318830512178232], [-0.14734909426129425, -0.21138703356744254, -0.023524917784973433], [-0.12226831535321663, -0.2501185928216781, -0.033783756454831074], [-0.10316981596255964, -0.2836239750127801, -0.0406110496967867], [-0.20854946366099777, -0.15354476513411355, -0.011480611550592322], [-0.16548825313194415, -0.195494626507229, -0.04511273624465387], [-0.16324977038457586, -0.13491241263990086, -0.052792294791842845], [-0.17626686917108736, -0.0916054343587745, -0.04893815232797126], [-0.2394181560363595, -0.15893223199511142, -0.02002930192293149], [-0.19442947858778187, -0.19701355002954596, -0.05363537852997814], [-0.19591067450985072, -0.13407990748830775, -0.04783014094488607], [-0.2119375399809941, -0.09747112870054266, -0.03500341095634447], [-0.2743822311002956, -0.1534476467111005, -0.029701991341146473], [-0.23486833019034473, -0.15375411886106102, -0.055792247347586005], [-0.23569810052160026, -0.10763010336004042, -0.052955851045144386], [-0.25198670121946476, -0.08415815250112664, -0.044557290465630346]]}