{"label": "Z", "timestamp": 1746080020500, "left_hand": [[0.23922469004076402, -0.03782255090788114, -4.702440739523947e-08], [0.20263331274987137, -0.0414774916545759, -0.01902118164929957], [0.17374196780876155, -0.07586178915610246, -0.030772306189744345], [0.17496990845611843, -0.1260487246544756, -0.04315710992252337], [0.1779559967704185, -0.16850200491889705, -0.05446032611426197], [0.12688099390487123, -0.1384211622784137, -0.018449498323480838], [0.07882719136319899, -0.1671903401549588, -0.03690946468755348], [0.04876096566420164, -0.18475255616288866, -0.047993289600714535], [0.024496333359786772, -0.20078432353471834, -0.0548101334284037], [0.1528329228569084, -0.1706692701974058, -0.024188478648254488], [0.11778725773752824, -0.2388576157297261, -0.043524639788373], [0.09607577012935063, -0.2794229592918111, -0.05587476502341403], [0.07796228381484051, -0.31380537579282475, -0.06194392094408525], [0.18629059248074548, -0.17938741366857544, -0.03219906712178784], [0.1773418109154313, -0.22280127778869607, -0.06000212590674927], [0.18686860826336918, -0.17686955732571122, -0.0638820862382439], [0.1930579620761931, -0.14313275506325526, -0.05928320653101395], [0.22130208609080712, -0.17399466357298365, -0.04148645327162627], [0.21843646018435686, -0.18025906146877196, -0.06373857177723281], [0.22236963225692474, -0.13925597381856505, -0.06301705622891451], [0.22545067190961784, -0.11059497306526964, -0.05745349757111862]], "right_hand": [[-0.23922469004076402, 0.03782255090788114, 4.702440739523947e-08], [-0.18392712513310783, 0.00348637566947741, -0.023732497672346923], [-0.13406088062843644, -0.0484052165437521, -0.035288767214342646], [-0.09432733116817996, -0.0867055611756766, -0.046025126267125474], [-0.057619684533080896, -0.09892128794437993, -0.05673052718646609], [-0.18038512279221114, -0.15586473809774062, -0.014848282429327363], [-0.1617632764953223, -0.23018443992706908, -0.02734103795716962], [-0.15390306519560898, -0.2763151545693192, -0.039426480948157344], [-0.1488875144841287, -0.31429304476956105, -0.04839656337474896], [-0.21670755619726334, -0.16223560846006374, -0.015545720926158019], [-0.2110699527380256, -0.24707223887608679, -0.024249500950051395], [-0.20922463245356057, -0.29813952180202885, -0.03425900025774608], [-0.208841319817782, -0.3368586241731477, -0.042099688829479336], [-0.25136448121063487, -0.15281330460937104, -0.01955521557422639], [-0.2505672211025987, -0.23052305920690985, -0.028975357988782802], [-0.24952247227082286, -0.2765585286044368, -0.03779670666778378], [-0.24848861756701782, -0.3128990470456708, -0.044398609448577715], [-0.28678184966575276, -0.12888550855306072, -0.0263132475206433], [-0.30356349944519884, -0.18116803537289727, -0.0353641247973925], [-0.3141201543708517, -0.21557271037998074, -0.038826618128325996], [-0.32264626924278056, -0.2468903108577254, -0.04087252458467794]]}