{"label": "Z", "timestamp": 1746080067460, "left_hand": [[0.10163562865615093, 0.028746619486318896, -2.1498773526629952e-07], [0.07395244669491385, -0.034364167328735894, -0.0010933713563895339], [0.017225929040190022, -0.07065377894588713, -0.0044066038699932435], [-0.03460150601913011, -0.07355166875130095, -0.007158261432142839], [-0.06802596980046927, -0.05274617653031068, -0.011178116724519077], [-0.008116247193653165, -0.08437978987182883, -0.021075849523299304], [-0.07843856556132395, -0.07841285003643839, -0.03053198740933706], [-0.12214958205029053, -0.07385953346382083, -0.036011861132465794], [-0.15666055607248047, -0.06792434341713512, -0.040553073098139665], [-0.015053106994667866, -0.03565840417011793, -0.02561568596545685], [-0.06997522643041316, -0.021764552315705298, -0.036184117265928475], [-0.053377194560990916, -0.01740862562263729, -0.033913105390906396], [-0.02789113405742673, -0.017354506664617856, -0.03140301174405056], [-0.014299951495564109, 0.014354764980211456, -0.028698678391993224], [-0.06062421011041498, 0.018417366920814148, -0.034897545021975944], [-0.043254604256509704, 0.02033732715481685, -0.023602244251301915], [-0.019947445161418526, 0.019960550969085566, -0.016156759825602798], [-0.0091460948854576, 0.06123819870897177, -0.032168531170105166], [-0.04050074303803825, 0.05488391145138358, -0.035508938165504385], [-0.025020213532759253, 0.05495289508320567, -0.026264583546892754], [-0.005957261561731307, 0.0551771640452382, -0.018783072807327078]], "right_hand": [[-0.10163562865615093, -0.028746619486318896, 2.1498773526629952e-07], [-0.062101080395459925, -0.07151365703020521, -0.024162952735688574], [-0.037537802245085065, -0.12497550266136484, -0.03768047939568675], [-0.02665491273904153, -0.1747415646493775, -0.04936068096066473], [-0.016009533300092606, -0.22082024947238887, -0.06119452624745988], [-0.0804190127507397, -0.19865543334317184, -0.02501936495173682], [-0.0769095065610956, -0.2663165421485005, -0.043361738781432124], [-0.07380131048481826, -0.30900398874479285, -0.05754872146204384], [-0.07197744748060539, -0.3460504720294985, -0.06729895980561186], [-0.10964225790033573, -0.1952504849804213, -0.026209627999980604], [-0.1143707395004095, -0.2722415939103839, -0.041439564180063795], [-0.11799717871868093, -0.3197363193096263, -0.05397052929484674], [-0.12243518583141173, -0.3596238133748674, -0.0631841781696521], [-0.13548995932103844, -0.17651414092104062, -0.030278316068403897], [-0.1448963934540485, -0.24702127553034778, -0.04583273824598868], [-0.15013958242419242, -0.2912658147471226, -0.05558842456466399], [-0.15408799336337412, -0.32902113010431405, -0.06221155225612687], [-0.1589924517752744, -0.14539931191109676, -0.03648961201907842], [-0.18132794105843203, -0.19418647018645394, -0.05204478284224913], [-0.1939860225857763, -0.22845113079104476, -0.05858472518532298], [-0.20467589682804352, -0.261347573938641, -0.062252894630140554]]}