{"label": "Z", "timestamp": 1746066757321, "left_hand": [[0.17734210421123214, -0.03710516586617887, 3.067578987842219e-07], [0.14098393808109946, -0.07767690917794338, 0.0041413476434015856], [0.12486818537628344, -0.1355967196916066, 0.0035619964228495392], [0.11078266647829989, -0.1656232695601085, -0.0015493916504229625], [0.09360249119190168, -0.17157784240047042, -0.008596329466190645], [0.1434265338927068, -0.23150683590960494, 0.009118901894256197], [0.14473079538506384, -0.30835558277880964, 0.0012173055228108657], [0.14018555097554164, -0.3565328555915163, -0.007020940832811268], [0.13722795875887858, -0.39546624933972685, -0.014084789101573613], [0.15568053864310727, -0.23679260108323216, -0.00564078275979128], [0.15690555552558474, -0.3241936986715623, -0.014099786342806543], [0.15695458052626585, -0.3814717401161948, -0.024072244221545927], [0.15837069199632192, -0.4259592851879922, -0.032055773201439625], [0.16953290811037072, -0.2287153579843719, -0.021950149936636163], [0.18659491817566157, -0.31653054842196654, -0.03413722480180334], [0.19821842773600473, -0.3729712470651278, -0.04737573214370857], [0.2089849353760444, -0.4193020830439754, -0.05783303844953831], [0.18229297436589365, -0.20823631004956533, -0.038316474542297474], [0.21506894731648707, -0.26350617425971373, -0.05154665219509604], [0.2366544960658077, -0.3042523352385007, -0.060009341497426885], [0.2560044486485725, -0.339310473428339, -0.06691661558551916]], "right_hand": [[-0.17734210421123214, 0.03710516586617887, -3.067578987842219e-07], [-0.11904585841085047, -0.030872722315849584, -0.004059041970990575], [-0.09354015740048223, -0.08869022588629753, -0.013981127012376969], [-0.07523334269003441, -0.1334159959733322, -0.02733715781801541], [-0.05526842573803873, -0.1685094059670956, -0.03669147177789125], [-0.17451150686155292, -0.18315658390198547, -0.0016152669850280996], [-0.09462373622040306, -0.19824809768512877, -0.024450528763567986], [-0.09164118709738182, -0.14867044303641092, -0.03688563627546001], [-0.10724278542959657, -0.13105938103124004, -0.044595057377917115], [-0.18752129421429528, -0.17139423254582023, -0.012335256169347086], [-0.09246324467082577, -0.16922302847223913, -0.033900066945753204], [-0.09689682622097219, -0.11543570273688647, -0.036407104553639894], [-0.11772463932045248, -0.10296043056928972, -0.03604570013097807], [-0.18795338550727364, -0.14670794606258059, -0.0260373754705202], [-0.09530161912581342, -0.13107916879391954, -0.04510755984657131], [-0.10275330228039105, -0.07924365089818379, -0.040028341140806514], [-0.12446959995805496, -0.06464425830508376, -0.03451880876613388], [-0.1789872835935833, -0.1135446381829417, -0.04128014810446486], [-0.10748784026363095, -0.09686729661059056, -0.051554435147852073], [-0.11142113758688406, -0.0559501796537605, -0.04867714008163667], [-0.12851970589457212, -0.04258132393367265, -0.04517515926455486]]}