{"label": "Z", "timestamp": 1746080039624, "left_hand": [[0.3733076533620949, -0.18464567955233646, 5.086080598357951e-07], [0.32531590101910285, -0.138130300634237, -0.06122219104070829], [0.2566858918500439, -0.12881664096906073, -0.0868138137082795], [0.20106281747510896, -0.1926520893512955, -0.1041185537156473], [0.15427132100985697, -0.2558314619605922, -0.11692790711027384], [0.13528677226130906, -0.13549051198126957, -0.03315964570650632], [0.056530891985511866, -0.16209773457535587, -0.05574659728236453], [0.010535590645484292, -0.19407448185816162, -0.07945405877883774], [-0.02378550201250681, -0.22999386551472592, -0.0982871784078609], [0.1312477257806297, -0.19823619521387062, -0.01778424935132763], [0.048330225811792166, -0.21193176916873002, -0.03573177478921449], [0.008994652421008687, -0.240085299980294, -0.057152325639435], [-0.011837579791812883, -0.2703104304759618, -0.07461526579674801], [0.1478000423499178, -0.2524990378730273, -0.010074150185488403], [0.06835449262403014, -0.27263223436889433, -0.03282810717779685], [0.04858024269528355, -0.29638614864640206, -0.05152231726400359], [0.05199661975483999, -0.3169914674339969, -0.0640585269012069], [0.1763472997995574, -0.30377046661069484, -0.008662758163923567], [0.11485669632674078, -0.3200189570933575, -0.03449379236906819], [0.09893185719556581, -0.3364791720384823, -0.049899533477580846], [0.1008485700466276, -0.3494086165847509, -0.05890141743713082]], "right_hand": [[-0.3733076533620949, 0.18464567955233646, -5.086080598357951e-07], [-0.3000101524266676, 0.10018155915712576, 0.048651787905742865], [-0.2115173352756624, 0.0735684982566942, 0.06279185366508114], [-0.14406338579494474, 0.048965563108848704, 0.06731540542280486], [-0.11167801950974948, -0.0021079407995364184, 0.0708847023993619], [-0.1254908903466365, 0.07886168787047154, 0.01679883535260168], [-0.018983822862865943, 0.12605050137609708, 0.01646425278716139], [-0.013817702269544391, 0.17384200293353552, 0.023460342892549946], [-0.02726688096409985, 0.18674796937086488, 0.029972325787235837], [-0.12113095556319438, 0.14703137624405133, -0.011598889646553171], [-0.02649016767395267, 0.23357305951326932, 0.0004412121590604582], [-0.05639806271093468, 0.2665476888677723, 0.017440186573507183], [-0.08898811314799926, 0.25271514887047075, 0.026712217085083895], [-0.13530558284726105, 0.22181015228403017, -0.03510251385778602], [-0.07691056179390669, 0.3023785925233608, -0.01631461866292429], [-0.10801999276510023, 0.31518671269285026, 0.0035554901289119867], [-0.13813416421931846, 0.2927383935744137, 0.009594394592127646], [-0.16201786373467256, 0.29035074482542683, -0.055603539263849554], [-0.1424487662711385, 0.34381083597255424, -0.03579947728819689], [-0.16864221841606006, 0.34602445948320687, -0.018838209994567857], [-0.19177143391462437, 0.3231092631824864, -0.010551653202399106]]}