{"label": "Z", "timestamp": 1746066760095, "left_hand": [[0.1610791232478968, -0.01792099471892499, -4.948528958240413e-07], [0.11397611005644141, -0.0654875257607731, -0.009430691142967972], [0.0794622490801816, -0.13276138014071237, -0.019141889220407243], [0.057609722219003935, -0.18838648159949403, -0.03381782258896612], [0.04448297438043787, -0.2402571763276281, -0.04545771461546274], [0.11931044956375435, -0.20897191786445646, 0.0031644319164446794], [0.10568504086139786, -0.2983282777596963, -0.026682091519573497], [0.0877563239276868, -0.2642608717760085, -0.04480709778938307], [0.08751448450654215, -0.2198031101956431, -0.05189109984588053], [0.1470649218394248, -0.20813734065747191, -0.006636578091101503], [0.13302773874982296, -0.30894639245175587, -0.03703707289881786], [0.11057385019228083, -0.2563863860121489, -0.045672745928689876], [0.11110219765423089, -0.20491729269369766, -0.04315564493438279], [0.1779351921792575, -0.1977023626819407, -0.021229112551488464], [0.16428657059173568, -0.29521000581235407, -0.04663363857042549], [0.13988830233635202, -0.24143749604931602, -0.040168289382098286], [0.1385281752362471, -0.18993302851343158, -0.027991709208070557], [0.21432189832477172, -0.17920435205159055, -0.03762660850876593], [0.19915033575533805, -0.24346582593245167, -0.05127788316259523], [0.17253019671869235, -0.21787468357625184, -0.04465456959710593], [0.16393231976852554, -0.18219640971594728, -0.03535512134148322]], "right_hand": [[-0.1610791232478968, 0.01792099471892499, 4.948528958240413e-07], [-0.11682637028581914, -0.023870429442311755, -0.01645736471383522], [-0.08134487418013812, -0.09387993621122587, -0.026306870490342475], [-0.05384095771775111, -0.14436084036149896, -0.03720466981410944], [-0.02693891160060668, -0.18355901069923217, -0.04809100719781594], [-0.1332850457209433, -0.17551107566793211, -0.009556573792665064], [-0.11356819677658911, -0.24439387893099337, -0.03286407126187736], [-0.08554335450179196, -0.26894883416124293, -0.052436018857075835], [-0.05664754350482079, -0.2743098546142539, -0.06308605704633863], [-0.15966015472075432, -0.18200705361086367, -0.01388151332907954], [-0.1434804500748779, -0.2578755943252797, -0.034019010560567026], [-0.11294059342219413, -0.28811759081901445, -0.04962614997270189], [-0.07988315602682962, -0.2910667370143803, -0.057714227804667555], [-0.18693400004740418, -0.17181317520356346, -0.021865164968356155], [-0.18622052751422039, -0.2481074087881626, -0.038665237727341276], [-0.1650862128689545, -0.28216773992836375, -0.04935045650065753], [-0.136048881881847, -0.2920664401435269, -0.05432247038382008], [-0.21567259230022778, -0.14740279185671898, -0.03200724066647487], [-0.22757705688466068, -0.2088706504969026, -0.046153985568404526], [-0.2174532564205239, -0.24595848288010433, -0.05222633991727079], [-0.19581287082212948, -0.2627741373460577, -0.054065868585008045]]}