{"label": "Z", "timestamp": 1746080086222, "left_hand": [[0.14751951599579186, -0.20539835292992456, -2.2289705601137182e-07], [0.09884679995471604, -0.27082344080758686, 0.007456813044073583], [0.03026750785056729, -0.2891299090384579, -0.0013940028363224606], [-0.030522850816354235, -0.2619702657419983, -0.014261080935230423], [-0.07049559522678174, -0.23771273088287578, -0.028117557343930923], [0.004849546943182514, -0.35349411969099, -0.02143809741613611], [-0.08579849540371078, -0.3436812105050737, -0.042041198729331285], [-0.13409383559524968, -0.34024262628561025, -0.05519090428364464], [-0.17388651995818444, -0.34124655483165717, -0.06436117728443375], [0.00832733173548555, -0.3230762218437245, -0.03684554319974173], [-0.08879656553042142, -0.30116095637974444, -0.05561212874045024], [-0.14330672046274687, -0.29824625780627395, -0.06470954541342895], [-0.18746058578067737, -0.3020962487553441, -0.07233351758839587], [0.01692820000405679, -0.2746046197463196, -0.050033309298273654], [-0.045821390164008054, -0.20474495534352144, -0.060528395199277614], [-0.022269137381536304, -0.1911634573550057, -0.05285534024964583], [0.0006175262488166706, -0.20069540956447282, -0.047544407018752115], [0.026740159654566376, -0.21731567875293456, -0.06361057540676694], [-0.009723688025664496, -0.16118852363629546, -0.0694220017169367], [0.008684779064141114, -0.15423712731841516, -0.06145393432230473], [0.02674001898265427, -0.1661778750147904, -0.05502424909710943]], "right_hand": [[-0.14751951599579186, 0.20539835292992456, 2.2289705601137182e-07], [-0.09958307674266693, 0.15109017941806138, -0.021515724866298686], [-0.06600708274601344, 0.07312380372859367, -0.03254778183178608], [-0.04115005108814227, 0.007246584602770652, -0.043037381528218], [-0.021284668449997064, -0.046300225630149794, -0.05314515369522786], [-0.1187594483553281, -0.024003633780434578, -0.013195696347583188], [-0.10805014257750885, -0.11180883745562369, -0.03091434061774532], [-0.1021877813124982, -0.16442730684993428, -0.04670276989930036], [-0.0984988010894901, -0.20919124280533993, -0.05747837024636332], [-0.15435042682095534, -0.025147530879024705, -0.01697168654422469], [-0.1542200239584352, -0.12580803724181275, -0.030477003365674177], [-0.15240198016640666, -0.18663633043436492, -0.04354197460759889], [-0.15229952412375777, -0.2357379785807637, -0.05315348850602001], [-0.18580000074893024, -0.007568184039158453, -0.02450852858829995], [-0.19400830060145735, -0.10044442258313739, -0.03809890062993757], [-0.1953632993494778, -0.1574006041684411, -0.04760027428251114], [-0.19523156010379267, -0.20576016108785533, -0.05411313470640261], [-0.21590292246233617, 0.026752011263161114, -0.0346334568672568], [-0.2325188894348194, -0.04314190675023431, -0.047491485073152755], [-0.24099651738572844, -0.09014557399951813, -0.05202283215115664], [-0.24673478257894493, -0.13436107706026873, -0.05442037974642616]]}