{"label": "Z", "timestamp": 1746066751745, "left_hand": [[0.2300344092059404, -0.05026421323709609, -9.521351495312109e-08], [0.17059082808383497, -0.08359359723410148, -0.014120091912794933], [0.12426828730917132, -0.1496500098365652, -0.021066960420683734], [0.09702009270876367, -0.20566645085421123, -0.030243545067633045], [0.07369870940413012, -0.25078179967708647, -0.03769814210371605], [0.16867035182346013, -0.23476011805300664, 0.006811600447405651], [0.13991133225230357, -0.29152786212037723, -0.018733199961572734], [0.11915087687725175, -0.3114549808057504, -0.040089345817994185], [0.1032655561493275, -0.3080398071711393, -0.0501668838475735], [0.20372440651805135, -0.2559710606191108, 0.0012845908207107077], [0.19415738187007048, -0.3352763712932926, -0.022370129663577838], [0.1767412317487998, -0.35489094025971013, -0.03702037921413147], [0.16054581662510703, -0.33201942385395533, -0.04025506397967683], [0.2402347004721177, -0.25760715876341284, -0.009767100317848054], [0.2394326110006824, -0.3351938465887011, -0.03036705428531757], [0.21853972324657422, -0.3647715484469359, -0.038636007716705834], [0.19824257443416177, -0.36150273791977916, -0.0375691891760708], [0.2775393302454498, -0.24222941795201622, -0.02291626623086287], [0.29100690715385713, -0.3085403312641926, -0.03804447513131214], [0.2825854587684237, -0.3512081622432198, -0.04468214737480871], [0.2671878427619658, -0.37282374207054686, -0.044586945448919946]], "right_hand": [[-0.2300344092059404, 0.05026421323709609, 9.521351495312109e-08], [-0.15611801601714945, -0.03146837824877121, 0.00554845297246017], [-0.12119293040364551, -0.10088398311718166, -0.005296758408822807], [-0.09255711636546347, -0.14625571937179754, -0.022921113878813057], [-0.06259974400599183, -0.17475442299411426, -0.03938473590777245], [-0.1834807320601017, -0.2174610739250038, -0.006496183785687996], [-0.10270351974906224, -0.23746022403903227, -0.03686299622853111], [-0.05317838463677005, -0.21874244248254776, -0.056452472438114874], [-0.023293896607692408, -0.1924746196624612, -0.06735070224295968], [-0.20510436276293148, -0.19403418925984955, -0.026217504792874623], [-0.09819425410230967, -0.19244587945841932, -0.057842624735597994], [-0.06490981544238057, -0.131985174244709, -0.0644370089851695], [-0.0600401083517717, -0.09231692114400365, -0.06471690936711436], [-0.2178518967626112, -0.14980503118894226, -0.0475271885040141], [-0.11663181866938571, -0.12942874343338565, -0.07286860173219141], [-0.10895366122643503, -0.07548064082298826, -0.06522778458581405], [-0.12652984672848575, -0.05045360911409157, -0.055746844861045884], [-0.22400504005134264, -0.09826722889197899, -0.06991092588246933], [-0.140988030238078, -0.08036518323474826, -0.08147717158998388], [-0.1325354121709229, -0.048998248601862325, -0.07211499843232318], [-0.1482555801076352, -0.03752739220016398, -0.06286489139402007]]}