{"label": "Z", "timestamp": 1746066781858, "left_hand": [[0.1551910590395134, -0.022061334672366362, -2.18904619661938e-07], [0.11462802208654634, -0.09155692650619492, 0.006467783570564208], [0.10521078519419982, -0.14859927249119226, -0.0005239366265978777], [0.1018887343490911, -0.18691271900792492, -0.01034352932443726], [0.09580019586499654, -0.2098559965028688, -0.020298193670943838], [0.1680903209740305, -0.20009839651065103, -0.013105561080214113], [0.13417154305005352, -0.26765649903108446, -0.034999156641247954], [0.09543839535735575, -0.25905549635639985, -0.04788877174226877], [0.07668676043644741, -0.2357635364739824, -0.053930069259884035], [0.17371455274012207, -0.18915499319123247, -0.025349230454705694], [0.13050696569695003, -0.2740793234049578, -0.044764657989953244], [0.0887459906639438, -0.25667319066546, -0.04873699489913905], [0.0725773077037595, -0.22415653721369042, -0.048787598981883104], [0.16704421480957013, -0.16955915708582897, -0.03759276092856207], [0.11584543083969727, -0.24178862809801777, -0.053585546516211634], [0.08193345781763611, -0.2201423727751708, -0.0511297537847848], [0.07365098748812164, -0.18885494815184523, -0.047325690692916596], [0.14928625290714642, -0.14464263504141198, -0.049159208578629446], [0.09268996234252812, -0.17543989038598504, -0.0604410869326478], [0.07467003138369131, -0.15832540472888593, -0.05924569577399044], [0.07828972785190483, -0.13916075552984883, -0.05650633432277171]], "right_hand": [[-0.1551910590395134, 0.022061334672366362, 2.18904619661938e-07], [-0.14432172294730594, -0.044555311634745874, 0.022927125943586188], [-0.1414290496126785, -0.1146588211512868, 0.028056468267746597], [-0.13899055431256663, -0.16356352714696681, 0.02658772803426271], [-0.1402659424034282, -0.20551635714583713, 0.022946655618737703], [-0.14550384848069675, -0.147687848316095, 0.0017927904482950652], [-0.14728502172349342, -0.2326087760788624, -0.011338982237787145], [-0.15196046135599034, -0.28957827421213644, -0.018227022944442724], [-0.15496112809067517, -0.3359286049016696, -0.023622894691003895], [-0.14421262817584024, -0.14334549486523562, -0.02131173070947179], [-0.14818438981513865, -0.23934387858169423, -0.03744965393960878], [-0.14861591106639688, -0.30401908243874926, -0.04724734581782489], [-0.15012250848362424, -0.35658260325498553, -0.05372474216161431], [-0.13860769007674129, -0.12999431664105934, -0.04279058741192386], [-0.14860710009513012, -0.21978308968789195, -0.05728124744527413], [-0.156307967651653, -0.27776036232714674, -0.06561970579365828], [-0.16422971917758847, -0.3273160181598508, -0.07176715289758928], [-0.12577234701860124, -0.11026187114632813, -0.06220785876091305], [-0.13631506748619515, -0.17268720922429664, -0.07737361521604799], [-0.1470660258193523, -0.21540879646619063, -0.08472528411724967], [-0.15678266856232229, -0.252647127482261, -0.08987818792260999]]}