{"label": "Z", "timestamp": 1746066754857, "left_hand": [[0.16923319929952907, -0.018175993648815763, 2.821628239117798e-07], [0.11456224658439924, -0.06684012353591348, -0.017972978002005695], [0.07115223789895872, -0.13227545358222412, -0.028320033373683495], [0.043337107691000555, -0.18289172785049168, -0.03829810877277871], [0.019614567185936196, -0.222877854827748, -0.048398362951848004], [0.13099938946289097, -0.23016708694620097, -0.010365728419313257], [0.11586761717738954, -0.30694758289743057, -0.025322333754864253], [0.10553886551304696, -0.3535312042227916, -0.04010105033596043], [0.09661527252801012, -0.395751402031851, -0.05157494846419363], [0.168875678580397, -0.23482277634659904, -0.016526527208872082], [0.17384198464746184, -0.3239542162932272, -0.027510972705191837], [0.174490698505938, -0.3784768335159132, -0.03972777795784658], [0.1727234085875012, -0.42446441959744036, -0.049602895538127016], [0.2021766885052107, -0.22057875740447355, -0.026399617700997007], [0.21206369757519158, -0.3044886465060712, -0.03908413681258714], [0.2132915566537429, -0.35742398950949017, -0.04898228987459536], [0.2111376677860812, -0.4053229784959582, -0.056874587138662946], [0.23133265835605263, -0.1924813127318228, -0.03841243312109603], [0.24884583269411797, -0.2545864550530976, -0.04985237716609387], [0.25798748958049467, -0.29738025176361943, -0.05399786802110516], [0.2642576141843125, -0.33840737481332805, -0.05732442096737936]], "right_hand": [[-0.16923319929952907, 0.018175993648815763, -2.821628239117798e-07], [-0.12824291476109975, -0.044060000707876835, -0.015219012552899579], [-0.10524657680459414, -0.1209199254194856, -0.026021338229691153], [-0.09388538820146078, -0.176608045578954, -0.03792855391171853], [-0.08256772564604095, -0.22628870382841024, -0.04511119057955059], [-0.17277366782036183, -0.19195557650579578, -0.007346748654427988], [-0.129290210355927, -0.22492910256454038, -0.03291320115572849], [-0.12092606517136548, -0.1644167579567889, -0.042174908450842076], [-0.13374315099815026, -0.1374305627256845, -0.04487692138514486], [-0.2031354712457993, -0.181027594187719, -0.011634399586946235], [-0.14834911858455538, -0.20697569203963775, -0.037862514489430565], [-0.13834771384014333, -0.13335787586159836, -0.039042736283066225], [-0.15453947206264754, -0.11216007436748332, -0.03403340059804025], [-0.22923533965580467, -0.15943315102754954, -0.020022966119627558], [-0.17187256222847386, -0.17855350242368961, -0.04938077460743158], [-0.1617375437015159, -0.10827651012078278, -0.03978651073303214], [-0.17877021968800005, -0.08484543664733973, -0.026180412581835608], [-0.25244740201711596, -0.1287920916011812, -0.029517889835706503], [-0.2002296796042378, -0.15110207833545625, -0.04671003960057265], [-0.18517503081911602, -0.10522420893529195, -0.037026640908221824], [-0.19760398846479504, -0.08309097401721703, -0.02494182320271729]]}