{"label": "Z", "timestamp": 1746066782628, "left_hand": [[0.15845625995093782, -0.013112502068100785, -5.196464681701962e-07], [0.12305075925275424, -0.07508362293555793, 0.006507856084360328], [0.10280990349311321, -0.1423999333162728, 0.005560213318542393], [0.08755114987868859, -0.18871207971865514, -0.0013501988973064084], [0.07354915746805273, -0.22655448513444107, -0.007485372779556705], [0.1675618919058146, -0.20901851671474914, 0.015737790081309707], [0.1208171324624806, -0.243319834183018, -0.0032557543756165626], [0.08708319628079052, -0.22946707295168628, -0.018433511639424794], [0.06666691270577738, -0.20659107466036522, -0.025939592435075126], [0.18763030805952097, -0.2022074311798766, 0.0037194747487400543], [0.12246833731200721, -0.2219987805545465, -0.014139696224799192], [0.0918197871386295, -0.18627903975192514, -0.02328640609874223], [0.08142141593833754, -0.1545452117536734, -0.026399171576024866], [0.20043438707088876, -0.18499669947535216, -0.010664685058466784], [0.13306460766264055, -0.20801977743518243, -0.027627955668955893], [0.09924241969556569, -0.17477949345255211, -0.028254473620300955], [0.08460800263959681, -0.14271166332478316, -0.024619640562383315], [0.20445791147137723, -0.1598415141605351, -0.025248954979726887], [0.1516669285807696, -0.18270685450486274, -0.036709948397008266], [0.11652905191980029, -0.17567372508739457, -0.036603959098437944], [0.0940386720956786, -0.16312065566876902, -0.033008144585249255]], "right_hand": [[-0.15845625995093782, 0.013112502068100785, 5.196464681701962e-07], [-0.12211202321869069, -0.045081163485340296, 0.007932098956592205], [-0.10714268764897715, -0.11679089875210222, 0.008012660460481089], [-0.0907722802810443, -0.16285685653963466, 0.002910499530593215], [-0.07697095609482849, -0.20035753032415865, -0.0013203359461490378], [-0.16221387355428948, -0.1768402025233811, 0.013288682263417314], [-0.15250896615743864, -0.24916961274187643, 0.0041013977969351564], [-0.1393667015233413, -0.2955643532531087, -0.004740509734043215], [-0.12773354241932364, -0.330006694285427, -0.01113542267149071], [-0.18096580415825142, -0.16967698638840442, -0.003076477684234726], [-0.1794009087579753, -0.268038701077181, -0.01464508586151166], [-0.16045936630451169, -0.32093731927172403, -0.023405727791752456], [-0.14189279433195215, -0.35545526200280875, -0.028606651533721193], [-0.19000326509516283, -0.1523910314916423, -0.020713041061918822], [-0.1685696555778823, -0.24039017372918706, -0.03803901181830964], [-0.13034394257686194, -0.27151926782289243, -0.04559342690161004], [-0.10159256673250198, -0.285581143950654, -0.048563029754921], [-0.18555724772301738, -0.12858934568080102, -0.0378587630250452], [-0.1474680759718903, -0.18960555434044007, -0.05229434213487442], [-0.11295654793039792, -0.1999355752302004, -0.053779248148860204], [-0.0883711942338983, -0.19872648592763642, -0.05313991575937772]]}