{"label": "Z", "timestamp": 1746080083924, "left_hand": [[0.24789259291197227, -0.1364556596552147, -2.846963527071395e-07], [0.20038307573057554, -0.20659534352544093, 0.0009906867951809863], [0.13526688926940209, -0.23895197687507055, -0.0086857546127673], [0.07984613886469556, -0.21893557513289297, -0.021161499663918164], [0.044162036668750335, -0.1889980995356084, -0.03502230487449994], [0.10621104254431364, -0.2912262057872695, -0.019847511227732713], [0.024039270301888432, -0.26171084202779993, -0.03788747349393283], [-0.020046544456878358, -0.24482586765437875, -0.05130711138920365], [-0.058635730464514146, -0.23419147692842218, -0.0617247261380438], [0.11751451502430436, -0.262965452844817, -0.03205567778976189], [0.034277320755771085, -0.22396770100786081, -0.05300649230446323], [-0.01801632789633702, -0.20349146350169053, -0.06704691872600457], [-0.06482195349682839, -0.19003695317194622, -0.07842776281922083], [0.13319123097280125, -0.2214548139832929, -0.04241042312270611], [0.07367803788744312, -0.14764295519176276, -0.058443495851816775], [0.10137509474531001, -0.14445365563209295, -0.05613647400676681], [0.1247809582432671, -0.16243918058810508, -0.0537324274529736], [0.1482447394649393, -0.17415554451357415, -0.05291075958896717], [0.10050801360324513, -0.12039890417763917, -0.06225774449750906], [0.12248592290825486, -0.1201369995024747, -0.05467203665648712], [0.14535126651767274, -0.13791978965908316, -0.048446672489543485]], "right_hand": [[-0.24789259291197227, 0.1364556596552147, 2.846963527071395e-07], [-0.18093455909073652, 0.09912814204885369, -0.021894012879368763], [-0.12479425382135263, 0.04011316887929001, -0.032183087106214744], [-0.08619398057651195, -0.011322505191085776, -0.0418873707552048], [-0.05117843650738175, -0.04892098850014216, -0.051476721075397615], [-0.1691022458858331, -0.08638109762494527, -0.012150212450135594], [-0.14546434723060234, -0.17221612035954847, -0.02765802589376435], [-0.13303432493827122, -0.22349716503547734, -0.042306104628296516], [-0.12341577101741191, -0.26849525224195936, -0.05279127013420354], [-0.20500805867627497, -0.09691360870718131, -0.015324860407970342], [-0.1852936873907272, -0.19205346435918705, -0.02692941853895639], [-0.171458226875871, -0.2500039261586759, -0.03953789526420447], [-0.16053857314749695, -0.2975542407303625, -0.049547217380534206], [-0.242401268732235, -0.0901170184685771, -0.02225029709207988], [-0.23037106997130502, -0.18408688601545614, -0.03537763147547609], [-0.21860411910318855, -0.2386353645387082, -0.04589424307253149], [-0.20775709019346666, -0.2830576439353623, -0.0534760151720097], [-0.2830771775072757, -0.06903410191305154, -0.031638011091709155], [-0.2885133614641993, -0.14375356604012643, -0.04588464418878095], [-0.2901214889533264, -0.19244520581829302, -0.05178873459879202], [-0.29078229512065834, -0.23712394872031292, -0.05509930508409051]]}