{"label": "Z", "timestamp": 1746066788979, "left_hand": [[0.2879575457231037, 0.12385990753283546, -2.2335491108447994e-07], [0.20872593040626697, 0.07921124853757552, -0.018252626938156987], [0.1480548913022639, -0.00543897592437989, -0.02097855004571992], [0.11315217654628615, -0.07566902526125688, -0.024035350748253425], [0.07650083617736042, -0.11755104995260462, -0.02640898361994684], [0.20357913519626136, -0.13343898179554914, 0.010443251632117208], [0.17698562601606105, -0.22716599170735738, 0.001651639043109397], [0.16085755883655706, -0.2814041835817084, -0.011457749886133942], [0.14678180246239042, -0.3312110046516156, -0.023106943844868364], [0.24739903141163824, -0.14791106468506895, 0.0053955475118693235], [0.23140472443106597, -0.2529457104426991, 0.0013707911125648395], [0.21939201270536085, -0.3130256725853323, -0.009454770894904896], [0.20698297446430253, -0.36324734293065064, -0.01926308581542377], [0.29169006077214127, -0.14105062518163025, -0.004957740449600553], [0.27837156326904605, -0.24112747393626383, -0.01211530012743455], [0.2655641618347084, -0.2975786264680436, -0.01958103291379751], [0.2519230985843951, -0.3476991509839228, -0.026921421419094933], [0.33727762829134283, -0.11707127468762983, -0.018515425477146078], [0.3400868126503061, -0.1927008874787488, -0.025334654935757032], [0.33973479764118336, -0.2397984314987714, -0.02715474833400613], [0.33864594558559974, -0.2852959723491035, -0.029636748296907104]], "right_hand": [[-0.2879575457231037, -0.12385990753283546, 2.2335491108447994e-07], [-0.19801636228118294, -0.13522005664194164, -0.0069694054249410395], [-0.10049451222353038, -0.11152286860873296, -0.02259703297128908], [-0.02588282555535158, -0.10055045894048067, -0.03583453468314333], [0.029613069983728254, -0.12122015275918567, -0.05063514197894883], [-0.09098418960216062, -0.03291755927685301, -0.05571276238648736], [-0.022659947873313706, 0.09021365792122608, -0.07687624739224658], [0.01540495706703846, 0.16293489463384475, -0.08526778704932118], [0.04203077786730993, 0.21888216203763242, -0.08867284419571682], [-0.13410404658712022, 0.013045802842392477, -0.06410668963559023], [-0.07410112041090876, 0.16680419737602853, -0.07851913776975301], [-0.042010700076132834, 0.2516412457536935, -0.08089305790936337], [-0.020544720233664018, 0.31175616169316694, -0.08369337996708055], [-0.18230790579980916, 0.05260711560494978, -0.07002595687509511], [-0.13087073781137964, 0.19697537903753187, -0.08039736077708774], [-0.09709914993928982, 0.27171166085397486, -0.08083472360038481], [-0.0718751415283576, 0.3214647301402373, -0.08257479654217681], [-0.22785756083464273, 0.08321970592292775, -0.07513276851946327], [-0.1817095903749992, 0.18900013359628887, -0.08021518131272998], [-0.15407562776263534, 0.2445241573088889, -0.07540983240477103], [-0.12897893924476034, 0.284251376754401, -0.07232399011995147]]}