{"label": "Z", "timestamp": 1746080067214, "left_hand": [[0.10242917199270969, 0.030453808158177748, -1.7838758116923992e-07], [0.07603050820759352, -0.0361648560586237, -0.003148281924244573], [0.018545132083375628, -0.07467922207940263, -0.006986460142378074], [-0.034340901713811635, -0.07893949510583424, -0.009567235574647686], [-0.06738566192470484, -0.057932594358855845, -0.01349453313229702], [-0.00875411933273959, -0.07862229660247311, -0.024776012162152576], [-0.07903482911961661, -0.0758208201404901, -0.033709807918047355], [-0.12281762918456941, -0.07463443730545337, -0.03884460932272472], [-0.157615470486561, -0.07192853766626812, -0.04315557097935011], [-0.01613180831480593, -0.028684683686210802, -0.02766356891655372], [-0.07243304983561105, -0.02467858673425751, -0.03728597553655094], [-0.058514175908268094, -0.025828674117957053, -0.035159775676908686], [-0.03334989919982344, -0.024843876723250988, -0.03291731975999151], [-0.01540820147724494, 0.01949743803465224, -0.028842055962127112], [-0.06143709284965086, 0.014172654313055462, -0.033760602215127465], [-0.04531009575052021, 0.012049280480564525, -0.02295991313863463], [-0.021847604480441676, 0.013698727086724876, -0.01612019001247573], [-0.010803067705550985, 0.061885129440599936, -0.0305503410381181], [-0.0429328695889048, 0.048959632159840075, -0.03285794396280275], [-0.028044594157016645, 0.046554779728029454, -0.023878509104941596], [-0.00937160963764971, 0.04830440753535343, -0.016902397007315214]], "right_hand": [[-0.10242917199270969, -0.030453808158177748, 1.7838758116923992e-07], [-0.06351032212400101, -0.07330413167477726, -0.024260216118289], [-0.038612721657863905, -0.12715424316402418, -0.03720254366098582], [-0.027108538423918013, -0.17744268812874206, -0.048142931105896604], [-0.01679480282778498, -0.22307840875475002, -0.05896084163662897], [-0.0818393451907552, -0.20075314498348198, -0.023705786462199313], [-0.07903216721337385, -0.26830311666819223, -0.041206997155622], [-0.07671377277689419, -0.3107362223529439, -0.05491952388805473], [-0.07598079530992455, -0.347418657303109, -0.06429050851731298], [-0.1107454167414405, -0.19762839079982664, -0.024247232580660638], [-0.11569451196574722, -0.27370326111382415, -0.03876606060624683], [-0.11968868429716703, -0.3207550259317195, -0.05070122084957919], [-0.12462216780107696, -0.3601077845038523, -0.059329938318797584], [-0.13627716241235804, -0.17973333039405556, -0.02773814051128882], [-0.14616934558607222, -0.24970997135025536, -0.04250811624335586], [-0.15123822659130348, -0.29309080558669726, -0.051656184210635316], [-0.1550569649126425, -0.3299907974146496, -0.05768810872137921], [-0.1595807846429611, -0.149739186680786, -0.03346106357117252], [-0.18177150524092495, -0.1987073980925031, -0.0481452018198368], [-0.19436114369584478, -0.23212915976795476, -0.05417022875595839], [-0.2050529239360098, -0.26403532555521014, -0.05734970040087763]]}