{"label": "Z", "timestamp": 1746066766497, "left_hand": [[0.16789656589511356, 0.012707732232169306, -1.404951823846249e-07], [0.11671284802679036, -0.030307252801538898, -0.011233838577444151], [0.07375747798635646, -0.09499366102106245, -0.015799987671727266], [0.04342286819818035, -0.13991349507799694, -0.021039395904042427], [0.014110966083425892, -0.16372653725323932, -0.026738901912342385], [0.11412240545582328, -0.18473513973424435, -0.0013743044275522209], [0.09073617452229393, -0.25291593296350456, -0.012833093423927317], [0.07436820422858195, -0.2946457945029359, -0.024754020500023347], [0.05967173525586095, -0.3328466258912521, -0.034708723575874206], [0.14564255508189958, -0.19663426704169332, -0.00860394226735095], [0.13716873375229252, -0.2800616264884878, -0.016970114118604142], [0.12929038635266996, -0.32904271611842006, -0.02714539610239646], [0.12009214356687482, -0.3717247064182576, -0.03557084890649832], [0.1773218188572821, -0.1898911183995412, -0.01891091539791786], [0.17322676314635418, -0.2710309478864814, -0.0294185293160011], [0.16650535221790838, -0.32078367354027293, -0.03810800872878144], [0.1581539718879533, -0.3663940866652929, -0.04536769477567226], [0.20793274477303722, -0.16890911240207, -0.030861652611286823], [0.2195593162182519, -0.22882389177473494, -0.04012289304478504], [0.2268276978787524, -0.2693784168929037, -0.043627785144273575], [0.23208822459568448, -0.3081674974317219, -0.046978012565738116]], "right_hand": [[-0.16789656589511356, -0.012707732232169306, 1.404951823846249e-07], [-0.11990546118006934, -0.04672833156197364, -0.016217799626716392], [-0.07921934789992123, -0.10797278723572469, -0.022481315069414386], [-0.04856648868804649, -0.1557791530718944, -0.028308506380017057], [-0.019852933515000608, -0.1833636357624697, -0.033947296249924194], [-0.12119202118020828, -0.1868858213856539, -0.003634340005189057], [-0.09527082215208972, -0.24758134169433302, -0.01586995791819635], [-0.07658390889533463, -0.28410467223717567, -0.028489878448277422], [-0.059399855396385266, -0.3163609043670259, -0.03739579493178489], [-0.1485383607739794, -0.19907524962775047, -0.005942014385138433], [-0.12800359397658273, -0.26800581441664634, -0.015351944398058967], [-0.10820962057718404, -0.3116923025655957, -0.02595628876556318], [-0.0898167473953351, -0.3497024589258135, -0.033887900429419276], [-0.1768059548146662, -0.19810275628424132, -0.01174531916467222], [-0.16434674865917145, -0.26811999550759164, -0.02255218973363668], [-0.1475415102060743, -0.3115426102047375, -0.03205095007389596], [-0.1303356767432462, -0.34816104588568114, -0.03856542757977169], [-0.20691746256741708, -0.1852724985520752, -0.019509264980262203], [-0.20918808189576318, -0.2435581112765067, -0.02931404463962451], [-0.20731268124270852, -0.28363451231856723, -0.03394420142479496], [-0.20263764685252847, -0.3218300413102457, -0.037115127036447364]]}