{"label": "Z", "timestamp": 1746079999367, "left_hand": [[0.1972865503007769, -0.003122758162942884, -7.347798712669081e-08], [0.1504997225181112, -0.04398592584671827, -0.023016953903683256], [0.11423698301136881, -0.10165759757010395, -0.039470617556499374], [0.089504997147916, -0.14922713412425945, -0.054176598844996135], [0.06303181385518523, -0.18693855217078925, -0.06937284630884556], [0.161780600170253, -0.1942767113871312, -0.028197651525108076], [0.15146162911813296, -0.27123062284168065, -0.049749412528704164], [0.14428016627728524, -0.31708740412871617, -0.0667281829882718], [0.13919080960169636, -0.35959999342381904, -0.07926192974551595], [0.19954548459886523, -0.19443564570099267, -0.03409774715023624], [0.20356901295461613, -0.284796761085067, -0.052373908972855106], [0.20491877461857222, -0.3399436110874438, -0.06736292334389951], [0.20451065603996738, -0.3894095155793029, -0.07852887268843718], [0.23329005516501766, -0.174945603219985, -0.042988275203009775], [0.2427671544931762, -0.26146942741025003, -0.0633722265612405], [0.24728001824536794, -0.3131939406818895, -0.07474167062426523], [0.24891285876788374, -0.3615494005008259, -0.08266823978580978], [0.26343142289057253, -0.14066006191579156, -0.05362028805669252], [0.28045224624654974, -0.20013937749306754, -0.07181563741624854], [0.2915074176419098, -0.23797058627692663, -0.07728363800490119], [0.2990657899935867, -0.2748874955133031, -0.08076139422756869]], "right_hand": [[-0.1972865503007769, 0.003122758162942884, 7.347798712669081e-08], [-0.1503531477275051, -0.04115407932662037, -0.011999676145415077], [-0.11323260644460541, -0.10280606685037527, -0.023000797514538963], [-0.0801426531957605, -0.14101210996585029, -0.035687677747672265], [-0.04518695107505444, -0.16835674645877843, -0.049805447453685335], [-0.14741204912529812, -0.1870349462797339, -0.012777755181907664], [-0.12318156490504617, -0.2500609058915994, -0.034501809465550475], [-0.10262799307725048, -0.28486094922641786, -0.05232145983548505], [-0.08119171732273854, -0.3143099395109418, -0.06437187294009138], [-0.17282660619075454, -0.1862347408991913, -0.02185227482892024], [-0.14940558427792783, -0.2547262953159647, -0.04144031612240634], [-0.12263013689136196, -0.2870936589558212, -0.05600540647512739], [-0.09374533086921538, -0.31306814820075723, -0.06618556940002031], [-0.20081852566661398, -0.17105187528953314, -0.03383705021846057], [-0.18351375879407156, -0.236381161758735, -0.05372268390944018], [-0.15740249082510954, -0.2651858902771234, -0.06332387692006132], [-0.12891660748936795, -0.2853616574187431, -0.06899113031675043], [-0.2304214759383559, -0.14363538063012282, -0.0473388782511306], [-0.22849583169783014, -0.2019951980565359, -0.06439615457137576], [-0.20982812984230637, -0.23008490526659597, -0.07018974467511828], [-0.18553066005774452, -0.24747922019116878, -0.07333792378342341]]}