{"label": "Z", "timestamp": 1746066774248, "left_hand": [[0.0, 0.0, 0.0], [0.044762456644589374, -0.06516735786879539, -0.028367512914760733], [0.06936903414955281, -0.15022593682026467, -0.040586982602231966], [0.0878780310024195, -0.22082064323034284, -0.051402971574914226], [0.11815937708689622, -0.2638044225751468, -0.06215932437223305], [-0.01575650499917477, -0.24021100054228128, -0.013863979045908323], [-0.029817259957773342, -0.3251693981953563, -0.02773709966596581], [-0.042328638510603145, -0.3779424069971593, -0.04157345065222299], [-0.05353791384164595, -0.4215900102673789, -0.05223442295004179], [-0.05508225982187701, -0.2229901984788099, -0.01331598440660662], [-0.08567492890339205, -0.30415941474521957, -0.0240470662577993], [-0.10885342093171407, -0.35307807091485605, -0.03539117247970074], [-0.12862823732662684, -0.38892853596224514, -0.04379608169625193], [-0.08573764367782395, -0.19078270138791364, -0.017100985787338124], [-0.11861968772436905, -0.26184749091819715, -0.028449572398863917], [-0.1371029023113164, -0.3068229770060458, -0.03583437059208272], [-0.15252082549481455, -0.34409966915631085, -0.040805651248641835], [-0.11072646944179926, -0.1454022820647429, -0.024501847165288807], [-0.1431261693734102, -0.19511450655349366, -0.03497952667017391], [-0.1612136357907731, -0.22961013168334457, -0.03821711014828957], [-0.1752243428214105, -0.2641335683378243, -0.03953896660156699]], "right_hand": [[0.0, 0.0, 0.0], [0.044762456644589374, -0.06516735786879539, -0.028367512914760733], [0.06936903414955281, -0.15022593682026467, -0.040586982602231966], [0.0878780310024195, -0.22082064323034284, -0.051402971574914226], [0.11815937708689622, -0.2638044225751468, -0.06215932437223305], [-0.01575650499917477, -0.24021100054228128, -0.013863979045908323], [-0.029817259957773342, -0.3251693981953563, -0.02773709966596581], [-0.042328638510603145, -0.3779424069971593, -0.04157345065222299], [-0.05353791384164595, -0.4215900102673789, -0.05223442295004179], [-0.05508225982187701, -0.2229901984788099, -0.01331598440660662], [-0.08567492890339205, -0.30415941474521957, -0.0240470662577993], [-0.10885342093171407, -0.35307807091485605, -0.03539117247970074], [-0.12862823732662684, -0.38892853596224514, -0.04379608169625193], [-0.08573764367782395, -0.19078270138791364, -0.017100985787338124], [-0.11861968772436905, -0.26184749091819715, -0.028449572398863917], [-0.1371029023113164, -0.3068229770060458, -0.03583437059208272], [-0.15252082549481455, -0.34409966915631085, -0.040805651248641835], [-0.11072646944179926, -0.1454022820647429, -0.024501847165288807], [-0.1431261693734102, -0.19511450655349366, -0.03497952667017391], [-0.1612136357907731, -0.22961013168334457, -0.03821711014828957], [-0.1752243428214105, -0.2641335683378243, -0.03953896660156699]]}