{"label": "Z", "timestamp": 1746080002248, "left_hand": [[0.16991245049644657, 0.0012460396185449763, -3.0733906869782794e-07], [0.126970711862749, -0.038980670705160446, -0.01572800385408547], [0.09366044597812358, -0.10182005899768731, -0.028912997038915342], [0.07264561216492461, -0.14847800377814027, -0.04347736817532421], [0.05323047889962863, -0.1904515428379398, -0.056561989915032564], [0.13805974375079627, -0.17974944134090481, -0.011748127441260397], [0.14029010807618553, -0.25194506492703445, -0.039438905068622465], [0.11798344363485613, -0.25994398626480864, -0.061239334065050416], [0.09806369926790412, -0.24409196138290046, -0.07217483139154643], [0.16717601907545582, -0.1714017184535657, -0.01811617403576449], [0.1714870715486386, -0.2535598896120462, -0.04644327789206645], [0.14432881688186558, -0.24727003216740506, -0.06317535556441689], [0.1262201105840035, -0.21572799812987237, -0.06948414548033034], [0.19614101662917957, -0.15269463504395844, -0.028238851367241514], [0.20565662866003986, -0.2328388571771215, -0.05162868657937976], [0.1791224493981498, -0.22803955533424505, -0.0592143240357284], [0.16238117621403741, -0.1992747569480253, -0.05952757658311815], [0.22744750724618165, -0.12424786213528095, -0.04000464971606449], [0.2401739135254713, -0.19062793650443516, -0.05556276402015248], [0.2210951512614307, -0.19233323301323435, -0.05809686688249396], [0.20471915055839152, -0.17002533097705128, -0.05683459293145684]], "right_hand": [[-0.16991245049644657, -0.0012460396185449763, 3.0733906869782794e-07], [-0.12229892778961048, -0.04340616430245824, -0.020764872721577697], [-0.08603264839709103, -0.10756919669082436, -0.02934804575483534], [-0.06483774453268436, -0.1604930478155152, -0.03650823723033256], [-0.04509099044638014, -0.20186762736599137, -0.04355777999094463], [-0.13562522177436373, -0.1868757673072263, -0.014918656632125512], [-0.12416927941205455, -0.2545142572434621, -0.029808401465520277], [-0.11743738220556461, -0.29672068253484174, -0.043156940307771875], [-0.1116883901118221, -0.33475382878013, -0.05274433284014451], [-0.16795518513541927, -0.19025636684954772, -0.01633812674198773], [-0.16411299001256874, -0.2675563230101326, -0.028298485694261775], [-0.1594785703840562, -0.3182300810914729, -0.04013229033529153], [-0.1553935700708719, -0.36224561525996474, -0.049434230704671], [-0.19849741543047478, -0.17805885037095504, -0.021023479996201005], [-0.2011413093362679, -0.2535862431024594, -0.034256324194550145], [-0.19689408399767025, -0.3002054220441139, -0.04493634690839618], [-0.1918360247307949, -0.34060696084082326, -0.05258405065665215], [-0.2285692095317634, -0.15319353136937844, -0.027792193374596822], [-0.24210419749869636, -0.21050272705832035, -0.04140600748874394], [-0.24822685223862295, -0.24846081681571894, -0.048384845818369], [-0.2521646151640702, -0.2857289474422014, -0.05296857410767332]]}