{"label": "Z", "timestamp": 1746080036141, "left_hand": [[0.11171646567289308, -0.018907517931006555, -9.889195024696212e-08], [0.1575115473781656, -0.0660922360222519, 0.0006479367715516408], [0.19503218127324085, -0.13144011486168133, -0.010838775130550362], [0.2116815092947364, -0.1970100367292906, -0.020814348038236754], [0.22175520336544158, -0.25170553468178164, -0.030140528457240377], [0.17657868182240533, -0.15296351308862907, -0.06342509646521804], [0.19815728298334603, -0.27639809435834495, -0.08993079548270302], [0.18480301603973617, -0.33645324312005814, -0.09115984058244465], [0.16623833090251633, -0.3478366934947408, -0.08421004771194182], [0.13689758157606238, -0.15021764937859444, -0.07109887376288478], [0.14617659965571064, -0.2880574875776135, -0.10195746264608754], [0.1319315748857446, -0.33154329100751057, -0.09538707194794967], [0.11932166512495723, -0.3188479603497917, -0.0829639902581927], [0.09414030296334631, -0.14376871539600947, -0.07516613461864682], [0.08744753208049953, -0.2608973157084916, -0.09489668930456839], [0.08599760341940728, -0.25507773621649993, -0.07221989349290935], [0.09121380868639498, -0.21585892462965856, -0.04897767803855852], [0.05540204420375886, -0.1330881994821178, -0.0782047944853647], [0.04893755489627921, -0.21528075085184536, -0.08961951455174685], [0.05654714595721864, -0.20969166926119523, -0.07465597947455842], [0.06632360608890749, -0.18100923031375984, -0.056845358207067605]], "right_hand": [[-0.11171646567289308, 0.018907517931006555, 9.889195024696212e-08], [-0.15445366396185, -0.0453878523290063, -0.007507783406919333], [-0.18259621205837326, -0.1217577254546853, -0.021216220010802044], [-0.19941600222530095, -0.1889322673277879, -0.03223987654153244], [-0.22816753718714314, -0.2275629111483943, -0.04339859043633016], [-0.1676837961293545, -0.13137875546664826, -0.06233232463059917], [-0.18618733734767767, -0.23605917624986664, -0.09346347543520005], [-0.1962974571462035, -0.30134920487705585, -0.11045670337039594], [-0.20243013372515822, -0.35018699432218015, -0.11928134384297916], [-0.13184060291310865, -0.12152361576286687, -0.06828435012110037], [-0.13401313592801498, -0.23505949010617416, -0.09412890678748834], [-0.12389747531455306, -0.3034068993720274, -0.10047711080668878], [-0.11187868842129989, -0.337658780799395, -0.10332163180489111], [-0.09154675009944392, -0.10668490293326657, -0.0719399386878789], [-0.08479303025230008, -0.21286433989360362, -0.09494605386134165], [-0.07637097102789782, -0.26204590612320744, -0.09604954819893871], [-0.07048077692777609, -0.27985593226613104, -0.09344297441993649], [-0.05252201068612352, -0.09086341370629732, -0.07468505336182031], [-0.040121153820721345, -0.17352748842708662, -0.09361941859334594], [-0.037340567670420516, -0.2112116379273871, -0.09466586305863801], [-0.03731095509281761, -0.2295384784530908, -0.09178871281692312]]}