{"label": "Z", "timestamp": 1746066780177, "left_hand": [[0.16362980839143665, -0.04136133460263889, 5.835603707405218e-08], [0.11737607366753106, -0.08758294953533108, -0.01907761594856167], [0.08372182119772231, -0.14744196894972805, -0.03199920591817363], [0.05806815574776121, -0.1955177194198245, -0.044296780150772916], [0.030438958421296933, -0.23053403634356986, -0.05665378371822068], [0.1247320000060376, -0.23805029397321673, -0.01297685795756084], [0.11350197387577841, -0.30727635044827517, -0.03087295426472882], [0.10392982312276561, -0.3480393715811252, -0.047355335795046166], [0.09494727643461652, -0.3872959127372367, -0.06023781708778446], [0.15825933812133383, -0.2416054401202982, -0.018359934216234445], [0.1583857583252123, -0.32012669650759273, -0.03388816878047371], [0.15249902418018305, -0.368642570475752, -0.04887426219087988], [0.14328887994583323, -0.41262673310628345, -0.060411109538263764], [0.18877071020012923, -0.2266544803052329, -0.027084314221953867], [0.1913517001410053, -0.29851996003364417, -0.04377472544810369], [0.18337997975403025, -0.339547289986883, -0.05446754807031847], [0.17225899619701865, -0.37670603816378284, -0.06203108973876123], [0.2162139833505312, -0.1971627468805855, -0.037747245878210905], [0.2239584768042811, -0.25051987637938705, -0.05226940648057707], [0.22340988724204375, -0.2871040097273227, -0.05818216589233308], [0.2196785969835323, -0.3223482742206346, -0.062270443952130446]], "right_hand": [[-0.16362980839143665, 0.04136133460263889, -5.835603707405218e-08], [-0.10988720021885462, 0.003845253748489819, 0.02134712046976105], [-0.050370936038002356, 0.014039045999140765, 0.02333251862988734], [-0.014429342641603286, 0.04663470427315038, 0.01935898646523894], [0.009788732857996104, 0.07764533320921689, 0.015623260432676506], [-0.007774698411256345, -0.0030633839077601416, 0.007473677345282459], [0.05313196152655158, 0.0493834171750678, 0.0037510035167396525], [0.06434708077935018, 0.09144976060523144, 0.004759372898387477], [0.056878405737840636, 0.1158555721665513, 0.007409377280876978], [-0.011415682641394684, 0.022912838368578783, -0.007255850224852277], [0.040544091812354945, 0.0998952067333849, -0.0022836740520374354], [0.034589823747338516, 0.13613312579333747, 0.005031976436092606], [0.023113628242882146, 0.14671239671776895, 0.008693311886907723], [-0.026044723907984464, 0.05591254714436539, -0.02052754398841457], [0.01246723519065855, 0.12702724734277276, -0.011210127887255858], [0.0020244321996646148, 0.15007459763186262, -0.0023117978503956653], [-0.012633681595895258, 0.15107813521118438, -7.213446241593674e-05], [-0.046726142730059865, 0.08827587226193129, -0.032968914768672544], [-0.033420725115999396, 0.1376918416100173, -0.019625940419573468], [-0.04176491154339157, 0.14716009719222056, -0.009920746686020354], [-0.050219890660860286, 0.14037194993224042, -0.005270144507430312]]}