{"label": "Z", "timestamp": 1746066752491, "left_hand": [[0.18524343500570792, -0.011328691157782764, -4.420323394447146e-07], [0.12931397299472067, -0.06750702864579759, -0.009174846228794397], [0.09420362330954478, -0.12493555451632299, -0.020571195257222858], [0.06989444330797463, -0.16811737955212358, -0.03350553762653873], [0.04442393114491318, -0.2015036626921789, -0.04579070160560052], [0.15201459086536487, -0.219559082013814, -0.01506359211725792], [0.10384810095642692, -0.21630396944077965, -0.042451866220606524], [0.07009180039038489, -0.1991474767201734, -0.06374362620865143], [0.04099856502199029, -0.18161207661491333, -0.07577691163928223], [0.1829243700318442, -0.2132713660283357, -0.023557421815168837], [0.12350449341988189, -0.20180824134924516, -0.04934261954257389], [0.08148703614121502, -0.17810964972832466, -0.0662556737547764], [0.05092860548752144, -0.1556388264478127, -0.0761523551924798], [0.2102320246777069, -0.18540791550316932, -0.03419326537109849], [0.1571939241504863, -0.17480186957089405, -0.0613708095090906], [0.11774466751662294, -0.1492903335010077, -0.07079124393544159], [0.0874981659980155, -0.12703683718566805, -0.0731626891962568], [0.2335363357903272, -0.14202101429889624, -0.04543406790397302], [0.20378637098751795, -0.1431525976230917, -0.06828144598251591], [0.17432452757682776, -0.13104616517889126, -0.07421132486952274], [0.14637289299824863, -0.11884142280152796, -0.07444757010039518]], "right_hand": [[-0.18524343500570792, 0.011328691157782764, 4.420323394447146e-07], [-0.141133444077994, -0.030900000211945493, 0.0017560125027512104], [-0.11958446614561132, -0.104769095253635, 0.006590325272342406], [-0.10743091692047507, -0.1527764332196053, 0.007990077045602714], [-0.09481285651356834, -0.1809687254841514, 0.009016399058131811], [-0.14517729113023686, -0.18310376831360556, 0.013350996545148335], [-0.12840109349514958, -0.24893733813020716, 0.00568004398515771], [-0.11602087200682758, -0.28871357178041274, -0.0028708538944485036], [-0.10517143635250714, -0.3223164446695557, -0.00946328405465564], [-0.1645039528584454, -0.19004483121263976, 0.002585159873523328], [-0.15148870644455215, -0.2671473126356942, -0.003440606060235965], [-0.13738671679066738, -0.31539222932633704, -0.011485288891374637], [-0.12458077469631998, -0.35463979231258663, -0.017679036929600062], [-0.18463186005647447, -0.1819715561874556, -0.010507014666123447], [-0.18090761785972792, -0.2582751338858994, -0.01820289942688666], [-0.16993968556122244, -0.3051358840120702, -0.025817067714685154], [-0.15803334223551044, -0.3437956906334665, -0.03161538334447822], [-0.2053441844641502, -0.1612353373055087, -0.024279028975380763], [-0.20691829258453454, -0.2219444747524649, -0.03221515470529844], [-0.19996696286738108, -0.26186071441026476, -0.035990852958537524], [-0.19022135651995384, -0.29497227614467975, -0.03899280227569936]]}