{"label": "Z", "timestamp": 1746080086394, "left_hand": [[0.1571753499400055, -0.20869215660567744, -1.7939207451514368e-07], [0.10937940001302436, -0.2785089156761466, 0.007107340432210267], [0.04216814951802133, -0.29904623568861083, -0.0023950364987157546], [-0.01961061624885856, -0.2716377330123866, -0.01600271385742888], [-0.058020843721530296, -0.2433345202835473, -0.030833472646663973], [0.014671379748030622, -0.35964462311229695, -0.023848841172445262], [-0.07579659694602951, -0.3470192174830736, -0.04587961428324043], [-0.1255019789430234, -0.3427657721020917, -0.058386160313752794], [-0.16664807158916434, -0.34134304732290494, -0.066550605797652], [0.018762498519064016, -0.32830538495328315, -0.04030981136259312], [-0.08031500950162701, -0.300519534230208, -0.062319603412453906], [-0.13560236980372856, -0.29707929788547305, -0.07228646792786342], [-0.17962761205048644, -0.30128468160283345, -0.07922128845268839], [0.028498824647740666, -0.27929706297211754, -0.05446020611332802], [-0.03209740616283419, -0.20250890982535205, -0.06918982034012293], [-0.007426178753267218, -0.18848044962443997, -0.06274016666818738], [0.015244754447073546, -0.20046356373124197, -0.056401009794395496], [0.03907400217954715, -0.22280214152200276, -0.06873788547333472], [0.003210521499822043, -0.15762559624982475, -0.07731452845001949], [0.023236973044901015, -0.14906208846893004, -0.06995947645609353], [0.04221891287279317, -0.160593190687047, -0.06283223153394364]], "right_hand": [[-0.1571753499400055, 0.20869215660567744, 1.7939207451514368e-07], [-0.10626503738901313, 0.15511359225710947, -0.021827765862978358], [-0.07118101830520113, 0.07505674830413188, -0.03232256660187244], [-0.04561638429050395, 0.008554288852320362, -0.04238179814586423], [-0.021440182536620556, -0.04534558715077452, -0.052328625118575514], [-0.12381453582919547, -0.02706528125443005, -0.01192009193468705], [-0.11370912077091253, -0.11155792289151371, -0.030676096174777064], [-0.10605636729621852, -0.16210817584911272, -0.047457108639344464], [-0.09919528042570441, -0.20640906169033899, -0.05907332005345786], [-0.159843720232807, -0.028582067543929317, -0.016052342620412812], [-0.15799455483468258, -0.1278792183153325, -0.03100319632108876], [-0.15362855083862648, -0.1885777816029871, -0.045014533961859546], [-0.15015450780594475, -0.23988187748866152, -0.05527121706313469], [-0.19350314231286317, -0.010432627775059228, -0.024346969921856875], [-0.2003487063087855, -0.1028175728354988, -0.04027873895198377], [-0.19962981947234804, -0.15981659667560047, -0.05107316227549567], [-0.19737236692389248, -0.209207918925892, -0.05822190223162225], [-0.22636037541268028, 0.02387790187222458, -0.03518041372325479], [-0.24012616724635907, -0.04696565387916066, -0.050607173874916755], [-0.2481609730283719, -0.09459466773190611, -0.05667828269821989], [-0.2549124518149365, -0.14056332647946237, -0.06012843709336195]]}