{"label": "Z", "timestamp": 1746066796835, "left_hand": [[0.0, 0.0, 0.0], [-0.044576700368243204, -0.04284332771877641, -0.014619217877483905], [-0.07928153330293848, -0.10789997174182735, -0.022544886713503735], [-0.10075429613475254, -0.15707448367188415, -0.03071780382815764], [-0.12218897447773447, -0.1965534597430989, -0.03817161445863418], [-0.0386789669579156, -0.1753454878331239, -0.004025297353463766], [-0.04920930854934949, -0.23200847491104878, -0.019282581338240606], [-0.06266229217223954, -0.26276602475709604, -0.03533582453451405], [-0.07964719136529184, -0.28245280902681186, -0.04671135653576818], [-0.006652847447891409, -0.17612894017481356, -0.008682498505165472], [-0.008050113719555982, -0.24210188212547018, -0.025222851560735032], [-0.025180735987553875, -0.2638905739928532, -0.03937551290300897], [-0.04748180709548888, -0.2604802900249991, -0.04735390507557236], [0.0245030825906877, -0.16069724620872616, -0.01641190428056221], [0.03094695461630287, -0.23046239340141939, -0.032666419401210275], [0.014005697977256547, -0.25075735525332815, -0.04135877831546412], [-0.008293063793740027, -0.24452018845435483, -0.04495008102918298], [0.05531691763194627, -0.13170602599014844, -0.02569350372484755], [0.066242782100717, -0.18532014033108415, -0.03967575850731489], [0.0535798656998996, -0.2011311526746353, -0.044273778007306225], [0.033671306801486056, -0.19472509114872397, -0.04550287855882057]], "right_hand": [[0.0, 0.0, 0.0], [-0.044576700368243204, -0.04284332771877641, -0.014619217877483905], [-0.07928153330293848, -0.10789997174182735, -0.022544886713503735], [-0.10075429613475254, -0.15707448367188415, -0.03071780382815764], [-0.12218897447773447, -0.1965534597430989, -0.03817161445863418], [-0.0386789669579156, -0.1753454878331239, -0.004025297353463766], [-0.04920930854934949, -0.23200847491104878, -0.019282581338240606], [-0.06266229217223954, -0.26276602475709604, -0.03533582453451405], [-0.07964719136529184, -0.28245280902681186, -0.04671135653576818], [-0.006652847447891409, -0.17612894017481356, -0.008682498505165472], [-0.008050113719555982, -0.24210188212547018, -0.025222851560735032], [-0.025180735987553875, -0.2638905739928532, -0.03937551290300897], [-0.04748180709548888, -0.2604802900249991, -0.04735390507557236], [0.0245030825906877, -0.16069724620872616, -0.01641190428056221], [0.03094695461630287, -0.23046239340141939, -0.032666419401210275], [0.014005697977256547, -0.25075735525332815, -0.04135877831546412], [-0.008293063793740027, -0.24452018845435483, -0.04495008102918298], [0.05531691763194627, -0.13170602599014844, -0.02569350372484755], [0.066242782100717, -0.18532014033108415, -0.03967575850731489], [0.0535798656998996, -0.2011311526746353, -0.044273778007306225], [0.033671306801486056, -0.19472509114872397, -0.04550287855882057]]}