{"label": "Z", "timestamp": 1746066759914, "left_hand": [[0.16175297275949685, -0.028378897530162227, 1.527755027501347e-07], [0.1108571123234326, -0.07105211026046523, -0.010261537296105978], [0.07093586532172372, -0.13779449566840055, -0.015150699478772026], [0.04654128609207524, -0.19253675668104794, -0.02317090658291086], [0.019702053999666187, -0.23313148052772922, -0.031288013129329044], [0.11561915601392192, -0.2256846695668652, 0.0070634484803043865], [0.09489829457752097, -0.29078876029406736, -0.007592819137033576], [0.0746806987629828, -0.32232509932951914, -0.02285677360984997], [0.054070124872514544, -0.3460967521157982, -0.03377180874425336], [0.14428874166990713, -0.23378870569838553, -0.0022363014558528854], [0.13586137416429622, -0.3263064797376888, -0.013032087088250667], [0.11909575522084495, -0.37096485663647705, -0.025153842558244266], [0.10238936045639349, -0.3957010824341548, -0.0343034098714427], [0.17462443871747063, -0.22261137769228836, -0.015630158846005358], [0.17112489597033667, -0.3125944268202184, -0.03362816387899723], [0.1465963861563674, -0.32990905856631886, -0.04449056614743272], [0.12505893054794653, -0.32694355936084285, -0.05003029442383729], [0.20797343401261634, -0.1979848448670927, -0.03027136830779202], [0.202555074499101, -0.2643501308077195, -0.046318328653177636], [0.17778076102567672, -0.2624065051726548, -0.05009797087247779], [0.1541338520809917, -0.2388163488467436, -0.051528246453625644]], "right_hand": [[-0.16175297275949685, 0.028378897530162227, -1.527755027501347e-07], [-0.12167939837140779, -0.0294680161920048, -0.01177040004017021], [-0.09643182774792101, -0.09638746790518594, -0.022500277278434656], [-0.07767275558258513, -0.14829116531490644, -0.03514828125727444], [-0.06632614901761456, -0.19762849717904002, -0.04319355662733734], [-0.15576701710842566, -0.18776076966022717, -0.001113255675130043], [-0.10598389505598618, -0.21511688427234776, -0.024794784314755094], [-0.09924709806154838, -0.15439610560591302, -0.03648607443567415], [-0.11480249189208427, -0.12790638943602634, -0.041795175248492376], [-0.1821436244230651, -0.18259003250142747, -0.006758095575278247], [-0.12299923484868458, -0.2007698269096489, -0.028161352458410418], [-0.1146698437210883, -0.13186009303298626, -0.030191374862081972], [-0.13217208087830384, -0.11043768155810278, -0.028053035165676747], [-0.2056088270579291, -0.16441282623646156, -0.01641815811545801], [-0.144990454924631, -0.18370134857209203, -0.039824930793210866], [-0.13504286803059204, -0.11757587392320254, -0.029984209733187973], [-0.15200891651840637, -0.09079096952255314, -0.01855722354122204], [-0.22595638963378412, -0.13544301596283806, -0.027387348981652498], [-0.17019841063468444, -0.15801516927491824, -0.041468089900851025], [-0.15701300989479997, -0.11398446374880117, -0.031843726541600344], [-0.17033339046627097, -0.08851163139566205, -0.020879889751036888]]}