{"label": "Z", "timestamp": 1746066753479, "left_hand": [[0.18354428211537696, -0.021366913645182478, -3.922754891996819e-07], [0.13628150793785268, -0.06685914416288992, -0.007227273564555887], [0.10295808631296705, -0.12732426387488624, -0.01719075000317564], [0.07425751881198267, -0.17049100213403762, -0.030767961459304365], [0.048995590152387136, -0.20820283472950518, -0.041766956809702355], [0.15158448826435691, -0.21902776746943706, 0.0026078561417661947], [0.112155610817943, -0.27152906145593814, -0.023685120986162978], [0.08987499322100118, -0.23531401180418002, -0.0407282066453005], [0.0895843589109463, -0.20092351523880778, -0.04882520494806116], [0.17720129622444272, -0.21733574288571952, -0.006391834830665044], [0.12491214068179259, -0.27532664132951024, -0.03225391988805197], [0.1007016667030872, -0.22426712283464784, -0.03929418615995853], [0.10466791288644757, -0.18315357834135454, -0.03796586934068966], [0.20076653511134762, -0.20335920808066846, -0.019459939407374564], [0.14399039617240056, -0.24925953818899202, -0.04279110504866791], [0.12051419044420597, -0.1970240671343755, -0.03734946674143554], [0.12419931837462077, -0.15789197462029445, -0.02757454676764279], [0.22043557527917465, -0.17850099234146063, -0.03410372243938366], [0.16753428195554804, -0.19863042399421407, -0.04974525100373542], [0.14225689550562376, -0.16525854010775726, -0.04631750920823148], [0.13928194395430651, -0.1364213823724115, -0.03943085762895375]], "right_hand": [[-0.18354428211537696, 0.021366913645182478, 3.922754891996819e-07], [-0.14231912123516036, -0.04043286789123455, -0.00966003180526839], [-0.11546220856446662, -0.11420830557105024, -0.020814648778937087], [-0.09461062422659516, -0.1698244371483751, -0.035919893852297394], [-0.07718057303721122, -0.21856389450020236, -0.04960465706241954], [-0.16755052888232, -0.17785719626317423, -0.005359357865801165], [-0.14881515317628644, -0.26077396729123026, -0.036439279088827554], [-0.11895306967047961, -0.260350920527984, -0.05853319628726423], [-0.09983431291241869, -0.23340815445424815, -0.0678440721188438], [-0.19448591420932226, -0.1707324082559735, -0.01457813248062375], [-0.17875747329045133, -0.2654572599827232, -0.04485051326401628], [-0.14034732457242977, -0.2530197965507794, -0.06073045387379879], [-0.1201086207321872, -0.2187110452369655, -0.06534412268160003], [-0.22321473975794215, -0.15321123501729428, -0.02709785613367979], [-0.20321816154639252, -0.23786956054582695, -0.05924116772629986], [-0.16665720321871175, -0.20432940491780344, -0.06286897882005273], [-0.152760858602228, -0.16340799193853622, -0.05749871964485079], [-0.25235653897520977, -0.12487715176449442, -0.04025537465644584], [-0.21734768437689692, -0.1741759443852893, -0.06537249097623864], [-0.18762465135436265, -0.1458700379454911, -0.064592441207074], [-0.17731469977331096, -0.11057303249592997, -0.05790634923508529]]}