{"label": "Z", "timestamp": 1746080059621, "left_hand": [[0.133540834287465, -0.02428507543104578, -9.181520413448757e-08], [0.08840579507532184, -0.060267089888986394, -0.012188240325368482], [0.05226579606661296, -0.113210721161505, -0.020127729112427765], [0.02739236238007221, -0.15235350792726307, -0.02841505133797119], [0.002971797143020451, -0.1801227200356834, -0.03726132693967065], [0.08941313484720897, -0.19164408420066967, -0.0085297373958965], [0.07169125358604704, -0.2550922978661254, -0.022579849379454918], [0.05880668857967239, -0.29114583209625444, -0.03538003737057799], [0.04690011397862807, -0.32587721598058705, -0.04545925910437544], [0.11709939637751876, -0.1997959866145846, -0.015196749519376784], [0.1072310580486693, -0.27408850159087245, -0.02687568188926529], [0.09815928469872402, -0.31671880407291786, -0.03841980146772998], [0.0883129197772046, -0.35551412909447216, -0.047477448021420565], [0.14475356669255393, -0.1929024769093802, -0.024403393587127224], [0.13808114267621494, -0.2657212675086408, -0.036601111008095974], [0.12954105627199872, -0.308637996637728, -0.044872006277324794], [0.11946646140791255, -0.3490034162261024, -0.05138544168561858], [0.17229563015085964, -0.17389895515178774, -0.035100315702178794], [0.17359345141648397, -0.22898895194171048, -0.04550820206942798], [0.17345500736502853, -0.2648040225685655, -0.049139819313750464], [0.1715749487315398, -0.29967995208319037, -0.05210641273684522]], "right_hand": [[-0.133540834287465, 0.02428507543104578, 9.181520413448757e-08], [-0.14378984548583246, -0.044434921658206866, 0.012488785517566747], [-0.14861860794497195, -0.1247331280013558, 0.0109012864867466], [-0.15103000596590152, -0.18686202971370186, 0.006325613438775282], [-0.1678436594936869, -0.2267049147246024, 0.0002602005384171755], [-0.1426576357445224, -0.1576335362060072, -0.021230705339943746], [-0.1273796492042342, -0.26265051279746005, -0.039800170240394554], [-0.11317515436334867, -0.3187323057802711, -0.04733433606906702], [-0.10082165842130186, -0.35905968704488433, -0.05063739005110516], [-0.12535452360302096, -0.1384790196809975, -0.03740604634910699], [-0.10045216534338673, -0.2534471693266476, -0.05732927733158183], [-0.07692557794989646, -0.31255928440644865, -0.0639930316995103], [-0.05821954677818602, -0.3537171948182381, -0.06660778993660847], [-0.10018108918740584, -0.11248961494872185, -0.05170074463376945], [-0.07173473698965621, -0.22330548572557304, -0.0712288477009772], [-0.048222187089249344, -0.2788781251250049, -0.07810124806737355], [-0.031118940272240984, -0.32117278284464446, -0.08022102054853403], [-0.06890424159957173, -0.08252804377609588, -0.06381800713822468], [-0.038450238258986434, -0.1678646095349462, -0.07982647913787824], [-0.01922022435026812, -0.2133982981036234, -0.0851633138879448], [-0.003060540359267207, -0.2532851106203902, -0.08709943560419516]]}