{"label": "Z", "timestamp": 1746066753832, "left_hand": [[0.16731494542863343, -0.0138592132763704, -1.9436591920653597e-07], [0.11654146854892215, -0.05130917139074241, -0.018684501452943144], [0.08219394023068927, -0.11348944983970138, -0.027467745674980313], [0.06269436194620685, -0.16512304945155926, -0.03578126267679179], [0.04782317897674619, -0.2085196089681404, -0.043040916728444054], [0.1349718934334578, -0.1980384426261693, -0.003069189196575337], [0.1166378633142556, -0.2543120978566318, -0.01982640298283249], [0.10054467176216615, -0.284680591412943, -0.036771988480318735], [0.08205195630849052, -0.30866793999780884, -0.04812112688943759], [0.17023804326252645, -0.20550044513687205, -0.006490674597446949], [0.1721786070945168, -0.2757816537464282, -0.01920672880648803], [0.16332002021540054, -0.3148253693326561, -0.03244002131530886], [0.14844094681494396, -0.34279346227282603, -0.0406648367220079], [0.20268871196934085, -0.1939679665361505, -0.014296877982215718], [0.20775068646758826, -0.2622937729198712, -0.02775879846887624], [0.20197116494171768, -0.3038999278898871, -0.03734971871453403], [0.19273861546912271, -0.33873497525434826, -0.042635765014667586], [0.231180313088226, -0.1676411270788591, -0.02440370775715569], [0.25077387517301536, -0.22104807913918548, -0.03575372288082965], [0.2609474900490567, -0.2578466821748445, -0.04061271878144008], [0.2659412561549172, -0.29164262553073506, -0.042820850416181534]], "right_hand": [[-0.16731494542863343, 0.0138592132763704, 1.9436591920653597e-07], [-0.1266500531228388, -0.026344592927032225, -0.016795666519436814], [-0.10036533979992006, -0.09905456386858719, -0.024326414410191517], [-0.08356783960998948, -0.155803025784229, -0.031047319148534706], [-0.06478727685001001, -0.19787026685663686, -0.03752096846447528], [-0.15903477097724567, -0.166289759263625, -0.008287354502413635], [-0.14473016478901962, -0.2296685065094083, -0.024851007523168683], [-0.1257082205941567, -0.26558907991813274, -0.039422778773397116], [-0.10521392197545566, -0.29197566747235437, -0.04825376832215854], [-0.18878314241086944, -0.16890863714689766, -0.010833115076724055], [-0.17976871951958381, -0.23979466921015474, -0.023761774620177086], [-0.16194802769025768, -0.2857626763525775, -0.0345645691761533], [-0.14321671437041106, -0.3221509769764489, -0.04135274531820265], [-0.21826514604478936, -0.15590334384719653, -0.017034453427183745], [-0.2222409807985849, -0.22680151840704177, -0.031381925477688304], [-0.2132612429268855, -0.2740130355565572, -0.04098504575432694], [-0.19978450733411024, -0.3120612417654669, -0.04658720518596741], [-0.2468124185379235, -0.12657143374511007, -0.02500541887418601], [-0.27057040763624274, -0.178953024297517, -0.03678321590609001], [-0.2755198777392067, -0.21885475850095926, -0.041166972243709535], [-0.27131329171450835, -0.25448676131387193, -0.043507148049381286]]}