{"label": "Z", "timestamp": 1746066793011, "left_hand": [[0.19811890829751666, 0.025701045172713842, -8.4124836779987e-08], [0.14889676176205216, -0.015314959015209947, -0.010553705383252867], [0.11705319851276108, -0.08260589613022058, -0.011091143764791816], [0.10296194116071623, -0.1360618057134252, -0.012142877611665192], [0.08670938632250319, -0.17339555901942794, -0.012937450631542847], [0.16214797080074492, -0.15709984527445348, 0.00809053575877365], [0.1548726361763089, -0.22176760079724644, 0.0018993979494099796], [0.15034907992549904, -0.2592486600612295, -0.006705519242183584], [0.14593530652489778, -0.29212868655148827, -0.013944661142624314], [0.19482848162639746, -0.16103338155816885, 0.003738962710091497], [0.19581610825976278, -0.23514304882482034, 0.00015574449042283372], [0.19478155155302582, -0.2785249991402936, -0.007534681585530774], [0.1918259625750429, -0.31349240825116026, -0.014017157892407237], [0.22434226004574595, -0.15150167414713586, -0.004076660931199613], [0.2262882239184706, -0.22167415966901546, -0.010674854110606178], [0.2237715149302148, -0.2636653456404909, -0.017135161064602666], [0.21923069511670037, -0.30058565338045984, -0.022389447627218017], [0.25228082217200565, -0.13107091811590665, -0.013611173474757165], [0.2629461422660707, -0.18496778183047402, -0.01995813854005664], [0.2680995252426385, -0.2189614757225819, -0.022199653192095898], [0.2712557402842851, -0.2509379516439576, -0.024144671654302282]], "right_hand": [[-0.19811890829751666, -0.025701045172713842, 8.4124836779987e-08], [-0.22605219079052205, -0.08697064436488898, -0.005460943582586135], [-0.23828509580302165, -0.15708790324685445, -0.015745338202824536], [-0.2456471410708357, -0.2154146935256702, -0.025325633429218224], [-0.2660070096452556, -0.253405069791289, -0.03597598146806757], [-0.1925009490209582, -0.19206773625660922, -0.030959020443624467], [-0.1658450339870739, -0.27764376130718765, -0.046010212543106555], [-0.14703517774223118, -0.3242944331348458, -0.05232363779536639], [-0.1311787525300333, -0.3573148727285584, -0.05480566776400237], [-0.1641093021774062, -0.1720523951784213, -0.03649660673180262], [-0.13010436811370732, -0.26150547281726433, -0.047851337984067085], [-0.10810510008558522, -0.30987634134324854, -0.050530332842116006], [-0.09166067667061444, -0.34235006653310734, -0.05169617852420265], [-0.13838157600092507, -0.14324780559105024, -0.04139850003505139], [-0.10577552476489878, -0.22697604280632347, -0.051522600105504475], [-0.08632156373849331, -0.2719913482334597, -0.05408587252593368], [-0.0735879473170532, -0.30449300100715976, -0.055233050933299735], [-0.11493267152783448, -0.10990549692715537, -0.045933149800972996], [-0.08645181564302518, -0.17326273015104574, -0.05395738573688465], [-0.07050439008543015, -0.20866482906651704, -0.0540617789614795], [-0.05879271791350838, -0.23925688877435547, -0.05302284351128956]]}