{"label": "Z", "timestamp": 1746066757378, "left_hand": [[0.17989378340337908, -0.035184297926370005, 2.655168665302068e-07], [0.14631497647101213, -0.07026269483902782, 1.0312835945219211e-08], [0.1280751663016571, -0.12751965688338518, -0.0015574223267724998], [0.11676840760927319, -0.16050742732815676, -0.006428340644258293], [0.10226685206404865, -0.17187229902740647, -0.012767346355404913], [0.14367149741199864, -0.23164874711252667, 0.0037360459624731046], [0.1400929547251047, -0.30913756994934577, -0.005592147175980605], [0.13564571676631074, -0.358908558162091, -0.01466983661446406], [0.13379237926283366, -0.39953654956714246, -0.02240969731310652], [0.15612972615158785, -0.2363250186866152, -0.009008507861232981], [0.1491449101474926, -0.32302255556098114, -0.019953605958554926], [0.14509304527502598, -0.37958064998015345, -0.0312283112232323], [0.1440392441469228, -0.4244380543998965, -0.03978755892369355], [0.1708182944223885, -0.2270946314508295, -0.023565021794440703], [0.18375291494215076, -0.31486408471234156, -0.038547448518776874], [0.1939286675513317, -0.37169153605769495, -0.05352432032333911], [0.20435435957539597, -0.4192649270816326, -0.06483693333724301], [0.18524636573324094, -0.20621227240264287, -0.03829150944172013], [0.21562609698393037, -0.2605279349482388, -0.05510528362867004], [0.23679806763175945, -0.3010738844612444, -0.06634254623421185], [0.25637570944776855, -0.3380783357131013, -0.07481462151756137]], "right_hand": [[-0.17989378340337908, 0.035184297926370005, -2.655168665302068e-07], [-0.12232287392036967, -0.03143971807700242, -0.00499482761193767], [-0.09657492837656817, -0.08899731435615803, -0.015528836211374063], [-0.07617851870992386, -0.13277963977613635, -0.028961505722076366], [-0.05425952035799057, -0.1686572940101135, -0.03809509608268046], [-0.17622253663410403, -0.1816999084489973, -0.0038557093401637333], [-0.09569958231636735, -0.19959543567851723, -0.02743315282647252], [-0.09337401558903137, -0.15087285354882, -0.040526685909877534], [-0.10979892795092741, -0.13201665948191213, -0.04859345843345764], [-0.1887718997770174, -0.17093863066979895, -0.014038603262350742], [-0.09267689205168744, -0.1737889585467681, -0.03557555190565622], [-0.09760110315326816, -0.12182574493576583, -0.03797396918211538], [-0.11925430251821628, -0.10946867329096097, -0.03771910853270705], [-0.18856293479914787, -0.14669025185178378, -0.027179196195928502], [-0.09540492448923797, -0.13508467277595637, -0.04528141236868531], [-0.10383063610414464, -0.08532812561053549, -0.039353656030143014], [-0.12661309746445462, -0.07197366826566122, -0.03370174753136373], [-0.17876099835057818, -0.11394804897504045, -0.042011462770771245], [-0.10769162800328018, -0.09845696775228377, -0.051422520066017524], [-0.11258005042236131, -0.059189922971407224, -0.04793439379961981], [-0.1306032913908596, -0.04788748961686927, -0.04432469007663139]]}