{"label": "Z", "timestamp": 1746080020631, "left_hand": [[0.237510380002283, -0.03621120176210413, -4.6315611846517774e-08], [0.19918191388069015, -0.03583807211691298, -0.017796819508290027], [0.16679126909685266, -0.06650322113991611, -0.029412154688739072], [0.16809420400675962, -0.11140447950919864, -0.0421554167893221], [0.1753573192080016, -0.15115589436644583, -0.05390557762844302], [0.12323949433003407, -0.1301768076362579, -0.01793553071682178], [0.07482312799728462, -0.1562825219615239, -0.037140863935973184], [0.04471551155718377, -0.1720016453856525, -0.048375841277287474], [0.02046422702820293, -0.18689711014524754, -0.05522463416189143], [0.1485369753315636, -0.16305011756609852, -0.02417658562428129], [0.1132697771592272, -0.22858214600544793, -0.04504488305780648], [0.09074967551167765, -0.2682297514353609, -0.05801848571534008], [0.07217608498246421, -0.303154553785458, -0.06414894365598584], [0.18195741742513266, -0.17427731163491778, -0.03260678756363736], [0.1708154912123864, -0.21237096979104322, -0.06137542550631522], [0.18209266182727316, -0.16353556784307885, -0.06478943613677368], [0.19040263570003746, -0.12971233348558883, -0.059126135226462186], [0.21738268638775884, -0.17262021713276968, -0.04219773909431221], [0.21043111632716188, -0.17404417864332483, -0.06408769998914672], [0.2148230536374555, -0.13372459706671674, -0.06286463309221176], [0.21926060477116688, -0.1080190067330369, -0.05668399897198444]], "right_hand": [[-0.237510380002283, 0.03621120176210413, 4.6315611846517774e-08], [-0.18293283651326625, 0.0015484354411542001, -0.023495589451125728], [-0.13365085926336076, -0.05181222005164462, -0.03466791838733703], [-0.09391229885677785, -0.09101015342559281, -0.04496971860519118], [-0.05719227508921288, -0.10356240764061392, -0.05508482253447706], [-0.1805427461766485, -0.1582261538548429, -0.014100435793073773], [-0.1617258170010723, -0.2324885356565592, -0.02602238005380388], [-0.15343327454246636, -0.27813297603864073, -0.03755928847787055], [-0.1480441434836715, -0.31529667311852716, -0.046045266073423304], [-0.21666310008250492, -0.1647062382462266, -0.01451311965416312], [-0.21115041048580982, -0.24942924089904223, -0.0223916112490191], [-0.20929269890931723, -0.300235580709767, -0.031663650675467454], [-0.20902983513145304, -0.3385041373006882, -0.03895918928086604], [-0.2510375371797671, -0.15548811691047176, -0.018278255203992837], [-0.25042029956881734, -0.23321541588874306, -0.026925049767931815], [-0.24949581137233084, -0.2789338277914654, -0.03529262034407025], [-0.24861256453839223, -0.3148584337330774, -0.04162119263646902], [-0.2859469628801681, -0.13179393648270438, -0.02479315860170238], [-0.30338691745765517, -0.18350918333759533, -0.03326619166805401], [-0.31430927601954733, -0.21751719068516412, -0.036548638943607666], [-0.32284967565868894, -0.24850592128897975, -0.03846019070503215]]}