{"label": "Z", "timestamp": 1746080026012, "left_hand": [[0.25988474840674164, -0.028058595165133485, -5.478250215957872e-08], [0.20993506033706474, -0.023885413145021104, -0.02099495766974999], [0.15458040883373997, -0.03531694122396489, -0.03501271650018739], [0.11092212724394676, -0.03832828079752986, -0.04758003407364506], [0.07569639710824239, -0.03341897348851286, -0.060646900628797636], [0.1453748787293538, -0.14111340465053746, -0.022980802912649666], [0.09731946913424404, -0.18337553648013638, -0.04085949836039323], [0.06748696744277707, -0.20886630795074448, -0.05521503796984145], [0.04219468998201301, -0.2328137909477811, -0.065994386162808], [0.17118702799523786, -0.1721609683391892, -0.02733608086480324], [0.13181076162166136, -0.2384255296045359, -0.0426384359200212], [0.10813791269953998, -0.2800261259357806, -0.05573381575211925], [0.08745155971119489, -0.3164052995624008, -0.06533387600424759], [0.2042028123659795, -0.1856069898511089, -0.034522169903763465], [0.17246025472254403, -0.25332250994926425, -0.05169158286969242], [0.15306482906426136, -0.2959812765714453, -0.06239797985340585], [0.13363533661397778, -0.33456364540055805, -0.06972489612418957], [0.24176341291980205, -0.18723195228107894, -0.04331235399081355], [0.2277515608315261, -0.24562117785205226, -0.057713300454144904], [0.21892633857793362, -0.2822610134591726, -0.061970285605155856], [0.20793767879500175, -0.3163226444195968, -0.06478143371639515]], "right_hand": [[-0.25988474840674164, 0.028058595165133485, 5.478250215957872e-08], [-0.19803221936821194, 0.01966744977735913, -0.019395832330804278], [-0.14073079591762278, -0.011144903906152661, -0.028430388251056215], [-0.09465606807195343, -0.03568331622779965, -0.03716333728210418], [-0.05610209477741748, -0.04168731358576778, -0.04597886050807775], [-0.14888001998524314, -0.12328877993263808, -0.010685871270755494], [-0.10674834670012699, -0.17857251128256924, -0.024575978976313015], [-0.0819900308812667, -0.21421940587099464, -0.03802670527704736], [-0.06175435643272177, -0.24585797737916923, -0.04804008294361828], [-0.17938326070354846, -0.14832155321286059, -0.014002411328734784], [-0.1469245743501536, -0.2246965143095256, -0.02514961734349148], [-0.12738495353771037, -0.27204024978095726, -0.03700587158180846], [-0.11222819428024691, -0.3111820714747901, -0.04616106191765754], [-0.21382065662170854, -0.15587947510503647, -0.020454761814721906], [-0.18709956570530925, -0.22902527324610303, -0.032801993144998244], [-0.16819333996510885, -0.27022024711729076, -0.041917102016180346], [-0.15172428313766997, -0.304375659874358, -0.04832899328073435], [-0.2530896793211578, -0.15058499326065425, -0.029175621402770406], [-0.24361385198576893, -0.21196695511094318, -0.0415894004745206], [-0.23527884027225646, -0.2523791777152342, -0.04596253356628929], [-0.2254923693208685, -0.290296871249495, -0.04838050556702606]]}