{"label": "Z", "timestamp": 1746080057018, "left_hand": [[0.10300910765296309, 0.0005805910345829395, -3.8199843185943926e-08], [0.057966933335769764, -0.06207232635130418, 0.008098561558293171], [0.0493757648870771, -0.12908725184998807, 0.006032815632089488], [0.051361384630539506, -0.1801411867747572, 0.0009144447680201355], [0.04979496102343234, -0.22029869346312936, -0.005887774845430676], [0.09567329487758992, -0.1745091507251657, -0.007286971902714024], [0.08300295809081078, -0.2551463957144288, -0.022227341837826296], [0.06695098353523707, -0.30617090637168515, -0.032756392843942765], [0.05147736727850007, -0.3489289920204821, -0.04124141165277156], [0.1039303104996901, -0.16827989773373808, -0.02254152463733137], [0.08253619670900454, -0.27031632003939693, -0.03899777886031283], [0.06292500215224837, -0.3233471231809089, -0.04954260105452965], [0.04594484745074067, -0.36910156013629114, -0.05768132155236068], [0.09922485978478529, -0.15202334876541576, -0.037441524666799834], [0.07773111016142407, -0.24956387855406628, -0.05281847791870188], [0.05891576628735642, -0.301573185156536, -0.06250470357521887], [0.04450273938036126, -0.34424855990701947, -0.07025683185913183], [0.08148194673397074, -0.1288402953283422, -0.05143251717179805], [0.06687913728854579, -0.1882520379460415, -0.06693381337124617], [0.0543652514851277, -0.22880988212776945, -0.07630413183859693], [0.04361598445657613, -0.26825496669682797, -0.0838673646978364]], "right_hand": [[-0.10300910765296309, -0.0005805910345829395, 3.8199843185943926e-08], [-0.060327871971145815, -0.04261172184657518, -0.005325945893009929], [-0.04093329265205543, -0.11437348341203156, -0.004612666562650859], [-0.030062660487583624, -0.16701006914834926, -0.0058272978586079065], [-0.014714516005728677, -0.1947614992736214, -0.0069488227034061245], [-0.06681315197318836, -0.18777658484293744, 0.005873027381598825], [-0.057402230608238146, -0.25368020599421504, -0.0025240427264692947], [-0.049696939937144594, -0.2915139929546952, -0.011237187291992667], [-0.04293988416341995, -0.32446382995141543, -0.018165108401672195], [-0.08824972761333355, -0.19185096874728197, -0.0005097630646052619], [-0.0812530115794195, -0.26634551912556514, -0.007661219903794027], [-0.07262398629874384, -0.3106448901691836, -0.015014895188110212], [-0.06556110553320704, -0.34780590600498634, -0.020512773971253256], [-0.1082026902203881, -0.18225550778587749, -0.009452230312910944], [-0.10801292761709888, -0.2543471161875586, -0.017422495757879214], [-0.10265019538175614, -0.3001678374854071, -0.023615017006820976], [-0.09737142995858424, -0.33997719687849165, -0.028225180241591638], [-0.12817666446562595, -0.1608082867806565, -0.01978799455666554], [-0.13262417439641908, -0.2188260048870828, -0.028431451633183075], [-0.1320439023240856, -0.2594075120806927, -0.03236258161723806], [-0.12988026177514228, -0.2978732230627785, -0.03511495919758845]]}