{"label": "Z", "timestamp": 1746080021585, "left_hand": [[0.24231485534992378, -0.03897146314991547, -1.368843817346759e-07], [0.20398309004413223, -0.036192797744800054, -0.018494955252288687], [0.17070830950167473, -0.05994029318834009, -0.0297436056791208], [0.16614612972392637, -0.10808704649984546, -0.04058318160553209], [0.16905365427825436, -0.14910732689410297, -0.05167706178993309], [0.12396823909534291, -0.11511892839173357, -0.014180810424464195], [0.07946711114344475, -0.13084375302299897, -0.02977116852931262], [0.050903961840905614, -0.1410620595552052, -0.043949015298805245], [0.026425557182298585, -0.15228632415436583, -0.05531767170308764], [0.13768437005388753, -0.1552268396375636, -0.019211112865301493], [0.09179172834338367, -0.203622881760606, -0.03221558709507644], [0.06400138025135546, -0.2344757272812897, -0.04583011719271972], [0.03916500731273094, -0.2614439351381543, -0.056324346964147905], [0.16435974657486996, -0.17625721082501747, -0.02712111420284576], [0.13174879303713913, -0.23789843299347138, -0.04336862842477865], [0.11388252505153046, -0.2760666387448187, -0.056624772697890756], [0.09448712063560448, -0.309920990721429, -0.06611406615835098], [0.19873208953829663, -0.18310887068022094, -0.03662095189034871], [0.18208642697340846, -0.23213612221303842, -0.05172372361740984], [0.17115088703703063, -0.26404642623222363, -0.05776227693581052], [0.15753355202271305, -0.2924225548909376, -0.06227281873793665]], "right_hand": [[-0.24231485534992378, 0.03897146314991547, 1.368843817346759e-07], [-0.1870168122401923, 0.0028057812370631693, -0.02315459114760398], [-0.13777683897066006, -0.05411836687592925, -0.03328773333588301], [-0.09869172511640707, -0.0944882995848196, -0.042531628517216084], [-0.0613412778389739, -0.10519115424443999, -0.05184998907834915], [-0.1874528073090971, -0.1578014485826954, -0.013655460829630104], [-0.17030613062609026, -0.23335425184040717, -0.025221664911770983], [-0.16247515695619408, -0.27921256647959747, -0.03664617649126387], [-0.15733719803093488, -0.3160808824755075, -0.04498136709131313], [-0.2241040689299268, -0.16237492662375533, -0.014010431385653726], [-0.21913921904775432, -0.24821258809686683, -0.021729342248436492], [-0.21690590607582286, -0.2994127019806105, -0.031327322545809756], [-0.21648165137618527, -0.3378947833113298, -0.0388682943579401], [-0.2586808908101392, -0.15197684998539693, -0.017686138371327976], [-0.2590682542239203, -0.22980557540458996, -0.026496953926919455], [-0.2578828404372711, -0.27496777947971285, -0.03551690770484056], [-0.2571017276347936, -0.3100026722528832, -0.04218721815317247], [-0.293949981844893, -0.12768334386202784, -0.0240371844599171], [-0.31093793266523756, -0.18098485612510787, -0.032601071558545976], [-0.3217539075020487, -0.21512431732024126, -0.03609705387673574], [-0.33053928968446816, -0.2460504738329518, -0.03823471476901383]]}