{"label": "Z", "timestamp": 1746080044095, "left_hand": [[0.3097293048791032, -0.08428272504433239, -5.454828454783119e-07], [0.21918639141075558, -0.04759319130708073, 0.01103531402468446], [0.1503486514465668, -0.044213959112302866, 0.004641319884088875], [0.10218185661677892, -0.03853714780328599, -0.00868597374799512], [0.059816575018376256, -0.029097376861218667, -0.02198285190073344], [0.11237166214654075, -0.17530753231704846, -0.0002130581136051796], [0.03579541462382372, -0.14144373148057013, -0.03264168224967717], [0.018226293712329072, -0.08254051891795684, -0.05588990278211439], [0.021132494168287514, -0.03478454412683425, -0.0668296036385407], [0.1366155389084338, -0.19320961369131345, -0.018986158677937563], [0.05370944712648624, -0.12530940430164916, -0.04379737696372038], [0.04440579751125187, -0.05055398208682114, -0.05574057064756658], [0.055115527766681084, -0.0025597443333663142, -0.06238818958724453], [0.16757144283640574, -0.18959406818862415, -0.039733065956698906], [0.09185947458640373, -0.1109567827412651, -0.063437477138389], [0.08427430608206082, -0.03534351258129189, -0.06610832012350593], [0.09319784904580407, 0.012826118109471686, -0.06509983605416787], [0.20034386764042858, -0.16598737393970564, -0.059777994780717006], [0.14651644110129758, -0.10417097254944381, -0.07502361503624176], [0.13259590853689646, -0.051468800453352864, -0.07467636765779703], [0.1315732261725395, -0.013208858060440233, -0.07195749860745125]], "right_hand": [[-0.3097293048791032, 0.08428272504433239, 5.454828454783119e-07], [-0.23734000352548906, 0.08953924656464016, -0.030901327661996693], [-0.1677233892802905, 0.05456578852048807, -0.040588508484052196], [-0.12633106119842116, 0.006288040630026449, -0.048420365243045736], [-0.095962686896162, -0.04158942041967957, -0.05475790683921028], [-0.15440864219663314, -0.08571204961645296, -0.010031537558072096], [-0.11450152034021772, -0.15532243509557989, -0.02857976716537735], [-0.08886883130585677, -0.18669776792589332, -0.04614655861964197], [-0.06218246799790458, -0.20658920577460238, -0.057697783144255], [-0.18908896843261092, -0.12330434931108968, -0.007696816894112459], [-0.15176273326594306, -0.19859853447092357, -0.021053287690132823], [-0.12473553491697553, -0.23562730807739174, -0.035653895164765775], [-0.094404178728524, -0.253333233960776, -0.04622233561013291], [-0.22936617014635338, -0.14172876082881392, -0.010908524399779736], [-0.1996425490930664, -0.21504174261450884, -0.026990650056337717], [-0.17202022506220122, -0.24921660195175777, -0.03989731801160318], [-0.14045577575307172, -0.25994839875040404, -0.04797240998470663], [-0.27675021670647726, -0.1468303734433248, -0.017683162850218283], [-0.2614326554688349, -0.21689528160436736, -0.034226092968905594], [-0.24223396528409274, -0.2434750469238585, -0.04170418240122906], [-0.21780631460290029, -0.24667050519933695, -0.04501690162903812]]}