{"label": "Z", "timestamp": 1746066770843, "left_hand": [[0.0, 0.0, 0.0], [0.04830372565932957, -0.05226601507345244, -0.019280138855836137], [0.08339745372679012, -0.125977630319495, -0.02926279572915371], [0.1096882494495623, -0.1840654317918663, -0.039046677354628856], [0.1366620459967957, -0.22642772993486626, -0.04877355953521313], [0.027924754637181408, -0.21628326357464475, -0.011850970268634414], [0.03540973596747822, -0.2940443800286018, -0.02686183368543936], [0.03956371008621374, -0.34132167336377184, -0.040727095644342806], [0.04264123779419675, -0.3825378764888052, -0.050953708739327544], [-0.005149660078186225, -0.21647484039727596, -0.015668268996758973], [-0.002382293066827128, -0.3035395694717584, -0.027654431814839796], [0.002653875166890102, -0.35878565167116605, -0.039393051335370764], [0.006305227134122722, -0.40505284601416575, -0.048478923055717625], [-0.03654843028151838, -0.19980903771772235, -0.023014875503568944], [-0.04538771885395015, -0.28245994813298636, -0.03614367572211135], [-0.04611011817803122, -0.33500291782917724, -0.047018184844798555], [-0.04538888397934964, -0.3808579814267012, -0.054946312990233476], [-0.06628167530267359, -0.1692158222697609, -0.03256500384577109], [-0.08808887430063557, -0.2270118245587484, -0.0465864141846027], [-0.1018119801726029, -0.2679467362053897, -0.05372685283079245], [-0.1133987746836117, -0.30797211644295386, -0.05837525546454092]], "right_hand": [[0.0, 0.0, 0.0], [0.04830372565932957, -0.05226601507345244, -0.019280138855836137], [0.08339745372679012, -0.125977630319495, -0.02926279572915371], [0.1096882494495623, -0.1840654317918663, -0.039046677354628856], [0.1366620459967957, -0.22642772993486626, -0.04877355953521313], [0.027924754637181408, -0.21628326357464475, -0.011850970268634414], [0.03540973596747822, -0.2940443800286018, -0.02686183368543936], [0.03956371008621374, -0.34132167336377184, -0.040727095644342806], [0.04264123779419675, -0.3825378764888052, -0.050953708739327544], [-0.005149660078186225, -0.21647484039727596, -0.015668268996758973], [-0.002382293066827128, -0.3035395694717584, -0.027654431814839796], [0.002653875166890102, -0.35878565167116605, -0.039393051335370764], [0.006305227134122722, -0.40505284601416575, -0.048478923055717625], [-0.03654843028151838, -0.19980903771772235, -0.023014875503568944], [-0.04538771885395015, -0.28245994813298636, -0.03614367572211135], [-0.04611011817803122, -0.33500291782917724, -0.047018184844798555], [-0.04538888397934964, -0.3808579814267012, -0.054946312990233476], [-0.06628167530267359, -0.1692158222697609, -0.03256500384577109], [-0.08808887430063557, -0.2270118245587484, -0.0465864141846027], [-0.1018119801726029, -0.2679467362053897, -0.05372685283079245], [-0.1133987746836117, -0.30797211644295386, -0.05837525546454092]]}