{"label": "Z", "timestamp": 1746066769925, "left_hand": [[0.2064425551579907, 0.0070469862403648624, -1.1775844087145554e-07], [0.17689076064442705, -0.042572589400418935, -0.027882363801775712], [0.1592836385297083, -0.10663948846152409, -0.04033084032734726], [0.15528596291856755, -0.1606492831947503, -0.05093341812505805], [0.1573874902733587, -0.20642695358149596, -0.059366708735313446], [0.19759372998706085, -0.16924608359839452, -0.003160195103032892], [0.21130668406600844, -0.21451096065995548, -0.02017255596822958], [0.21784722122843203, -0.23289120837714525, -0.03783622414048856], [0.21870680310565857, -0.238511538835532, -0.04841134807172552], [0.22889228300383263, -0.16103248299959605, 0.002019065881213104], [0.2437460381716275, -0.21225704412281038, -0.010740513373729811], [0.24842365711770417, -0.22786471036775738, -0.02451804266409826], [0.24839497166741734, -0.2299335348549528, -0.03254566274565758], [0.25591877626077575, -0.14427959832459794, 0.0022021259314860616], [0.2744812802039325, -0.19079534643792553, -0.00983622863976268], [0.2806216389743317, -0.20412553699264013, -0.014420769843867786], [0.2822430758715338, -0.20614580708331076, -0.015601668983925936], [0.2779526196125351, -0.11876510824449779, -0.0008051064125676375], [0.2951857765287108, -0.1569057773972411, -0.009206353617800636], [0.30100510548157794, -0.16847477583180984, -0.008792078476551196], [0.30343017126742433, -0.17238646780552552, -0.00654374439979837]], "right_hand": [[-0.2064425551579907, -0.0070469862403648624, 1.1775844087145554e-07], [-0.16581611358997583, -0.05015034736288465, -0.015524084884443306], [-0.13500014146595737, -0.10968927172807866, -0.024269444517458414], [-0.11148010820694143, -0.15524205763732213, -0.032889374610461763], [-0.08806836343167627, -0.18792100251276406, -0.04187735966308258], [-0.17875945048971312, -0.1856581967581346, -0.012649483053815441], [-0.16818960737172603, -0.2500139862983009, -0.02701531289135105], [-0.16232779559419458, -0.289318579412366, -0.03980339978950817], [-0.15763692462450626, -0.3243871059171525, -0.04907709865297869], [-0.20611462665326988, -0.18545303579999947, -0.01679166980103763], [-0.2029046738667677, -0.2578881605803973, -0.028762584933197086], [-0.19806755800002132, -0.30456331472260023, -0.03973335402821681], [-0.1945784583348089, -0.3450597537572017, -0.04801571426941704], [-0.2317438039994408, -0.17053103907303047, -0.023578139708232665], [-0.2367310912887598, -0.23976413683139067, -0.03593494277005483], [-0.23419084742115334, -0.2848678990983431, -0.045003187549353514], [-0.23098137636116103, -0.3250530519157634, -0.05138006040233793], [-0.25632394461230823, -0.14391152291432677, -0.032102351652639464], [-0.2676800744645836, -0.19654976047129055, -0.04459081147853161], [-0.27333818864186843, -0.2334824413208266, -0.050241995156499686], [-0.2777484402857786, -0.26960253135079865, -0.05373812530200261]]}