{"label": "Z", "timestamp": 1746080021467, "left_hand": [[0.24113600887291153, -0.04056557802486693, -1.6553107960916804e-07], [0.20660303255374843, -0.0346683795443652, -0.020251263813393913], [0.17373644202550748, -0.05834670507247776, -0.02844265046020699], [0.16964610746690176, -0.10659077350373301, -0.034658839844211364], [0.17281509979399534, -0.1492264391623151, -0.04072558362026291], [0.12645277482816333, -0.11581955876317518, -0.01408132987526008], [0.0804526836034874, -0.13211829991084137, -0.024351215022236385], [0.052481422220200157, -0.14347740028494757, -0.0339566787449048], [0.02692427574049399, -0.15545018906985006, -0.042195062573573056], [0.14075974381406298, -0.15544673339471365, -0.018151577087965724], [0.09222073844659388, -0.2046617675524399, -0.02754947198105659], [0.06510411489132854, -0.2355563721274096, -0.03744588380349567], [0.04006978243968864, -0.26030951135652103, -0.04507609349154957], [0.1659496803804167, -0.1759910380281131, -0.02519007769326057], [0.1396321668904099, -0.24067853178831727, -0.04254413512913814], [0.1213304374468201, -0.2789944258059511, -0.05689780509616698], [0.10275861243456849, -0.3105411853926641, -0.06645304798574582], [0.19933272649447287, -0.1825787791344449, -0.03344247428460697], [0.17673150528630677, -0.22174411759403845, -0.04837116365765569], [0.17850637952979717, -0.2012698940524054, -0.04857642088740092], [0.1850108684854141, -0.17259205571065514, -0.04874043710273248]], "right_hand": [[-0.24113600887291153, 0.04056557802486693, 1.6553107960916804e-07], [-0.18562353994038455, 0.005217220347231541, -0.0230545420408012], [-0.1359674234082469, -0.05158155947800019, -0.033074516464421395], [-0.09745779436910842, -0.09233506699014264, -0.042235938273758024], [-0.06004831406639749, -0.10237161137604192, -0.05142186822482994], [-0.18587617941292872, -0.15651165399146486, -0.013493958898966913], [-0.1685117277999087, -0.23176318613710503, -0.024817634900415813], [-0.16058180247059517, -0.27777157098210836, -0.03588145277079451], [-0.15535638723661158, -0.31476325028746976, -0.04410093652480599], [-0.22271876114619032, -0.16130690678446813, -0.01410272050435446], [-0.2181996661633739, -0.24698454651081386, -0.021668557135465494], [-0.2164303210001018, -0.2984375548737396, -0.030826977444112207], [-0.21618378326251275, -0.33662276513107187, -0.038073533141843086], [-0.2574212333941156, -0.15060377253811286, -0.018062940254886497], [-0.25776686014790184, -0.22917300952200262, -0.02692333820309043], [-0.25704016128678736, -0.2752298133123458, -0.03587025391501316], [-0.2563263965240406, -0.3108836724187549, -0.04256203552634475], [-0.2927705389140741, -0.12555978394280606, -0.02472662722735907], [-0.3107202041747664, -0.1779876678817857, -0.033709227721744], [-0.32210742387112545, -0.2121553892123878, -0.0376033860711951], [-0.33110188473624647, -0.24329846670302294, -0.04000502351919435]]}