{"label": "Z", "timestamp": 1746080020100, "left_hand": [[0.2261831159665686, -0.038506970560398, -7.378293428941781e-08], [0.18227052732527846, -0.04563524598907168, -0.014466532323762611], [0.14919740962756828, -0.08293832889182774, -0.024769954581805014], [0.14538839935111253, -0.12821720454759158, -0.0368561885876907], [0.14758613158335973, -0.16267043048163352, -0.04807724865831868], [0.12161763528034332, -0.1537146736096865, -0.016679544410388915], [0.07467740926803959, -0.19132987919120206, -0.03653881631270048], [0.04463804976816584, -0.2149833603222046, -0.04857069095940349], [0.01985347932950785, -0.23681516492311416, -0.055976866734286077], [0.1505510206071379, -0.1794538560974756, -0.025168353769937913], [0.11580521915096423, -0.2506860642014173, -0.047070747793412], [0.0951592753854732, -0.29333531418647335, -0.06000180892152013], [0.07862546103638705, -0.3310670524128547, -0.06576099360214317], [0.18598701439369605, -0.18498102195230773, -0.035280579168177194], [0.17220449195687365, -0.22931701385291708, -0.06527324761892413], [0.179581193976144, -0.1729480292674794, -0.0645787559013117], [0.18539882268062383, -0.1324676251609873, -0.055318532320284365], [0.2237734056802246, -0.1774406174324304, -0.046299923441937965], [0.21131163920415505, -0.19088554665306923, -0.0686345391578918], [0.2123650927341737, -0.14588250309638626, -0.0629769602025279], [0.21476599692773385, -0.11462213736836929, -0.0529065563407858]], "right_hand": [[-0.2261831159665686, 0.038506970560398, 7.378293428941781e-08], [-0.17062819147626723, 0.003047875588734301, -0.023898289608424692], [-0.12064634891427062, -0.051171632573343354, -0.03556175218227606], [-0.0793290303350698, -0.0887268145627898, -0.046576806941110174], [-0.042092703933888, -0.10069243866336157, -0.05741748230545199], [-0.16810943174946344, -0.16060425653687208, -0.013955269284744614], [-0.1501320302665119, -0.23644049134314576, -0.026004273608287914], [-0.14255764528546647, -0.2827974815376435, -0.03776601987800183], [-0.13774738620841012, -0.3207939751410167, -0.04649120915245303], [-0.20503018016642122, -0.16675466077448783, -0.014727209206268622], [-0.20029665848758088, -0.25275441005247073, -0.022724574171713897], [-0.19847598893222326, -0.30412852352603414, -0.03229594307366935], [-0.19813334109776018, -0.3431424959933898, -0.03983074012639285], [-0.24003782467069518, -0.15694364669396624, -0.018963443322657227], [-0.2404125081229649, -0.23518485308194687, -0.027581894509196833], [-0.23954994541140823, -0.28128561756779946, -0.03609370633083812], [-0.23850172420109297, -0.3177180029827053, -0.04255852362112129], [-0.27531215952302107, -0.13239915087898213, -0.026072155552213473], [-0.29369824466401306, -0.1851001608847239, -0.034362536591237204], [-0.30529726085480074, -0.21968413557754277, -0.037478876589675365], [-0.31418020950445996, -0.2512068083518224, -0.039338731777075815]]}