{"label": "Z", "timestamp": 1746066766689, "left_hand": [[0.16855047730097253, 0.013450503326456075, -1.2305909037822319e-07], [0.11675356348119553, -0.030044213660028088, -0.012513493391609419], [0.07325976102127285, -0.09415161109329125, -0.01856217206924537], [0.0409036865679043, -0.1395425573356173, -0.025210916570771093], [0.009525074731202404, -0.16178612962724118, -0.03225596933905387], [0.1162279185552897, -0.1814078374058771, -0.002625453103265521], [0.09396933971417969, -0.24979241321310358, -0.014289073990636596], [0.0787561903639417, -0.29180083747492974, -0.02646290083535189], [0.0654432609309048, -0.33047202960574396, -0.03664301820664924], [0.14776973181382683, -0.1924195893785872, -0.009600248245316818], [0.13955374989364816, -0.2757991375970547, -0.018031936323924372], [0.132100815680858, -0.32540956390119247, -0.02841670889135157], [0.12366252066746108, -0.36892832877930465, -0.03705935122758986], [0.17980069207458885, -0.18498739829098698, -0.01969868956117871], [0.17620809918597785, -0.2655128961733232, -0.029982193900442815], [0.17046915402695986, -0.31532329202400666, -0.038394406720229736], [0.16312197234018824, -0.36074738985418636, -0.04553148891993519], [0.2108386843365282, -0.16341257354744615, -0.03159083053356712], [0.2232464403206446, -0.2210859856349657, -0.040039892018756], [0.23085675624078783, -0.26056863302684313, -0.04287806025014201], [0.23639741541352105, -0.2979896881328073, -0.04586665251237072]], "right_hand": [[-0.16855047730097253, -0.013450503326456075, 1.2305909037822319e-07], [-0.11969120985892402, -0.05217317914574273, -0.017049904971580543], [-0.08232889229984049, -0.11164114176322315, -0.024568549996282586], [-0.05334843930837155, -0.1592296537633991, -0.0318324707946571], [-0.02473042982097322, -0.18637413232861103, -0.038907165135496524], [-0.13065954260465834, -0.19416286406702138, -0.006228035473328182], [-0.11078029167549262, -0.2603577099462543, -0.018910502765696773], [-0.09731147703311234, -0.3008849960876781, -0.03148795668774779], [-0.08496998265531415, -0.3358515450414053, -0.040396521004518106], [-0.15974355533686774, -0.20248640678164698, -0.008609428214774553], [-0.14826858526842018, -0.2792076196610839, -0.01828047320648438], [-0.13582364546570172, -0.32750274892286607, -0.028626335526616066], [-0.12421298251869439, -0.36805389589366666, -0.036422391271778744], [-0.18788304919331839, -0.19591996057735067, -0.014313809076229157], [-0.18548892257883376, -0.2701565294974109, -0.02502254748188739], [-0.17728862271071505, -0.3158803426234215, -0.034205950413164175], [-0.16805503253629014, -0.3538313243023748, -0.04045063915302848], [-0.21620551071614896, -0.17668858936291054, -0.02208610142027085], [-0.226082657388827, -0.2348807042883465, -0.03207120899276647], [-0.2294668525372405, -0.2747432127583519, -0.03655529380509126], [-0.22999059566359234, -0.312141945102338, -0.03939184862456056]]}