{"label": "Z", "timestamp": 1746080083342, "left_hand": [[0.2146560310505627, -0.11003223456257992, -2.0000581105841994e-07], [0.18668301353674704, -0.1808421234061679, 0.002270728102806524], [0.13049397108249075, -0.22048076732164826, -0.007957553393943223], [0.07279483872237466, -0.21664163741531145, -0.021132063677564022], [0.03027383399895501, -0.2113359824420421, -0.034667679580193955], [0.11761724646347357, -0.2853058933693411, -0.019537453894600605], [0.03683275296006029, -0.30492388937801684, -0.039258179194279444], [-0.0085497126411611, -0.3141857547622401, -0.051842821370488706], [-0.0452944372909433, -0.3224409904011414, -0.0604094681208524], [0.11558653090347686, -0.2548490558369031, -0.03276707738547166], [0.027978371641129453, -0.27031810361339265, -0.05411650130885062], [-0.022284259933403522, -0.28058711532205555, -0.06739859524739707], [-0.061859945768912385, -0.2919607238533021, -0.07679442143511521], [0.11554851929006502, -0.2108145819192286, -0.04414827855354209], [0.05056579356320938, -0.17389734136825957, -0.059848264100812495], [0.07218966628597176, -0.15821718492566395, -0.05514253505728175], [0.09460859731915704, -0.1636920626082447, -0.04970713800997884], [0.11558050414710352, -0.16178894209032355, -0.055751614123262364], [0.06999502295262021, -0.13302895933892922, -0.06405793728449265], [0.08939454904276244, -0.12301038088170844, -0.05562131242185128], [0.11021079336323754, -0.12952009568185138, -0.04780062206056521]], "right_hand": [[-0.2146560310505627, 0.11003223456257992, 2.0000581105841994e-07], [-0.15750745364721608, 0.06106440854659911, -0.021555117760326304], [-0.1132885609845174, -0.00885035630663864, -0.0327498204143205], [-0.08273848092133192, -0.06705612363645354, -0.04324604890980704], [-0.05241778351054172, -0.10994682681511775, -0.053730078604670044], [-0.16797054843523046, -0.11709257965394704, -0.015064123572168044], [-0.15811170054603307, -0.2027156975599557, -0.03160760479369582], [-0.15378739522751253, -0.2544292707313701, -0.046291802078369776], [-0.1508747499687972, -0.29904067742701246, -0.056706365334481326], [-0.20398728396337307, -0.11894107193016987, -0.01848740863400257], [-0.19899331991525487, -0.2145247822874358, -0.031659927262978116], [-0.19307347389515253, -0.2734016074152921, -0.04425884262783049], [-0.18834554809265747, -0.32172840179444867, -0.053780837884017996], [-0.2395953946473383, -0.10329384740632856, -0.02540525456859319], [-0.24287542451733343, -0.19561084056794548, -0.039549139691816074], [-0.23904063172317241, -0.2503328413761515, -0.0497904256306454], [-0.23414829385439967, -0.2960447122614357, -0.05687804179460188], [-0.27607446848583567, -0.07353002228443492, -0.03463731441393079], [-0.2899503862632927, -0.1434984683176552, -0.04922119311015102], [-0.2966862658584102, -0.18960780378576114, -0.05511483888312677], [-0.3014905807979373, -0.2329892571262544, -0.05835170211059784]]}