{"label": "Z", "timestamp": 1746066776023, "left_hand": [[0.0, 0.0, 0.0], [0.06434436346562926, -0.06454820587944479, 0.00040657698624475537], [0.11455186068879089, -0.13885681026778857, -0.012505758345334655], [0.15378330102915927, -0.18691313121196249, -0.03208510628764897], [0.19519524527517074, -0.22291908476031702, -0.05133501118301148], [0.06549701366789563, -0.25845086554285235, -0.010164588096203879], [0.12178935139870473, -0.32359969710725056, -0.04107059545284065], [0.16717793691646515, -0.31960728774201086, -0.062312438785658265], [0.1978165752538029, -0.3000160736031191, -0.07381236104160717], [0.030239787751010935, -0.2534751845757016, -0.028562930874972567], [0.10319933415367276, -0.3231715959370704, -0.05723303894621808], [0.15543589481453793, -0.3024244829577582, -0.07139896316553387], [0.18326095570113984, -0.2720387761396229, -0.07785226087409074], [-0.0019064690789064643, -0.23091350816012138, -0.04853461126154672], [0.0751490257947463, -0.28093061977889605, -0.08016364123975367], [0.12133930587040107, -0.2340025649901327, -0.08315921946991761], [0.14356059434596016, -0.1887858362828609, -0.07960314843444628], [-0.02610776398794976, -0.19034446353064574, -0.068645247972008], [0.04614420848001569, -0.2026205149746681, -0.09344377868271353], [0.08704424182765969, -0.16252964933671943, -0.09306793821327224], [0.10771388826948848, -0.12262538136538916, -0.08754690335142125]], "right_hand": [[0.0, 0.0, 0.0], [0.06434436346562926, -0.06454820587944479, 0.00040657698624475537], [0.11455186068879089, -0.13885681026778857, -0.012505758345334655], [0.15378330102915927, -0.18691313121196249, -0.03208510628764897], [0.19519524527517074, -0.22291908476031702, -0.05133501118301148], [0.06549701366789563, -0.25845086554285235, -0.010164588096203879], [0.12178935139870473, -0.32359969710725056, -0.04107059545284065], [0.16717793691646515, -0.31960728774201086, -0.062312438785658265], [0.1978165752538029, -0.3000160736031191, -0.07381236104160717], [0.030239787751010935, -0.2534751845757016, -0.028562930874972567], [0.10319933415367276, -0.3231715959370704, -0.05723303894621808], [0.15543589481453793, -0.3024244829577582, -0.07139896316553387], [0.18326095570113984, -0.2720387761396229, -0.07785226087409074], [-0.0019064690789064643, -0.23091350816012138, -0.04853461126154672], [0.0751490257947463, -0.28093061977889605, -0.08016364123975367], [0.12133930587040107, -0.2340025649901327, -0.08315921946991761], [0.14356059434596016, -0.1887858362828609, -0.07960314843444628], [-0.02610776398794976, -0.19034446353064574, -0.068645247972008], [0.04614420848001569, -0.2026205149746681, -0.09344377868271353], [0.08704424182765969, -0.16252964933671943, -0.09306793821327224], [0.10771388826948848, -0.12262538136538916, -0.08754690335142125]]}