{"label": "Z", "timestamp": 1746066748621, "left_hand": [[0.22696712289424623, -0.017841700177224907, -1.7810129475212862e-07], [0.171781359346407, -0.03292958252971393, -0.009710864742068503], [0.12054323251403178, -0.0739453666617759, -0.014173876157773007], [0.08621091551307734, -0.11122692106042935, -0.019604991733746975], [0.057138422171602594, -0.13909109656930155, -0.024755148067746226], [0.13567223517385188, -0.16555910028588694, 0.0034098709462427753], [0.10474880473239592, -0.2133493351346835, -0.008698258096485598], [0.08281349728955774, -0.23258722890711533, -0.021945878603753202], [0.060029751013484345, -0.2470905531684837, -0.03216487046778177], [0.16257634089851586, -0.18546701959627815, -0.002638271186610698], [0.13765586484563425, -0.24585855736463963, -0.012418418133009401], [0.11679770886800528, -0.27388010635087967, -0.02505038413434673], [0.09295019811967138, -0.29480737758526343, -0.03499406643807458], [0.19265900713461603, -0.190632393005833, -0.011764488600822654], [0.17290791622858984, -0.25174756969270906, -0.023103440601017693], [0.15244199478377432, -0.2787950078141888, -0.03273306546735842], [0.1280710831352337, -0.29924614687916845, -0.039864871495457366], [0.22514365747360604, -0.18365763886203026, -0.022139087905689983], [0.21585264830879347, -0.23586741282919316, -0.0330747390284323], [0.20211802960181102, -0.26585397179343995, -0.038919382414073986], [0.18401903316434537, -0.2903638988606142, -0.04305149363660492]], "right_hand": [[-0.22696712289424623, 0.017841700177224907, 1.7810129475212862e-07], [-0.16947229928903415, -0.00856996479379129, -0.008516445589696069], [-0.12365906602430596, -0.06765954118766954, -0.008386996883602834], [-0.09041724387566924, -0.11071516291956239, -0.00991892728333153], [-0.06510342134104848, -0.14455639094791597, -0.01154968759456254], [-0.14849812997348968, -0.15488814070135085, 0.008717034196015473], [-0.11122333448007093, -0.2023659397049436, -0.005260857746198881], [-0.08174029215288876, -0.22463236809552148, -0.019453832088611043], [-0.05423981115440346, -0.24289349104693936, -0.029007145371877555], [-0.17192752612283732, -0.17145090338773072, 0.002849645935978907], [-0.13952764553724245, -0.23156011514356295, -0.009089876696805853], [-0.10983623270255068, -0.26290484341034154, -0.020173592812710715], [-0.08090844534185873, -0.29022627882886776, -0.027727412074448433], [-0.1983955080365026, -0.17334771383162742, -0.007039952521058194], [-0.17253929425825765, -0.23858200720064768, -0.020735797459986622], [-0.14545204400465353, -0.27293734808524034, -0.02894056470458578], [-0.11793050138534013, -0.30048075903342597, -0.03365526085396723], [-0.22797609662826548, -0.1643657392564812, -0.018568397787993438], [-0.21281860845331918, -0.2237279829692791, -0.03074081001530679], [-0.1932959576427656, -0.2573059843431215, -0.035109409336196655], [-0.16948583890242366, -0.2845928839361904, -0.03753254227159507]]}