{"label": "Z", "timestamp": 1746066768284, "left_hand": [[0.164301347220351, -0.0061696723234214565, -1.3963851119478488e-07], [0.12433842738015326, -0.06326440764631648, -0.017927159778996803], [0.09604340342894895, -0.14190312631737692, -0.028544573470804517], [0.08534402064494183, -0.2064216767585272, -0.040618811033468136], [0.10968052249253936, -0.24768611154518616, -0.04639189842884132], [0.16019703915486433, -0.21683386735293303, 0.007354777969599762], [0.12578913737886632, -0.24341887736900492, -0.020442405594840538], [0.11835566317122378, -0.1826011312690346, -0.03390068945933375], [0.12991333180485626, -0.1649349408705282, -0.04041347252415259], [0.19277762114299934, -0.20752757147065692, 0.004278590673122047], [0.14890182313139755, -0.22812015818841203, -0.024165625001144317], [0.1377058021680601, -0.16032622947541947, -0.024512531018932388], [0.15502421800014635, -0.15162755660347285, -0.018128945672868272], [0.22175701998638025, -0.1863610265099957, -0.005724520173944581], [0.1771480308024141, -0.20363867530305024, -0.03447877293833234], [0.16104505038489636, -0.14215923423157253, -0.020769552501158327], [0.17763804019490997, -0.1333887810679046, -0.004350883878760871], [0.24597652374635026, -0.15586605025387915, -0.018397751856843562], [0.20265063095114108, -0.17112111413831962, -0.03332727276463779], [0.18578803891087606, -0.13365497420778402, -0.02487473503383677], [0.1977792775519571, -0.12294039256253513, -0.014164158773846986]], "right_hand": [[-0.164301347220351, 0.0061696723234214565, 1.3963851119478488e-07], [-0.12173577627504993, -0.05895593294632964, -0.015447957991565228], [-0.0956161544432318, -0.13513030541473922, -0.02668239928502376], [-0.09143608881392318, -0.19075903718072462, -0.03971382182945845], [-0.10937415416959563, -0.2200261490469581, -0.04909548465061805], [-0.17549514280525114, -0.21609459190122418, -0.0035969692396094], [-0.1270127640800231, -0.23985391580945317, -0.03205052107185087], [-0.10781253036259947, -0.1970075210447596, -0.04647381129472381], [-0.1068836479331875, -0.1775934142549711, -0.052236890405688956], [-0.20948031737512263, -0.2031485238651222, -0.008606922729409558], [-0.14441299808103705, -0.20579942306868462, -0.03534647817567824], [-0.13388537189875754, -0.13776671598422072, -0.03997630995098218], [-0.149671567328306, -0.12741884829634748, -0.03706937385594023], [-0.23352299824628442, -0.17535250551711762, -0.018084047479184417], [-0.1670241450868282, -0.16853834939371956, -0.0467204524727215], [-0.16043794820781815, -0.10683556555439924, -0.041293091822121424], [-0.17791860359767686, -0.09826676955592989, -0.030919540544544655], [-0.2517827018088585, -0.13922163999742138, -0.029287778846136606], [-0.1957105752263664, -0.1365339983754053, -0.04524903343371053], [-0.18577104080749351, -0.09613438352825138, -0.03862104560484526], [-0.19930875174280632, -0.08595204611732912, -0.028848621718356202]]}