{"label": "Z", "timestamp": 1746080083635, "left_hand": [[0.23013639248163145, -0.12562036057381662, -2.99298560496502e-07], [0.17695325736128936, -0.17842967108327615, 0.005647878167977738], [0.11929214345638973, -0.211454007240333, -0.0058721675333693], [0.06647082544833753, -0.2034378852102372, -0.022012494974798496], [0.025985609033125207, -0.1911429142755601, -0.038713344419334356], [0.10725828586127498, -0.29666649251556326, -0.015969196118177088], [0.023697329190822354, -0.28991458539254567, -0.037778722080670936], [-0.020184793096978983, -0.2826348348231059, -0.05367499172309751], [-0.058008612683232326, -0.27881423894492624, -0.06470173419453697], [0.11744887079949955, -0.275638531982876, -0.03266306883010523], [0.028455261809971624, -0.2556720962429015, -0.05564131359899132], [-0.023433761279724484, -0.24595099786567357, -0.07014729512743081], [-0.06764269539386322, -0.24288864345939884, -0.08123122800998503], [0.12952615883151306, -0.2380663612621562, -0.04769002211033032], [0.06702998126678042, -0.16650516354440595, -0.06176513788125774], [0.09105112593760627, -0.15020886508146084, -0.055834456314613985], [0.11325708178802942, -0.16098120558686074, -0.05155907366307944], [0.1395274100626464, -0.19246212485298822, -0.0632829863186921], [0.09217748680006799, -0.1379189801959114, -0.0682909645922368], [0.11202095071743869, -0.12552945297397408, -0.05754217470562365], [0.13357819205825808, -0.13636457301621488, -0.04969719270035917]], "right_hand": [[-0.23013639248163145, 0.12562036057381662, 2.99298560496502e-07], [-0.16877018024026405, 0.07811595409729997, -0.022387135012035785], [-0.1192170247221, 0.0054552852376933535, -0.03302037760210861], [-0.08715014836995258, -0.054245997765107905, -0.04274178280077848], [-0.0585646505324274, -0.09404521671928506, -0.05256016292420133], [-0.17264897821106975, -0.10697983572816445, -0.01748540955666633], [-0.15815272098742977, -0.19543593777792764, -0.03426982361761669], [-0.15153008796528294, -0.24984629232625855, -0.049033584912114216], [-0.14714531655930393, -0.296148710601111, -0.059509353470229176], [-0.2101371627814121, -0.10979242089575722, -0.020672850365752893], [-0.19929514340296334, -0.2076610971600134, -0.03404640232474167], [-0.19175058658002941, -0.26934978702933116, -0.046877862989357984], [-0.18608382120828248, -0.31905488273686966, -0.05668716009243656], [-0.2473998805825998, -0.09490825291647675, -0.02728868217927006], [-0.2457429784563525, -0.18913425656899285, -0.0412211204513811], [-0.23948722648236617, -0.2473962761216963, -0.052155374225097015], [-0.23284548760610502, -0.29523452644030074, -0.060004469296177775], [-0.28653847703823737, -0.06530722586095856, -0.03635205765879258], [-0.2974775846718816, -0.1376889138692848, -0.05106056345216956], [-0.3033319478600392, -0.18688524987125832, -0.05781072362787806], [-0.3074064370993457, -0.23313163315267824, -0.06184209201588485]]}