{"label": "Z", "timestamp": 1746080046480, "left_hand": [[0.31696300283805984, -0.045080791929911795, -4.907204685207385e-07], [0.22681150846911127, -0.013945012144503062, 0.006616002725754216], [0.16186869783089328, -0.009502497783153095, -0.002412775912818595], [0.1148129723574276, -0.002358178574837596, -0.017462390956982925], [0.0744107084706583, 0.007221598483539501, -0.03220770527855717], [0.11911960280439644, -0.12117612116426753, -0.011619310501328741], [0.04798272662672743, -0.08166334056816171, -0.048350686424765], [0.03848101992190773, -0.018840879233371178, -0.07238230395365067], [0.048539542025455025, 0.030226727032366802, -0.0832951517517661], [0.14536431384492646, -0.14110613370375338, -0.0289651108533638], [0.07593720434715884, -0.05793991289261735, -0.0591309702438001], [0.0678515537960997, 0.02289646551021312, -0.07294762668658651], [0.07624201590696165, 0.07632465117155761, -0.0805381854016683], [0.17916903630522193, -0.14119335981638245, -0.048221384022747726], [0.12059578091149456, -0.04780887095234365, -0.07636398276455846], [0.11565338285442646, 0.03250363203482165, -0.0811777787184618], [0.12376616350177166, 0.08469358557695357, -0.08119886549502066], [0.21601295203742463, -0.1228669797751512, -0.06703600204914985], [0.17358941816636048, -0.047008948103817574, -0.08696515866781597], [0.1633046735964585, 0.012630369639383496, -0.08954693358831133], [0.16179394741263667, 0.05490619232655749, -0.08821598319787641]], "right_hand": [[-0.31696300283805984, 0.045080791929911795, 4.907204685207385e-07], [-0.26016536815336416, 0.0440079340878693, -0.03171489914022341], [-0.2138148436243742, 0.019431957401882596, -0.045163749547724445], [-0.1918276383631593, -0.022244539152517104, -0.05752786945393352], [-0.1765342007781518, -0.0697953499777115, -0.06825483978069712], [-0.1701459968345888, -0.11625981572370399, -0.008221398058066072], [-0.14261486273899585, -0.17412372025382966, -0.025665604177906875], [-0.12783746759730324, -0.20463063166968606, -0.044968236482901984], [-0.11611114487101595, -0.22729463686635829, -0.058620536675553905], [-0.2029603410954705, -0.153265111435918, -0.0067106216213173074], [-0.17335383244497782, -0.22006993891197157, -0.01899462863564918], [-0.15973857028052524, -0.2538223464542852, -0.035316438874943325], [-0.14802723913708052, -0.27027655532431955, -0.04842606905726346], [-0.24455443581822509, -0.1696688339460854, -0.010838713145326223], [-0.21482555642750523, -0.23579740616356692, -0.02765244280195339], [-0.20383340626859187, -0.2640223548630337, -0.042642093338442315], [-0.1969864028286579, -0.2686670221598077, -0.05226088936297652], [-0.29433437570193655, -0.17057629157396326, -0.018362879638641052], [-0.27425172394959846, -0.2299256726237287, -0.03684784656978439], [-0.26621592430204005, -0.2523797437866157, -0.046110988040973966], [-0.2621785328268661, -0.2539163032169967, -0.050621875562048675]]}