{"label": "Z", "timestamp": 1746080046628, "left_hand": [[0.32232396628874627, -0.03440002750263985, -4.915871590653992e-07], [0.24054009044706573, 0.0046116146695793754, -0.003759135533675709], [0.1719648310701756, 0.022724028084830483, -0.018018483337127817], [0.1241589185316285, 0.041638186556658505, -0.037852715160462035], [0.08344234201534213, 0.06465340823789362, -0.056863846017297166], [0.13035245438196183, -0.11108192719230371, -0.005676115460390978], [0.066974761335179, -0.08969212880879794, -0.04470487748486488], [0.05686775214588867, -0.03451861760382037, -0.07536291962148398], [0.06195281658975103, 0.014656727007024941, -0.09182720251855701], [0.15759263704834375, -0.14312461868630832, -0.02139201136623973], [0.09600326607583506, -0.09334778966144566, -0.05551507224695976], [0.08806126774644668, -0.019182274091105164, -0.07537462122262613], [0.09446659021889703, 0.033938155743939435, -0.08596273598639084], [0.19515744356094314, -0.15969918543405687, -0.041062287431269495], [0.1395363444861524, -0.10807869402223665, -0.07291615970373128], [0.13451325494817243, -0.03156528698181478, -0.0794368915753285], [0.14112542062035624, 0.023654536285493043, -0.07901404683544572], [0.23888118196719088, -0.15971266276455523, -0.06151872864173903], [0.19897621133423601, -0.11369392750773029, -0.0849103984419859], [0.18671751250746682, -0.05753865261737633, -0.0879760943556706], [0.18403614817059505, -0.013347474597743521, -0.08605490479583182]], "right_hand": [[-0.32232396628874627, 0.03440002750263985, 4.915871590653992e-07], [-0.2657013298390449, 0.038935851701675385, -0.03709181838358091], [-0.2111399964512407, 0.017187368997223014, -0.05508969075085383], [-0.17653028978549998, -0.015820486690154224, -0.07131481607661241], [-0.14531218716308686, -0.05037196504381904, -0.08648346699397139], [-0.17765897718771848, -0.1292805382831167, -0.0254099844264583], [-0.14611156458052219, -0.19786859852217903, -0.05192290835392833], [-0.1249402914843826, -0.22503127352918914, -0.07556460475023037], [-0.11187610100723001, -0.22908836629739504, -0.08992432963955], [-0.2112717256487565, -0.1649364032152829, -0.02316636014165137], [-0.1778515364985647, -0.2438118945516295, -0.045056800374801316], [-0.1605643624052187, -0.27104696467854633, -0.06616644980822785], [-0.1520634971663618, -0.26130059116114346, -0.0806320354860903], [-0.2532706259313401, -0.1754059994274016, -0.026375203908107575], [-0.2248188884927836, -0.2563215761364149, -0.050344294713019176], [-0.21023680716375048, -0.2778064573467667, -0.06994215126625547], [-0.20307269537343517, -0.25929321043024595, -0.08143222596641764], [-0.30335457157628504, -0.1706186591010927, -0.033031883147504465], [-0.28897821467244594, -0.24491855770622858, -0.05890109542659645], [-0.27274820446483206, -0.2551928887341964, -0.07349643943752439], [-0.26126981185230264, -0.22886213967831548, -0.08053647783051532]]}