{"label": "Z", "timestamp": 1746079999698, "left_hand": [[0.18503406701497294, 0.00038014680150094, -2.427508649059751e-07], [0.13291421816345564, -0.055355974565117885, -0.0007351756828966157], [0.10785784175795284, -0.11093010935591296, -0.008330899249187134], [0.09385974892868422, -0.1506787963136045, -0.017634484406311], [0.07695069326937533, -0.18156105194985203, -0.028157870234401902], [0.15889342385482078, -0.17932135416859818, -0.01931759471147227], [0.114248129808144, -0.2226821404279124, -0.044063757672488664], [0.08287870640894451, -0.24947435399780168, -0.06379822070962946], [0.05479228416071112, -0.2676127138837178, -0.07688490110350694], [0.17894289587123507, -0.16467183735813556, -0.03231713181862696], [0.12024236525633808, -0.205306417001688, -0.055149194591687205], [0.07873038578242553, -0.22448002668744493, -0.06930217678833034], [0.04484791911910759, -0.23712405817137017, -0.07923587542574616], [0.1911559881527655, -0.13313771845506467, -0.04623652845775386], [0.13224968882765262, -0.16680043248229898, -0.06993099586318059], [0.09142431279241806, -0.1822734268121187, -0.08057661177366583], [0.05830558080286526, -0.1941116620232683, -0.08641989769747366], [0.193924549224624, -0.08913553856975999, -0.059844329733018675], [0.14980478721919596, -0.10609441654086461, -0.08175811623272917], [0.11801332015159603, -0.11845745165054736, -0.09027051994405082], [0.09156045473038156, -0.13013728778517958, -0.09443142427349396]], "right_hand": [[-0.18503406701497294, -0.00038014680150094, 2.427508649059751e-07], [-0.14490694463937814, -0.05213623054477856, 0.008381912419046478], [-0.12411848437298557, -0.12059516195151986, 0.009332273702933862], [-0.10529637640498223, -0.16077841221804837, 0.004976588523873605], [-0.08651898405333337, -0.1922013552497573, -0.0010799427601414688], [-0.1626666952234961, -0.18343368998064605, 0.007517438911521966], [-0.15860289132170774, -0.25450424766815966, -0.0038650303093431797], [-0.14787876683265164, -0.2970059742721392, -0.01345299085093793], [-0.13649478956938835, -0.33231423396336024, -0.021393006531186226], [-0.1765761530252589, -0.17821098652613812, -0.01058757530561815], [-0.17535781263581757, -0.26473270238697905, -0.02295743078228579], [-0.159090672254184, -0.3144292320641731, -0.03452920722798927], [-0.14295638832007773, -0.3546631466066203, -0.043722460193833586], [-0.1880524351813899, -0.1614296165564277, -0.030110188272111715], [-0.18580862824914482, -0.2468284268308041, -0.045047231254661486], [-0.16554331140839137, -0.2952857683547305, -0.05699472961432858], [-0.14562709851799796, -0.3326091044420631, -0.06605005375639415], [-0.19463224752529484, -0.13676753561040456, -0.049187887262126674], [-0.18704225211777406, -0.1997993127093101, -0.0651995738985078], [-0.16766820006005714, -0.2374397947174673, -0.07468728322483151], [-0.14709672859099682, -0.2677787638516131, -0.08224192529097336]]}