{"label": "Z", "timestamp": 1746080071926, "left_hand": [[0.1874328031076774, -0.17283486165225148, -2.541815292018489e-07], [0.1543928188638118, -0.24504354499429726, 0.0013173669735464528], [0.08998252917839872, -0.2754173151392377, -0.006550628611314132], [0.032888843165690594, -0.2710226276751788, -0.015225098542885052], [-0.0018105796466743641, -0.2542595167816923, -0.025658228969540745], [0.0677479008094934, -0.3138153932517326, -0.025258884257944855], [-0.007137670773509027, -0.3120429215938351, -0.04236185918285052], [-0.053537949230123304, -0.3098353484756922, -0.05164700136319629], [-0.09136033962147068, -0.3083037609620533, -0.05948679528716947], [0.06788106723995894, -0.27346850318371496, -0.03542476248064387], [-0.0012542659272221591, -0.2250423940638307, -0.055208199965407975], [0.020307934884522965, -0.2091313921183671, -0.05289167791891865], [0.046602685790115145, -0.21765196090874153, -0.05043084342475105], [0.07340727884558358, -0.2220892798546943, -0.044481359781528625], [0.016073598200452857, -0.17996019858481563, -0.0608515776361563], [0.03931237695509742, -0.1717710488872714, -0.047729195296409455], [0.06273478566533998, -0.18324557800779692, -0.03832632568218987], [0.0821908827944729, -0.16981086853657695, -0.053624874321261964], [0.045268287863719885, -0.14004615365433765, -0.06594761806360183], [0.06557506204377399, -0.13557269015427026, -0.058311337939071804], [0.08479229270183722, -0.14570501100057265, -0.051490615419500736]], "right_hand": [[-0.1874328031076774, 0.17283486165225148, 2.541815292018489e-07], [-0.13519023260792587, 0.13128546005907682, -0.015493939935670598], [-0.10223590184523947, 0.05576469024356048, -0.021935585325066516], [-0.08171755402069203, -0.005196289496128113, -0.028262944715100283], [-0.059433546897185933, -0.04886793615742596, -0.035043110376419224], [-0.1343029770946774, -0.02979098802451591, -0.015375807068810574], [-0.12136867226970831, -0.11021257753874909, -0.032123588798721736], [-0.11361987432178272, -0.15844425238854012, -0.045088980435201625], [-0.10733679662081413, -0.2013060093709069, -0.054498315281789854], [-0.16276399305656716, -0.03366487715632883, -0.020778014487072616], [-0.14980087672627743, -0.12463390750391683, -0.036222603070894636], [-0.13913860208444198, -0.18116568238122943, -0.048710033963423514], [-0.1312143750461377, -0.22931432889452785, -0.05782858250937089], [-0.19224556113463478, -0.020161219670117088, -0.02875062229108856], [-0.1866674974975972, -0.10857535507073797, -0.04530703015976891], [-0.17809234305407007, -0.16366889778636562, -0.056612191345261346], [-0.17043889643587665, -0.21075852622043384, -0.06427223879213986], [-0.2233033224906028, 0.006169241881377064, -0.038119419262908974], [-0.23101550943308513, -0.06129671621923477, -0.05532067439798227], [-0.2339601949751906, -0.10832364491657354, -0.06357549067966003], [-0.2365745136518816, -0.15182454869618942, -0.06864431421446643]]}