{"label": "Z", "timestamp": 1746080010682, "left_hand": [[0.17429466825280998, -0.006945050850782854, -1.2666208190812901e-08], [0.12245196355787892, -0.03914125864547587, -0.017176356258903756], [0.08240521697913095, -0.0911298595923098, -0.025501468111370457], [0.05529999840660532, -0.1367952337868451, -0.03335399612956888], [0.030079180861142127, -0.17126880460332822, -0.040519067248413136], [0.1148237992074724, -0.17932916227123408, -0.006659852554271405], [0.10179964881428438, -0.24986521063921877, -0.01929415837362566], [0.09460363961861185, -0.29224217566975563, -0.03147935761491553], [0.08906274955582638, -0.3306166298712126, -0.04117992708549669], [0.14346720619987688, -0.18720351462086252, -0.010654228751401353], [0.12884945505153325, -0.2662750852480276, -0.021169991859868786], [0.11941157420583881, -0.31373704794657314, -0.032425663010893856], [0.11125325271929978, -0.3551746365082141, -0.04113863020305086], [0.17423738594203148, -0.18075106874511554, -0.018045788727032497], [0.16335947130891806, -0.25894615514066854, -0.030694805099839715], [0.15575660887193335, -0.30499226016363934, -0.03924132062061147], [0.14819667954595853, -0.34610895711290124, -0.04561984044954512], [0.2081941565902518, -0.16243984884143237, -0.02745305945716333], [0.21386094561590088, -0.2199198045816377, -0.0389184660109901], [0.21704715489431317, -0.2572242511684328, -0.043337397009618875], [0.21872494270981344, -0.2925209737519624, -0.04645549529258684]], "right_hand": [[-0.17429466825280998, 0.006945050850782854, 1.2666208190812901e-08], [-0.12352156092281341, -0.03174123130628445, -0.013224938217098432], [-0.09089172870692074, -0.10358240808620378, -0.014931658179073689], [-0.0727265004620538, -0.15910350724416425, -0.016920581057476056], [-0.05020001231250852, -0.19224687671188295, -0.019143045748735096], [-0.12057463218309612, -0.17318568214369678, -0.0031517275298944833], [-0.10581922794016353, -0.244031574003494, -0.014140739637704245], [-0.09927232922019485, -0.2879524327873284, -0.024072518222110543], [-0.09619219334805094, -0.3267193337861809, -0.03148886968417705], [-0.14775428722942152, -0.1791077419067192, -0.006636275120808486], [-0.13159292854852048, -0.2554331962653971, -0.017016757189070243], [-0.12196610385161726, -0.3054640091874158, -0.027633872254181385], [-0.11525842540126228, -0.3497435407213179, -0.03542609594762078], [-0.17592827312673542, -0.17274913827094843, -0.013087825364156336], [-0.1633020649691522, -0.24289375115481918, -0.024826936463603098], [-0.1506710292217532, -0.2898753209632383, -0.034696225904934534], [-0.139463331051936, -0.3304269418460797, -0.04153554681433709], [-0.2081426463977313, -0.15678752350384798, -0.021114646309431398], [-0.20735700862901607, -0.21319556349112428, -0.03270942702294074], [-0.2047801251434385, -0.252752452813941, -0.03866230798932256], [-0.2014489832229482, -0.2902293951000824, -0.04270124756309433]]}