{"label": "Z", "timestamp": 1746080067047, "left_hand": [[0.09991425103101391, 0.028832116096583173, -1.721332174904827e-07], [0.07302137691313168, -0.0368657836789427, -0.0012225846475752682], [0.01632321345967089, -0.07421411855020461, -0.004070879717979369], [-0.0321024137552065, -0.08380751900184498, -0.005830044953089633], [-0.05984256652139376, -0.06463703876192027, -0.008750739619147622], [-0.012539700730811093, -0.07607227618058744, -0.023530311587258556], [-0.08352599650668571, -0.07027489738728698, -0.031466187168530474], [-0.12624501072271632, -0.06786541629564066, -0.03583080141109283], [-0.16031613133843922, -0.0640094448322101, -0.039589347730452], [-0.019384930535239275, -0.02756017808266587, -0.02612767492067237], [-0.07333245376742743, -0.020486244245682912, -0.033852681536403986], [-0.058895610137460384, -0.023065589083574145, -0.03020128207204619], [-0.0350402047411472, -0.024109216765149214, -0.02732954548142347], [-0.01842902641920282, 0.01922686884763833, -0.026895007819569397], [-0.06334733949977835, 0.016827552379661107, -0.02974286738707504], [-0.04763927367446224, 0.012723692946046767, -0.01838230885900671], [-0.02460734595905989, 0.012505618819230454, -0.011660970471744313], [-0.014305589347746938, 0.05930601576583245, -0.028072715029776124], [-0.046083764134734057, 0.04761150886174637, -0.028234870304814225], [-0.031987328024896663, 0.04404630290073757, -0.018797162628700514], [-0.013841595751809519, 0.044360726206839875, -0.01194717151232698]], "right_hand": [[-0.09991425103101391, -0.028832116096583173, 1.721332174904827e-07], [-0.06285319204665354, -0.07269049872769182, -0.021470999991466344], [-0.03842799507001609, -0.1295613534107421, -0.03273539836108937], [-0.028845439269684664, -0.18111371192264886, -0.042536207242879175], [-0.01808403766023639, -0.22443422848157704, -0.052394053442960074], [-0.08150685128030423, -0.20068480002429276, -0.02086187194388391], [-0.07897704108733566, -0.26892698742333, -0.03765083499191745], [-0.076626382386535, -0.3113616963995173, -0.050833443695933136], [-0.07546568257812321, -0.3476838695622693, -0.05980193453749426], [-0.11020374924934563, -0.19712804072238926, -0.022513265380828717], [-0.11552210225677549, -0.27447953837082595, -0.036215097557188096], [-0.11939115530454075, -0.3214090689871396, -0.047535345433665534], [-0.12383465275332388, -0.3603871974700495, -0.05571504000394736], [-0.13502454335772454, -0.179061460087486, -0.026900501727080688], [-0.14605720441360984, -0.2502928163501998, -0.04085086163646922], [-0.15179672717113177, -0.29358452121175604, -0.04945839649112596], [-0.15579732977627656, -0.3305423233676469, -0.055225397733936456], [-0.1576145783754841, -0.14839260723117476, -0.033337596390157966], [-0.18029141534237564, -0.19740867739207033, -0.04720579151257692], [-0.1932537532513437, -0.2302289945371034, -0.05262365224872516], [-0.2040602156396631, -0.2617790200509261, -0.055457381110307014]]}