{"label": "Z", "timestamp": 1746080040061, "left_hand": [[0.41775507208798585, -0.16268240108209123, 7.68593607276334e-08], [0.36541880152115536, -0.09521686965299501, -0.05702377670980453], [0.29512323577976474, -0.057169925657149276, -0.07666968530433203], [0.22651642813014328, -0.07818096447678352, -0.0889687098200032], [0.1620507019898791, -0.11478970399526327, -0.09566995443993608], [0.1841154584725676, -0.07340021129090762, -0.008693517038165573], [0.10300366010880799, -0.07046390693672708, -0.021917950923868244], [0.05519581742804881, -0.07990425489278064, -0.04040506070760627], [0.012062426809079351, -0.09427939941803498, -0.05561337526036108], [0.17600312859479073, -0.13739330149758863, 0.0071655543663512004], [0.09265123607521498, -0.13289918836034514, 0.002169418046719441], [0.04466597619671197, -0.1424198527212638, -0.011353267517621907], [0.0049909154813462765, -0.15251264713804633, -0.023919322127665815], [0.1880277128253394, -0.19393371935762754, 0.013901845623790628], [0.11141207902402493, -0.1963502360807867, 0.004709223287597283], [0.0767871298399535, -0.20865198028896006, -0.0022680426815546964], [0.050959437893414256, -0.22028182057918871, -0.008441046040548388], [0.21128739340579666, -0.2538392205211946, 0.013572682211567514], [0.14778875883711654, -0.2577907006103982, 0.0045879434570552085], [0.12418400367197949, -0.2665194837612749, 0.0024724830954276447], [0.10814950481617987, -0.27603707098439106, 0.0010542013369590534]], "right_hand": [[-0.41775507208798585, 0.16268240108209123, -7.68593607276334e-08], [-0.32673877527519635, 0.10455576530816632, 0.03761194516404433], [-0.23598098912001647, 0.05138301057425766, 0.033736025903102006], [-0.16929649121315346, 0.034643816079486724, 0.016867337135113587], [-0.11496166626690267, 0.022192721900192267, 0.0022679107393680418], [-0.2197452641012537, -0.06183384085313044, -0.010181277226877993], [-0.10135695623367295, -0.10922878758875487, -0.042929580305302965], [-0.04395975752993942, -0.056125470489702504, -0.055001976730040404], [-0.02759926856027551, 0.0016428496823319048, -0.0545797638954481], [-0.23028461648579826, -0.04574964155949053, -0.04749623929740529], [-0.09044893787462951, -0.06182206069932089, -0.07216097130362668], [-0.04902979275144984, 0.02031318126466847, -0.06688079709829589], [-0.05220748147102608, 0.08271075997965595, -0.056037076155279586], [-0.2422775901189213, 0.0031279882817359488, -0.0821274632006068], [-0.10470513082038742, 0.02062692499172283, -0.09647960689784249], [-0.08397740625398285, 0.10282038391635939, -0.07319481189976484], [-0.09820108721851441, 0.15607712275473615, -0.05244354256684121], [-0.25357799017108285, 0.07510991878549374, -0.11529884552994978], [-0.15103709739735005, 0.12137571135860273, -0.1175252790588548], [-0.1387023438927499, 0.17195409702080805, -0.09555753789299494], [-0.15194305028148453, 0.20510425797808382, -0.07463934937538598]]}