{"label": "Z", "timestamp": 1746066780755, "left_hand": [[0.17585132412152393, -0.03453635127429474, 6.713736465792403e-08], [0.12373337818352118, -0.06761753892563366, -0.013541815428623124], [0.0762925171119871, -0.12178984113062433, -0.021400135001722005], [0.03885942371859097, -0.15745280761923067, -0.030129689923177234], [0.005961516490322961, -0.17525014446371354, -0.03911391062751114], [0.11386124579372703, -0.21769455139987134, -0.004429622667752031], [0.08858928146675736, -0.2814471757429344, -0.018113402282300996], [0.06834230220126303, -0.3173057766967984, -0.031359103403298276], [0.046314829002570446, -0.3481571461253365, -0.042062868552979124], [0.13970521091313248, -0.23028748879748528, -0.011991878537759976], [0.12503487220829768, -0.3113980391663442, -0.025575754015263526], [0.10351223009714454, -0.3535873740077026, -0.03840328052732923], [0.07876488060359375, -0.3846163651896387, -0.04753847378260806], [0.16705023535417696, -0.22637622495873858, -0.02266298349833376], [0.15151278111487937, -0.3043931676586149, -0.03704212209426455], [0.13072697554785626, -0.3448216411268236, -0.04640181011003182], [0.10818784630125534, -0.3769818262939517, -0.05273727935373159], [0.19479015718567966, -0.21038974880150035, -0.035077140951094724], [0.19459322684187097, -0.27560799018783105, -0.04643675563495861], [0.18989419843193775, -0.3181815746175532, -0.05084275350753445], [0.1825095481168459, -0.3559696091460834, -0.05422380323762294]], "right_hand": [[-0.17585132412152393, 0.03453635127429474, -6.713736465792403e-08], [-0.12956232629807118, -0.011181898439321563, 0.019670301852071068], [-0.06997981753432816, -0.01750328040327257, 0.020342298572949648], [-0.03149712730850481, -0.00026891639731981936, 0.014738023402188848], [-0.0025561204419565194, 0.019955384993531056, 0.009397437918591945], [-0.026916067042669328, -0.04702356658011842, 0.003644722897023118], [0.03618684699084628, -0.015052558083468547, -0.007556833412474881], [0.0522716371341579, 0.027858991472368845, -0.012867307943051874], [0.04988449925525899, 0.05870146253485639, -0.014484476632991955], [-0.026583652596347804, -0.027623875907255718, -0.013225886987243302], [0.029709398053396518, 0.03841996970395228, -0.018733384327963103], [0.020278339526429878, 0.08390487488647522, -0.015896953206551913], [0.0026396830105237332, 0.1038432190770599, -0.013764132843171089], [-0.037252361531475625, 0.002777348508597505, -0.02912569991650622], [0.00971317128753137, 0.07399399572800452, -0.02912463621619556], [-0.00645904746202478, 0.10629925449892325, -0.020748343187251963], [-0.024889766546311757, 0.11499243977891901, -0.016876595545071486], [-0.05461415359494881, 0.03844834944422038, -0.04458491548828383], [-0.03316637006809496, 0.09860951117696128, -0.03828388421707835], [-0.04889302257584661, 0.11169360814340103, -0.029678267930170147], [-0.06365904031370098, 0.10619688009338989, -0.024737933435295536]]}