{"label": "Z", "timestamp": 1746080001153, "left_hand": [[0.1842919896209614, 0.01094323440478498, -3.4963554010527254e-08], [0.13514048841531107, -0.030815205460433894, -0.014485140211302287], [0.09785674181317135, -0.0909104393252329, -0.020237190424681473], [0.07812771439830028, -0.14161856097845527, -0.025777050021031676], [0.061729388227517924, -0.18343383874886335, -0.030774594343522605], [0.13765224402417656, -0.17215443027952249, -0.0018435663051365328], [0.12189323356358107, -0.235916705537754, -0.013351700343175807], [0.11003895028175488, -0.27324562720219997, -0.025440878263208948], [0.09908026999169607, -0.3086188820353688, -0.03494341248217009], [0.16971362055588426, -0.1794911335152631, -0.006266980601612832], [0.1667224704337052, -0.25538309754137406, -0.014400085192670397], [0.16152176520116027, -0.2999326291748251, -0.024496732378714192], [0.15465545099245648, -0.3386572535812424, -0.032516060239817325], [0.2000234669144977, -0.1703988771637882, -0.014079904862515051], [0.19967059210182614, -0.2413573479272049, -0.023849691419157236], [0.19415325544810044, -0.2852986217058046, -0.031217226450383207], [0.18684593076595113, -0.3252838296523115, -0.037061597891864494], [0.2288773771147315, -0.1487086836657743, -0.023817069598735724], [0.2391308244876762, -0.2036283095548652, -0.03234261927986307], [0.24407066588004095, -0.23946621426295592, -0.0349291684048753], [0.24698995665065934, -0.273766303012237, -0.03697990493682081]], "right_hand": [[-0.1842919896209614, -0.01094323440478498, 3.4963554010527254e-08], [-0.2172479449549112, -0.07295597250737693, -0.0014765256999269812], [-0.23177969494272074, -0.14512143678599057, -0.009888726405931214], [-0.23795289119689375, -0.2062673230189855, -0.016367807011468585], [-0.2572233446719999, -0.24705747011693688, -0.022693796657034627], [-0.1894201527089288, -0.17988888812839576, -0.03593329857859655], [-0.170921951976317, -0.2795809498901522, -0.050585411596230305], [-0.15975179961661015, -0.33425704011859947, -0.05395636072058451], [-0.15196511732887794, -0.3708901956988411, -0.05262211396359905], [-0.15590179737545082, -0.15951999138737818, -0.03912264552105821], [-0.1248028452818385, -0.26757800226929856, -0.05092887955105439], [-0.10807222958515036, -0.3170920481130488, -0.046964947758868454], [-0.09893828595191494, -0.3454877857450884, -0.04131982731472625], [-0.12521180139122112, -0.13597381883855214, -0.0402528617295864], [-0.0942484759807868, -0.23448584818234586, -0.04883449040069164], [-0.08443727549026414, -0.27619472096531206, -0.04206395175300476], [-0.08250157574126453, -0.30028338179298475, -0.034467512669601734], [-0.09831264455593104, -0.10888723532012752, -0.040302927066202754], [-0.07764378023411772, -0.1894220811378549, -0.040467770831650506], [-0.07734248397501885, -0.21576733597859715, -0.029088453135460775], [-0.08264202811022402, -0.22956521726378043, -0.018770885500724498]]}