{"label": "Z", "timestamp": 1746066780533, "left_hand": [[0.17807131618714783, -0.0322477599363666, 9.744916498240337e-08], [0.1250017511418369, -0.053414026435846, -0.011546995883962298], [0.07148063075700863, -0.10089536013039142, -0.023802087443141013], [0.030090569085139213, -0.12316666679439554, -0.03790824386202338], [-0.005699582312079851, -0.1400508246482623, -0.05131756525178381], [0.10147371203094108, -0.21105337731876314, -0.010349688877543848], [0.07372240465431047, -0.2838311932838295, -0.026480299828576814], [0.053573452662083305, -0.31986172100566335, -0.03785719314607251], [0.033574543638544736, -0.3467988023377111, -0.04568456562146066], [0.12080977525994627, -0.21706138128870286, -0.019884940989925715], [0.09092251751770328, -0.29510857615206015, -0.04137361348849592], [0.05641571046645705, -0.3259753256270657, -0.05330683814013243], [0.02449480438270753, -0.34469414435594287, -0.0589675668566736], [0.14564941992957445, -0.21241285755021433, -0.03245782492750026], [0.11040701897776402, -0.2770401442130377, -0.05594667612251719], [0.06881427002763345, -0.2895917779139873, -0.06492117690726032], [0.03435208359779462, -0.29869650204324993, -0.06710068921320274], [0.1723713326906597, -0.1989057363169296, -0.04614815370722293], [0.16301941210184195, -0.2696013829151129, -0.06420631086778944], [0.15145580644634174, -0.31489394363029194, -0.07156004893119185], [0.13964070274290893, -0.35795012414965793, -0.07493148568607526]], "right_hand": [[-0.17807131618714783, 0.0322477599363666, -9.744916498240337e-08], [-0.12824064659784198, -0.00888572201839897, 0.022855173079800815], [-0.06840287770498728, -0.0020684845209569484, 0.02616443321641128], [-0.03308311502645104, 0.02952434186892803, 0.022128934576756958], [-0.0077356154720132405, 0.06043332714691411, 0.017706294376134822], [-0.021140189512942616, -0.03064021401247572, 0.014876370206312186], [0.038263497850176645, 0.009661746392106547, 0.011693377290195341], [0.05948129425809456, 0.04443569768320742, 0.0104323432549262], [0.06826085842446386, 0.06986454852043092, 0.009257484466351785], [-0.019753027557321612, -0.008903998196997403, -0.00270242626169134], [0.03425071767064136, 0.06144841285189825, -0.0033838383273683626], [0.024705470773088482, 0.10580148883502714, -0.0016364112060048388], [0.008478720436220957, 0.12779089658816178, -0.0009440578977561529], [-0.02953307877381899, 0.022428593240064045, -0.018839664765218717], [0.016276274323264738, 0.09572596530184756, -0.01623635128000247], [0.0010351449253970552, 0.12984241992385848, -0.010934608083276606], [-0.01779560425338416, 0.1413954610566079, -0.00966802015135564], [-0.046709900653510134, 0.056884761903779, -0.03412143915844807], [-0.026330847115124175, 0.11529507209600544, -0.025910668116901108], [-0.04261525656666748, 0.12952677694664996, -0.018731785163436935], [-0.05919562867139199, 0.12605688842357884, -0.015618063421812685]]}