{"label": "Z", "timestamp": 1746080038337, "left_hand": [[0.4003223724653019, -0.17380896548013097, 6.408602492846141e-07], [0.30337688400045004, -0.14069707144331364, -0.05066408635652785], [0.19281187729609942, -0.15783420869104423, -0.050401915416671814], [0.12872010304672438, -0.23680481100815734, -0.04382340957787199], [0.08110928601835032, -0.30762704695099274, -0.031163267066218248], [0.1469356605887375, -0.14246912806420448, 0.03648061617155831], [0.06848252956046834, -0.17424139583751078, 0.044712556721946316], [0.023855000284677737, -0.21060130380898934, 0.03915191734060941], [-0.010935880885945128, -0.24629382265492877, 0.034340654849210235], [0.16188143445873202, -0.19519740820362727, 0.059002054068148506], [0.08475567070712157, -0.2138470944513247, 0.08136767236768548], [0.036418578185633196, -0.24028552953959192, 0.08048035485648167], [-0.004646989751648677, -0.2682176774011763, 0.07792583057289337], [0.19023841642891623, -0.24359795719358293, 0.07014146655885511], [0.12174693194102428, -0.26924020659671155, 0.08484396747376341], [0.0832120264936528, -0.29170994136707795, 0.08574496440858329], [0.055201384061341494, -0.3166523631920519, 0.0845207254728314], [0.2230385863542119, -0.29767475676582017, 0.0731912446475588], [0.1698499611870957, -0.3200249278155515, 0.08387703602590474], [0.14137205681763276, -0.33238737495866677, 0.0900736991275031], [0.1161067481009177, -0.3505265222665085, 0.09464112898085207]], "right_hand": [[-0.4003223724653019, 0.17380896548013097, -6.408602492846141e-07], [-0.3379543908659105, 0.07652139878769744, 0.023867128059805048], [-0.26294693063588354, 0.011126095896046503, 0.025972057088490784], [-0.21357566751320925, -0.047434435837189134, 0.020951768449576903], [-0.1996666272063874, -0.11280988349320772, 0.018230972007097845], [-0.1884398038163554, -0.010360789270989284, 0.005791064259283044], [-0.07683142455091461, 0.03242048100253489, -0.0065754835265140164], [-0.0944061489590586, 0.08753410677512506, -0.012444778412776983], [-0.12652867791086814, 0.09690917469019615, -0.014942470751256102], [-0.17801024687856484, 0.04606359084393582, -0.015941131398319028], [-0.07839424466069395, 0.11562064993711643, -0.015076908529144208], [-0.10527276811324117, 0.15673587140300918, -0.010953959586371813], [-0.14142059870008072, 0.14759721357192124, -0.011430347250748115], [-0.17802979332359636, 0.11607018729378134, -0.03608290154891432], [-0.10968384184586802, 0.19025892012481027, -0.028069785457793102], [-0.13831536953923587, 0.2167194337410357, -0.014663721616018865], [-0.17081054698810766, 0.20269688200935462, -0.01158280006528183], [-0.18659394624187, 0.18742422240933848, -0.05561749288124669], [-0.15009066679443356, 0.24275486621618067, -0.042946069862956966], [-0.1756658160000053, 0.2562565499624088, -0.027507462334180915], [-0.2016257182941912, 0.24364171282171826, -0.019398408863269323]]}