{"label": "Z", "timestamp": 1746080044759, "left_hand": [[0.2833310614827306, -0.08601981900044964, -5.091461315019966e-07], [0.20965917048141, -0.11496539694698067, 0.027716928146223094], [0.14653552814535978, -0.12384158728753916, 0.026392716035525916], [0.09667669969147878, -0.11580306806103549, 0.017356921096143573], [0.0565765291454316, -0.09636549344161544, 0.006764277065090646], [0.10191084062014827, -0.18006905755615557, -0.012819626315633546], [0.013453061764351251, -0.14551835786886214, -0.03746940034409779], [-0.006690552085597723, -0.0904108239987229, -0.04647326809672415], [-0.005688986617230879, -0.04309541632839219, -0.0475504730155869], [0.12200171147201334, -0.17001815731388165, -0.036110299893294506], [0.02861035658632341, -0.08627962338834957, -0.054987561628959035], [0.01508398355871344, -0.014936446051478293, -0.054060209870586184], [0.021465535375356268, 0.03134673802945106, -0.05294343830267369], [0.1463599521194189, -0.14214919832253453, -0.05747952414762496], [0.060000813146505606, -0.05484206412217895, -0.07223077434164399], [0.0474714933535861, 0.013350496186090677, -0.06414436276825854], [0.052838193680481635, 0.056970058591923986, -0.0584997527158366], [0.17197033761201955, -0.10482277302125191, -0.07634724752265692], [0.10530614605383397, -0.02670131825572465, -0.08796508984595672], [0.08845175001024608, 0.025185633895864198, -0.08429406186667941], [0.08328103103269457, 0.06073987942074912, -0.07978835839514908]], "right_hand": [[-0.2833310614827306, 0.08601981900044964, 5.091461315019966e-07], [-0.218498586117506, 0.06750221362374857, -0.028725080032731467], [-0.16876239014776304, 0.0064420658838360385, -0.0363648055401203], [-0.15350900981644888, -0.05814030639589279, -0.04274183258910432], [-0.14373287953710154, -0.11165785445830052, -0.04772997531152534], [-0.16042418340125322, -0.11759683135518521, -0.006349342912155147], [-0.13448954378307504, -0.19997522764286757, -0.022178604508469195], [-0.12339559059057645, -0.250014294764155, -0.038411786614400686], [-0.11516535156875642, -0.29629197642679567, -0.04998861774717518], [-0.1945221305750518, -0.1392723736062296, -0.004839113968149261], [-0.1654679080687795, -0.22364992755821395, -0.01640455601944736], [-0.1507997393773268, -0.2780559469654831, -0.02976100114695096], [-0.14014613005571303, -0.3241956921514333, -0.03993241563033151], [-0.23287734515454878, -0.14419775241161045, -0.008712873237998487], [-0.2076854191995025, -0.22120377047835446, -0.02169163265618066], [-0.19393396091533585, -0.2654088954755574, -0.03162342246338063], [-0.1837449111186701, -0.30270026322797106, -0.03825374876338113], [-0.2788536722775195, -0.1353858363329755, -0.016175065068064987], [-0.26364546441889886, -0.19509053414446872, -0.028874920659238933], [-0.25489506512605187, -0.23137300404879144, -0.03412765261735421], [-0.2486869334903712, -0.2656844801473422, -0.036990022518416696]]}