{"label": "Z", "timestamp": 1746066792095, "left_hand": [[0.20101016056993187, 0.03543667002250843, -1.4913212589458378e-07], [0.14721581427958902, 0.006527138926867041, -0.011380544879441833], [0.10499948545478381, -0.0502465821667075, -0.01911605488529584], [0.075686056410302, -0.09565736898166831, -0.02716235999168316], [0.04569793039867066, -0.12140854025718821, -0.03576265227343376], [0.13991900631713394, -0.10443658615154927, -0.009857838292420925], [0.11364376323123486, -0.15050111375383682, -0.029579800166125738], [0.09185916596053971, -0.16342923624161163, -0.046169892206123664], [0.07008205602754572, -0.17065514455376796, -0.056308725199413864], [0.1720989144974986, -0.11899699008687996, -0.016569327420813688], [0.15888736072333784, -0.18200887651788863, -0.03012050672852746], [0.145589054220729, -0.21150645642398705, -0.043029916100637146], [0.13160270739495564, -0.23737581469768929, -0.05217165740425425], [0.2077911788050515, -0.11495023045985896, -0.025964550660012083], [0.2000525342608233, -0.178421688842391, -0.042300820906223016], [0.18962200358386674, -0.2143587974585124, -0.05241680497091399], [0.1781962007657846, -0.25010002226203853, -0.05861056914091917], [0.24276775401725856, -0.09759341046489932, -0.03597709757264851], [0.2502637502597859, -0.1538291726189506, -0.04940988073866875], [0.2559882591336989, -0.18930102058004383, -0.05355743708091533], [0.25816301702062006, -0.224660453903864, -0.05598028622941646]], "right_hand": [[-0.20101016056993187, -0.03543667002250843, 1.4913212589458378e-07], [-0.22438063034304637, -0.09849164001682549, -0.004225442756577643], [-0.23050627647145186, -0.16691553308730364, -0.013432681925743116], [-0.2303027798350487, -0.2257972743733736, -0.022029003095074703], [-0.24227806017153378, -0.26884225070392687, -0.0316421591015372], [-0.18961699459677336, -0.1987116001815525, -0.03022325370699503], [-0.16011378873022353, -0.2815101150063573, -0.04553552856511015], [-0.14044634076628795, -0.3264110517697009, -0.05213462854559529], [-0.1239748461686131, -0.35942462690008253, -0.05482163640592476], [-0.16260997927951673, -0.17879467538027521, -0.03636785869469132], [-0.12584176572139064, -0.26462405614077056, -0.048241045626181325], [-0.10267205280468249, -0.31156056578432795, -0.051590614901422624], [-0.08549013952814416, -0.3447783486390508, -0.05325952260637839], [-0.13804685817657628, -0.1495981575585574, -0.04170232537738127], [-0.10127629175394912, -0.22797104928579212, -0.051938117302466426], [-0.08017297947100648, -0.2703903937169247, -0.054410057661635314], [-0.06608379678077332, -0.30162710649045393, -0.05552424880323247], [-0.11653845582677935, -0.11514260066146594, -0.04664256699862407], [-0.08555125126211846, -0.1737353265294008, -0.05425786915711872], [-0.0680993337126136, -0.2065468271992555, -0.054013307192290354], [-0.05473307648321401, -0.23487163486626803, -0.05269816050795122]]}