{"label": "Z", "timestamp": 1746066755678, "left_hand": [[0.17581997535644442, -0.03440861873479333, 4.53276447226207e-08], [0.1350048463870637, -0.08781268303515405, -0.005301666283352328], [0.11140498827082851, -0.1664313034173412, -0.015734674542467932], [0.08980527025217681, -0.2176625658278193, -0.0313842553254788], [0.07241353664411232, -0.2554918547417617, -0.04373690871966373], [0.18248397015560228, -0.25598335599201755, -0.0013394449506435634], [0.20435353199792383, -0.3540766129756075, -0.030306532223422004], [0.1656636561021684, -0.3755170093546388, -0.04764465999737687], [0.13771696808919381, -0.3581995293905285, -0.05483449038735906], [0.2000407391083867, -0.24509075349476736, -0.015350403352185972], [0.2262995054500741, -0.36242043707402316, -0.041520858618810566], [0.17555846912819872, -0.3804587512072334, -0.04987569018236165], [0.14364980481432943, -0.36223146792596794, -0.049828659400525874], [0.2133543095710865, -0.22439613050409016, -0.03383625937683646], [0.22574922415207777, -0.3303694696241346, -0.05502292617453056], [0.17119378696831578, -0.3389465011710327, -0.056862677910726134], [0.139172516071541, -0.31860880083152915, -0.053633680467560264], [0.21798589287390135, -0.19567203528482857, -0.05406258844628598], [0.20740200210840143, -0.27161046205089234, -0.06780957899817634], [0.1645487724599177, -0.2847404582802231, -0.06905825652464576], [0.13765301382782238, -0.2744489473683778, -0.06712795604990957]], "right_hand": [[-0.17581997535644442, 0.03440861873479333, -4.53276447226207e-08], [-0.12961002979018296, -0.05475833502064352, -0.004893565509677855], [-0.10933054548461181, -0.12940742622137522, -0.0165532011141291], [-0.09423312195856771, -0.18510869423981532, -0.03277492639343154], [-0.0821291649355411, -0.24235997029229076, -0.04391907291851247], [-0.20365002286166856, -0.1989987358590792, 0.00538933806100891], [-0.1309486307355362, -0.24362556823300338, -0.025378279190189198], [-0.1151132564474331, -0.18386597564184023, -0.041703755422551364], [-0.12636028031722968, -0.15113765213075492, -0.04933932531202185], [-0.22542994329201038, -0.18689914381248052, -0.006881966686718582], [-0.13414607405837242, -0.2266672914976387, -0.03594573539029692], [-0.12340612312440333, -0.15331685435124257, -0.03895623572337768], [-0.14049991030775055, -0.12728246741582375, -0.03501641842149821], [-0.2347367106172407, -0.1642134049451495, -0.023663703268530317], [-0.1441059693733904, -0.18595187036059546, -0.05081085266383459], [-0.1385652203342469, -0.11814176537357163, -0.042097010984961374], [-0.15748226798048745, -0.09420452891073065, -0.030094741973185478], [-0.23403976120679712, -0.13402081394829377, -0.041832877801098595], [-0.16197542267692133, -0.1505845752860575, -0.05507727380940954], [-0.1555265378397075, -0.10540775588221077, -0.04678222464422535], [-0.17236440988821114, -0.0845042270814787, -0.0368998934889918]]}