{"label": "Z", "timestamp": 1746066765920, "left_hand": [[0.1602930151351634, 0.01067204988794096, -2.1488629269501622e-07], [0.10112852928152442, -0.039318232346516616, -0.0004537294062320234], [0.06287675659140263, -0.10032688350805075, -0.006408818242958892], [0.035357272052128956, -0.13822529161568825, -0.015530853549859289], [0.010520440442683215, -0.15575483001198948, -0.026080815612080255], [0.09853699267114459, -0.19824428180877612, -0.01141540173555829], [0.06710897596833428, -0.2684700215205496, -0.03110859520273625], [0.042571636587407695, -0.3117363180985882, -0.045583366672532516], [0.02302018583139881, -0.35010061559196676, -0.056695559129443567], [0.12044260639377961, -0.19690345374242701, -0.027408147271837817], [0.073419064271119, -0.27666806624149637, -0.04676448631694494], [0.044124873060307164, -0.3269669931144823, -0.06116887881212522], [0.020331325573990363, -0.3705288173870014, -0.07128397396745752], [0.13982614214239183, -0.17358952425686505, -0.04439219693433213], [0.08583068373177562, -0.2338211720557857, -0.06626999945068607], [0.047924618409823455, -0.27115233463317423, -0.07963608614476593], [0.018851466962526115, -0.3043733175185807, -0.0882565293130498], [0.15297829125250642, -0.13214433072585685, -0.06128399188974723], [0.111449049599879, -0.1596278399505399, -0.0833436674051239], [0.07998995095020572, -0.17818725101767932, -0.09308617565150458], [0.05322680888758415, -0.19777630821085476, -0.09929836261801504]], "right_hand": [[-0.1602930151351634, -0.01067204988794096, 2.1488629269501622e-07], [-0.10318266763934619, -0.033979115065996, -0.004638804588588987], [-0.06181767096831968, -0.08096563976797581, -0.011351106904786606], [-0.03694232674249855, -0.11726174179855559, -0.01954536761958394], [-0.015634066354325963, -0.1458469383963768, -0.027234806516428255], [-0.09289399952018208, -0.1946050434516243, -0.006103297090890963], [-0.03858865047462535, -0.2036048075731054, -0.02566163410093447], [0.0009037721703091089, -0.20853038997167528, -0.0422928912065701], [0.03215927500623793, -0.21027111492288222, -0.053452377722752124], [-0.11159586195895, -0.19726508721019187, -0.016653581271502568], [-0.040844991395658004, -0.20929747067195206, -0.03404732021793014], [0.003886596963062839, -0.2123078433126543, -0.04641364204538525], [0.04035711583686266, -0.21386506697407262, -0.05413331476198925], [-0.12631490819353722, -0.1779323428062347, -0.029049450204785672], [-0.05525847400102688, -0.18095848296517064, -0.04908247574227849], [-0.007799512768522209, -0.17571836576321498, -0.05832443324818028], [0.03231563622872199, -0.1730928021235435, -0.06314676218952374], [-0.1368586657599877, -0.13934709616726254, -0.04198529433775194], [-0.07848765307608276, -0.12869346437174112, -0.06008330443804407], [-0.042146559247784446, -0.11559976382059621, -0.06476907217261646], [-0.011954706912703077, -0.10541544223732915, -0.06589490355805]]}