{"label": "Z", "timestamp": 1746080027066, "left_hand": [[0.25057406179508507, -0.027162120752916085, -3.638509969029081e-08], [0.19775474916133637, -0.023790330082109564, -0.019800857653647558], [0.14003507233173038, -0.035422236188603226, -0.03298852098810519], [0.09477766708411046, -0.038537133033848585, -0.04492593752401784], [0.05928341141414025, -0.03353054553058732, -0.05725357964936523], [0.1333135567013172, -0.13995133907612625, -0.021285458884023604], [0.08496414926407969, -0.18307918608846666, -0.03926128656563517], [0.055340675400230376, -0.20916211988011515, -0.05357354500620485], [0.03039457968113279, -0.2338835716592514, -0.0642920777079764], [0.15870238769200268, -0.17089050564123234, -0.026174282002399574], [0.1190077127116777, -0.23804179375087153, -0.04091160143514796], [0.09536416500362302, -0.28004069739949816, -0.0532564638941464], [0.07507302645617964, -0.31577019565604364, -0.062371936492988576], [0.19151808707415732, -0.18467265412015887, -0.03403683717072296], [0.1598853308641626, -0.25159191673707393, -0.050504708852831294], [0.13993516479139612, -0.294755171518549, -0.06085635963236098], [0.12037578680606903, -0.33343506062494555, -0.06810423523771966], [0.22899999358805911, -0.18606113603689425, -0.043529259912670884], [0.21521662142926282, -0.2424008177617648, -0.057448125011884926], [0.20610399585979503, -0.2790801876488252, -0.06172164932607177], [0.19516410045642255, -0.3130670670869724, -0.06468591019251112]], "right_hand": [[-0.25057406179508507, 0.027162120752916085, 3.638509969029081e-08], [-0.19796745235418153, 0.003923532134663486, -0.017781593435016178], [-0.1525586265910649, -0.05369055296424549, -0.021500762396592005], [-0.15290524378256037, -0.11696640745281159, -0.0243318247223694], [-0.18457478933573623, -0.14497959755514553, -0.026275494636788466], [-0.14281922035024294, -0.1345890159926626, 0.0004863985704993633], [-0.10148364987488653, -0.19026830532330477, -0.007947089258509371], [-0.07680569794144307, -0.22144036579910706, -0.01854096574129043], [-0.05610525821433715, -0.2493743324982601, -0.026450811449096657], [-0.17210162305555488, -0.15998242591447362, -0.0009524689739378219], [-0.13972447474930444, -0.23213307786878806, -0.004652715151076052], [-0.1193801061275265, -0.27607269831730935, -0.012241206427278646], [-0.10406537755881434, -0.31137584282310404, -0.01828500201111415], [-0.20390204314447877, -0.16574272127041847, -0.005879585901786439], [-0.17928537388838375, -0.2314326790375274, -0.011249640865717494], [-0.15869188772924925, -0.2711569789127638, -0.017631337389072944], [-0.14260967504093264, -0.30308168145555664, -0.0222730178808499], [-0.23975063308383276, -0.15792889372529595, -0.013434455895115844], [-0.22629991435027624, -0.21390662278675485, -0.01898010028551962], [-0.21550086055255868, -0.2527077943576622, -0.02000500372224219], [-0.20584653953622922, -0.2876215520868361, -0.020686389874236124]]}