{"label": "Z", "timestamp": 1746066787570, "left_hand": [[0.2782729827330572, 0.13312088083298415, -3.086145778825549e-08], [0.3389750480832204, 0.052439766336915085, -0.013637834659223563], [0.37496251223645055, -0.03945092319517668, -0.03425645538580764], [0.3999576375758675, -0.12560740170287388, -0.05267332735913413], [0.43664946315584435, -0.1819471045153642, -0.0744364900013461], [0.30635457102734925, -0.1022765045810336, -0.061978460488448205], [0.2897382084222365, -0.24072016684099873, -0.08608990862700745], [0.2781779636792015, -0.32168328742809815, -0.09792357287684822], [0.26958399876971223, -0.3841106314643857, -0.10529775610805313], [0.25456389815374547, -0.08460089745903987, -0.06880195454560242], [0.2303626323101502, -0.2305667271356911, -0.08960179978149643], [0.21283129723781805, -0.32146974154834734, -0.10056019906781624], [0.19975347906766802, -0.3882881572431668, -0.10928545444827902], [0.20931105922607524, -0.05290701599624205, -0.07328275673572655], [0.1859685099205664, -0.1883712352326319, -0.09052302694331593], [0.1714650572488057, -0.2742841801958752, -0.10165970318687366], [0.163383323495698, -0.3370314217134768, -0.11077904791386672], [0.16994556600592475, -0.01245766629021496, -0.07706227036300169], [0.14241648299909804, -0.10931843349525097, -0.09521259500268352], [0.1270333921627138, -0.17033313187306956, -0.102755037509531], [0.11644861825696778, -0.22272768425041295, -0.10708559626908609]], "right_hand": [[-0.2782729827330572, -0.13312088083298415, 3.086145778825549e-08], [-0.2709502245693022, -0.015204966432673125, -0.02763347659465401], [-0.24815570564780493, 0.0927689329216128, -0.04213215833647438], [-0.23155003631847776, 0.18186094809497214, -0.056567586664175114], [-0.2328193107195388, 0.25541871368021724, -0.07124989381723962], [-0.12406587737204612, 0.08095094536276748, -0.012534423172154469], [-0.06636060256079516, 0.16916913393443028, -0.031922066789309436], [-0.0290184630892924, 0.2169529666324175, -0.050860177841554284], [0.004281530961812596, 0.25556807084743993, -0.06459063452840107], [-0.09576722720243237, 0.0290124844439313, -0.01614632860044618], [-0.026809023095723673, 0.11043434075066971, -0.03128665955669111], [0.015452023237151526, 0.15758314396762887, -0.04795645585069037], [0.05005438854018653, 0.19624700719560842, -0.060614871685536406], [-0.08274113194233221, -0.031970395626862214, -0.024359332847279817], [-0.014520240824165946, 0.03579608938604564, -0.040159176309496024], [0.02452433789115823, 0.07908357396307916, -0.05269415818000042], [0.055540300538527064, 0.11753084024077118, -0.06156573055382971], [-0.08146691771278328, -0.10522014837697884, -0.035725226213243616], [-0.02336247570189461, -0.06828452773221638, -0.05001971324328527], [0.011491588391506704, -0.03971866189922137, -0.05417129402582438], [0.04194868209000517, -0.008709731242994151, -0.05624915660250008]]}