{"label": "Z", "timestamp": 1746066789576, "left_hand": [[0.2796903058312542, 0.13347530219699125, -2.3611762591734702e-07], [0.21528955738886385, 0.06589847022773566, -0.009881548786712584], [0.17283675550024796, -0.03221002297150983, -0.013292770063055638], [0.1503682698314877, -0.10041627143146067, -0.01890472960441154], [0.12295693770182896, -0.14546305212625518, -0.0253902436895233], [0.22636149837491165, -0.14172479183744988, 0.0015671754065764672], [0.21202959552119527, -0.24294761107930238, -0.015304702397395509], [0.2012001342092477, -0.3023662053677511, -0.03173534721385964], [0.19310806721951912, -0.3569423605032631, -0.04515451460768102], [0.2637055610841512, -0.14559183004948864, -0.011021458179352938], [0.253005151807662, -0.2630323346071197, -0.026480730648023615], [0.24607647192263193, -0.33389470311462216, -0.04326537084446167], [0.23941165246524027, -0.39768204322024836, -0.05607981925904657], [0.3015515780995319, -0.1279334657023556, -0.02727532545221069], [0.29583535140744815, -0.24237520993137543, -0.044641907615201794], [0.29071778581443175, -0.31208888374943117, -0.05813798747291263], [0.2839951835000422, -0.3757840125026186, -0.06823224553379058], [0.340928347423352, -0.09252364849653125, -0.04521772831313371], [0.3423875564411062, -0.18138301959374356, -0.06167781106934508], [0.340685319524802, -0.23912404706612447, -0.0690142465944473], [0.3370276756413244, -0.2930896994544557, -0.07459021006107648]], "right_hand": [[-0.2796903058312542, -0.13347530219699125, 2.3611762591734702e-07], [-0.19362056114070558, -0.15286106696266943, 0.002165877729552633], [-0.1013777406185308, -0.14011857643350986, -0.006097320306100663], [-0.03455148274335316, -0.14107067783529584, -0.014837731663950608], [0.010377895685539092, -0.1719861510025175, -0.02460089470803925], [-0.07484685695508282, -0.09844841976927912, -0.03520005378147539], [0.005328200279394983, -0.014141148156444896, -0.05360102240974893], [0.05246689582933712, 0.03241242743833737, -0.060293386719334964], [0.08881456060125535, 0.06594830383021298, -0.0638058127988939], [-0.10477262052326941, -0.05950266450780953, -0.04927196804272939], [-0.02271909962313289, 0.05367520307488259, -0.06473187353931932], [0.021784500286903454, 0.11997752284348635, -0.06899788209462389], [0.053474587190322186, 0.16804529436832724, -0.07242713567235841], [-0.1451674700613963, -0.01876350260405146, -0.06161730079570995], [-0.07459563310100992, 0.0991532171218075, -0.07715316621620799], [-0.03723016222700974, 0.16277093658269798, -0.08071524772529808], [-0.007710029929152756, 0.2081927576235291, -0.08328836659116581], [-0.1903800338297787, 0.02095486537437382, -0.0727175164577508], [-0.14250364746032648, 0.11894143345600706, -0.08590428808094351], [-0.11653653040972274, 0.17800017321567577, -0.08749372781672282], [-0.09400576644347708, 0.2261506718099757, -0.08784968995191003]]}