{"label": "Z", "timestamp": 1746080018511, "left_hand": [[0.2014243149778762, -0.002615580211150745, -3.937447558510716e-07], [0.152342646353366, -0.04574647894384644, -0.007959691608787973], [0.12081044505334085, -0.09872184040656164, -0.01913994233648654], [0.10169397623800326, -0.14063352209518243, -0.0332257053010686], [0.09603199950705726, -0.18077561833121736, -0.04685765454298285], [0.15315543219530134, -0.18942917294378742, -0.009152692629682815], [0.1198350790743153, -0.245369124061932, -0.031111984075902543], [0.09845707346621144, -0.2834271167369909, -0.04456158813315621], [0.0828520982687566, -0.3170914836093217, -0.05414246106886166], [0.1821599659954608, -0.18833815954442998, -0.017651984287902805], [0.11739603248741497, -0.1820517977590903, -0.045954395936391154], [0.11245079413808894, -0.12565601358645978, -0.04826474122333922], [0.126686222129389, -0.10242856800117149, -0.04452678097759952], [0.2030274538950092, -0.16831172813227044, -0.028829959678446135], [0.13534167165996844, -0.1495021977532854, -0.055429139108130174], [0.1305837430847847, -0.0994621599900765, -0.0432388253042186], [0.14357246815058045, -0.08052875173879953, -0.029363091989305822], [0.21624735895795297, -0.13588370912844305, -0.041783901514417604], [0.16031749492860595, -0.12458268608852352, -0.059282383103068645], [0.1474059829865472, -0.08932404239035625, -0.051034742896817434], [0.15165561416114606, -0.07054754866272722, -0.040433006809274634]], "right_hand": [[-0.2014243149778762, 0.002615580211150745, 3.937447558510716e-07], [-0.14466724267507777, -0.029377105305747064, -0.022196126873423837], [-0.09858369801258773, -0.09083454087147365, -0.02908653444800818], [-0.061843496399264994, -0.13657832099270062, -0.03500727276046143], [-0.026473071679128487, -0.15019087603589734, -0.04033217898761735], [-0.14480084396503418, -0.19102775640146344, -0.00766723123127941], [-0.12513079112274544, -0.26176617498732035, -0.01567756226587422], [-0.11636710157859817, -0.30571234783812534, -0.02439645685745687], [-0.11027591634822775, -0.3406076075119628, -0.030919688179119307], [-0.18067058915094325, -0.1976957240489608, -0.00643811790612316], [-0.17582008713179478, -0.2775631494024762, -0.010032361660373275], [-0.1737998174249741, -0.3251557187209651, -0.01587739237580346], [-0.17312942797224087, -0.3600361061595166, -0.02045662563681062], [-0.21373256350214112, -0.18861818631693172, -0.008741938047690963], [-0.21382732854319758, -0.2600709124299925, -0.013915920156459134], [-0.21340577627815463, -0.30069272917178347, -0.019362748327279876], [-0.21292104093887873, -0.33199453523868466, -0.023426543552854867], [-0.24686737735318556, -0.1649223131716, -0.013999257071414657], [-0.26321963930744235, -0.21137285942916512, -0.019964785551286043], [-0.27310020118257045, -0.24173340804121016, -0.021695186635564925], [-0.2808438027686115, -0.2684422008215042, -0.022171559931352343]]}