{"label": "Z", "timestamp": 1746066763578, "left_hand": [[0.1844228990882827, -0.020712676354088883, -5.147275118315181e-07], [0.13613677165394525, -0.0743708299586248, -0.003722238844189096], [0.10622226933105539, -0.14401266457124237, -0.008790181259386616], [0.08820283953526262, -0.19890719334620155, -0.019458475439551846], [0.0785182166450867, -0.2558106821150324, -0.026697991080848273], [0.14805439266300782, -0.2268053276009457, 0.019461758694161564], [0.11855464272742018, -0.2746492902788658, -0.008059143697612776], [0.10930103506773396, -0.21966586461261814, -0.0245673668738939], [0.11853613501324059, -0.18183814215643418, -0.03129261219071804], [0.17611737527760768, -0.22503414933116309, 0.00900532343440988], [0.1374427877111467, -0.27809110154099453, -0.020088060421863122], [0.12593143846563837, -0.21068455980427778, -0.027702486667165994], [0.13943628303818367, -0.17379027964963412, -0.024569854939243515], [0.2053753775503535, -0.21310505453702963, -0.00667035581726732], [0.16173947543321046, -0.2579299401036509, -0.03582708634738051], [0.14705622324786097, -0.19275153259867114, -0.028781153414639094], [0.1586170594272404, -0.15683352189549551, -0.014747092977203714], [0.23494965720288, -0.19189027537103345, -0.023393618927336605], [0.19024684273220877, -0.22638738250823243, -0.04006068543356947], [0.16934025941042155, -0.1835672166236088, -0.032809256386632846], [0.17271310324706968, -0.15123640999381904, -0.021586329413344398]], "right_hand": [[-0.1844228990882827, 0.020712676354088883, 5.147275118315181e-07], [-0.13990301666045935, -0.044755693654041494, -0.004197186901517052], [-0.11660931235467001, -0.11671433490258534, -0.011108530464650905], [-0.09842984820014912, -0.16716122549588472, -0.020267955653118876], [-0.08004819599827005, -0.20786088624133867, -0.027838457256008992], [-0.20260343579227758, -0.19425781609138199, 0.0066039334891639994], [-0.1408899617206455, -0.22261452760379707, -0.012979892338210269], [-0.09580846245661231, -0.23418798494675447, -0.032520297839675916], [-0.055511182364992855, -0.24310344020599226, -0.046267809848594535], [-0.2224963351460612, -0.1900951767536791, -0.0026649468930924], [-0.1402954699959064, -0.22400038623928542, -0.02323263517525139], [-0.090878476327776, -0.22847216925561617, -0.03701827413545794], [-0.048778589772484046, -0.23516225895734058, -0.04469397132840237], [-0.22981720865356423, -0.17409124202064621, -0.014615775818854823], [-0.1453286453613478, -0.20670707243740388, -0.03632043728029485], [-0.09647207126489812, -0.2130361120545601, -0.04381745209589455], [-0.056299007368176744, -0.2195956500365864, -0.04531876881153528], [-0.22487836775581452, -0.14945488037446159, -0.02787914242486504], [-0.15838117337198915, -0.17711361160940017, -0.0459710566106927], [-0.11811646885276667, -0.18107897667291656, -0.05015722032566733], [-0.08508486338525476, -0.1868095835695919, -0.0493118580318045]]}