{"label": "Z", "timestamp": 1746080044630, "left_hand": [[0.3090536069457547, -0.08938788240542452, -5.681745097144231e-07], [0.21641769516950507, -0.05868866266353369, 0.020774066339494177], [0.14985067626005752, -0.07097895219104217, 0.01652763000868818], [0.10288457286843701, -0.07797879525450704, 0.004806765624008429], [0.05890693989766594, -0.07722057179464091, -0.007758766721774768], [0.12034928564734305, -0.18906508703561628, -0.012830279006121978], [0.030704378340269005, -0.15929312211999833, -0.04549652063106905], [0.010419373204932888, -0.09848253013260506, -0.06266296881114063], [0.011591499843944301, -0.052177528920106665, -0.06852727379050698], [0.14317470008725264, -0.1995353092817055, -0.03537781032070786], [0.043844349786107836, -0.1269151987925955, -0.0625257681946263], [0.03079451805929821, -0.044953474295051934, -0.06729100082103609], [0.04167380810660428, 0.005280853281094707, -0.06751779168181503], [0.17201568667701647, -0.18549983618657825, -0.05776151169397477], [0.08226512506932472, -0.09782285012346191, -0.08083214056029965], [0.07065551195137584, -0.021130032679189923, -0.07695456179065806], [0.0785754472759469, 0.024983182447238607, -0.0709302303666153], [0.2016581565516424, -0.15226142244900506, -0.07836141758469453], [0.1377295473871357, -0.08398508451304418, -0.09216624703128168], [0.1150956345993002, -0.030809605989893026, -0.08992303246585398], [0.10684725558250052, 0.005266579866033284, -0.08543534277524452]], "right_hand": [[-0.3090536069457547, 0.08938788240542452, 5.681745097144231e-07], [-0.22680486268882383, 0.08584031817939738, -0.033037707193259956], [-0.15713764251345363, 0.04159004229484435, -0.04114181999451353], [-0.12201252636653853, -0.02318995539196745, -0.047529709780446884], [-0.09356793733636096, -0.07610478894443175, -0.05249601784865268], [-0.1508001945109099, -0.09252513766370771, -0.00018143598337467344], [-0.11176752412984244, -0.16630548027927794, -0.016308957681845034], [-0.08792181908940092, -0.2055215330147215, -0.03384975009021571], [-0.06274612654228497, -0.23868484324858835, -0.04659377002068895], [-0.18625758128017875, -0.12432747001417709, 0.003659337875665463], [-0.15007618070344642, -0.20184540462259765, -0.00988320666047786], [-0.12565690158167794, -0.2434868389689539, -0.02731480792845932], [-0.09789257523888424, -0.2711977046493572, -0.040397065130788924], [-0.22703248745836316, -0.13950282527624763, 0.0010312220960111429], [-0.19651752923047178, -0.21203468365375502, -0.01658317144701283], [-0.17191737594501733, -0.25044263354952545, -0.03175938324327524], [-0.14425495454562415, -0.27169536071144446, -0.04130120323049492], [-0.2757290614227293, -0.1445161295978486, -0.005425627378916954], [-0.25710429752081493, -0.21018322520225502, -0.023346887427007437], [-0.23872505187253856, -0.2400905160557787, -0.03292623492454656], [-0.21606577274380587, -0.25576162684369186, -0.03812148003731771]]}