{"label": "Z", "timestamp": 1746080002569, "left_hand": [[0.17229418425487367, -0.002780575785459929, -3.369437269206138e-07], [0.13198294464592347, -0.04579802000493903, -0.015559251798979015], [0.10053303605535259, -0.09948457837904812, -0.02841285345678835], [0.08160691653658718, -0.1413124889917676, -0.042630506816468496], [0.06658876467051253, -0.1807147352952334, -0.0549648915865907], [0.1429852004083178, -0.15686715208264188, -0.01135662543149566], [0.13907502261669893, -0.20833311020437745, -0.03861851759378923], [0.12327882817663062, -0.2042198943165625, -0.05760010929742225], [0.10643675916013008, -0.18538177516278484, -0.06674830713975854], [0.17418024314482836, -0.14889396539252506, -0.01587913257317468], [0.16779367835555561, -0.19726786548253186, -0.0463567135646024], [0.1428765352443522, -0.17246664415810803, -0.06024492269476669], [0.12393465006789958, -0.14185761975838684, -0.06362113552580938], [0.2038735701509832, -0.13063586036478203, -0.0241389213310227], [0.20033266973860334, -0.1751646344189541, -0.053653837174433616], [0.1739344756960221, -0.14388291740081272, -0.05688562203098017], [0.1544392454032674, -0.10942449402999578, -0.051195743680865984], [0.23444078608931423, -0.10460392317823804, -0.03356288925811439], [0.23875505094828992, -0.14347750425009903, -0.05437980795438968], [0.21745259005401657, -0.12950507961786142, -0.05556306568748469], [0.19773207293318948, -0.10764389560256092, -0.05111804808863059]], "right_hand": [[-0.17229418425487367, 0.002780575785459929, 3.369437269206138e-07], [-0.12455001720787186, -0.040648175288541144, -0.021057536428534286], [-0.08530095194994873, -0.10406232863390376, -0.03017012801184745], [-0.06241750500909801, -0.1560712073833305, -0.037885287888791135], [-0.04166925486887361, -0.1975114596280588, -0.045425881323834585], [-0.13541737161544146, -0.18259821568977197, -0.014431353441577156], [-0.12134496582344327, -0.2504526486486615, -0.029726898463182536], [-0.1132074737218456, -0.2921326088779682, -0.04331163940292045], [-0.10562802328177226, -0.33009388143595264, -0.052878050783929084], [-0.16769802538452927, -0.18795997589372715, -0.015765869859793], [-0.16132520029225964, -0.2652128404661765, -0.0278553390054875], [-0.1546941757197131, -0.31547727497746747, -0.03978730582358924], [-0.14823329500898255, -0.36013296625958646, -0.049059847002912445], [-0.1983676260087052, -0.17781061274369192, -0.020492215121915486], [-0.19834425378954038, -0.25280346291954975, -0.033614984074432475], [-0.19205659271730072, -0.2995428363474456, -0.04405799411003227], [-0.18478701296386113, -0.3409981359547095, -0.05150753903014964], [-0.22893765526971346, -0.15462047219091662, -0.0273657563972615], [-0.2396291701032711, -0.21288544386155978, -0.040369714266796024], [-0.24357115547763042, -0.25125266368716553, -0.04671677742718483], [-0.2453095770871871, -0.28930114464368845, -0.0508657929611791]]}