{"label": "Z", "timestamp": 1746066774181, "left_hand": [[0.0, 0.0, 0.0], [0.045450557433555076, -0.06527411650039129, -0.028612144824286086], [0.07155892564722904, -0.15006040302796705, -0.040691429169778054], [0.0903680361981445, -0.21671086609138554, -0.05106486920705944], [0.11862997597919346, -0.2608854260536633, -0.06114763824143407], [-0.01187483541427655, -0.23554619205945584, -0.01653103023070499], [-0.023241262682778725, -0.3204276567965804, -0.031631565751269033], [-0.03344089153133166, -0.37390751126992866, -0.04598388815507071], [-0.04252499545100087, -0.4190051214853208, -0.05706621420169672], [-0.05263809431085254, -0.22131639142657522, -0.016858741526339444], [-0.07907097519949757, -0.3095875340228257, -0.029277858745274454], [-0.09590273827316316, -0.365680287299725, -0.04271970771314275], [-0.10941680174322846, -0.41093797188896347, -0.052747667519751754], [-0.08362970776700746, -0.191825799068981, -0.021429192194196645], [-0.11510436868693012, -0.2711249195371728, -0.03489522326517152], [-0.12997627184594368, -0.32331959211808586, -0.04630648962101469], [-0.14068898068455943, -0.3676421646016834, -0.05394839520884571], [-0.10764614090442988, -0.1477604540847732, -0.029377987517094823], [-0.14124188283826714, -0.2002922427024081, -0.04230592564986492], [-0.16016878757221858, -0.23822819168716394, -0.049498819221352186], [-0.17435842096204665, -0.27525400169756614, -0.05366227129074922]], "right_hand": [[0.0, 0.0, 0.0], [0.045450557433555076, -0.06527411650039129, -0.028612144824286086], [0.07155892564722904, -0.15006040302796705, -0.040691429169778054], [0.0903680361981445, -0.21671086609138554, -0.05106486920705944], [0.11862997597919346, -0.2608854260536633, -0.06114763824143407], [-0.01187483541427655, -0.23554619205945584, -0.01653103023070499], [-0.023241262682778725, -0.3204276567965804, -0.031631565751269033], [-0.03344089153133166, -0.37390751126992866, -0.04598388815507071], [-0.04252499545100087, -0.4190051214853208, -0.05706621420169672], [-0.05263809431085254, -0.22131639142657522, -0.016858741526339444], [-0.07907097519949757, -0.3095875340228257, -0.029277858745274454], [-0.09590273827316316, -0.365680287299725, -0.04271970771314275], [-0.10941680174322846, -0.41093797188896347, -0.052747667519751754], [-0.08362970776700746, -0.191825799068981, -0.021429192194196645], [-0.11510436868693012, -0.2711249195371728, -0.03489522326517152], [-0.12997627184594368, -0.32331959211808586, -0.04630648962101469], [-0.14068898068455943, -0.3676421646016834, -0.05394839520884571], [-0.10764614090442988, -0.1477604540847732, -0.029377987517094823], [-0.14124188283826714, -0.2002922427024081, -0.04230592564986492], [-0.16016878757221858, -0.23822819168716394, -0.049498819221352186], [-0.17435842096204665, -0.27525400169756614, -0.05366227129074922]]}