{"label": "Z", "timestamp": 1746066769557, "left_hand": [[0.16468123773787355, 0.0005305446407302537, -3.534398831421753e-07], [0.1236185325869745, -0.04569857351483624, -0.013659432978534973], [0.08923450590823918, -0.11238965548938377, -0.025891662911693234], [0.06764270377557441, -0.15895923488827418, -0.0395968059419528], [0.05176892754011766, -0.20283497813868506, -0.05086709452235294], [0.14036267498224017, -0.19293955291997153, -0.01124823766367917], [0.14043057104880308, -0.268066124088998, -0.03888537927087712], [0.11432001273736551, -0.2671263691727206, -0.05934099915775938], [0.0946958317899685, -0.24110963708392022, -0.06886084760311995], [0.1716857064440034, -0.19020558473717306, -0.017708496952648388], [0.17593270776339248, -0.2792170721114461, -0.042871762263785286], [0.14683216362620602, -0.28146979706868186, -0.05567614157051563], [0.12557459608754468, -0.2498949274957038, -0.05908297704550713], [0.20149515034149684, -0.17170791553738446, -0.02799444716791231], [0.21169000915527203, -0.2544231089450233, -0.04678764231383114], [0.18538813064622064, -0.2652502712028071, -0.05161762433791975], [0.16292830800931288, -0.24640194782005354, -0.050706230529848566], [0.23242854708961766, -0.13950035868585067, -0.040148218920666764], [0.24759440447527686, -0.2016501235399095, -0.053527041278940195], [0.22944730416188722, -0.2238407715385561, -0.05651969262237768], [0.20628408339318166, -0.22221610652116874, -0.05534661428075017]], "right_hand": [[-0.16468123773787355, -0.0005305446407302537, 3.534398831421753e-07], [-0.11771328072732226, -0.04944978854415384, -0.01702681079518277], [-0.08139214770981777, -0.1112153776647964, -0.030861326059215263], [-0.051926342352733044, -0.15690350235029352, -0.04543439096956335], [-0.02137097998527402, -0.19754902199672125, -0.061300698424456755], [-0.12622144259606202, -0.19657403959867187, -0.02073182040812809], [-0.10690789041801861, -0.262209363327136, -0.04354884107392623], [-0.08642763048562332, -0.2945504732769372, -0.06157220805621311], [-0.06503386565514753, -0.3202317126473851, -0.07333061689781244], [-0.15601817730521642, -0.19896648033107098, -0.027215529588962378], [-0.14129857022890455, -0.2763747772897847, -0.0461927840623114], [-0.11640434094910904, -0.31130333724607984, -0.05958851913031872], [-0.08940002389462778, -0.33278851867120235, -0.06924453821231688], [-0.18606031023485003, -0.18244142216566314, -0.036682648763407925], [-0.1835421850124001, -0.2639557891925366, -0.05791034651085129], [-0.160904860221576, -0.2948502693824045, -0.06822661965534023], [-0.1330392184432854, -0.30814199061916897, -0.07421832491570311], [-0.2171667843775242, -0.15184226001154574, -0.047690335872166874], [-0.22346449639956872, -0.21795776075849718, -0.06800003998974219], [-0.20386746108431197, -0.24184531996596176, -0.07467831330321728], [-0.17735330074654396, -0.24617352361621503, -0.07754284920447198]]}