{"label": "Z", "timestamp": 1746080048111, "left_hand": [[0.26014992060834574, -0.014884661010675619, -7.704401794052252e-09], [0.18743285506696253, -0.02398765639841309, -0.016280744746832686], [0.12793872275197515, -0.0671278068506248, -0.014556073919709672], [0.08843951015235717, -0.11487335930634074, -0.012858204760020859], [0.054126824890301496, -0.1499490128914582, -0.009572726919672125], [0.14922187954606958, -0.13982079441064166, 0.021910247134119973], [0.11430589985359867, -0.19229973093298025, 0.020805421638117175], [0.09601379233395758, -0.2241669826550941, 0.014796320771931578], [0.08049724700147858, -0.25219950131242774, 0.008717494084705926], [0.18246073022293624, -0.16696197222804318, 0.022294022499958828], [0.15396090350021946, -0.22551836478224924, 0.022754397299761572], [0.1368772937264181, -0.26141919898822913, 0.014031848930776561], [0.12308386418476552, -0.2915980310737467, 0.006435884364266674], [0.21705011704382898, -0.18154103810224212, 0.0175349945697357], [0.19110997496723112, -0.24184317107300893, 0.011160037182290026], [0.1745257989258431, -0.2773488118523917, 0.002665180800230461], [0.1598676010912618, -0.3084466636104751, -0.003443592367916266], [0.25507289385631254, -0.18777638929299756, 0.010779449166349387], [0.24711883032537696, -0.24127723005152418, 0.004289577714793735], [0.23956754153138762, -0.2734261941556243, 0.0011632162181142733], [0.23108532422539987, -0.3036147116633762, -0.001291378495502184]], "right_hand": [[-0.26014992060834574, 0.014884661010675619, 7.704401794052252e-09], [-0.2239612569116, -0.05134692432811847, 0.02724234864551074], [-0.20831490739849373, -0.12875876239843775, 0.03218336734063672], [-0.1894274446747258, -0.17827649766646722, 0.029468702381347047], [-0.17568453551019234, -0.2091806518258022, 0.025947061707376658], [-0.2353928100162145, -0.18739749731054167, -0.004138572592495251], [-0.2274534969603502, -0.2905713763169107, -0.01866525665554262], [-0.2088532455089076, -0.3444892325283899, -0.02462430216418165], [-0.1897855016111435, -0.37942913835910147, -0.027821841820726542], [-0.243719561653326, -0.1744754520837248, -0.02997572029035326], [-0.23987380911599257, -0.2957544654922689, -0.05258576908460948], [-0.21284059176098774, -0.35491803532253396, -0.061479497530241976], [-0.18499115252953877, -0.38774727832179634, -0.06477057797520763], [-0.23758002347490856, -0.14804752481164485, -0.05329241445396163], [-0.19407567728562447, -0.24394253243752845, -0.07799771942537378], [-0.1478393912700141, -0.2832967131601956, -0.08861402678792388], [-0.11244686277336544, -0.30855084968660357, -0.09210880478606133], [-0.21683608331216975, -0.11119274701418029, -0.07321929760306475], [-0.15818487557188055, -0.17021089451374263, -0.09099712872475199], [-0.11887956664382453, -0.1905770055959057, -0.09568501408334228], [-0.08868874979731153, -0.20514487846255053, -0.09702081059823461]]}