{"label": "Z", "timestamp": 1746066756201, "left_hand": [[0.18259633524675933, -0.023453285446812203, 3.6003776773266713e-07], [0.15613385357810133, -0.0859036182310339, 0.01561642801902179], [0.14438617149653343, -0.16027783047647037, 0.017142769698028425], [0.14484674217338414, -0.21218597264616362, 0.011896182634837778], [0.15185888783828425, -0.2557453961070063, 0.00611730343263302], [0.1352894717272161, -0.21773834620455496, 0.021759104819986882], [0.15764298413477698, -0.30063680220638234, 0.010762425670886252], [0.1722895304211197, -0.3552967301365767, -5.091764706616782e-05], [0.18708672546706048, -0.3989725829711808, -0.007582097172098493], [0.1369297765962657, -0.22230283205977078, 0.0041750055284149054], [0.15808630601551488, -0.31704879986905543, -0.004216788078490351], [0.17322768873227645, -0.3767400555669998, -0.011511049511667539], [0.18961321042027104, -0.4238901150105902, -0.017518487578795594], [0.141801309569382, -0.21854053114312894, -0.014806314350899604], [0.16664360996445532, -0.3146578477949785, -0.022119899536173594], [0.1819730602001242, -0.3740477016463309, -0.0275936942796122], [0.1964348310764951, -0.4207705172200762, -0.03306785127095304], [0.1503121994191049, -0.2086852552867002, -0.03368251640944788], [0.17648293532125287, -0.2757085360371339, -0.038172518299997835], [0.19224198258913977, -0.31865205692064774, -0.03950924203907558], [0.20620831425458247, -0.3550845745811624, -0.04189551387025561]], "right_hand": [[-0.18259633524675933, 0.023453285446812203, -3.6003776773266713e-07], [-0.1264180032135921, -0.048950761887783065, -0.00548678828971181], [-0.10132241908527635, -0.10608076842583525, -0.016707685487123255], [-0.08351076507996608, -0.1500457704339862, -0.031161914362169623], [-0.071801892789652, -0.1903019335198987, -0.04142349326171109], [-0.18684513799408542, -0.19345667805087916, -0.004285069996822057], [-0.10756701650702255, -0.21816237910899466, -0.029202503867049947], [-0.103117800832281, -0.1677952916791052, -0.04377728159900194], [-0.11855746716569217, -0.1477826541956163, -0.05289148808493849], [-0.19935829336282324, -0.18215020811826654, -0.014954937420228404], [-0.10493140509775965, -0.1897313785839632, -0.038170527385527155], [-0.1087596872963061, -0.13446996844093206, -0.04254593432569261], [-0.13007284691251506, -0.11951563315298513, -0.04348367532726599], [-0.19908894321062093, -0.15804160752236235, -0.02867114995010262], [-0.1075340026822045, -0.14986985126072822, -0.04807160296873121], [-0.11477777834974306, -0.09948787978903176, -0.04348069330253479], [-0.13733389456003217, -0.0849188603497337, -0.03854190973086447], [-0.18925323453687928, -0.12605696087237614, -0.04411340708051057], [-0.11858241300523165, -0.11503419190486079, -0.054321376188504536], [-0.1220629835853644, -0.07632719791176212, -0.05133997162571816], [-0.13984041820483797, -0.06404420037018807, -0.04800576948397071]]}