{"label": "Z", "timestamp": 1746066753255, "left_hand": [[0.19599292555717407, -0.014298765310611103, -2.362746228165309e-07], [0.1397270732883289, -0.04174771959728097, 0.005019327640370924], [0.0977966162681153, -0.08109000455335741, -0.0010736430191734044], [0.06836333764064596, -0.1070988683898389, -0.01000766511031635], [0.04108032088974685, -0.12463498226322423, -0.01956732332523217], [0.12217376787397055, -0.17029175732273605, -0.012241910318509682], [0.0715660351478139, -0.2204485316054074, -0.030678915564281217], [0.03555103483756359, -0.2428952215761736, -0.043449099853415524], [0.007579820500423189, -0.25591280481712514, -0.052464511938538634], [0.13548636950149984, -0.17097230735298094, -0.028009887601502956], [0.07136810567968088, -0.2265824693019091, -0.046105192933747055], [0.029950632698621433, -0.2450457101996871, -0.057312979986816746], [-4.46897611864587e-05, -0.25268087756763136, -0.06530080069165117], [0.14622007507620835, -0.15193529362188876, -0.04381485297962029], [0.08149070762886643, -0.20031198071958878, -0.06301283642708932], [0.03760977340247889, -0.2108992489956494, -0.07269913603066944], [0.005278874973358029, -0.21407463380283023, -0.07907110133088902], [0.1508439811971962, -0.11579906615041265, -0.058676228989928164], [0.10249118498197547, -0.1270261730737185, -0.07802055697593192], [0.06676332875536324, -0.13033086547864964, -0.08638336559157053], [0.036518749564805046, -0.1340119578094409, -0.09138191950294763]], "right_hand": [[-0.19599292555717407, 0.014298765310611103, 2.362746228165309e-07], [-0.1558473792478163, -0.03957560756072105, -0.015778115217543826], [-0.12939685359252434, -0.10684301538437473, -0.02375051584189969], [-0.11332933844410638, -0.15874819412003235, -0.032329465827889134], [-0.09662458193161176, -0.20137422830882337, -0.04099456676897944], [-0.18825803076089953, -0.17951866761921217, -0.0042850273660014525], [-0.18347150585485633, -0.24565972030875585, -0.020462975039559524], [-0.1744204687329387, -0.2846424670662095, -0.035837983121478796], [-0.162850541044738, -0.31749645008014016, -0.046291280027432824], [-0.2175187137378088, -0.17658254206391846, -0.008035769336345916], [-0.21955462300820658, -0.24951062548671227, -0.020909375354150758], [-0.21110220812325176, -0.2935809964775387, -0.033300970836421265], [-0.19784583973765818, -0.3294703583678483, -0.04229866058659047], [-0.2431779337877383, -0.1596351250953874, -0.015406348144002277], [-0.25329173383285253, -0.22818359130854976, -0.029777781984932864], [-0.2452429182002733, -0.2683048550816171, -0.03898767595398307], [-0.23006191145336152, -0.30063503204319114, -0.044844912809587044], [-0.2668780705543281, -0.13052182763161613, -0.024830222945767547], [-0.277246672323624, -0.18186723000436808, -0.0384924632065092], [-0.2699200560121002, -0.21506755866749375, -0.0437454478016153], [-0.2548066404676471, -0.24288009137104866, -0.04638372063354015]]}