{"label": "Z", "timestamp": 1746066749640, "left_hand": [[0.2516474522169049, -0.023092418056321874, -7.217762869174592e-08], [0.1953497284208481, -0.03695789766120172, -0.0160007152485987], [0.136517517513983, -0.07092518898139016, -0.024858817165190228], [0.09231766333113284, -0.08932827429084167, -0.03294917365869125], [0.056911723579550176, -0.09254404776175534, -0.04128815544876046], [0.15257342367327936, -0.18019937115193832, -0.011966117187826237], [0.11855735098103434, -0.24062546425200773, -0.024846362168581684], [0.09742206212055247, -0.2752962213748163, -0.036937924712221196], [0.0775725108521336, -0.3055876665585134, -0.04677984013810329], [0.18399943780156736, -0.20324952988777892, -0.017443751267343356], [0.16030491377155984, -0.28067858910894483, -0.026852934434347872], [0.14406446928995048, -0.3259500923073184, -0.03717493260442082], [0.1276993464114456, -0.36361152277851944, -0.04568225089090761], [0.21957705045865686, -0.20768030349411493, -0.02587423582166947], [0.20204385494596175, -0.28526459647709096, -0.038121288988739364], [0.18908677204508442, -0.33049596225532457, -0.047534644761086056], [0.17421904073373787, -0.3703984991954093, -0.05499050000503302], [0.2564923090908952, -0.19760469424932942, -0.0358703631468289], [0.25750286971238256, -0.2587723580149899, -0.04768707538086637], [0.2565092842936255, -0.29956240769256026, -0.05216429068493527], [0.2530677852979848, -0.33835329221174, -0.05567833075250678]], "right_hand": [[-0.2516474522169049, 0.023092418056321874, 7.217762869174592e-08], [-0.2015131341669157, -0.04102671974089988, -0.006380773632202081], [-0.1668765731432915, -0.10917728950022695, -0.016814688783400915], [-0.13443906029020739, -0.15455017486332806, -0.03239948979133196], [-0.10277905639375783, -0.19322875501497094, -0.048614418421337305], [-0.21758085596074406, -0.17847205493095647, -0.0036685759718237034], [-0.18487330336948954, -0.24367977227484583, -0.031712348661469124], [-0.14690261150749387, -0.2604952517489446, -0.053140582615910786], [-0.11424607386760254, -0.26799947515277645, -0.06589100359144306], [-0.24268110546316624, -0.17554854531231406, -0.01595038153892401], [-0.2044347899147336, -0.24752621919877685, -0.04946247498037148], [-0.15469085685595554, -0.23859306343353462, -0.06926006202622184], [-0.12031158183266095, -0.2178868004862684, -0.0777456978415896], [-0.26852323833228237, -0.1617348400757617, -0.030797418737994735], [-0.22972824402717842, -0.22591160421909426, -0.06401567923770803], [-0.18319890064228153, -0.2016794353141901, -0.07187245079929681], [-0.15356082207735705, -0.16961508655586305, -0.06983328223552464], [-0.2943465867994298, -0.1360084736221077, -0.046444267183076635], [-0.25750752672523686, -0.1829140411054117, -0.07233313769918381], [-0.2188117815166226, -0.1713061741204915, -0.07665190847118931], [-0.19177626955977223, -0.1502709049413601, -0.07423601883761427]]}