{"label": "Z", "timestamp": 1746080021526, "left_hand": [[0.241788170522836, -0.041866733483007665, -1.576715433953305e-07], [0.20495691989150125, -0.035369731666266314, -0.021042414448404847], [0.17185985377461738, -0.05694309124390226, -0.031182226188438487], [0.16939707450887628, -0.10591279424398334, -0.03964349504195158], [0.1756687314692266, -0.14770046525281064, -0.04819404527845772], [0.1257663324746638, -0.1154094646860161, -0.015506352108458637], [0.08075916397072476, -0.132740773573471, -0.02757260362341601], [0.053052936772259904, -0.14418587236144587, -0.039038582595322786], [0.028630085752096735, -0.15551054866124053, -0.048600597213393396], [0.1399962334289673, -0.1579001966211569, -0.019294626406992553], [0.09213103260006895, -0.2063974425205908, -0.029546459382362666], [0.06570281401774979, -0.23737423457370924, -0.0411290377101804], [0.041598031785937094, -0.2618160060209268, -0.050348823914131986], [0.16596462829923678, -0.1792798837814208, -0.026060254545539955], [0.13889659481583616, -0.2415960797503588, -0.0423454041878702], [0.12160625053115737, -0.2808033761955144, -0.056954128865046874], [0.10335865521500458, -0.3119761735922247, -0.06719805732292305], [0.19938427089242142, -0.18557054025107028, -0.03426187167636508], [0.17704974470914814, -0.22914380926391686, -0.04793756178819972], [0.17679897491107271, -0.2221818631597788, -0.04928047715671702], [0.17899639370458356, -0.20553123492337552, -0.050574173713163306]], "right_hand": [[-0.241788170522836, 0.041866733483007665, 1.576715433953305e-07], [-0.18597516455629037, 0.005748844240363993, -0.023398566135032852], [-0.13658142255990516, -0.05084790631269268, -0.033860081975354936], [-0.09714073463995614, -0.09268138571178654, -0.043453717134721424], [-0.05954972111282821, -0.10280363625084725, -0.053055967316124435], [-0.18653799289211592, -0.15567391280831538, -0.013561905059275244], [-0.16902865010118662, -0.2317259434075341, -0.025195492670611348], [-0.16115836533394723, -0.27803731652118946, -0.036694453881215644], [-0.15594528353114598, -0.31543586363517767, -0.04516045037017219], [-0.22341204678841703, -0.16079879813766862, -0.013944659416844082], [-0.2180785721532774, -0.24681882935757968, -0.02165517086518394], [-0.21592998664589444, -0.2983128969214943, -0.031218376659565967], [-0.21543239127670008, -0.337076561744211, -0.038741045534763326], [-0.25823458863275545, -0.15041446903953443, -0.01767243332683057], [-0.258553626178604, -0.22873034751784688, -0.02630544410272081], [-0.2573969692670142, -0.27467999844405444, -0.035205520561743524], [-0.2563721424574086, -0.3101647156941749, -0.04184235214378866], [-0.2935888498348942, -0.12553013358018197, -0.02414390887776144], [-0.31088358318415615, -0.17841507989404967, -0.032441685075551986], [-0.3217003043406953, -0.212945511696874, -0.035820231792759824], [-0.33029036604373047, -0.2441569012290182, -0.037879852246128685]]}