{"label": "Z", "timestamp": 1746066787737, "left_hand": [[0.2780874624188455, 0.1287227147209736, -2.023543243922106e-08], [0.3385980027361939, 0.046710718537003024, -0.014334684660617285], [0.3720399671847892, -0.046661475702348285, -0.03500484803901955], [0.39593665907199593, -0.13327829642387146, -0.05308202158266037], [0.4328148455741812, -0.18778665672712183, -0.0741929348039284], [0.2998326832832319, -0.105831452601141, -0.06261811693934592], [0.2772127898098466, -0.24534441342261645, -0.08538843300975589], [0.2645543558514794, -0.32457351232360065, -0.09575312766203316], [0.255749771591808, -0.3843714001953577, -0.10189942004449024], [0.24786757564282552, -0.08667356955876863, -0.06806468708221008], [0.21739084239043788, -0.23383115630480977, -0.08704730280305167], [0.19863338513694606, -0.3208738454266823, -0.09586090579136379], [0.1859856122955024, -0.3823199707886411, -0.10285776801442384], [0.2037593654090804, -0.055196362517684824, -0.07111723858878709], [0.17611157393925683, -0.1910514364950502, -0.08608954551662329], [0.16025601508468124, -0.2745824401438121, -0.09519552963656225], [0.15179120350274453, -0.3349728844197088, -0.10300863002234867], [0.1666460580579878, -0.015363894074510593, -0.07363280116145947], [0.13869554849519602, -0.11376366935817535, -0.08919300385650998], [0.12430430845697718, -0.17372971473902837, -0.09495792359485855], [0.11492949851104639, -0.22492857621093076, -0.09819710227525576]], "right_hand": [[-0.2780874624188455, -0.1287227147209736, 2.023543243922106e-08], [-0.2631827599385275, -0.015295374787904997, -0.02508094554992016], [-0.2299081318048868, 0.08957319166515254, -0.03725813993191658], [-0.20771927881425015, 0.17643645707058558, -0.04961378736447041], [-0.20418135834935888, 0.2485476756645133, -0.06257283600625059], [-0.11420556545119681, 0.06261018966777161, -0.010629962737481981], [-0.054206067214267635, 0.14219162407616254, -0.02894664673687154], [-0.01620483289259552, 0.18662468142394947, -0.0472730058799556], [0.017693081594371097, 0.22250884843525173, -0.06072852040614505], [-0.09011596497533389, 0.010305194094312357, -0.015130446095306732], [-0.017543667481379796, 0.08227245879594337, -0.02911991870070785], [0.026598024422270994, 0.12437505361191342, -0.04550358462623762], [0.06382016160747184, 0.1584039557678914, -0.05819399113018918], [-0.08131501125818236, -0.049609591483819326, -0.024075225843386464], [-0.010063683778708298, 0.01037740155109689, -0.03952313384132862], [0.03103100328054866, 0.050045688793649304, -0.05256630445840108], [0.06449711371828422, 0.08484426596384456, -0.06184388934006402], [-0.0846656274242596, -0.12086388678773424, -0.03590755290241563], [-0.022948911389250655, -0.09342851086915394, -0.05028646422332733], [0.013847357395600852, -0.0702887006558563, -0.05493917734554708], [0.04599877923369238, -0.044189594895232706, -0.05763860096440546]]}