{"label": "Z", "timestamp": 1746066782453, "left_hand": [[0.16001320226542887, 0.0021957599597708017, -4.081725775746334e-07], [0.106688055584947, -0.060225626289145955, 0.010528182565024115], [0.08148141925417167, -0.1264664699464545, 0.00987630838654092], [0.06711457395570336, -0.1776935068074452, 0.004116459401829443], [0.052451650930062106, -0.2148695367640386, -0.0022087181544799194], [0.1312362375670953, -0.20206822101637859, 0.0057165371364003405], [0.0743782511037342, -0.24451810128332696, -0.014094711498406251], [0.03382416348213075, -0.2459698750662354, -0.029621517472302288], [0.007097812638340475, -0.2353812849152082, -0.0370650171777471], [0.14601119634215268, -0.19380796906801986, -0.0073594746029778365], [0.07055953643059674, -0.22159873771392158, -0.021871827601468524], [0.026699065096025983, -0.2047849706657318, -0.030840734494739425], [0.0007050512130038488, -0.18123201483305484, -0.03615872135894126], [0.15365417665717043, -0.1726044021187722, -0.021557237686723057], [0.08083719414936442, -0.1959807042349065, -0.035512917941718576], [0.039307816956169, -0.1798330534358621, -0.038575547671613954], [0.014056499236146425, -0.15800265702329014, -0.03896715727766686], [0.15412714264886115, -0.14251048963185545, -0.035252706509063876], [0.10009987660506356, -0.16099932013520238, -0.04537627109463908], [0.06765993708902653, -0.15667613185905901, -0.04695612761759007], [0.04437088681961131, -0.1466675788503334, -0.0460321112106275]], "right_hand": [[-0.16001320226542887, -0.0021957599597708017, 4.081725775746334e-07], [-0.12535402844645133, -0.054708354272017035, 0.012683927662967956], [-0.12041640265833223, -0.12067993685396682, 0.016858108343523723], [-0.11174193898603313, -0.15907407217332395, 0.015634526529863364], [-0.0996769475147171, -0.1888830479618827, 0.012746591063635796], [-0.1576010131616796, -0.17466443698364673, 0.007340887532378942], [-0.1547755700715547, -0.24444353457292525, -0.004881055014773481], [-0.14367832354529986, -0.2904400538619517, -0.014258429649804087], [-0.12958179478807805, -0.3261468166658308, -0.021205283790910318], [-0.17044580824021474, -0.16934133159853101, -0.011200915997614512], [-0.17563593469630873, -0.25421525276384294, -0.02467458061821527], [-0.16384969372050873, -0.3105875685535314, -0.03596300817621757], [-0.14943751225302948, -0.3544337129159595, -0.044052467664201775], [-0.17846253098064427, -0.1532750298555002, -0.030470524948201873], [-0.18098355034481728, -0.23620865289720125, -0.04604077482645596], [-0.1676240885991938, -0.29112196300808385, -0.057970759506049296], [-0.15334742699713266, -0.3346741210294498, -0.06607510057440888], [-0.1795814811869551, -0.12947884777269517, -0.04860189212153044], [-0.17626454281511048, -0.1932038125756172, -0.06436310558601344], [-0.1678497823881868, -0.23743858338704046, -0.07371784145503545], [-0.15881429074529016, -0.2747650954152938, -0.0805965520797651]]}