{"label": "Z", "timestamp": 1746066768635, "left_hand": [[0.1674079793503694, -0.00628240422536963, -1.9911558564653103e-07], [0.12594771395514007, -0.05623609155841335, -0.016960837863018073], [0.09531184454709023, -0.135321821670016, -0.02553056770290546], [0.08297511472586007, -0.199583153757764, -0.03665080291680653], [0.09406888968200344, -0.2527090541027955, -0.04214616893430264], [0.13975989721523457, -0.19946742725998226, 0.004770774599306838], [0.1292759319892915, -0.2598215286144104, -0.02489676017045724], [0.11990313124718313, -0.1958927854512935, -0.03851647089778058], [0.12646898222112377, -0.1660196653503892, -0.04306822336984998], [0.17292502032305837, -0.18975866322718835, 0.001305500420326768], [0.16043368750499698, -0.24909765071462653, -0.027791788021587615], [0.14477753201186985, -0.17811215760607502, -0.029403035931001006], [0.15328944167355985, -0.15585816595091398, -0.02265399193093885], [0.20659506265570082, -0.1725296254161609, -0.008729543423102119], [0.19638171208206548, -0.23581619345072458, -0.03751311681530596], [0.17499127297914038, -0.1692622410235539, -0.02310414751160058], [0.17848844694742494, -0.14075483617532172, -0.004744405231265301], [0.24240179159502592, -0.14817939202068775, -0.02100570025474321], [0.23457269203338954, -0.20601635887736836, -0.03536237431058677], [0.21047311225159238, -0.16869468215845748, -0.023580684634614688], [0.20466882242773587, -0.14088757708222294, -0.009846065010087475]], "right_hand": [[-0.1674079793503694, 0.00628240422536963, 1.9911558564653103e-07], [-0.1263227438500049, -0.05070792943562955, -0.014070515113850901], [-0.09798429493590585, -0.12734577084302387, -0.025407150858543698], [-0.09121460373650897, -0.1851744206002746, -0.03886831093719925], [-0.11014769640501688, -0.212590122977338, -0.049270058664885104], [-0.17852114502975508, -0.2115941384390368, -0.0027041048957972243], [-0.12855797620336126, -0.23788439468438732, -0.03125120235846042], [-0.1040249329624189, -0.202304983954052, -0.046359685765306566], [-0.09624870639001545, -0.18417679640522863, -0.052103103332514146], [-0.2119498251369418, -0.20110546811113053, -0.008381069581158066], [-0.14488993166987965, -0.20270548793631357, -0.0346029369912499], [-0.13668261795245384, -0.13373154473273657, -0.03915954308491518], [-0.1533838526336598, -0.12047589424020853, -0.03585949625468988], [-0.2364428987743382, -0.17507841241802452, -0.018348057273305463], [-0.16913401511348605, -0.16988179364165779, -0.04674653485253981], [-0.16286178151256211, -0.1075700371865609, -0.040494779138569366], [-0.17947478365038746, -0.09692942533364096, -0.029072755001461698], [-0.25554620682346435, -0.13985991627666444, -0.029849566147429094], [-0.19937099643287787, -0.1421473087250169, -0.04534159853527041], [-0.18893310793777643, -0.1012227120593556, -0.03670001341189766], [-0.20127844001613124, -0.08797927582141891, -0.0250288713541159]]}