{"label": "Z", "timestamp": 1746080020563, "left_hand": [[0.23777821469857888, -0.036950263937043794, -5.258969390808763e-08], [0.2000904815843597, -0.037152867073944724, -0.021116787417450367], [0.16915812372195288, -0.06627786765002738, -0.03530718875021981], [0.16862942081137236, -0.11294344739227521, -0.0501819437116512], [0.17311493099976505, -0.15502551148185165, -0.06370838971724178], [0.1252212501481239, -0.13158313102291042, -0.022015519466407923], [0.07725189542555715, -0.15842180551828955, -0.043876676839140316], [0.04658892094078564, -0.174513854170628, -0.05675635016711014], [0.0210493015605801, -0.18981397966444458, -0.06449414487017598], [0.15035094338938224, -0.16433273448415667, -0.02776185776301175], [0.11392029369697788, -0.2306040489329905, -0.050766046526964786], [0.09147581365193115, -0.2695495090869989, -0.06405354935957139], [0.07213571763658413, -0.30380297470429246, -0.07004223907888708], [0.18379949646721672, -0.1749432253738311, -0.036028881973182575], [0.17304807274473075, -0.21454035847867417, -0.06692232045171512], [0.18525937806168227, -0.16456628979455218, -0.06896675831961256], [0.1930872158945409, -0.13021987013889993, -0.061828132943533017], [0.21970838652173375, -0.1715563905712589, -0.0458093299670351], [0.21331647989326422, -0.17797960043757266, -0.06850551339899702], [0.21806918905889436, -0.13700379862448425, -0.06576882539251726], [0.22209558509223815, -0.11036140810771224, -0.05819129156506896]], "right_hand": [[-0.23777821469857888, 0.036950263937043794, 5.258969390808763e-08], [-0.18283535674161405, 0.002273999821315637, -0.023664931926643512], [-0.13328722663149853, -0.05242104571194268, -0.03466865389508159], [-0.09203999356540181, -0.09085525865497839, -0.04481974295197619], [-0.05467793114621263, -0.10367355423248352, -0.054794602581237695], [-0.1802959327683842, -0.15791804768010953, -0.013683973773280185], [-0.16179591423818676, -0.2324024930855484, -0.025368544821750844], [-0.15354951018266444, -0.27847469606257924, -0.036618509176109475], [-0.1483160378937567, -0.31556889638298163, -0.04482035243869434], [-0.21642730010270764, -0.16422300737131448, -0.013997424259611261], [-0.21120012746851868, -0.24949142796588233, -0.02140611076255671], [-0.2090516721593547, -0.30001871555433574, -0.03008675460118675], [-0.20860026191642322, -0.33779152326262135, -0.036807657284220495], [-0.2507541186655041, -0.15500464265662217, -0.01777189017698071], [-0.25035103828137517, -0.23287732712203182, -0.026069912881636702], [-0.24906152041436724, -0.2788154430210694, -0.03394470800920854], [-0.24803749496178593, -0.3148322463559554, -0.03982049397090705], [-0.2857091181230709, -0.13131441076682446, -0.024385276964985724], [-0.3029341782049836, -0.18353523277801387, -0.03269843200587997], [-0.313693286336012, -0.2175915172522512, -0.035638683700328466], [-0.32230466079015074, -0.24827575063375182, -0.03715973338182768]]}