{"label": "Z", "timestamp": 1746066792959, "left_hand": [[0.19807627009370468, 0.024844046344776254, -9.17627450834852e-08], [0.14895487963463602, -0.015931011352730673, -0.009650753691718588], [0.11725410104979617, -0.0835536763103495, -0.009106250172214916], [0.10331583392412232, -0.13702538786462604, -0.009343182287248663], [0.08722877716916773, -0.172697106877096, -0.009411192738866108], [0.16188631432226375, -0.1570945371366765, 0.009990718451995657], [0.1548304795526028, -0.22134887278672583, 0.004599092620576942], [0.15061159379752712, -0.2590221822325582, -0.0034344526584855622], [0.14672722880127595, -0.29179813124728315, -0.010387941262636745], [0.19440358517156114, -0.16087811407625216, 0.005448758486220515], [0.195934104637866, -0.23483359365735978, 0.0023189354519898755], [0.19529952559217514, -0.27797977004594043, -0.005076223781385869], [0.19297926210607122, -0.3126719918170999, -0.011372852088730186], [0.22384170542415405, -0.15147191356395937, -0.002568289738269701], [0.22610310600194997, -0.221606586673741, -0.009014732158891712], [0.2236141776439635, -0.26376643202182726, -0.015556891494708], [0.21916088838436498, -0.30081046595323724, -0.02088317763747637], [0.2519413653151137, -0.1310850555175798, -0.01225769282631389], [0.26308565670327894, -0.1844376158001958, -0.018700994627520885], [0.2685530733767395, -0.2184107374265555, -0.021167773405560447], [0.271874174004673, -0.25041035846895904, -0.023309075465374935]], "right_hand": [[-0.19807627009370468, -0.024844046344776254, 9.17627450834852e-08], [-0.22675907735459536, -0.08656822025341963, -0.005272613295327555], [-0.2380539219505484, -0.15572991548246193, -0.015690918333073657], [-0.2446752182793106, -0.21429502946161233, -0.025320426597341624], [-0.26438195084694155, -0.25351005238836366, -0.03600109397292815], [-0.19136339351897716, -0.19184054887319152, -0.031105523221591776], [-0.1636123097928322, -0.2784644876487916, -0.04560989776470699], [-0.144243153279213, -0.32495981258956363, -0.051496586884416974], [-0.12782746624877955, -0.3576946539963143, -0.053648861541655775], [-0.16212764595755433, -0.17159879376531192, -0.036449331456056], [-0.1279135385783781, -0.26215325712551585, -0.04698368530448341], [-0.10567444843969545, -0.3105906807141167, -0.049294557557353014], [-0.08900391939491001, -0.34262375802491757, -0.050263819821818274], [-0.13616319194780432, -0.14242157371101014, -0.04100417128596595], [-0.10324530534328105, -0.22621434914249963, -0.050200706751594514], [-0.0838353032538648, -0.2711371036931542, -0.052250049928947495], [-0.07122455402610026, -0.30334505079779595, -0.05321356320744286], [-0.11317173405909227, -0.10897012670578757, -0.045165690336465975], [-0.08519382479899189, -0.17209812228236915, -0.052305291552565254], [-0.06900629442597452, -0.20694712314584898, -0.05173244204720203], [-0.05686758044367994, -0.23713486505125322, -0.050238685695371946]]}