{"label": "Z", "timestamp": 1746080061355, "left_hand": [[0.08463115150686217, -0.025818193086911037, -1.9205354043953866e-07], [0.0484646215691665, -0.08433856126794909, -0.0003942183203314022], [0.041491904325755925, -0.16200657717660744, -0.005197457547885881], [0.03883224765207825, -0.21365680572722093, -0.013710671800788122], [0.022502323738895245, -0.25628048438315143, -0.02243032525012523], [0.08545109229397144, -0.211104647511458, -0.00265649875510862], [0.08553426657532787, -0.28636056925391035, -0.0251684428958653], [0.06499754033737719, -0.3242818004808284, -0.04350343858788411], [0.042258195901081166, -0.34813715654077926, -0.05541005800201107], [0.10193876329295935, -0.19885694453192002, -0.017406955217419463], [0.10107745540295324, -0.28753189037442684, -0.04303831372408656], [0.06880919481368045, -0.32563243238972367, -0.05922654830864572], [0.03820834052473163, -0.3446431366035955, -0.06737538749689348], [0.11440846439046118, -0.1755838684517682, -0.034406174051214544], [0.10923161550482313, -0.2562472586781651, -0.05594981568056111], [0.07607584252612697, -0.29716110374883725, -0.06679219736081694], [0.0460188416189768, -0.32096063022262517, -0.0718209008092915], [0.12063149290932232, -0.14391419064155025, -0.05201309973070315], [0.1132083383240204, -0.20021557781468316, -0.07040869832848302], [0.09106925695529147, -0.23678425680297763, -0.0793760580599785], [0.07008633410359941, -0.2634795404898492, -0.08421526897182739]], "right_hand": [[-0.08463115150686217, 0.025818193086911037, 1.9205354043953866e-07], [-0.04268068844473901, -0.037841697570671476, 0.004890741198646854], [-0.040549202460078974, -0.10766552660110096, 0.005385986546751904], [-0.04040145709160888, -0.15317226028909986, 0.0004898899299001658], [-0.03699275180329121, -0.1967971108502467, -0.005475200237415409], [-0.06729061406729872, -0.16756365134844634, 0.011899164260389096], [-0.05819767277294713, -0.23160156691441605, -0.004710442988040062], [-0.040260852949315855, -0.2744524845881938, -0.019956725523168708], [-0.023080943090149762, -0.31106573122893233, -0.03055529533995342], [-0.08253119093524151, -0.1652279302958091, -0.0036841977151262826], [-0.0766996096294309, -0.24015307524256402, -0.019239044794520065], [-0.05389897466930705, -0.2872321589093367, -0.03162752444597507], [-0.03148758654442007, -0.3249072278692099, -0.03984745334060946], [-0.09494660271104988, -0.1510105291112193, -0.021974649508779764], [-0.0925092442068561, -0.22982282149672076, -0.03801036540527078], [-0.07127377799245962, -0.27747596373164324, -0.04660416599516907], [-0.05017737565588659, -0.3148894277729067, -0.051466220829410714], [-0.10225425746456919, -0.1281866501600093, -0.040743674725402135], [-0.09864601791542169, -0.1940065517000908, -0.05379919140978088], [-0.08565266690513756, -0.23608357649336886, -0.05891798532714891], [-0.07036720232979607, -0.27098780968967046, -0.06223354462192733]]}