{"label": "Z", "timestamp": 1746080083825, "left_hand": [[0.23539380137107127, -0.13027350936559892, -2.7985498535795643e-07], [0.18867631395152976, -0.19454262817556753, 0.00029283487563588017], [0.12434886968184927, -0.22553410235539498, -0.01094591026118776], [0.06519774297217082, -0.20754049706601044, -0.02517853870763609], [0.022646595875737256, -0.18458987526556345, -0.04050657056229581], [0.10276264383826059, -0.29086404337613364, -0.020253578032238855], [0.019195434658161994, -0.27427404518727283, -0.03934157421258218], [-0.025310329892489727, -0.26108288947475267, -0.05328639724675139], [-0.06462311884602415, -0.25306240188069273, -0.06352903014780235], [0.11186798051699938, -0.2653700787212758, -0.03222463440581772], [0.024640245835153087, -0.2349340808568359, -0.05378728834534501], [-0.026517211380432504, -0.22134666036328715, -0.06785368881293063], [-0.07144809082465021, -0.21481371761977275, -0.07897264388230552], [0.12473432683558054, -0.2255771765559249, -0.042440214743912755], [0.0648099188587422, -0.15683416897085314, -0.05797628225914121], [0.09112644666804323, -0.14822725594687255, -0.055161124228732136], [0.1143821829713627, -0.16176780617245223, -0.05255817195062273], [0.13598256591351848, -0.17943611081211153, -0.05293882819553393], [0.08945376537551035, -0.13035894321278788, -0.061112386626624764], [0.11082080181920177, -0.12457659465103245, -0.053069602718812066], [0.13378129339499054, -0.13777866963989224, -0.04665288104590843]], "right_hand": [[-0.23539380137107127, 0.13027350936559892, 2.7985498535795643e-07], [-0.17123259136051214, 0.08708283655471373, -0.02014800828026614], [-0.1193911721116286, 0.022198888798456308, -0.02960752782036725], [-0.08523067384418735, -0.032310451306266974, -0.038666418497497815], [-0.05546396732888354, -0.07157424866002811, -0.04792629978062624], [-0.17127495100717116, -0.09613659137589722, -0.012970166712138118], [-0.15404672223274973, -0.18278718982814446, -0.028725598078892453], [-0.14619743728019474, -0.23505318805519082, -0.042988417124192636], [-0.1410377554274995, -0.28014350233185215, -0.053131969873856176], [-0.20755890241063812, -0.10278051326748511, -0.017117193146536456], [-0.19405780895661695, -0.20167557287254964, -0.029746491800900107], [-0.18452427587074394, -0.2621957178094388, -0.042639837649142115], [-0.17745818662030752, -0.311510653209303, -0.05255052957367541], [-0.2444135702237703, -0.09153432853192599, -0.024675640717506626], [-0.23990074942760758, -0.18765964335454813, -0.03868400322166438], [-0.23200287481183168, -0.24455858558239732, -0.050224031489273], [-0.2244960286369992, -0.29129489703047523, -0.05840351848451142], [-0.2837910597973335, -0.0656917285774965, -0.03440548352327793], [-0.2937645459344978, -0.1396611394829584, -0.04937540386589842], [-0.2986650122056214, -0.1889159630384335, -0.05617162621612516], [-0.3021961029725989, -0.2346507379172173, -0.060198913239466405]]}