{"label": "Z", "timestamp": 1746080026856, "left_hand": [[0.2512315334429809, -0.025336273212254904, -3.3245877748250644e-08], [0.19803655666320907, -0.021974455830451038, -0.019634000312141818], [0.14064923026900436, -0.0326106050026477, -0.03335040714965359], [0.09677483328009209, -0.03545303337900121, -0.04581178530617433], [0.06186105289735021, -0.029796954706510954, -0.0589863103804839], [0.13407260880254787, -0.13800103416894893, -0.02352129189956551], [0.08612603440230564, -0.18008454908898813, -0.042436621496715], [0.05649896128883243, -0.20604969055553995, -0.057310891464156286], [0.0313758553809303, -0.23079233680266448, -0.0684732140346841], [0.1603260054352268, -0.16920967625411434, -0.028974458917684073], [0.12040072794045387, -0.23684243403911137, -0.04498716285787557], [0.09688057691275666, -0.27954459862315073, -0.05804229151180786], [0.07670358495111838, -0.31585597382191344, -0.06754292701438071], [0.19417139958992186, -0.18234520959920167, -0.03722570375257759], [0.16138984567532727, -0.24905655492297316, -0.05506375526808308], [0.14098923063705968, -0.2928209390035843, -0.06609917065553966], [0.12123189265836234, -0.33237388032038806, -0.07366744503828374], [0.23276845799776788, -0.18294243382435915, -0.04695300122589605], [0.218347635504099, -0.23965264519654092, -0.06210681486299774], [0.20863297785378782, -0.2764317432594857, -0.06689673953426653], [0.19698093873174194, -0.31049328925844616, -0.07012267634809644]], "right_hand": [[-0.2512315334429809, 0.025336273212254904, 3.3245877748250644e-08], [-0.1976134635415609, 0.001618589125707283, -0.01736956465541634], [-0.15246452965381835, -0.053577254835727985, -0.021430369684943593], [-0.1542109203363124, -0.11663738123199942, -0.02474778215296521], [-0.18551117396117878, -0.14589868020227814, -0.02743632636668991], [-0.14239394091247476, -0.13517062301290572, 2.6469596668557986e-05], [-0.10205304152841764, -0.19232385079303957, -0.009127640948797007], [-0.07844394725829228, -0.22489352213900535, -0.020096495290185652], [-0.058691372684356105, -0.25378758434388077, -0.028240679638297544], [-0.17240113767892085, -0.1602740032861538, -0.0020270897390657536], [-0.13978456359644797, -0.2339937796357879, -0.006738729841954751], [-0.11948425677047432, -0.2791981943416406, -0.015100260591490729], [-0.1036976416112439, -0.3156646470248681, -0.021810038739121844], [-0.20486882077356902, -0.1660995880135471, -0.007551540751191333], [-0.17948163249631527, -0.23333103388870838, -0.013951558615531308], [-0.1589996442738084, -0.27368545264561456, -0.021375595471481594], [-0.14251917299781358, -0.30581090190856425, -0.02679884050045996], [-0.24166074642858848, -0.15850968559901926, -0.01557229473228498], [-0.2278794258479779, -0.21501514962713145, -0.022162639399854463], [-0.2166910478487099, -0.2539080727896234, -0.0241087867222596], [-0.20611376922041819, -0.2891278574566481, -0.025515703284216026]]}