{"label": "Z", "timestamp": 1746080016724, "left_hand": [[0.18350791149334297, 0.005270671334466125, -2.7394736936675486e-07], [0.13581222294008408, -0.041101354989031044, -0.008377617711616926], [0.10334682232002336, -0.10584348831449297, -0.013173933837372212], [0.08504209364556595, -0.15872090712723338, -0.020160314391701024], [0.06764992363132849, -0.20761072502469452, -0.026400611711799558], [0.14456026629441282, -0.17908600724351023, 0.010499647743015803], [0.12755766980404687, -0.2368198410591886, -0.005383480359028409], [0.10788708996640453, -0.26261831162191374, -0.023066029215684267], [0.08493825991856666, -0.2782874972105863, -0.034699241290080785], [0.1719303887073558, -0.18622983403499843, 0.004122781835264619], [0.160971636944909, -0.2566248281183562, -0.012180742511530639], [0.1399591835286625, -0.2806004214810002, -0.028790013794970537], [0.11414312387275012, -0.2841985940653941, -0.03829367515507968], [0.19899734816508072, -0.17992372929026365, -0.005681785182855039], [0.19413583066577003, -0.25073577985559803, -0.018893127048113367], [0.17409061143998122, -0.2761508372254382, -0.028192570584012484], [0.1486875636042866, -0.28150285811589537, -0.0324322550434128], [0.22742182056021076, -0.16180721220965197, -0.017115915634928907], [0.22690642694285587, -0.22082517427913106, -0.027175084063932826], [0.21212254521670504, -0.2542118451385847, -0.03259234586710683], [0.19044564721182577, -0.2730339171647833, -0.03488852108946794]], "right_hand": [[-0.18350791149334297, -0.005270671334466125, 2.7394736936675486e-07], [-0.1355582804071931, -0.047116658924231246, -0.015428570902016185], [-0.10380026001597455, -0.11605470361648139, -0.018066090945872224], [-0.08721554968179214, -0.17308331435625562, -0.020870374208958466], [-0.0743107140995327, -0.22012708640140666, -0.022821770536427456], [-0.14997662841961867, -0.1799255960572293, 0.0056345438473089995], [-0.12484849313239561, -0.237034892613629, -0.009034606899680685], [-0.10315854850061212, -0.265229669704566, -0.02295995277559432], [-0.08195220022220231, -0.28896100698068505, -0.0316958310318637], [-0.17466343925431194, -0.18977922177602397, 0.0043521410565855205], [-0.15212274669072598, -0.25415708664092623, -0.009031654426233311], [-0.12825382868924012, -0.282012609948643, -0.020088476272673034], [-0.10267320983140386, -0.30236317002444313, -0.026436767358099127], [-0.20064425146586862, -0.1887267800445129, -0.0015543600188895994], [-0.18630392394167872, -0.25680073979208395, -0.016010925709701355], [-0.16616230694397036, -0.29268300844046574, -0.024815005778513595], [-0.1418347657827399, -0.3196307437146525, -0.029046766849237574], [-0.22873409551148213, -0.1773167269971978, -0.00958749595754276], [-0.22356464443026344, -0.23629376538641927, -0.02166052092177327], [-0.21123341448190372, -0.2734592911306845, -0.027105303277664868], [-0.19288396636769192, -0.3035816295647641, -0.029746094052808602]]}