{"label": "Z", "timestamp": 1746066781479, "left_hand": [[0.1479891637749889, -0.02649612423231723, -8.009745276008352e-08], [0.10533994103228209, -0.08234920775654025, -0.008284040823290775], [0.0752162769053938, -0.14835751544570877, -0.0213393417199795], [0.05262805284496816, -0.1977143448356498, -0.03793265289191292], [0.03378650880931526, -0.24440829274352674, -0.05388741901804144], [0.1354650770939185, -0.2251125269614799, -0.013010995568288893], [0.12704937675587488, -0.30606112386687556, -0.03587745317678501], [0.11801559370021153, -0.3514907880566039, -0.05213918263619661], [0.10920480875889008, -0.3899325069678767, -0.0631278682061722], [0.16236256329829235, -0.21523374512989302, -0.025810477452667287], [0.14643925977740516, -0.3067114159801603, -0.05378968146846056], [0.11614290307080227, -0.3519365245320968, -0.07005013380801717], [0.08825311638519558, -0.3782440463017601, -0.07759060118102766], [0.18316039519860866, -0.1904875348521115, -0.04043241207588774], [0.1367429762084873, -0.2516894560822497, -0.0719442648987209], [0.08416209021375706, -0.2518698979654912, -0.08055297268061323], [0.04529608611133542, -0.24231981215082157, -0.07997590390952326], [0.19401002622708433, -0.15288704829549496, -0.05543786416810613], [0.14613595463489315, -0.18353636629626002, -0.07984588661445487], [0.10592603081522918, -0.1805526246852025, -0.08399954036251148], [0.07524714424290607, -0.17385536487340367, -0.08250563482365442]], "right_hand": [[-0.1479891637749889, 0.02649612423231723, 8.009745276008352e-08], [-0.14018793125599238, -0.05290514456130387, 0.015286656389314016], [-0.11345859195049328, -0.12354203765036813, 0.011829774341129235], [-0.0792075145593487, -0.1595477261995829, 0.0017461030483139045], [-0.04797115434727012, -0.18033681307580737, -0.006974293532338011], [-0.11201984067249267, -0.17105920835833593, -0.004964361560460243], [-0.07181872681521825, -0.2576934129815795, -0.02596095842880207], [-0.032497418661440826, -0.26139651940858766, -0.035954594462941664], [-0.011473146917003905, -0.24171172993104947, -0.03816554056784382], [-0.09760035660391317, -0.15500338741791841, -0.023925976170361723], [-0.037255988887256106, -0.2337078899231925, -0.04186902850735109], [-0.0007204471209125488, -0.22386231320783553, -0.04618926522361257], [0.013160460352545568, -0.19984765449987527, -0.044784766191892464], [-0.08267413735219023, -0.12346657934842716, -0.04183585586027004], [-0.013780015004913411, -0.15252858889212653, -0.051743194308275633], [-0.00892968696443153, -0.11392792267415479, -0.04188846399870371], [-0.021273353408359664, -0.09113613869650229, -0.03209756803578236], [-0.06691969505145261, -0.08159306621798552, -0.0594967621167518], [-0.013710963948346665, -0.08326630968902299, -0.05883006226024528], [-0.01823352675417849, -0.06014706352210976, -0.04553327477470367], [-0.03604136132075772, -0.04920227624138727, -0.03351574469645799]]}