{"label": "Z", "timestamp": 1746066753534, "left_hand": [[0.18095679825515074, -0.02062109441481131, -3.314174516051984e-07], [0.13272601453609562, -0.07704983938413777, -0.007964334924842364], [0.1002863062219617, -0.13761285357995884, -0.017446339082250666], [0.07517552758966302, -0.1857484962324437, -0.03116582635642558], [0.05952771407134702, -0.2325280450017837, -0.041396684432112814], [0.14600525338456596, -0.21974162891655183, 0.008807472209315294], [0.11300785872009053, -0.27071281723310936, -0.01663665652519097], [0.10116381454799034, -0.2269914109722469, -0.03452859941382739], [0.10677453824886071, -0.19168592634748793, -0.04374367498231507], [0.17303355888354108, -0.21819291125452264, 0.0008158899857917913], [0.12939019967531923, -0.27460489004032357, -0.025682054979554888], [0.1154857414132564, -0.2183531969056852, -0.03503844594162323], [0.12585857639744694, -0.1800380886722601, -0.03550627456360391], [0.20038917962458344, -0.20451905826530847, -0.011605940912714802], [0.15573586860706407, -0.2546108883556997, -0.03552012247112126], [0.13736603241033446, -0.20274376296110996, -0.030513329696975105], [0.14465173531173928, -0.1643421777503666, -0.020712896843097243], [0.22585026846015344, -0.18045192772456045, -0.025718441227356236], [0.18310226091852788, -0.2123145842780517, -0.03970152902643841], [0.1565420972366517, -0.18254453944350021, -0.035379825693439136], [0.1526744946274601, -0.15229192825406807, -0.028216602572663348]], "right_hand": [[-0.18095679825515074, 0.02062109441481131, 3.314174516051984e-07], [-0.1385552137848618, -0.04298624657959894, -0.010426462732738286], [-0.11126485471069891, -0.116905961265095, -0.022073726704758913], [-0.09031464198659764, -0.17098392807222862, -0.03735930372532477], [-0.07424446582547387, -0.22110886903343713, -0.05030608449226306], [-0.1658341690442524, -0.18048138562801735, -0.006281524382823515], [-0.14674095164435055, -0.2575874010935487, -0.03680861889575719], [-0.11519034280267704, -0.24419791756346063, -0.056729833449492395], [-0.10233220210831281, -0.21076396988297005, -0.06451814719334475], [-0.19125486449074197, -0.1734340388468731, -0.015447142929673715], [-0.17154267987138355, -0.2647815690628287, -0.045856799517970455], [-0.13511273696045567, -0.23609268548464346, -0.05951412048823346], [-0.12396556656170798, -0.1960082531436665, -0.062357727267779134], [-0.22007166046768187, -0.15601064902686937, -0.02796557522187166], [-0.19825234592577218, -0.23745566380627506, -0.05950893959702532], [-0.16809683107710638, -0.19172318193127166, -0.05826895621808639], [-0.16461204071410993, -0.14852422025230666, -0.04941104894784214], [-0.2511789606453694, -0.1273579438754257, -0.041281428628603366], [-0.21760416297338972, -0.1790627932199707, -0.06488020660413553], [-0.19010825423583677, -0.14697264578247005, -0.05988599724880508], [-0.18580583142848045, -0.11212221317510222, -0.050256564538896216]]}