{"label": "Z", "timestamp": 1746066475584, "left_hand": [[0.19361258196566603, 0.036234706170715794, -1.828177175547995e-07], [0.14599377519958068, -0.010805270677683823, -0.012798962265570129], [0.11809464841784964, -0.08123449956905096, -0.01696511430760772], [0.10807606619841187, -0.13803485322312709, -0.02138375920731331], [0.09979282803833008, -0.18500176027325277, -0.025339824971038316], [0.16087646367694045, -0.1501909604241278, 0.001193835564487386], [0.1515426668259956, -0.21407492606697182, -0.010910213267318284], [0.14285915723320877, -0.2538599036355301, -0.02380945665350849], [0.13318992672642452, -0.2891269017432167, -0.03415807822094273], [0.19362437836747795, -0.15349548052307163, -0.0041109521121100055], [0.1952992976923728, -0.2246675008306904, -0.014881470080858663], [0.18909927014579903, -0.27029144269755717, -0.027685067933517712], [0.1786540231054295, -0.3100598713570987, -0.037401149886886885], [0.2222212750463151, -0.1407169646106411, -0.01270934488431382], [0.2272423413412959, -0.20711445493452854, -0.025254717432695948], [0.22135296652013645, -0.2525732047429281, -0.03560479233380666], [0.2108228957127811, -0.29276290921969594, -0.04316259421555438], [0.2480982524454999, -0.11535851969398096, -0.02292275603052999], [0.25986766680580936, -0.16735773781059882, -0.03450318131945444], [0.26063880353288965, -0.20374594572071994, -0.03993030320908988], [0.2566603609390639, -0.23743528116881008, -0.043773134919315934]], "right_hand": [[-0.19361258196566603, -0.036234706170715794, 1.828177175547995e-07], [-0.20163736011338626, -0.09633363928972974, 0.006608880844671738], [-0.18793095960231682, -0.15951885907416669, 0.0011856884092791419], [-0.16353190586107746, -0.20059252989102902, -0.006056347309867608], [-0.14055690695727913, -0.22916572768349214, -0.01366523665501546], [-0.19178498834681668, -0.18270731768773102, -0.025261809064540622], [-0.15659253458763053, -0.26561722456232734, -0.04179297839339972], [-0.12920255196503969, -0.30704160495104454, -0.047247159340518784], [-0.10868510848332816, -0.33526920636020796, -0.04868034259860652], [-0.177404410742265, -0.16662220245445453, -0.03702550291255052], [-0.13330411419864005, -0.2540203856198925, -0.05549649875780377], [-0.09531908508425312, -0.2883951853660763, -0.05887903741531405], [-0.06753654324489004, -0.3053145141296469, -0.0577609888788327], [-0.15772209310249855, -0.14158663099602112, -0.047039459924083614], [-0.11571572153014241, -0.2219399223764804, -0.06175541814309965], [-0.0822944359750235, -0.2559566928410519, -0.06190282012437381], [-0.05785046679738872, -0.2751992974816234, -0.058946458307144775], [-0.13319798901543267, -0.10948174750353427, -0.05595338655424109], [-0.09588611860012689, -0.1710090636361936, -0.06494509305677727], [-0.07028317416101934, -0.20026265497129522, -0.06313221841950534], [-0.05018934031703645, -0.22079658371237343, -0.059533939273101744]]}