{"label": "Z", "timestamp": 1746066750772, "left_hand": [[0.19197289962704875, -0.02343739801283349, -1.5452513909347386e-07], [0.21236929387737788, -0.08178321528113967, 0.019112502319196936], [0.2194794978659714, -0.1379238031006559, 0.020345326897764176], [0.2211748285096259, -0.18309369821033966, 0.018092717141439174], [0.23250757810402378, -0.21614754014287738, 0.014145711942725049], [0.20976047742460988, -0.1911407058771155, -0.008577779394256647], [0.19887056842230968, -0.2793796776557321, -0.018198140936986882], [0.18674801718496817, -0.32708000360429507, -0.019425304577909332], [0.17543679517774852, -0.36034937558443914, -0.01900444743180461], [0.1923155728422555, -0.18382305021166886, -0.02451124816021066], [0.17653213826335332, -0.2862956913148102, -0.036682620495219885], [0.1567450145142103, -0.3394606427630743, -0.03760208772453882], [0.13768814895846457, -0.37317776203383096, -0.03639265837289987], [0.16758833198286396, -0.16475310012654992, -0.037728136830983874], [0.13592116283469524, -0.25725868938862323, -0.04775446965743224], [0.11124838190837062, -0.30229378290261905, -0.04926101397061147], [0.09315486482772821, -0.3324996731365213, -0.04921801957743029], [0.1381025218582773, -0.13538418877874528, -0.04814498870872123], [0.09523159182081563, -0.1923142025030306, -0.05731506120259908], [0.0714610245583674, -0.2194808682051963, -0.058269596407284206], [0.05326720748736069, -0.24125608894271958, -0.05719930069146354]], "right_hand": [[-0.19197289962704875, 0.02343739801283349, 1.5452513909347386e-07], [-0.22562478412002662, -0.03655539018583563, -0.00452973447064703], [-0.2406495370177377, -0.10750541082678945, -0.011696326122537657], [-0.24544404453421806, -0.16996724087728696, -0.0179379892183698], [-0.25822828174809803, -0.2182013913118072, -0.02428458134362133], [-0.20022585601797943, -0.1615761012470972, -0.02750329544879327], [-0.18866975218104595, -0.26526195671143016, -0.04317031473753513], [-0.17802266949962223, -0.3207631928735492, -0.049448932787948395], [-0.16850743176235042, -0.3618208546850329, -0.05195840517247266], [-0.1689999913558418, -0.14924357867690838, -0.034067819859465755], [-0.14572154164197368, -0.2567070615438651, -0.048173296159725876], [-0.12656716097880458, -0.314209512377106, -0.05265679192776827], [-0.11218611388086656, -0.35349060674136884, -0.05427322308032471], [-0.13871570445692805, -0.12298290612261038, -0.04032440473383353], [-0.10483110542041868, -0.20968798205916367, -0.05498157794836918], [-0.08165400555357913, -0.2602411664048771, -0.06061271071501812], [-0.06553669445320419, -0.29945066054463904, -0.06292660032855654], [-0.11043568233902383, -0.086606544125834, -0.045947428739141594], [-0.07170898965133726, -0.14113236398677242, -0.05719399615252845], [-0.04931466291335237, -0.17324763406148277, -0.058839221005491917], [-0.03242341958234792, -0.2018679644543185, -0.05828146531315147]]}