{"label": "Z", "timestamp": 1746066773693, "left_hand": [[0.0, 0.0, 0.0], [0.03960159928644568, -0.06330890465303284, 0.009288349526431343], [0.04492871632444041, -0.13304802078384442, 0.007357226144859283], [0.04608720318146339, -0.18376716093137518, 0.000696040590802751], [0.04933412029342876, -0.2265468608900708, -0.0063134038443311], [0.009586050471569314, -0.2041625442472031, -0.005231569778677832], [0.020621099562709473, -0.30274324596674157, -0.019174169075812677], [0.035404340963936805, -0.3624428477278834, -0.028386810257579557], [0.047256789464246926, -0.40790406423876446, -0.03457743905964333], [0.003341597307934143, -0.19826334605165935, -0.02124994362937785], [0.03239993583368311, -0.29309882926952197, -0.03404770064069736], [0.06430450220144154, -0.34089184665188005, -0.04030506212235736], [0.089523444645052, -0.3703471257736016, -0.044454899195419915], [0.006122547961083908, -0.17868249304815384, -0.03737435822626937], [0.038984010483278396, -0.2634559279678215, -0.04858719446376043], [0.06841321642561907, -0.31446331810812256, -0.05521203856071299], [0.09130592865294554, -0.34811730057193313, -0.06068307640754348], [0.018857254213168573, -0.1486591327506196, -0.05308179697835374], [0.058384864308648164, -0.19624991021869534, -0.06115100097260174], [0.08633721835545283, -0.22748675188654918, -0.0636983558336956], [0.10885190089522512, -0.2481277675886894, -0.06594896859419676]], "right_hand": [[0.0, 0.0, 0.0], [0.03960159928644568, -0.06330890465303284, 0.009288349526431343], [0.04492871632444041, -0.13304802078384442, 0.007357226144859283], [0.04608720318146339, -0.18376716093137518, 0.000696040590802751], [0.04933412029342876, -0.2265468608900708, -0.0063134038443311], [0.009586050471569314, -0.2041625442472031, -0.005231569778677832], [0.020621099562709473, -0.30274324596674157, -0.019174169075812677], [0.035404340963936805, -0.3624428477278834, -0.028386810257579557], [0.047256789464246926, -0.40790406423876446, -0.03457743905964333], [0.003341597307934143, -0.19826334605165935, -0.02124994362937785], [0.03239993583368311, -0.29309882926952197, -0.03404770064069736], [0.06430450220144154, -0.34089184665188005, -0.04030506212235736], [0.089523444645052, -0.3703471257736016, -0.044454899195419915], [0.006122547961083908, -0.17868249304815384, -0.03737435822626937], [0.038984010483278396, -0.2634559279678215, -0.04858719446376043], [0.06841321642561907, -0.31446331810812256, -0.05521203856071299], [0.09130592865294554, -0.34811730057193313, -0.06068307640754348], [0.018857254213168573, -0.1486591327506196, -0.05308179697835374], [0.058384864308648164, -0.19624991021869534, -0.06115100097260174], [0.08633721835545283, -0.22748675188654918, -0.0636983558336956], [0.10885190089522512, -0.2481277675886894, -0.06594896859419676]]}