{"label": "Z", "timestamp": 1746079999262, "left_hand": [[0.19751540398803727, -0.013256559403900352, -6.006415357641318e-09], [0.1481122452075234, -0.05502260708615937, -0.0216854739095794], [0.11137294822041276, -0.11106176941987699, -0.03502612938055804], [0.08636707520521733, -0.1582006847208182, -0.04682756894379478], [0.06177525686372352, -0.19508746809519437, -0.05881936025995031], [0.15609045121939427, -0.20569612254984287, -0.023137773891674183], [0.14214537425576546, -0.27826527070403245, -0.04228117349728262], [0.13225088978750546, -0.32160250440917, -0.05778118023768609], [0.12322304352673796, -0.36130016699865, -0.0694086649103856], [0.1932777918433301, -0.2099689289400539, -0.028404626880991917], [0.19386629105353592, -0.2971718724979974, -0.04386566784644328], [0.19241601494143803, -0.3501069706776109, -0.057678595641095474], [0.18914122253816879, -0.3969037866629525, -0.06809467610343656], [0.2267993062837582, -0.19434927281335918, -0.03661165073074689], [0.23081132974295843, -0.2781911659256856, -0.05495928273282263], [0.23063483622640776, -0.3272872991078657, -0.06641757589139193], [0.22834479970389734, -0.3712237992124728, -0.07440493200533302], [0.25797088166737653, -0.16269534342115732, -0.04652252201736862], [0.2728968576081473, -0.2194727813888688, -0.06399899600302586], [0.28191582495538015, -0.2579844461161645, -0.07003105264351665], [0.2877377406128711, -0.2939651785492134, -0.07366137321690562]], "right_hand": [[-0.19751540398803727, 0.013256559403900352, 6.006415357641318e-09], [-0.14753452323060112, -0.04234090711352814, -0.010295729930885407], [-0.10839763835658077, -0.10967107443344368, -0.019764738419388257], [-0.07330989963907292, -0.15291053964950177, -0.032131711541476794], [-0.036211046829888474, -0.17691928255150094, -0.04579684660625846], [-0.14989474736372252, -0.177341251912833, -0.009313532764179698], [-0.12254028119037529, -0.24116931057256064, -0.030298974220070055], [-0.0992846991597663, -0.2717041754507624, -0.047079417719161826], [-0.07558201763019666, -0.29675167088415644, -0.05858060386443893], [-0.1770992764089643, -0.17641812613778526, -0.018869378081673466], [-0.15163845951531665, -0.24055758958849496, -0.04084352774012794], [-0.12087594692754167, -0.26407471789562226, -0.055734726262218044], [-0.08978092706311006, -0.2810741812912485, -0.06543751056789632], [-0.2079913869846777, -0.16415449844678986, -0.03130751433979951], [-0.19017607798986744, -0.2245972001328983, -0.05401117748044381], [-0.16104601994596796, -0.24254120315386174, -0.06375263126248903], [-0.13115917513951764, -0.25334193944384575, -0.06852792489904395], [-0.2416339720402038, -0.14137269283182483, -0.045240382797318186], [-0.24012377832777676, -0.19432701526540352, -0.06290254559968556], [-0.22003394579909213, -0.21434731806677643, -0.06820807308738017], [-0.19452520888680896, -0.225195542482543, -0.07087391163404842]]}