{"label": "Z", "timestamp": 1746066754468, "left_hand": [[0.15913139318175823, -0.017230675386313475, -4.795930724578504e-07], [0.11467982702834333, -0.07124623459057343, -0.014259831454684405], [0.08913687873703356, -0.14273900228124886, -0.024468289564684765], [0.08025972498452723, -0.20150139194350433, -0.03743093968647665], [0.07201630170193296, -0.2516047970018846, -0.04651728848190758], [0.12875000388358235, -0.208719483452328, -0.005021339137567818], [0.12917356641177322, -0.28370781928987804, -0.0346491195290268], [0.11238350244684829, -0.23401371847816518, -0.05205188354365809], [0.10990836070166057, -0.1889607755089372, -0.059150970725730154], [0.15892392864509652, -0.20196949525021557, -0.012174766260199216], [0.15972753760068198, -0.2907700507763609, -0.04134897755365009], [0.13714957061001556, -0.23346069773027095, -0.048241842893321646], [0.13457889401829026, -0.18698966619576743, -0.04529230533912195], [0.1887579220220342, -0.1823044690127974, -0.024000668619561773], [0.1927155762191973, -0.2717273527439668, -0.04872021477892817], [0.16866639003317493, -0.22042326521106242, -0.041661809482670606], [0.16377531983426372, -0.17407347267281528, -0.029862779024103458], [0.220854621830453, -0.15199127528741238, -0.03782159806881244], [0.22117711189206507, -0.20696309862650386, -0.05257088826135828], [0.19478010561849524, -0.1851665901112581, -0.04712211540941955], [0.18209585988931615, -0.15625480668606392, -0.0387727660670903]], "right_hand": [[-0.15913139318175823, 0.017230675386313475, 4.795930724578504e-07], [-0.11282132325656255, -0.03413995079370017, -0.01864410313676383], [-0.08031621306927823, -0.10746048192443161, -0.029756008150287387], [-0.05527459380492689, -0.1612064418789691, -0.041366754077040234], [-0.02976585230828108, -0.200438059887325, -0.053914736745353124], [-0.13525256511779082, -0.19429856159227454, -0.01934659193465304], [-0.13062821635031294, -0.2686981001681996, -0.036125374906388695], [-0.1232008725692237, -0.31259006147430124, -0.04971245709278724], [-0.11412800537140291, -0.35073220724368487, -0.05992063450649614], [-0.16537187673677264, -0.18892458476378604, -0.02523101224395225], [-0.16783446072942598, -0.27452899605504844, -0.041291712784985835], [-0.14875012153845435, -0.3155802890899356, -0.05333096476490726], [-0.1282975541642317, -0.3424031252636816, -0.0624551258034837], [-0.1941429740906051, -0.16450433443169574, -0.03380941521052513], [-0.20805633165074033, -0.24975649640403802, -0.057899217877400856], [-0.18476161349285122, -0.2597219669078702, -0.06766557387794053], [-0.16156740095854455, -0.251908385029734, -0.07170804195843153], [-0.22259321650685343, -0.12763002023024922, -0.04391376769887491], [-0.23517387167845075, -0.19721431475885084, -0.06877262915062629], [-0.21234147938904088, -0.1996177508650011, -0.07490772351162822], [-0.18822818544029746, -0.1798600894009882, -0.07629217212523617]]}