{"label": "Z", "timestamp": 1746080011360, "left_hand": [[0.1714761201668472, -0.00440292658560944, 2.921313831660135e-08], [0.1215886710744462, -0.03653715136117094, -0.01785061506127609], [0.08255825965218193, -0.08796454502595837, -0.026567743321344532], [0.055413705819849966, -0.1338085685288137, -0.03486714523764744], [0.02994239165987718, -0.1669424873418475, -0.04249413744768639], [0.11400326153693585, -0.17490050068000237, -0.007371184200882644], [0.1035346586219518, -0.24486999587407982, -0.020795592869367413], [0.09815094292512737, -0.2877175885651519, -0.0333969173839157], [0.09417510628941625, -0.3271110552633149, -0.043347640113082044], [0.14171454048587154, -0.18214416140830034, -0.01119869989854168], [0.12847221601233055, -0.260319316789574, -0.022630242475501983], [0.11981237649919657, -0.308168376790463, -0.03440066762317263], [0.11207161611441328, -0.35127637331333544, -0.0434283414776591], [0.1717346411909512, -0.17577581413557444, -0.018526564638132424], [0.1602020982289375, -0.2526098917043087, -0.03252127731884527], [0.15071870325955783, -0.2980342796387574, -0.041839828151636026], [0.14162116859399093, -0.33889111058810595, -0.0484996744016373], [0.20537422835672112, -0.15782112939522464, -0.027921028163884754], [0.2132149696726457, -0.21493275791996333, -0.04046934107500268], [0.21924875354512283, -0.2521338871789519, -0.04578546781799255], [0.2237885871475103, -0.28718634860992753, -0.04946306195090355]], "right_hand": [[-0.1714761201668472, 0.00440292658560944, -2.921313831660135e-08], [-0.12388328531741205, -0.027069472072358835, -0.01592325518764911], [-0.090221200520903, -0.09339533091519174, -0.019154849641323628], [-0.0721286097229567, -0.14838741749424073, -0.02091919775370905], [-0.050217915464677826, -0.18252041555039697, -0.022850699083805888], [-0.1130330488097703, -0.1666298259903115, -0.013242392792091199], [-0.09663974959475727, -0.23526241244603427, -0.022761918937225584], [-0.08999537887128066, -0.27962126571060847, -0.030652153599852003], [-0.08707310762794579, -0.31916737431844044, -0.03739994666190471], [-0.14052142638224532, -0.1744315278650218, -0.015973197622411173], [-0.1213164420575733, -0.24520471297291602, -0.02496882171910205], [-0.1109599046251694, -0.29367965283425657, -0.03452061976452171], [-0.10394448629924626, -0.3383015228066179, -0.04256343149522556], [-0.17138675404440223, -0.16798283465570238, -0.021178948366512705], [-0.15656980675467966, -0.23579872445464478, -0.03459628029573824], [-0.1413314371504713, -0.2813642845416735, -0.047984664056632265], [-0.12831695162051304, -0.3219863024740334, -0.05795910199753526], [-0.20622905186935273, -0.15081550935425195, -0.02745097945879198], [-0.22287086248796156, -0.20422838137181903, -0.04416485069951423], [-0.23311772637205264, -0.24226858964438652, -0.055054573334890056], [-0.24113184930079132, -0.2791344254348359, -0.06271397433301874]]}