{"label": "Z", "timestamp": 1746066793842, "left_hand": [[0.16068497938906304, -0.0005991788835724833, -1.2024304968170886e-07], [0.1142086110374125, -0.04162096952566902, -0.0104042465647431], [0.08110273463070339, -0.10637666674921778, -0.012694224700535248], [0.06440206041961391, -0.157911357204735, -0.015426073187318966], [0.04493962496348975, -0.19133220198445994, -0.018194273438544174], [0.12261496086372943, -0.18041137233512783, 0.0022109101555379943], [0.11185890688139874, -0.24602714979953003, -0.00637622748299142], [0.10416818343710173, -0.28442117734754796, -0.01607195022013698], [0.09696243188676067, -0.31932240885690233, -0.02422018458502187], [0.15339007917155614, -0.18538589154728485, -0.00334233224196741], [0.15119776093411907, -0.2606486711227285, -0.009333783281678814], [0.1479761450783379, -0.30492747372941703, -0.0180803870480531], [0.14330837904015006, -0.34220081448309403, -0.02533503180755241], [0.1820891498581171, -0.17541947935273833, -0.011862563545378848], [0.18255415370845743, -0.24611885343290654, -0.020051054596620467], [0.17945533345947784, -0.2893883854256252, -0.02696230207061382], [0.1744587629235642, -0.3285524797895364, -0.03280617064623278], [0.20954745033843614, -0.15340797376182388, -0.021968826974532313], [0.2189978379727741, -0.20596590853112462, -0.02969175527657504], [0.22407640327046374, -0.23996920699253532, -0.03236697932471498], [0.22744141169142174, -0.2726667604916083, -0.034769205233245795]], "right_hand": [[-0.16068497938906304, 0.0005991788835724833, 1.2024304968170886e-07], [-0.11401529836319664, -0.03314602868338897, -0.022064210741931472], [-0.07528442800068244, -0.08288402759239691, -0.03500876033917634], [-0.04669258728062428, -0.12228931076659444, -0.046626594597569876], [-0.02015971521539291, -0.14930363673384553, -0.058450806251629565], [-0.11957516033421611, -0.1768015981511885, -0.023177480764166588], [-0.10999873425134762, -0.2488326992346982, -0.03966201466062726], [-0.10562170371434679, -0.2921966667092802, -0.0530488706728083], [-0.10310639844070972, -0.330388360587, -0.06253544547280303], [-0.1524099548259741, -0.1798028579980933, -0.02548630546080978], [-0.1491542006909012, -0.2628574983726037, -0.03894425832119903], [-0.1475928804931525, -0.3125673140389494, -0.050643684442850716], [-0.14756210297710715, -0.35324459696791766, -0.05937679970732151], [-0.18330258192590498, -0.16712609834010508, -0.030391246064295323], [-0.1851593544855373, -0.2437421452494047, -0.04386143819551295], [-0.18378977467510557, -0.29000637279122543, -0.05366805199377232], [-0.18283380458700738, -0.3287667824938521, -0.06048515387629938], [-0.2135608502229012, -0.14149267264895757, -0.03739684549241045], [-0.22641574998653122, -0.19699530424397635, -0.04991529305657061], [-0.23443815717893762, -0.2334960232155495, -0.05494294573911627], [-0.24107725653092654, -0.26806047087116625, -0.057922797917213664]]}