{"label": "Z", "timestamp": 1746066766743, "left_hand": [[0.1645326452591397, 0.009498584757372001, -1.1379720784045777e-07], [0.11412503145798442, -0.0325999849152336, -0.013725099736030621], [0.07104566640364093, -0.09548568898970239, -0.020500215829008007], [0.03991566592808207, -0.14067323764247122, -0.027507904138207726], [0.008643968605213772, -0.16236758421434241, -0.03497272072435655], [0.11452961621067508, -0.18052047241276276, -0.006378905862972899], [0.0935720031094756, -0.24800828195715388, -0.01943192643383778], [0.07894021089239606, -0.2896253650461017, -0.032145303226144846], [0.06531592689338393, -0.3278688463420314, -0.04246492872252773], [0.1465749410365997, -0.19062407013651278, -0.012698910201107149], [0.13943384602652623, -0.27270347973166553, -0.022332205036815694], [0.1325534060237052, -0.32234373453276816, -0.03301374183713234], [0.12424632848433316, -0.36579251107294813, -0.04181919353259251], [0.178667341090964, -0.1826365018825947, -0.022079137274007687], [0.17730322470201865, -0.2613150437451936, -0.03363302537836317], [0.17219951607997563, -0.3100028957958105, -0.04208556906096844], [0.16481050792169646, -0.35438948955007543, -0.04902777225514959], [0.20931413421733464, -0.16088448918015014, -0.03323482179784786], [0.22312163877472982, -0.2169891274611803, -0.04268417524854119], [0.2309533343510163, -0.2553347279972195, -0.04573729982549445], [0.23627766969642533, -0.2917339993212136, -0.04874599177821551]], "right_hand": [[-0.1645326452591397, -0.009498584757372001, 1.1379720784045777e-07], [-0.11739071666987978, -0.0519267629702709, -0.0178904866933793], [-0.08144755063796962, -0.11357585118747772, -0.026460006582772005], [-0.052874874049582556, -0.16025153425920655, -0.03484058539265818], [-0.023095654030108194, -0.1861111167093099, -0.042942113392359434], [-0.13242076368073447, -0.19371333591093107, -0.008395637943312207], [-0.11600435324086243, -0.2610477719847705, -0.02138447293562681], [-0.10526163451968477, -0.3027228489691547, -0.03399295472914134], [-0.09612182937540767, -0.33898758305956417, -0.04318096435423745], [-0.16246745007101923, -0.19873037121203058, -0.011080617282278384], [-0.15663365545943098, -0.27702227344818475, -0.021003054501022186], [-0.150205264658515, -0.326040635392468, -0.03126891887789406], [-0.14485173775500046, -0.36796424008417583, -0.039002364375851535], [-0.19087981891347308, -0.1891230094907706, -0.0170241196587521], [-0.19455723824913196, -0.2624370852975544, -0.02816986112819545], [-0.19148096015740765, -0.30830529914412835, -0.03725637887561502], [-0.18748466658071672, -0.3481451387196998, -0.04340950864757381], [-0.21836566818696143, -0.16656283106283748, -0.025108859951879683], [-0.23352509013480943, -0.22083313328842805, -0.03608587421547309], [-0.24242580105422432, -0.2585043781042737, -0.04083691296631944], [-0.2494702361576866, -0.2941935468527098, -0.04363299819216455]]}