{"label": "Z", "timestamp": 1746066751571, "left_hand": [[0.17612961257871268, -0.021178429993840477, -3.0394087304111424e-07], [0.1311600808753094, -0.06413437425384515, -0.0038451444122894786], [0.09443909062556366, -0.12937205020358847, -0.008582501793834268], [0.06871834381462746, -0.17523619123228734, -0.01737400011089975], [0.042278539112680744, -0.20857528732424457, -0.02516504569657575], [0.14155653711513375, -0.2094846422841766, 0.0072268385598152915], [0.12391389965519632, -0.28624963238054946, -0.00928628742039986], [0.0996939253262813, -0.3237600529603598, -0.021780066774066267], [0.07998954441348462, -0.34643048643755064, -0.029267204095052245], [0.16394276195663185, -0.21371463088324963, -0.0016720669783130734], [0.1404359668604005, -0.2911450361134006, -0.028794367072098488], [0.10706208870667618, -0.2794651707831898, -0.04155337954844689], [0.08738719906315244, -0.24743873010679504, -0.04366114493532212], [0.18877837877882447, -0.2109370383070499, -0.013351082658687634], [0.17285186865094793, -0.28605443642968886, -0.03709026234329919], [0.1336752158516257, -0.2772951865338877, -0.04244236434491622], [0.10753772115413639, -0.25115818172459226, -0.03891724525003781], [0.2199890086459129, -0.2015250858761023, -0.025921509612991948], [0.22245833907609927, -0.270976486136881, -0.041013146157216955], [0.19652610753185523, -0.30287535992758347, -0.046197106283481705], [0.16902069803053119, -0.3131887801185413, -0.046182651519960365]], "right_hand": [[-0.17612961257871268, 0.021178429993840477, 3.0394087304111424e-07], [-0.13142381218449697, -0.03062126987541365, -0.007038979677842335], [-0.1062506134078859, -0.10902287844997692, -0.015220303113144321], [-0.08667076207397931, -0.16674836389031794, -0.027345237991118286], [-0.06386649114221425, -0.21141948020040535, -0.040537896434908224], [-0.1464005515764445, -0.18365886344446763, -0.01302529629343804], [-0.12609936437142574, -0.26680048321677613, -0.03786166172602699], [-0.09052010754638984, -0.2965488703082938, -0.05628186503633297], [-0.061148077059838, -0.317645366501704, -0.06749922692268022], [-0.1701720332638415, -0.17943073642053148, -0.024661948892244857], [-0.15154168322735728, -0.27199643335658663, -0.05452251731836505], [-0.09924371807608465, -0.2739782515506107, -0.07113217040903662], [-0.06306643023834192, -0.25890314260932745, -0.07851978235072943], [-0.19399202612963976, -0.16221513449921912, -0.03802411171292637], [-0.18540326957252154, -0.2504171033592658, -0.06587303081581507], [-0.13666115787669228, -0.2399853016862514, -0.0720239506300124], [-0.1038892053468163, -0.21240501277448928, -0.0708885061449918], [-0.21948613841487166, -0.13520157274457345, -0.052424081239782455], [-0.2194623543430577, -0.2101378102131072, -0.07440372337475094], [-0.18460009787861792, -0.21789323021078222, -0.07803023095495995], [-0.15514307179042394, -0.20328846292446506, -0.07700878345266052]]}