{"label": "Z", "timestamp": 1746080057777, "left_hand": [[0.10166400267661238, 0.00561643429974417, -7.621784648265859e-08], [0.08093332184933551, -0.0654707990486037, 0.01643583768518072], [0.07538134225336585, -0.1331538602290023, 0.015924242278521503], [0.07419702221036623, -0.18626023915895587, 0.011264442031685298], [0.06592324697388448, -0.22703219651463288, 0.00475891903354212], [0.0999936821195447, -0.17061521517361142, -0.008914127031623947], [0.07926769985945885, -0.2574713219194163, -0.02517087710713154], [0.06065394442456209, -0.3087655799439982, -0.035160633335691346], [0.04293701294274483, -0.3527590275688891, -0.042701171058860274], [0.10395365061163064, -0.16215088693438195, -0.0281752192785356], [0.0753728687689444, -0.26633920487405394, -0.04465501199514798], [0.052852475587514686, -0.3193809283067633, -0.05277303173718145], [0.033464460533444866, -0.3642126284296215, -0.05965123714102627], [0.09576336529985122, -0.14520680951744983, -0.04610243172149886], [0.06802121746272467, -0.2467122455910381, -0.059535966629906775], [0.046997137217518414, -0.2983901596981807, -0.06655053589886334], [0.03107867268513302, -0.34056859499173625, -0.07338971709187145], [0.07748834844834267, -0.1230569606050092, -0.06240366884517824], [0.05961162552333611, -0.18525442451052182, -0.07667493920836893], [0.04620336047309027, -0.226191654971111, -0.08481570383068297], [0.034437023783296175, -0.26504238024998, -0.09187466853579077]], "right_hand": [[-0.10166400267661238, -0.00561643429974417, 7.621784648265859e-08], [-0.06551551575430646, -0.058751366061089445, 0.0038241143681887867], [-0.05719009643741721, -0.12794832968565745, 0.005480389108310989], [-0.05231475067565124, -0.17488460640250902, 0.0031564478448461073], [-0.046280224213292406, -0.20789842615190043, 6.8226148594848115e-06], [-0.07453853174363634, -0.18945928071825702, 0.009763515238015831], [-0.06693452320469444, -0.25392125321638115, -0.0008326817416618403], [-0.056482018345858115, -0.29002315605371604, -0.010572288289141965], [-0.0457033847335309, -0.32087589592673976, -0.017991023438630134], [-0.0881898773683041, -0.18873429581654896, -0.0032106280559371565], [-0.08685429960457754, -0.2664126551252712, -0.013228587609755467], [-0.07968755900460689, -0.31430776081864636, -0.02296477682493814], [-0.07269669340474873, -0.35346565994746637, -0.030224211220278602], [-0.10115703932430736, -0.17392907043888847, -0.01827095714449758], [-0.10446804332231466, -0.2514796849421859, -0.029703987969218103], [-0.1005707223927759, -0.3000746763535564, -0.039492019548359604], [-0.09570015551558884, -0.3408342246728058, -0.04671867189985275], [-0.11299325214155795, -0.14756777929290643, -0.03355013417308479], [-0.11513194354605383, -0.20343888350719452, -0.0448558606830547], [-0.11130128604845632, -0.24219218379456384, -0.05164399515622769], [-0.10654123589699356, -0.2777609398111445, -0.05699404177955422]]}