{"label": "Z", "timestamp": 1746080011194, "left_hand": [[0.1726115705094304, -0.005839711753931925, 1.633661279258534e-08], [0.12236083980988172, -0.037769802258561254, -0.016453242410302344], [0.0833409467618137, -0.08973445860023238, -0.024305316892459364], [0.05682903806608133, -0.13619101597489408, -0.032043636843294934], [0.032065245069598, -0.16939848393441972, -0.039318922369595756], [0.1157478904928915, -0.17581486926718717, -0.006681339974189263], [0.10511382125134719, -0.2468687690565055, -0.01993650591241417], [0.09936189218064524, -0.2904308246544945, -0.03238246069400959], [0.09482784448117838, -0.32982980813349266, -0.04217300853740129], [0.14352602353152163, -0.18308685212627118, -0.011198232552894554], [0.1299606857027163, -0.26284106383161926, -0.022544415977106814], [0.12104504180710073, -0.31122332136985176, -0.03425247221560143], [0.11312863982854171, -0.3539988518179014, -0.04314799724323685], [0.1735381249034619, -0.17713401320356773, -0.019033131482942594], [0.16191873590535577, -0.2550055411445532, -0.032745362286726296], [0.15254400684447564, -0.30085386932522484, -0.0418248872217706], [0.14343333732491298, -0.34150850092022556, -0.048326084279485655], [0.20717321856061482, -0.15956463124926815, -0.028835723004711176], [0.21502220190009294, -0.21691497153901285, -0.04102568021430878], [0.22104984359120047, -0.25437737095548985, -0.0459577786351033], [0.22550493494951895, -0.2892491908972547, -0.04936229972429258]], "right_hand": [[-0.1726115705094304, 0.005839711753931925, -1.633661279258534e-08], [-0.12457238654217406, -0.026676763228773045, -0.015190198146536922], [-0.08966297292117269, -0.09542792998045914, -0.017919576177120703], [-0.07051111821030602, -0.15048599808244614, -0.019594154649661175], [-0.04860317568856937, -0.18450822010296952, -0.021354648139909466], [-0.11405000225664284, -0.16897889616923278, -0.010064845018878254], [-0.09708738805407141, -0.23852481829833302, -0.019710850093165862], [-0.0894241040293692, -0.2823682399907407, -0.027929996566599388], [-0.08511469538915596, -0.32136703827352864, -0.03465359725379249], [-0.14089381218184938, -0.17629229937873903, -0.012940796934867585], [-0.1215806219370726, -0.24827367657825425, -0.02209084006457946], [-0.11012095319458713, -0.29613104559043074, -0.03165885447934486], [-0.10178986697421986, -0.3400728261929636, -0.03939919593173017], [-0.1706007028750982, -0.17003598043265425, -0.018439074432992086], [-0.15546777592539282, -0.23921384986580224, -0.031203031118602283], [-0.1403026587869192, -0.28411158677313514, -0.04282738373228535], [-0.12700793776010633, -0.3243737442028075, -0.05134581338997314], [-0.20444920556149243, -0.1534189204070035, -0.025199152286377865], [-0.21566361160227868, -0.20960233750964447, -0.040285589507815155], [-0.2211672108654818, -0.2494760397402086, -0.04929697710108726], [-0.22458862988082406, -0.2881166308328086, -0.05558063559369607]]}