{"label": "Z", "timestamp": 1746080047358, "left_hand": [[0.40843354056341313, -0.030925130121299535, -1.611245607129424e-07], [0.34995086515398105, 0.02339670089803563, -0.029091677123152096], [0.28331666118576443, 0.059196141915416514, -0.04188375940369939], [0.22917120877248745, 0.07161709301837672, -0.05262707916242418], [0.18023051565427808, 0.07518340825495781, -0.06035182092640742], [0.2061734444730285, -0.060562180607665904, 4.922820760341839e-05], [0.14422400529370036, -0.0726018043165048, -0.015022941847666067], [0.11939098649442138, -0.08758553226706826, -0.032440289793707666], [0.10101385451912984, -0.10750714478350026, -0.04540477284842796], [0.2161047492243498, -0.11683128301895455, 0.0006897558661239017], [0.1507272893905424, -0.14687066585772665, -0.0070479123403220855], [0.1186051202243092, -0.17136499761476323, -0.01827006338835262], [0.0947156911472536, -0.19658418669759062, -0.02796310657670543], [0.24058546930991964, -0.16189648969331036, -0.0054012318773411765], [0.1806776089136965, -0.1955952916014959, -0.016277454384358542], [0.15031974161875364, -0.21559931920664008, -0.022896530821156683], [0.12479725583949731, -0.23514963398161046, -0.02841871787684695], [0.27831702261566266, -0.20206977626712944, -0.015491889003826162], [0.23437287320330577, -0.24153800691512298, -0.025194173800701113], [0.20948936226692288, -0.2633409530213086, -0.027612686631860596], [0.18545814255740978, -0.2841220637864501, -0.029419662884208497]], "right_hand": [[-0.40843354056341313, 0.030925130121299535, 1.611245607129424e-07], [-0.33592274818075735, -0.048656266496855866, 0.021916028902701595], [-0.2618497370998287, -0.10794137143136381, 0.011135483909029433], [-0.19518929842586938, -0.11627979540342405, -0.007196907755857598], [-0.13847212844604684, -0.10161217344854347, -0.02541289007804903], [-0.2570894060421871, -0.2001915661977755, -0.03980099815036995], [-0.16054332477665342, -0.26989123320489894, -0.08044552795440443], [-0.09591780233081802, -0.26017880413076244, -0.10445720416930639], [-0.05431388610162117, -0.23244690049517888, -0.11548204911415098], [-0.2778908053618516, -0.1650545980666422, -0.06932436252383876], [-0.15240357389570638, -0.19071368771512345, -0.10741465501310596], [-0.0860991735630907, -0.15258014593078018, -0.11898291370309001], [-0.05519325739067208, -0.1128685385969617, -0.1222927707211629], [-0.2924996105679208, -0.10313094942272466, -0.09561422419212537], [-0.1668106827867892, -0.10640763694664446, -0.1248399729509932], [-0.11653329487439763, -0.0605399147787614, -0.1229762485656949], [-0.09869767817427783, -0.022869628322693843, -0.11621844054050044], [-0.3012852854082269, -0.02901465322653187, -0.1197378671508975], [-0.19747024203373545, -0.005276413999283439, -0.13196701547481643], [-0.15532137179131209, 0.02165073896303729, -0.1226659884247051], [-0.1344139590430347, 0.043318456695219915, -0.1118596967753527]]}