{"label": "Z", "timestamp": 1746066782395, "left_hand": [[0.17019694422282733, -0.003864811996673956, -3.9410327779667116e-07], [0.11092285117208403, -0.06447753835503717, 0.007806830630180879], [0.0873523586204389, -0.13222595263357523, 0.0039234737674318735], [0.07356520753405846, -0.18246785506051263, -0.004819813913914298], [0.060450007643590965, -0.21694116524312573, -0.013267957251517758], [0.13941781348440346, -0.209089760051637, -0.0024188332543440597], [0.09192821106562374, -0.27510290968780876, -0.026088651330067644], [0.0465551466730927, -0.2793702552104521, -0.042756679311775826], [0.016956454179266982, -0.2685652219794, -0.05088597508526224], [0.15251418354681698, -0.1997754079263196, -0.01647737584305399], [0.08608459245310887, -0.26546299759610487, -0.03393578304919163], [0.0376631790421486, -0.25688844123155424, -0.04162240937525198], [0.012146066218494506, -0.23764157945864436, -0.046073636746421266], [0.1581891097735121, -0.17746810683323647, -0.031917098349832404], [0.09362730691679308, -0.23382847800929432, -0.04677762111511367], [0.04965459355463585, -0.22312257708342007, -0.047406046203607936], [0.02567846321035734, -0.2026413812782391, -0.04654432628505128], [0.15592132043862167, -0.14531664515564274, -0.04741502713298617], [0.10910044241224888, -0.1853728768194161, -0.057796879380191936], [0.0744316246982251, -0.18826229555377158, -0.05828562778591167], [0.050008357417489296, -0.1812213286124626, -0.057251263668380785]], "right_hand": [[-0.17019694422282733, 0.003864811996673956, 3.9410327779667116e-07], [-0.13011659322398703, -0.05668211207753536, 0.010231194606000181], [-0.12461844681468362, -0.122129611228229, 0.00963765613935089], [-0.1149086274546188, -0.16366878375388405, 0.0032574490148252274], [-0.10143884678901786, -0.1987358462044072, -0.004139344492844205], [-0.16661244546363144, -0.17262255079881003, 0.0023263781898452537], [-0.16717106029209808, -0.25055387876156715, -0.015484972935355416], [-0.15190928042628493, -0.30057041551325997, -0.02793474544032101], [-0.13490139140758853, -0.33574026595141393, -0.03552096303576602], [-0.17644385200517057, -0.1639514762483776, -0.015635707291694993], [-0.1725931930137476, -0.2507878628613658, -0.03551845868905765], [-0.1450174408216897, -0.3008676490463375, -0.047514496414479516], [-0.11895632568797747, -0.3323048843175283, -0.05353200501719561], [-0.18098755895213747, -0.1487982844473833, -0.03442641290600623], [-0.17414226292469517, -0.23073260511897617, -0.05143115170672289], [-0.146767001428956, -0.27807069073262314, -0.058496850667308836], [-0.12208814271861557, -0.30837989268197774, -0.06115440927379368], [-0.18018220598090073, -0.12812378677394765, -0.05280521858448774], [-0.17534459441839728, -0.19322136154950384, -0.0650130791112624], [-0.15959413762668892, -0.23470051144538595, -0.068785406426437], [-0.14324592569689848, -0.2642263149410288, -0.0702526115155252]]}