{"label": "Z", "timestamp": 1746066773400, "left_hand": [[0.0, 0.0, 0.0], [-0.02344945597098813, -0.07884963826042847, -0.009432702868622954], [-0.03666262047815115, -0.16195759670889065, -0.024166423620295016], [-0.052768470752639476, -0.22820495003520627, -0.037886720007435565], [-0.07732990296309192, -0.2683886985887488, -0.052849471842909335], [0.03461589771175996, -0.19569179452193505, -0.041105697355920685], [0.06210022865385679, -0.2948364486580282, -0.06187027129506806], [0.08027420166597417, -0.3530133773632303, -0.07265235163124964], [0.0966888018703219, -0.39666862292586474, -0.07876555912922081], [0.06886907118196699, -0.1652579993666572, -0.04836642560223365], [0.11574873369168692, -0.26064456554879506, -0.06504110397919685], [0.14614858406500128, -0.31968691752434264, -0.0739842942745806], [0.17042509094411526, -0.3634214589409925, -0.0802743361654235], [0.09695139954694024, -0.12546935964168374, -0.055078489684488106], [0.1472399193469859, -0.20366827010675703, -0.07267278175157427], [0.1775984878053409, -0.2547548085386778, -0.08364458917265905], [0.1990923659120672, -0.29462868972543915, -0.0904665521219848], [0.11981814378879327, -0.0811697324820612, -0.061174424348531584], [0.17101573015028038, -0.12392274260707795, -0.07567523988367783], [0.2023495047856169, -0.1504576105888252, -0.08056664606811767], [0.22704536676613105, -0.1759134561784429, -0.08297096446226514]], "right_hand": [[0.0, 0.0, 0.0], [-0.02344945597098813, -0.07884963826042847, -0.009432702868622954], [-0.03666262047815115, -0.16195759670889065, -0.024166423620295016], [-0.052768470752639476, -0.22820495003520627, -0.037886720007435565], [-0.07732990296309192, -0.2683886985887488, -0.052849471842909335], [0.03461589771175996, -0.19569179452193505, -0.041105697355920685], [0.06210022865385679, -0.2948364486580282, -0.06187027129506806], [0.08027420166597417, -0.3530133773632303, -0.07265235163124964], [0.0966888018703219, -0.39666862292586474, -0.07876555912922081], [0.06886907118196699, -0.1652579993666572, -0.04836642560223365], [0.11574873369168692, -0.26064456554879506, -0.06504110397919685], [0.14614858406500128, -0.31968691752434264, -0.0739842942745806], [0.17042509094411526, -0.3634214589409925, -0.0802743361654235], [0.09695139954694024, -0.12546935964168374, -0.055078489684488106], [0.1472399193469859, -0.20366827010675703, -0.07267278175157427], [0.1775984878053409, -0.2547548085386778, -0.08364458917265905], [0.1990923659120672, -0.29462868972543915, -0.0904665521219848], [0.11981814378879327, -0.0811697324820612, -0.061174424348531584], [0.17101573015028038, -0.12392274260707795, -0.07567523988367783], [0.2023495047856169, -0.1504576105888252, -0.08056664606811767], [0.22704536676613105, -0.1759134561784429, -0.08297096446226514]]}