{"label": "Z", "timestamp": 1746066781787, "left_hand": [[0.15627502795443196, -0.019206992769821463, -2.5086260830925167e-07], [0.11523738213558907, -0.08837597174320257, 0.008772467427177438], [0.10528436770783567, -0.1444278285644093, 0.0026660705057624614], [0.10084302099602903, -0.18456751951827088, -0.007395384911681653], [0.09459841393441418, -0.21189081514952118, -0.01733031023050366], [0.16826447854441998, -0.19949969445850832, -0.008691903921424564], [0.1373017809648859, -0.2723898166313432, -0.029612327528458215], [0.10045729034071202, -0.2708082541207267, -0.042035946213895156], [0.07993015376232088, -0.2495804108612308, -0.04700896483145479], [0.1727297245977565, -0.18960139694425754, -0.021692405615342605], [0.13355017396660698, -0.2746248177997262, -0.039549616248447134], [0.09297687505811363, -0.2657324742308077, -0.04408340339238216], [0.0731875520332026, -0.23843842384642946, -0.044607267721307235], [0.1656646782986224, -0.17220110398540195, -0.03471952935281052], [0.11687995086011081, -0.24078063793261306, -0.049323270147101826], [0.0817046798709147, -0.2231340992089319, -0.04763528088123504], [0.06836865075660233, -0.1935881844694662, -0.04412653423529937], [0.1488494082015912, -0.1486231063979642, -0.04702783273266259], [0.09788587056298115, -0.18512946850924325, -0.05515664049215755], [0.07569430994116923, -0.17108149058935646, -0.052102905076286295], [0.0707009198865243, -0.15014661080423922, -0.04801733622662928]], "right_hand": [[-0.15627502795443196, 0.019206992769821463, 2.5086260830925167e-07], [-0.1479018366526525, -0.05046465853823751, 0.01892468991747778], [-0.14182004385520997, -0.11546846970374118, 0.022765275775905675], [-0.1345641762510482, -0.163569471572235, 0.019845900453400917], [-0.13076887826903497, -0.20150847735303526, 0.014651927165935465], [-0.15213284557411966, -0.13925755193594125, 0.005272465611235153], [-0.14572986606674182, -0.2260460846034636, -0.007634076145750204], [-0.14467265432312837, -0.28459880311350955, -0.01568212781402099], [-0.1433377699667401, -0.33357069620118973, -0.0223274775505271], [-0.14720875574828587, -0.13476879962235, -0.016274102072520866], [-0.14467108199802772, -0.23422885750852243, -0.03348574304363609], [-0.14159602683649483, -0.30031324909944795, -0.04685726494033768], [-0.1404088427692489, -0.3586978467481069, -0.05571303721011826], [-0.13553911608377012, -0.12232258859062309, -0.036474973822253176], [-0.13844437978849652, -0.21718406725492387, -0.05216446160397675], [-0.13959239330667253, -0.2753429379813207, -0.06134553319653405], [-0.1427230694686409, -0.3263330675681955, -0.06754653280418554], [-0.11631138827668382, -0.10476235086090387, -0.05516187830014909], [-0.12503555202202404, -0.1679964315093707, -0.07023932625265472], [-0.1314729654491061, -0.21088136278084, -0.07696138457162983], [-0.1368407064561521, -0.251302578543973, -0.08140817545909747]]}