{"label": "Z", "timestamp": 1746066756262, "left_hand": [[0.18189005179406179, -0.023755921185254176, 3.6102490004198194e-07], [0.15473364535604892, -0.08893277675763511, 0.01935551912376609], [0.1445910919032864, -0.16571983295579729, 0.022010647888484], [0.14626078957668803, -0.2187356314932673, 0.017600749392756788], [0.1534926708245563, -0.2619637332964543, 0.012327144352372667], [0.13487958882694548, -0.21334640798777624, 0.02050294464593893], [0.15841775067885677, -0.29731463499377736, 0.010093227580174405], [0.1740820869149474, -0.3531465967425854, 0.0005743644769251324], [0.18942666112900838, -0.39777059707876805, -0.006035415577153123], [0.13676213536886844, -0.21727629254745853, 0.0008787574331428777], [0.16126214324483248, -0.3143544366438431, -0.007155188098860523], [0.17822321455133736, -0.3764478344849427, -0.013784704692488495], [0.19564293723558313, -0.4253384818509517, -0.019491140443696358], [0.14275536931975671, -0.21337756965789978, -0.019497761425884674], [0.17058974571597682, -0.3098127919478367, -0.02622039139962209], [0.18739866243004866, -0.3714407661587637, -0.03190579913248715], [0.2028234796901037, -0.4197678736875495, -0.03785165058869911], [0.15383873059657818, -0.20416909832145486, -0.03933271717772604], [0.1801884710078377, -0.27258509197783676, -0.04332788066548644], [0.19743639724036421, -0.3162414980207205, -0.04490528894524825], [0.21333387582992594, -0.3524031849498842, -0.047731601808104304]], "right_hand": [[-0.18189005179406179, 0.023755921185254176, -3.6102490004198194e-07], [-0.125136179365437, -0.046461910520154116, -0.004646923831624213], [-0.10033837856124214, -0.10324177815828454, -0.014903227416536557], [-0.08302575520926568, -0.14683539541401866, -0.028306992772651942], [-0.07314785486527471, -0.18737451737198055, -0.03736295170435754], [-0.18539041031592823, -0.19140966274866725, -0.0034790146458062786], [-0.10680101571331946, -0.21567531810921364, -0.02759729097186556], [-0.10193388399838245, -0.16543972700986215, -0.041029736584305455], [-0.11702087989659017, -0.1456564184099414, -0.049193346532590464], [-0.1986535176181028, -0.18066228431842812, -0.01411474000036964], [-0.105037065042158, -0.18833620048961744, -0.03638126600608496], [-0.10744121465538739, -0.1331654060658357, -0.03949650503367886], [-0.1273817279466335, -0.11972418387024023, -0.03951474473417127], [-0.198749969852477, -0.15664166347971215, -0.027764139141202442], [-0.10727232724680885, -0.1496477186884109, -0.046565660226340684], [-0.11324117178000519, -0.09911940803206605, -0.04098072793451349], [-0.13482550389687292, -0.08582708230058596, -0.03544341958794327], [-0.18891103905039933, -0.12439848093346417, -0.043034102216789855], [-0.11885320471773148, -0.11259567837942112, -0.053200291645070855], [-0.12233020944126409, -0.07277725440531757, -0.04984218533278638], [-0.13995419349867974, -0.06088303807962006, -0.04621013733698198]]}