{"label": "Z", "timestamp": 1746080084027, "left_hand": [[0.25844865970548514, -0.14188965815769994, -3.0409049440383964e-07], [0.20828041583766546, -0.2104335945561057, -0.0009166611029856186], [0.14370062318336255, -0.23959637297113257, -0.011964608644921725], [0.09106454617910154, -0.2194270271009788, -0.025102673784663406], [0.05593874006082022, -0.19087636202167194, -0.039866727422285725], [0.10878055890224109, -0.28892055014672335, -0.022758431854177488], [0.027728592361425337, -0.25084794649765474, -0.04087851704910806], [-0.01429551401532243, -0.22588749274280123, -0.0547986869871565], [-0.05210142474987964, -0.20862871766702948, -0.06568024355591778], [0.1226244702821125, -0.2644216096771456, -0.03363581589993956], [0.04069376720255298, -0.2096101159898903, -0.05402652769441835], [-0.01030232381804027, -0.17707474227762965, -0.06776473322187952], [-0.0567251088784537, -0.15456506558191055, -0.07953305476904333], [0.14238972189563537, -0.22486161849083225, -0.04253738032269707], [0.08757209359746855, -0.14240201435462085, -0.05704030634623717], [0.11586826527259934, -0.1409701868730175, -0.054339183716440705], [0.13878108350128504, -0.1598646258202239, -0.05290414369711569], [0.16114508642501915, -0.17896736269247, -0.051778070800259264], [0.11763071110287118, -0.1177538913015141, -0.060630889465291216], [0.13956877683718352, -0.11760566144164931, -0.05298391106683678], [0.161106512735197, -0.13677773800692508, -0.04731698000264716]], "right_hand": [[-0.25844865970548514, 0.14188965815769994, 3.0409049440383964e-07], [-0.18949086944218024, 0.10846276746729663, -0.018147056160138172], [-0.13409407810478005, 0.04656003536097642, -0.02470157131270998], [-0.09508545831129804, -0.00571972299284306, -0.03148620989524038], [-0.06120946298041713, -0.03945538909912397, -0.03814955048929389], [-0.16833979992889006, -0.07752315941838352, -0.00363284958342521], [-0.14500504130274008, -0.15974579097097663, -0.016097040277132317], [-0.13203098986552084, -0.20886745627500108, -0.029519224750970317], [-0.12108988806774192, -0.25153667275828057, -0.03963285119057636], [-0.20374589270177068, -0.09146136720385632, -0.007515049289221821], [-0.1807331779113106, -0.1833580013178956, -0.016915949836262607], [-0.16352361914580593, -0.239376619124959, -0.029172950364038202], [-0.1487349776855673, -0.2855878995319018, -0.03894595195185551], [-0.2416426839790354, -0.0883795617586915, -0.01518377621949428], [-0.22687264386741282, -0.1794000154218668, -0.026487791664909093], [-0.2135757817681397, -0.23229460585942388, -0.037364584615348966], [-0.20068029517747993, -0.27571040913806244, -0.045432425787854724], [-0.28346966950592695, -0.07134226007912153, -0.025126032942310226], [-0.28630306968350205, -0.14403951396189646, -0.03770002467524519], [-0.28582189775871447, -0.1914060066675252, -0.04372054111863216], [-0.2838762385203687, -0.23573166104555324, -0.0475173250088063]]}