{"label": "Z", "timestamp": 1746080010343, "left_hand": [[0.16962405020601173, -0.006961007674867241, -6.837960604305952e-08], [0.12159546920884909, -0.04390556843591312, -0.015347048044457598], [0.08461441099951951, -0.09360400137133772, -0.025171598344146527], [0.05827415760710776, -0.13804781349015358, -0.03473872383173811], [0.03334587582535168, -0.1737964270649335, -0.044159292766538474], [0.11596695564175277, -0.17990274244215884, -0.00936606266570371], [0.1008437845376708, -0.24765291072516168, -0.022479787408173916], [0.09410996785761275, -0.28643759488750975, -0.0349642543612731], [0.08797303809101598, -0.3247646557570808, -0.04554197086569949], [0.14576371223953888, -0.1898317346024058, -0.015041891296177598], [0.1285113234697719, -0.2632205338149656, -0.02808883442046184], [0.11739294167300197, -0.30666407603184564, -0.04139184752022689], [0.10576756760181866, -0.34660388194934555, -0.051973194096832424], [0.17588973277784758, -0.18152493036171763, -0.0234570543624042], [0.18076600171014354, -0.25713870620206614, -0.03927466764228433], [0.1838255295899351, -0.30614145805318754, -0.04958042382301347], [0.18323909728434973, -0.3510233144948336, -0.05715636104106334], [0.20542516165044825, -0.15947863548442637, -0.033101017939108995], [0.21439169286699172, -0.21568661689869953, -0.04679838334455968], [0.21872274837780098, -0.2534717243857989, -0.051532025569946106], [0.22023147195095005, -0.29140645642217644, -0.0551598822340683]], "right_hand": [[-0.16962405020601173, 0.006961007674867241, 6.837960604305952e-08], [-0.12066747287300901, -0.03176117367050215, -0.01155784521089175], [-0.08796212445465805, -0.10279187799549094, -0.013894699492250629], [-0.0673031635368453, -0.15791516573885173, -0.016942817235489408], [-0.042845788770059894, -0.18968623194153755, -0.020484507695989015], [-0.11638846557130249, -0.17045035299723071, -0.005626870516856192], [-0.09789542586187895, -0.23508403639696027, -0.018268458703778922], [-0.08816353491104918, -0.2780341885711795, -0.028838652761857306], [-0.08097492405253175, -0.31807902769970536, -0.03726736653623134], [-0.14288765523362734, -0.17997637435784414, -0.01054942052745417], [-0.12281497673454868, -0.25036593767653487, -0.02310038923188422], [-0.10949217154447012, -0.2968932332355426, -0.03355314928397632], [-0.09983321928263855, -0.3394213789800173, -0.04122430212429408], [-0.17095736869146463, -0.17429476337368618, -0.018244999069573456], [-0.1683772070658122, -0.24529290478023708, -0.03272435228187297], [-0.1659401967510487, -0.29334072750193124, -0.04277415558622384], [-0.16338200291703522, -0.33720711926209423, -0.04969436593376162], [-0.20135409425109121, -0.1564886551036231, -0.02722652833917192], [-0.20224508727052457, -0.212854729674271, -0.04076791539803998], [-0.19944215631217532, -0.25192850810100187, -0.0476285363542706], [-0.19519974013803457, -0.2901945088145377, -0.052613707451940835]]}