{"label": "Z", "timestamp": 1746066768512, "left_hand": [[0.16944301741165269, -0.008790746650253443, -1.1606658332290791e-07], [0.12780366267903445, -0.05693701999938395, -0.01617007912624442], [0.09771851090051259, -0.13137416095919172, -0.025029996150117598], [0.08520533826522587, -0.1945915765743162, -0.036493996885130296], [0.09192878762688277, -0.24822467398403528, -0.04230402738640423], [0.14226130913542454, -0.20078443238118945, 0.0065494266391211906], [0.12616722762829247, -0.2538022889223076, -0.022591238850263158], [0.11958888111748874, -0.19132176630230657, -0.035782998892179264], [0.129313688524618, -0.16407111624323487, -0.03977588810495702], [0.17444077075962103, -0.18840847397389238, 0.0035446539255513587], [0.15679870239748944, -0.2423099997052309, -0.024604900973674602], [0.1441664354618814, -0.17379525431266662, -0.025980237548207795], [0.15697124809394053, -0.15457593947618722, -0.01907254700908171], [0.20803473417799925, -0.1695967379853613, -0.005993104970328313], [0.19343781767069143, -0.22573715050503673, -0.03270489709632671], [0.17347123510477716, -0.16316378118442393, -0.01889769448806599], [0.18259311267595613, -0.141545464420396, -0.0012227937485441793], [0.24402908600915654, -0.14405605450408662, -0.017853133248806517], [0.23341707148397717, -0.19794471938966585, -0.029548336372244095], [0.20950818549939743, -0.16421703186129213, -0.017697084933730234], [0.20809741287238756, -0.14054786439209221, -0.004056021503958715]], "right_hand": [[-0.16944301741165269, 0.008790746650253443, 1.1606658332290791e-07], [-0.12681292336213013, -0.048240363105466255, -0.01447394751960574], [-0.09830850817595028, -0.12474657031778544, -0.025625132982875456], [-0.09078591741330146, -0.18313538378306954, -0.038552440389808436], [-0.10924625111063956, -0.21108797784748756, -0.04796704264340355], [-0.17827774911059965, -0.21099154540921053, -0.0031795835513632065], [-0.12881125496296533, -0.2330201183719768, -0.03056455534337461], [-0.10964904897503423, -0.1881350973342949, -0.0436746427396782], [-0.10927417205459285, -0.16840565155264145, -0.048418669290454554], [-0.21189301181070938, -0.19955744076198173, -0.008618293735742459], [-0.1454090369923918, -0.2009578386546802, -0.033862660073677636], [-0.13576421544011502, -0.1309714587144681, -0.036959079012770096], [-0.15326072675795585, -0.12186397190378563, -0.032878503573503755], [-0.23657620198671986, -0.17285378303128265, -0.01834708056465146], [-0.17023654115696907, -0.16652753778326268, -0.04587620199892001], [-0.16253040843569577, -0.10403166820605447, -0.03878281805857031], [-0.1796716926755007, -0.09565265985944102, -0.027248058766963654], [-0.2557159493044077, -0.13761602184748986, -0.029645297706826758], [-0.19999963393085846, -0.13786214688083157, -0.044382942465036136], [-0.1888459100641332, -0.09646174570622454, -0.03567905433349356], [-0.20134678361922817, -0.08416601220295765, -0.02430701133496316]]}