{"label": "Z", "timestamp": 1746066794010, "left_hand": [[0.1733353230677194, -0.003878500597623813, -8.255675797395726e-08], [0.12532360245292923, -0.04953991337641756, -0.013779959957967852], [0.08963119111211296, -0.1110031989983005, -0.02381455411251379], [0.06680887610435216, -0.16049492701859303, -0.03377870397005849], [0.04112127477040428, -0.1957628425953088, -0.044582277378294365], [0.13084833591567205, -0.17967642380881801, -0.016312875473576873], [0.11869929758840424, -0.24720866104279587, -0.03426114582924555], [0.11011325192010957, -0.28540268544218733, -0.048873457713371246], [0.1016840189444412, -0.32210622822940416, -0.06010763517066945], [0.16660162983446838, -0.18163856515586388, -0.024583221693466942], [0.16408125132340393, -0.2622875933266993, -0.03962728418178305], [0.1607210537251631, -0.3092359115975468, -0.05306105255043582], [0.15489583269662652, -0.3532586217248138, -0.06353210995115603], [0.1998521691463524, -0.16593426465485328, -0.03521332231218271], [0.20203316733950558, -0.24500022563522406, -0.05313054680885386], [0.19971806725748578, -0.2924334616233845, -0.06372134662198949], [0.1940075618232485, -0.33830353742190666, -0.07146591094851157], [0.23140865072594097, -0.13647126256257153, -0.0468080112486064], [0.24719366069710277, -0.18883156136391585, -0.06321087925044687], [0.25517989280931086, -0.2248093597890137, -0.06889099346360364], [0.25830244808179137, -0.2605486747474712, -0.07290773656621163]], "right_hand": [[-0.1733353230677194, 0.003878500597623813, 8.255675797395726e-08], [-0.12309632148421291, -0.022332370472331713, -0.024779192498131247], [-0.0832483537616359, -0.06351859333496934, -0.041886726272181506], [-0.04956676980308575, -0.0964575500323093, -0.05771328760145652], [-0.015816252346704206, -0.11384224973989746, -0.075360723671058], [-0.12048191543906413, -0.14974442559445164, -0.03816631760227231], [-0.10831423182228991, -0.2171793308123166, -0.06062091635872725], [-0.10187641990715651, -0.25822632483215247, -0.07727469468235171], [-0.09670322325075717, -0.29761807376315513, -0.08950231960040694], [-0.155866349054822, -0.1569968223703618, -0.04165928778638195], [-0.15047391503620297, -0.23562831405905507, -0.061232540934670295], [-0.1463128912387223, -0.2834477939284404, -0.07605711321782363], [-0.14294698589879581, -0.32791058095325154, -0.08785007858614517], [-0.18998661802303152, -0.14536580666218363, -0.047249149585832394], [-0.1891890862922383, -0.22026077031749675, -0.06652004262851084], [-0.18634338653225666, -0.2688003468888069, -0.07962296976122149], [-0.18329841649237316, -0.31353277964714554, -0.08928304218385964], [-0.2224115775612075, -0.11975322708386515, -0.05477939822564092], [-0.23586812933208873, -0.17704833921078753, -0.07273790621710934], [-0.24407601207975554, -0.21569990419456472, -0.08130961243611659], [-0.25037524603491096, -0.25377164273173697, -0.08738069193436626]]}