{"label": "Z", "timestamp": 1746080060191, "left_hand": [[0.08256680332257435, -0.032034546941638334, -1.287371484121087e-07], [0.0396508962496822, -0.07209556053532327, -0.00415894047655802], [0.011392429136740791, -0.13671515797165995, -0.004648001897919145], [-0.0017268391308363606, -0.18940384913352049, -0.006877769587312361], [-0.013684392742430876, -0.23091755225907196, -0.009388111875894096], [0.031110210120007604, -0.21186068766055613, 0.006937735344694152], [0.01855627115674226, -0.27188104444507494, -0.0025086914083407882], [0.008386742161248907, -0.3055978264646059, -0.012752455232491045], [-0.00043937869515759184, -0.33777181349828084, -0.02144093922762586], [0.05742455306222042, -0.21695157753447789, -0.0014293041734438202], [0.04912739940442396, -0.29056691412608204, -0.010783572301016543], [0.03927225436573838, -0.3325246485016247, -0.02222466794161972], [0.028208576509222386, -0.3694107469723055, -0.030689162389778937], [0.08477209480614374, -0.20950702161906418, -0.012061128988552357], [0.07893613290154962, -0.2776630289105721, -0.023332246659519943], [0.06836170483634281, -0.3219631539536284, -0.03299277201322865], [0.05627157779644937, -0.36002583184667847, -0.04002727154578787], [0.11242219892100828, -0.19109371167028083, -0.02346461281991486], [0.1157428940954659, -0.24698749616196986, -0.034641105377362466], [0.11522410984705775, -0.2842940412336111, -0.0398560950799779], [0.11210258693612751, -0.3178274521192383, -0.04359954362524529]], "right_hand": [[-0.08256680332257435, 0.032034546941638334, 1.287371484121087e-07], [-0.11455644384397369, -0.03856025741565471, -0.007686530777607718], [-0.12569352867675349, -0.11898184280858057, -0.02048070116657405], [-0.12902538217978485, -0.186466009477573, -0.03116332307767593], [-0.14651867623312467, -0.23341959285848646, -0.04288288924343615], [-0.08376884012044837, -0.14326747676765983, -0.04591902753169652], [-0.05477737616107783, -0.24544920742419166, -0.0661095402735456], [-0.03695567220994334, -0.3014513369454234, -0.07394731022577826], [-0.0248234088243869, -0.34260399401285885, -0.07626814015438262], [-0.0494189399997635, -0.11842361425881567, -0.05093306734370191], [-0.010831137898888354, -0.22732769166912453, -0.06687495869705432], [0.009782586641605261, -0.2883573114701092, -0.07025613220745716], [0.022359232413366775, -0.3320545356339708, -0.071328477820121], [-0.01876398773480686, -0.08837419639465761, -0.05440797959252934], [0.015629550814233614, -0.1875076355484161, -0.06664676405007317], [0.034652628305949285, -0.24716864343318584, -0.06941110827813167], [0.04628210364839556, -0.29146014613143517, -0.07033910276865675], [0.007839710955192604, -0.05667853491452738, -0.05730696017414318], [0.03585050999195932, -0.1347378709362892, -0.06658217449429069], [0.050444940509089924, -0.18011758377642018, -0.06635296057691098], [0.0604555218451101, -0.21963254154242062, -0.06453891286584944]]}