{"label": "Z", "timestamp": 1746080038695, "left_hand": [[0.3305294907340921, -0.1281806620389068, 6.484760738294422e-07], [0.282222636809521, -0.1101445412062638, -0.06387035734833522], [0.22275810063607754, -0.14490801894993552, -0.08591429830037692], [0.18859150613527614, -0.2312754897447271, -0.09689427617823439], [0.1673823238692634, -0.3087694514978004, -0.10464959176178508], [0.11239740045646056, -0.14561415263038494, -0.03235893352959159], [0.0495181703063537, -0.20314114579880913, -0.051958927538143254], [0.01312254504703425, -0.25193870717275907, -0.07577001299577127], [-0.01499027639027067, -0.29900673814496037, -0.09431132371349531], [0.11682684192198989, -0.19393678206527457, -0.011699861124079555], [0.043032682730971814, -0.234341628274827, -0.02434608776871494], [4.846874686652815e-05, -0.2733629708499447, -0.043361058902126624], [-0.037197740995035464, -0.31458340232246595, -0.05902757739796727], [0.14005603661854843, -0.23681111344198835, 0.00109872529235362], [0.07514932294011285, -0.2741824928067453, -0.01661041973558368], [0.04475758679909332, -0.30510036664162943, -0.03363123993077492], [0.019050631257829267, -0.3372059438790535, -0.045757212371049724], [0.17377016994362116, -0.27361560889497244, 0.0077595056321418205], [0.12294205039725493, -0.30581753455880434, -0.010901870655576839], [0.10404126493620777, -0.3274910168170325, -0.020754012689690734], [0.08625562702423205, -0.35036043505285747, -0.02699778151680451]], "right_hand": [[-0.3305294907340921, 0.1281806620389068, -6.484760738294422e-07], [-0.2648367744664088, 0.058767726997726914, 0.03313545382694734], [-0.1882025636581978, 0.017025439345070476, 0.0392984342255357], [-0.13491616559134453, -0.02483443189269213, 0.03838983379516984], [-0.11667234824033706, -0.07978280439634174, 0.038226748351066694], [-0.11002591597771674, 0.04189275843550308, 0.0043084345032267345], [-0.024217771791940738, 0.08774800035760884, -0.003444181562570383], [-0.04334774754497391, 0.13511326608160346, -0.0014098261059293832], [-0.07607552355275572, 0.13885961932984445, 0.003082900586444561], [-0.1094262167056821, 0.10563541760938076, -0.018421214489153966], [-0.0306184336724953, 0.176128903269899, -0.016067409213913707], [-0.063531377965327, 0.20658713218118627, -0.004763332510125673], [-0.10098114638682139, 0.19082489742875017, 0.002828835669496521], [-0.12460481504631679, 0.1738392416793736, -0.03778657112889856], [-0.08582806471861444, 0.23865865845371523, -0.026526243898611912], [-0.11729609870023434, 0.24958197811213645, -0.010740123184514139], [-0.14695994877225962, 0.22492781518844812, -0.00503058948206512], [-0.14991275649599134, 0.2374267893692818, -0.0550630716863397], [-0.138374450550072, 0.27727319975455433, -0.04098751987149251], [-0.1641822659114051, 0.27494819412451754, -0.025167804360489248], [-0.18735649056927645, 0.2497270323490905, -0.016208442347998547]]}