{"label": "Z", "timestamp": 1746066757007, "left_hand": [[0.17998274840825068, -0.02967487965816535, 2.4247100136736645e-07], [0.13591539934573216, -0.08086060253414493, 0.010153692415925182], [0.12469969570833213, -0.14440320472078205, 0.012082337644630294], [0.12440669986884761, -0.184731962844523, 0.009221111401844187], [0.12430523743427088, -0.21531606121471694, 0.0061913566317172404], [0.13617551213255613, -0.21641337744466427, 0.0042220817511207575], [0.10407966960645737, -0.2852544171438308, -0.009258576893070483], [0.07814125939980116, -0.3276131849273657, -0.018559514325131497], [0.057447811390723594, -0.3632982841362604, -0.0257687777262935], [0.1523247344126727, -0.22169431268722922, -0.012082393186789712], [0.14562120359876513, -0.3126207035803565, -0.030941038630551292], [0.1392650432654175, -0.37331346810599764, -0.045589815980431804], [0.13723985307126602, -0.42171212167255345, -0.05577458057377748], [0.160996451980215, -0.21306931395888062, -0.02872745114310618], [0.1660632553665346, -0.29789682096924497, -0.045507052034863577], [0.17209146143975715, -0.34286672450661193, -0.053691499142806694], [0.17901484290167713, -0.3802793600220408, -0.058710079048147075], [0.16388840808138244, -0.200075850109831, -0.04490129247588523], [0.17007623301190955, -0.26710926735808044, -0.05987523098648441], [0.17797785070101452, -0.31311281944769787, -0.06653172012617914], [0.18505462491629912, -0.354165120028192, -0.07111624834832911]], "right_hand": [[-0.17998274840825068, 0.02967487965816535, -2.4247100136736645e-07], [-0.12443224995464557, -0.037630549153326635, -0.002906745467465146], [-0.1001710368511869, -0.09338655515623806, -0.012753650782725078], [-0.08241063722928034, -0.13644490642617946, -0.026090134045715536], [-0.06438846452616583, -0.1750479499552798, -0.035442811554499624], [-0.18113255991826932, -0.18478419293868578, -0.0029341282545183403], [-0.10278286439434567, -0.20522386956310043, -0.02579185754770418], [-0.0984604263235117, -0.15624751425967334, -0.037250485889616214], [-0.11330297386378954, -0.136091771034564, -0.04369405380438724], [-0.19386050349392495, -0.17472795127241134, -0.013928002077879224], [-0.09878589014206078, -0.18029856176569284, -0.03555824813347488], [-0.1027690516674567, -0.1254553256600202, -0.03694874179760497], [-0.12377246741416617, -0.11027520798797674, -0.035126756070793116], [-0.19411897904600914, -0.15152780463818302, -0.027655984774331708], [-0.10155371617838127, -0.1394135589040292, -0.046285554271164334], [-0.10916226884906903, -0.08696033962374407, -0.04022596402215566], [-0.13098849882090732, -0.07124025732259863, -0.033670804724083396], [-0.18521666503624698, -0.11963866876289014, -0.04276442154231114], [-0.11398676149390403, -0.10416071272607554, -0.05225336137125845], [-0.11796655631124355, -0.06341805704819418, -0.04856216953117918], [-0.13529601730192967, -0.05012246574054812, -0.04434283689457276]]}