{"label": "Z", "timestamp": 1746066748911, "left_hand": [[0.21648313821371215, -0.01243987170021359, -1.6575849655186123e-07], [0.16252291813593975, -0.031957447051667046, -0.011724407940622827], [0.1133527744567948, -0.0716720182017579, -0.018112740742446103], [0.07961690608224987, -0.10322027678266463, -0.025205947613263627], [0.0491621032612418, -0.12741928533808974, -0.03186396044711424], [0.13044939332695804, -0.15886083124613606, -0.00143975877120768], [0.10130323783363755, -0.20997677659531291, -0.014594251814274416], [0.08096650511695894, -0.2366025742723462, -0.027679436365164456], [0.060480177498603044, -0.2589592078360545, -0.03829035174044915], [0.15619696788681345, -0.17406284834877725, -0.007397625966691564], [0.1337028154513821, -0.23748966957479659, -0.01942262545245467], [0.11374692950251011, -0.2697361814591253, -0.031504277537926284], [0.0924034502069984, -0.29158751121162163, -0.040909766889179355], [0.18460356923277002, -0.17307795363367073, -0.016520378591965996], [0.16804338897213594, -0.23681139922570352, -0.030590311528517926], [0.14792365512024622, -0.26087073247548515, -0.04032763755237031], [0.12495685344439737, -0.2727567703325451, -0.047041003991210716], [0.2156654184711006, -0.1601822528776187, -0.02706360504679961], [0.20472494608193242, -0.20526496847926265, -0.0409820947097425], [0.18663776415607194, -0.22339320479947417, -0.047762141166021226], [0.1645401080374695, -0.23144253596284364, -0.05226056501128251]], "right_hand": [[-0.21648313821371215, 0.01243987170021359, 1.6575849655186123e-07], [-0.16427926168296603, -0.01337543542220794, -0.013229490995358426], [-0.11769219724099272, -0.06400751807458128, -0.01732288392311424], [-0.08368531646631966, -0.10536590799598591, -0.021666489932399394], [-0.05722568742595176, -0.13534140743762216, -0.025609365056103665], [-0.14549982339372883, -0.1511132776068256, 0.0010235362576241655], [-0.11456791470220112, -0.2006154915722446, -0.012316571113119781], [-0.08987732136279093, -0.22524321972850894, -0.026142874509557653], [-0.06704752512201749, -0.24464229390167055, -0.03533639410798618], [-0.17059241709083137, -0.1697442505550105, -0.0026453784571248582], [-0.14483369068698768, -0.23453116546081815, -0.012364252691001146], [-0.11956932162502669, -0.2718820796595034, -0.02331785878961777], [-0.09629716890605075, -0.3033909679182636, -0.03130831160541092], [-0.19883634116932697, -0.173573091399258, -0.010031736314075092], [-0.1810291054412648, -0.2431765349597832, -0.021531870694144244], [-0.1626190950887891, -0.28205553930938804, -0.031191353304245432], [-0.14353463435587935, -0.3137815701951985, -0.03758100307107009], [-0.2304023441207786, -0.16483037431188682, -0.019142839703608753], [-0.2312039932963168, -0.22268720887140467, -0.029818916607446153], [-0.22822692331315708, -0.2615142534322611, -0.0345866764821808], [-0.22196316051080162, -0.29787852723123764, -0.03756484008540013]]}