{"label": "Z", "timestamp": 1746080084191, "left_hand": [[0.25201367824628707, -0.13870209851529378, -2.691637660094892e-07], [0.203267186221013, -0.20859321428790623, 0.001866851662443128], [0.13759504203213702, -0.23604030477540527, -0.007137154485550351], [0.08365844515099277, -0.21623135948930794, -0.0189066264812182], [0.050000000900165334, -0.1857936785139679, -0.03228088685175872], [0.10104201756365505, -0.2804789276823423, -0.020108317328333368], [0.02188986353339949, -0.23861551150503366, -0.03880682466681507], [-0.02219286606935593, -0.2169071393312956, -0.05316621057621558], [-0.060410410587589815, -0.20276856013600164, -0.06427961506441024], [0.11541692614395498, -0.2519479962142297, -0.0327215033309676], [0.03313866652261493, -0.19923371711339954, -0.053256728881712], [-0.019858349647863177, -0.17111614052482424, -0.06696896370985782], [-0.066628060870945, -0.15179671469014397, -0.07856806892667548], [0.13520236442195224, -0.21070117259065682, -0.04342666594709118], [0.07573807592972305, -0.13044603149481734, -0.058413485501884674], [0.10196527396314058, -0.12848373268868676, -0.05499165335354139], [0.12428312595502852, -0.14773797788086737, -0.05221595493205958], [0.15558214754959052, -0.16418325220731345, -0.05432853068282983], [0.10754515672911436, -0.10385333213406625, -0.06332773864935844], [0.12727257374108686, -0.1057113185917528, -0.05557592960125067], [0.14862425971552887, -0.12677653622541984, -0.04928016748889632]], "right_hand": [[-0.25201367824628707, 0.13870209851529378, 2.691637660094892e-07], [-0.18375774540419057, 0.1048877337722471, -0.016733235383661303], [-0.1305751451360336, 0.042057558878135, -0.02220625512756909], [-0.09415565353300895, -0.010263490886799096, -0.027997510030303707], [-0.06307934218383938, -0.04486198225718353, -0.033722405150561414], [-0.16604346576745393, -0.07989227497873932, -0.0029746857882697207], [-0.14527320511637573, -0.16178084997175396, -0.014869281807227122], [-0.1336894739026235, -0.21043130840639698, -0.02771518981360197], [-0.12400330394094854, -0.2532412314664012, -0.03751054318157504], [-0.20104976175157424, -0.09247155597006257, -0.0072037263383198345], [-0.17964639767202337, -0.1830259148737421, -0.01635565989616521], [-0.16312325638124586, -0.23839886457522258, -0.028455742190309795], [-0.1492904315343645, -0.28433946403344185, -0.03817659839818798], [-0.23842633605889507, -0.088257038591234, -0.01501540188262688], [-0.22518934857010553, -0.17868360145881398, -0.026153979333178683], [-0.2126702226654828, -0.2309538126546428, -0.03709550048486391], [-0.20066425148282213, -0.27439891466268407, -0.04523998209325426], [-0.2792833118110307, -0.07028010078760154, -0.024957777535697993], [-0.2820380743034234, -0.14301689380566032, -0.03777468802681053], [-0.28105381162101156, -0.19134291821581126, -0.04442290367777625], [-0.27833772608589463, -0.23694891593571735, -0.048714218195542835]]}