{"label": "Z", "timestamp": 1746080059344, "left_hand": [[0.12925398348327224, -0.019637810600891103, -6.775977340938351e-08], [0.08245388308621124, -0.05684298118970961, -0.009925568354146395], [0.04590723571620078, -0.10916416564890362, -0.016343800530450984], [0.022699808360046137, -0.146871762451203, -0.023704088592953077], [0.0019693187218648395, -0.17625695512012135, -0.031767416962879186], [0.08226227920495477, -0.18911561739375077, -0.005296237545931484], [0.06390961372048058, -0.251821034620587, -0.019000854322830055], [0.050457289022373134, -0.28732073863124274, -0.031960365578882155], [0.03748720726942031, -0.3217586263692819, -0.04218380824142622], [0.1106472047719486, -0.1982186241262045, -0.01318521578970915], [0.10104447599206158, -0.2742119997844291, -0.024467400695531237], [0.09205990389433011, -0.3174881799133497, -0.03639538650272367], [0.08169436514414732, -0.3567243163717558, -0.045725609317671195], [0.13871002105278024, -0.19155767528879136, -0.02355893072310468], [0.13197292446709927, -0.2658354535438777, -0.03539948427751728], [0.12323795865280458, -0.3093503841012325, -0.04411749761607337], [0.11234549943146344, -0.34996411680223344, -0.05098509960666005], [0.1668805728765806, -0.17212220685172255, -0.03527855612736346], [0.1691540710879877, -0.22887367749474902, -0.04545953309537205], [0.16877830957980872, -0.2659620594629612, -0.04911383629712977], [0.16578087868389155, -0.3017292799582675, -0.05215775239526728]], "right_hand": [[-0.12925398348327224, 0.019637810600891103, 6.775977340938351e-08], [-0.14039822407813193, -0.04409009491843471, 0.01238050644850633], [-0.14295330827579958, -0.1274279463711177, 0.012842883325971608], [-0.1410169098362533, -0.19223450061693603, 0.010680093035702385], [-0.1586827171446381, -0.23131957608939344, 0.007311579034822656], [-0.1358847553952267, -0.16268944862471124, -0.017053219142574225], [-0.12032498395735947, -0.26249339824014123, -0.03177893171341338], [-0.106853612524482, -0.3158830222192278, -0.036201546295741245], [-0.09525040832696437, -0.35465127916518135, -0.03784793762323746], [-0.11826082346976735, -0.14392351602470227, -0.03247947238184141], [-0.09400851027190285, -0.25540799331028624, -0.04929244352526257], [-0.07204544999198362, -0.31374000981732025, -0.05363486880680583], [-0.05443548959110351, -0.3556395734739531, -0.05461541313244843], [-0.09378116436984336, -0.11645643928139972, -0.04619318510132852], [-0.06447623448448264, -0.22412006710957358, -0.06462299280093223], [-0.04122009294865899, -0.27835484095556456, -0.07082971032627075], [-0.02470808274932127, -0.3198146249121525, -0.072493218241032], [-0.06352654312581062, -0.08399421917681542, -0.05769384163965353], [-0.03206829365491168, -0.16542171448471485, -0.0743924441951269], [-0.0125622033741071, -0.2072712706648733, -0.0800408543075191], [0.0026171036581070692, -0.24346433852645752, -0.08208344515180041]]}