{"label": "Z", "timestamp": 1746066783171, "left_hand": [[0.17515646941101146, -0.027900794397358295, -1.1030667411799244e-07], [0.1247596658361611, -0.07043277029449238, -0.019712908878160552], [0.0831128560748355, -0.1254506321171042, -0.03328617434550671], [0.056405199398098696, -0.17233075113863933, -0.04656568850479969], [0.034851603824411506, -0.2085991917324853, -0.059186100270547506], [0.11915824469896154, -0.21430966472860088, -0.012282410441461342], [0.10706665832200414, -0.28414540940106975, -0.02997901733307337], [0.09784604769045592, -0.3226902171490314, -0.045688510941029596], [0.08877441750421212, -0.35720469276596684, -0.05677318515399604], [0.14944242171338212, -0.22126003642567937, -0.015074523422405754], [0.1428709528887571, -0.2995628300623704, -0.02930967586446769], [0.13544461645526848, -0.3437947778956219, -0.040957963104377444], [0.1275169459785748, -0.3830083418862447, -0.04964982923202187], [0.17880618581316138, -0.21282581720956023, -0.021721964566282143], [0.17564151228646221, -0.28907775075606157, -0.03521219812905118], [0.1697082918284352, -0.33221200503491566, -0.04275784214928709], [0.1627390977424443, -0.36985284328989443, -0.04771164654684303], [0.20884626175560003, -0.191443221802079, -0.030846436373168213], [0.21391410908537054, -0.2515370384748624, -0.040620468535944296], [0.21423696348932356, -0.2890917581152522, -0.04380930285407343], [0.21235240272604625, -0.3238679962570621, -0.0458829011132753]], "right_hand": [[-0.17515646941101146, 0.027900794397358295, 1.1030667411799244e-07], [-0.13912980801710764, -0.015406458380194938, -0.02646718587295598], [-0.11404778530774028, -0.07770845148972988, -0.04324157183481373], [-0.0956461310280097, -0.12502645273987564, -0.058082297528242184], [-0.07041204473177694, -0.15495793358511106, -0.0738214259312795], [-0.1748040301702897, -0.14837306641691242, -0.036027410732760515], [-0.18055217649183705, -0.20830996640963256, -0.05808482874940027], [-0.18584727228956327, -0.24795644534524003, -0.0760147671282361], [-0.19420899961552343, -0.28552315498058917, -0.08922230325429692], [-0.211344082213441, -0.1446993700248438, -0.03884338713422819], [-0.22872123900324026, -0.22467282672108493, -0.05655301173465323], [-0.24049929652787969, -0.2748032620904574, -0.07004433010649001], [-0.2538780802327409, -0.3184241959742329, -0.08072931403113894], [-0.24049442440294383, -0.12204079174109339, -0.044230551343645244], [-0.2639931730358636, -0.19639868671877814, -0.06208637061872046], [-0.27833439173293795, -0.24439796709520936, -0.07509034327480477], [-0.29174435418262795, -0.2864070459899496, -0.08450978798942886], [-0.2634301618876355, -0.08324592598714625, -0.05195498188990893], [-0.297403079883038, -0.12991041541679338, -0.06807305598681027], [-0.3188788641957866, -0.15643099010868827, -0.07499038858666746], [-0.3389486883773853, -0.18021407766572142, -0.07990853226508836]]}