{"label": "Z", "timestamp": 1746066449718, "left_hand": [[0.16503557345556405, 0.012311135201901198, -3.2119235001656106e-07], [0.11967729295771999, -0.04806937427269216, 0.0010973391228258258], [0.10236193024832295, -0.10361786951136821, -0.003863953296559926], [0.08704278868164453, -0.1416773002366994, -0.013318129405303773], [0.06986254501718314, -0.17604564701653203, -0.021941967736142685], [0.15178569035319112, -0.17608466641170586, 0.008524215006006945], [0.11169713199623071, -0.21214331116171925, -0.007491988282780483], [0.08558414604232298, -0.1844010372176737, -0.019545361156730535], [0.08125537482981761, -0.15970838900345097, -0.026070898516295352], [0.16631845019271901, -0.16689280040741228, -0.0019068489238409625], [0.11629880080977387, -0.20789591305206878, -0.016331503169715947], [0.08854211787239355, -0.1720883340950102, -0.021117484542112742], [0.08975124279242441, -0.14426702900570412, -0.022267197173510396], [0.17607587910895245, -0.14373274512061776, -0.014960330413745202], [0.12991672850223007, -0.18781132441702802, -0.028730523803587725], [0.09968535057734429, -0.1569589307876715, -0.025169540068053064], [0.09816129190216669, -0.13092906448126532, -0.019922526728906664], [0.18048185553367868, -0.11223821847424476, -0.028662239862033506], [0.14716933468693755, -0.15011850929070558, -0.037352589540463534], [0.1202068135392246, -0.1400528946327329, -0.03377212091621477], [0.11363647135534394, -0.12312502666971126, -0.02886143774458012]], "right_hand": [[-0.16503557345556405, -0.012311135201901198, 3.2119235001656106e-07], [-0.1253621667764006, -0.05514248314962659, -0.012809764590097803], [-0.10591911574542862, -0.11889727718733552, -0.013860998400830047], [-0.09689017457072915, -0.17054915193096054, -0.014744944741682484], [-0.09371301138750503, -0.2100444408268139, -0.014892337976446636], [-0.1517523968458645, -0.17560381091512817, 0.0035405295553183084], [-0.138719998246195, -0.23443495666426586, -0.0062114262134597715], [-0.1264333940577398, -0.2695145639043452, -0.01722773610483329], [-0.11612219140593134, -0.30038259704712844, -0.024516535802966144], [-0.17704208546986316, -0.18026263937165232, 0.0026246883073445804], [-0.1721729174660082, -0.2465521460219968, -0.004339027085326567], [-0.16218525228644104, -0.2895761894467022, -0.013519973154136812], [-0.15303231636537912, -0.326108723361805, -0.019873950955921937], [-0.20118441334360768, -0.172882376802088, -0.001522391868887107], [-0.20358521758430126, -0.23505867157409957, -0.009464002167843419], [-0.1980894965355618, -0.2762520385026505, -0.01730387205463555], [-0.19160223430498616, -0.3106807403082836, -0.02221141442297099], [-0.224789460420429, -0.1531332041275955, -0.007411404102081305], [-0.23282136276707505, -0.2027651602931827, -0.014854871616711429], [-0.2364573213971639, -0.2387213146277954, -0.018223069322880224], [-0.2377927234798568, -0.271352821992034, -0.020003528939112888]]}