{"label": "Z", "timestamp": 1746066750462, "left_hand": [[0.21537743776569132, -0.016889371454020308, -3.4714145786407664e-07], [0.1816114354089395, -0.08641710794737623, 0.012157393389250358], [0.1780549213137424, -0.14937024490429632, 0.008555155021053877], [0.1762750878928488, -0.19403494671660043, 0.000798960621624474], [0.17045023740852802, -0.22735241688552155, -0.0077621366629529375], [0.23303173896259963, -0.19645064161757989, -0.00908961370617721], [0.2002348822699873, -0.2782687992444767, -0.030561093389624698], [0.1632757090654718, -0.30749796686682074, -0.04522238265820149], [0.13333377238098237, -0.3177524694985627, -0.05233250103624629], [0.23595714229175083, -0.18627491446228134, -0.025130992151518153], [0.197548051162258, -0.2843176674899334, -0.04284744672426892], [0.153482587143623, -0.3122272918964633, -0.05064164632990451], [0.1204674999233415, -0.32044984935087606, -0.05504386310374529], [0.22704782593456113, -0.16863527569643255, -0.04101642705886473], [0.1867585749413139, -0.2615453572753772, -0.0546615116016136], [0.14402102187344973, -0.28552903478764363, -0.058887390507955197], [0.1127692269515411, -0.2921913929688892, -0.06108772150530542], [0.20610067527167011, -0.14552277116831008, -0.055895844282875765], [0.16650718794372088, -0.20858107165874978, -0.06507110345260354], [0.13375416738520404, -0.2305098494072124, -0.06748380756315332], [0.10821830203117411, -0.24231332235166356, -0.06870539429458798]], "right_hand": [[-0.21537743776569132, 0.016889371454020308, 3.4714145786407664e-07], [-0.2337921879183818, -0.04936555494893939, 0.012750132691981398], [-0.23673847279515384, -0.12244090874574498, 0.01174797091489927], [-0.23539429064879636, -0.1781717942776626, 0.00813958900968301], [-0.2425688945713941, -0.22219722273343406, 0.004056449490537676], [-0.22624648844680373, -0.16579506130767865, -0.016019897313291755], [-0.21104183895918277, -0.2689632949305141, -0.03118003584948206], [-0.19628107891612623, -0.32420506206079197, -0.03663984794522336], [-0.18420971968521155, -0.36247868226060614, -0.03808093656018676], [-0.20714252845477482, -0.1515298979126799, -0.030331131837400157], [-0.17755494105227507, -0.2621285290179296, -0.04465923409561954], [-0.1512555495754144, -0.31592939378282864, -0.04790468439197688], [-0.1300732817558578, -0.34858891165137834, -0.048230156890558123], [-0.18136102959072736, -0.12871878300207962, -0.04291712566303367], [-0.14406143533402097, -0.22749182874843787, -0.05556381255979624], [-0.11702959172298141, -0.27633329356215747, -0.057602160404001936], [-0.09635906218214092, -0.3106587572795716, -0.057460826661314926], [-0.15163197888061225, -0.09782361554548435, -0.05386361838153512], [-0.10993539363550896, -0.1630727941920426, -0.06273016751528834], [-0.08391985732253228, -0.19663479656909016, -0.06251476042334968], [-0.06253130054287044, -0.22316924042015224, -0.06071606990684087]]}