{"label": "Z", "timestamp": 1746080027190, "left_hand": [[0.25223986974438206, -0.025259330982161987, -3.668983682751706e-08], [0.19884786314136513, -0.022954719969467192, -0.019546426092069785], [0.14092078611023737, -0.03405083798729304, -0.03323655315518816], [0.09575214800350648, -0.0364678864674506, -0.04579747517611941], [0.060079278540908596, -0.03122895114510653, -0.05893404162098939], [0.13458147917177482, -0.13912650789358122, -0.022071617277568425], [0.08566999059116612, -0.18236549846855962, -0.04093637229532667], [0.056034981391737175, -0.20882127281259208, -0.055782132561540305], [0.031165789377922082, -0.23406352393245952, -0.06682921292594908], [0.1604630448120004, -0.17015516244218606, -0.027575987248477943], [0.120544292183231, -0.2373889592351391, -0.043399485322790504], [0.09703157053376026, -0.2799158722991713, -0.05645794264131352], [0.07689895561610238, -0.31630018448108543, -0.06597444615892314], [0.19376532460686094, -0.1836772160229894, -0.03602137163769972], [0.161421897569107, -0.25060028231306014, -0.053697819041001627], [0.14157969982217158, -0.29416722211388446, -0.06463152462843147], [0.12242871081134635, -0.33344221668088575, -0.07210256585698191], [0.23167031981290362, -0.18454200059542616, -0.045993268719495814], [0.2169970716111054, -0.24085573486168466, -0.061065880205514296], [0.2079001108085164, -0.27785637020460807, -0.06579860887741468], [0.19722906513592559, -0.3123333120735349, -0.0689312411004123]], "right_hand": [[-0.25223986974438206, 0.025259330982161987, 3.668983682751706e-08], [-0.19931252069590183, 0.004165800234600041, -0.01730959768328793], [-0.15381911724009428, -0.04913634367829578, -0.021632383623743957], [-0.15204058979075738, -0.10991121498500922, -0.025405327188331193], [-0.18011446783688406, -0.14254501951900875, -0.028521591209963205], [-0.14312087471360588, -0.13233300754385766, -0.0010438195442449378], [-0.10150395528840918, -0.1883248826164705, -0.010977977674719844], [-0.07715838702038574, -0.22059522926782135, -0.02214759142112858], [-0.056764178439454846, -0.24932821939826663, -0.030375973779429646], [-0.17258760461937098, -0.15743005007836386, -0.0032475019423175494], [-0.1394554688185874, -0.23096082114295421, -0.009295357074090396], [-0.11871740154658389, -0.27623015307199295, -0.018443285941361895], [-0.10294929648095276, -0.3124120659101311, -0.025562564579149853], [-0.20484886581551753, -0.16347330607038776, -0.008848750786617956], [-0.18033077308480466, -0.2308212463333092, -0.01625509596157356], [-0.1601048834720145, -0.2710163316935106, -0.02438215962455598], [-0.14374882249633944, -0.3029400226031691, -0.03017795102638384], [-0.24107334936734212, -0.15637308233994626, -0.016890058687749517], [-0.22728696458436143, -0.21247489538797878, -0.02400819792415473], [-0.21603857592429068, -0.2510342417411151, -0.026620692796016043], [-0.20516436717424397, -0.2858504995735124, -0.02851868009522253]]}