{"label": "Z", "timestamp": 1746066764751, "left_hand": [[0.06352331924672283, 0.03296531123718319, 6.804790320159807e-08], [0.031498950131752725, -0.027726497312329856, 0.022495772382557917], [0.021438985366905958, -0.08515788887213752, 0.026242500561750853], [0.018224628164372824, -0.12743561045227447, 0.023891484137691408], [0.009965478795340271, -0.16304344912518956, 0.01888444248444314], [0.023277300766435634, -0.14536899085228353, 0.012259707905969891], [0.005659794491925962, -0.22841981429826388, 0.0004392822043428478], [-0.006526642403899306, -0.2866574785828837, -0.009428710654807255], [-0.013379134024866022, -0.3374226104242343, -0.017625141352544185], [0.029214076716964053, -0.14558515935196215, -0.009405715436269854], [0.004360768095103837, -0.2450430269959991, -0.02220190669504518], [-0.012112965421154486, -0.3101378704020501, -0.034605433456129486], [-0.021254021580463994, -0.3659037047316187, -0.04578607315085214], [0.02494840600447077, -0.12910993127033835, -0.030110706448296616], [0.006417493842360343, -0.2347586962668934, -0.040702742144483606], [-0.006473562688495296, -0.2977512523269708, -0.05028852491035617], [-0.011895098551742377, -0.34960030637716455, -0.05980639270120268], [0.011363327665721738, -0.10546350682602597, -0.04897442831276554], [0.002555899256859024, -0.17411043391734704, -0.06448462006689049], [-0.0023810351090988837, -0.22117905271129154, -0.07516948865271005], [-0.005294101520910874, -0.26332430145221625, -0.08415963899996651]], "right_hand": [[-0.06352331924672283, -0.03296531123718319, -6.804790320159807e-08], [-0.06175599570205304, -0.08396160252172664, 0.002222978962039433], [-0.051041343372340515, -0.13297089179780583, 0.0010648363151643755], [-0.0368077821794854, -0.1667858860901892, -0.0028518021680290864], [-0.026912763083155194, -0.1917459655559615, -0.007086672945405526], [-0.051430111526801284, -0.14205291262517922, -0.001110225466235219], [-0.03821199427513502, -0.188502532263591, -0.015217414947775393], [-0.03163346101464514, -0.22859406703291996, -0.026620573629671806], [-0.027464733246539474, -0.26405659319143765, -0.034073792778455084], [-0.04988713130146064, -0.13987397219190076, -0.010736003158653086], [-0.03928934945434201, -0.1875131752815086, -0.025482915002461023], [-0.03488943959811367, -0.23338378671037896, -0.03679201372259242], [-0.03146351081664723, -0.27710965154993844, -0.04356659829326772], [-0.043621732129966784, -0.13455843724495326, -0.020632253573040077], [-0.03767567175822862, -0.18826503224005978, -0.03539441111582231], [-0.034166907823627427, -0.23291619155535445, -0.0430048908100781], [-0.03118112854229228, -0.27528650825336126, -0.046104155157005056], [-0.03175538131657995, -0.125106171815679, -0.030576382445522268], [-0.02902881854643495, -0.17483235427872926, -0.04259641307486017], [-0.02848567990566482, -0.21346569143981337, -0.04647391289291563], [-0.026432101803647717, -0.2495151062434359, -0.04764442365200456]]}