{"label": "Z", "timestamp": 1746066752727, "left_hand": [[0.18218854466568926, -0.01567405830486069, -4.1901260834485393e-07], [0.12401086066052114, -0.05278736495765544, -0.0027210572951174307], [0.07783987011889673, -0.09102685088215355, -0.010457216484405354], [0.038584048287827785, -0.10724371848304423, -0.018792912901838297], [0.0062836710678628935, -0.11449301443724177, -0.027967204930636966], [0.09299504057168963, -0.17117467249203244, -0.026162966634243175], [0.0362748559736469, -0.13339994605022848, -0.04802796989956737], [0.007248665371916215, -0.09999906035981897, -0.06145150038377351], [-0.014090930634205927, -0.07090594667081308, -0.06923683195981786], [0.11748718183984364, -0.15912514011608705, -0.03507160934967911], [0.05132083398495248, -0.10753805801887163, -0.056616744667464546], [0.0195791933489618, -0.06505178350198236, -0.06817191579088078], [-0.002096197892643315, -0.032632409303123874, -0.07695260115661925], [0.14176992910787276, -0.1315485157895555, -0.043766021905719724], [0.07651166042080512, -0.08273823328016301, -0.06635812722412962], [0.0428132212590699, -0.04218719544327005, -0.07426200826906147], [0.019840823971616392, -0.011627916926111651, -0.0784905201459764], [0.16245750303511367, -0.09301778221654484, -0.051655608057161406], [0.11019740657145838, -0.062215912593354836, -0.07277850751351374], [0.0789593774232365, -0.035952445355618964, -0.08016251923556897], [0.055757732964478585, -0.014398451373849225, -0.08332763546049933]], "right_hand": [[-0.18218854466568926, 0.01567405830486069, 4.1901260834485393e-07], [-0.13806869589563991, -0.02925989253173213, -0.014449308316565908], [-0.10972983998054417, -0.09720147189807653, -0.019666690173427554], [-0.08905076874341906, -0.1513325263317617, -0.02521012629512813], [-0.06652938017665422, -0.18632642559568788, -0.030408438123320933], [-0.16117268146624944, -0.17853531707229212, -0.0020296065017112223], [-0.1574387596822077, -0.2470633176188969, -0.011885376016756108], [-0.15556265534710773, -0.28765802836411203, -0.022729542733953625], [-0.15475941556889405, -0.3218843462607648, -0.03095432913598381], [-0.19159996487297354, -0.17802436235215058, -0.005428232526104202], [-0.19710361582952993, -0.2543669046733794, -0.013291050713971048], [-0.19795502395749065, -0.30184877407104116, -0.02314080188688495], [-0.19976222192233384, -0.3397663782529731, -0.030793751866580673], [-0.21832289266810412, -0.1638152483936076, -0.011934548721346345], [-0.2309534455921909, -0.23300944894974127, -0.021115433894723458], [-0.23301539879868594, -0.2770602184479406, -0.029551263218690768], [-0.23421953634758755, -0.31333594910023577, -0.03549528944795007], [-0.242940306225919, -0.13838732301997994, -0.020433741393904005], [-0.2609999691785014, -0.19273371113205273, -0.029988330477087263], [-0.271091360498684, -0.22979091630317422, -0.03464297358662473], [-0.2790402162992284, -0.2643382412637449, -0.03755872503134031]]}