{"label": "Z", "timestamp": 1746066782506, "left_hand": [[0.16124200024100913, 0.0034140686215532214, -4.813043171690319e-07], [0.11078600275931612, -0.06948141269253777, 0.00935900520754625], [0.08763641856831567, -0.13225648714084706, 0.0060840999690928935], [0.06968920651024184, -0.1813675126987598, -0.0026247850965317766], [0.05531753439983073, -0.2205719084510304, -0.011547698508950845], [0.1542515532556557, -0.2019386623884816, 0.005642947191618364], [0.09121900883349794, -0.22554230608265216, -0.012078349231768978], [0.053432622483527537, -0.21165773469319193, -0.024716409001659646], [0.029595765718758146, -0.18861264764077829, -0.030356093751783466], [0.16881937663240754, -0.19312744232134052, -0.007083025988572034], [0.08636667543796003, -0.2069986943271625, -0.021481170731243764], [0.0502349033352629, -0.17217492761854863, -0.02929489949002841], [0.03273212804969063, -0.13878268024499538, -0.033712809469433704], [0.17526127080491688, -0.17484878912019977, -0.020566063335848674], [0.09480121800043591, -0.18765955904161075, -0.03447944575257793], [0.06375291537844407, -0.1514610185265124, -0.035819992172996286], [0.05001714379847041, -0.11609571121274956, -0.03475142366021404], [0.1733882491538358, -0.14686173436518907, -0.03365992494244513], [0.11352446041337595, -0.1574361054595798, -0.04479827141925392], [0.08273549514662963, -0.1440502201776971, -0.046324284063988475], [0.06218595372735959, -0.12599877774980747, -0.044972023636285975]], "right_hand": [[-0.16124200024100913, -0.0034140686215532214, 4.813043171690319e-07], [-0.12493215998366325, -0.05700890557276665, 0.010058291308000714], [-0.115823073528778, -0.1211255982803064, 0.011896886687369431], [-0.10454096488489947, -0.16098485420066833, 0.00909193155794146], [-0.09112697360749972, -0.19173990172367203, 0.005796528593138875], [-0.16714815602913893, -0.17332431992335462, 0.005563158319514286], [-0.16413871846847025, -0.2487315244910597, -0.0030266252082428303], [-0.15925694523356024, -0.2933896647781966, -0.009146086447434884], [-0.15428440392431428, -0.3284812101681672, -0.013756892875988193], [-0.18021070803310218, -0.16611325516437647, -0.010698753341562115], [-0.18081004218699911, -0.2601090410803985, -0.021479641574538515], [-0.17616177737382724, -0.31544401072490597, -0.029515583955845894], [-0.1722742989857496, -0.3571107584532417, -0.034733690682534], [-0.183442306815285, -0.151319326199282, -0.02728755261715205], [-0.17203605541832606, -0.24058876979933141, -0.03979987973972436], [-0.15762171935946567, -0.2924221325555701, -0.048724464625224284], [-0.14662754949406728, -0.3316408766567386, -0.05454836512105019], [-0.17642035253258417, -0.13031105682334918, -0.04306036338696103], [-0.1561616748208193, -0.1934912387053484, -0.054139108480225476], [-0.13796956903095886, -0.22937045700154854, -0.05890269362212224], [-0.12334574326720729, -0.256855128996012, -0.06225244238749389]]}