{"label": "Z", "timestamp": 1746080037681, "left_hand": [[0.26574531924069644, -0.0906808715499582, -1.3826315214431154e-07], [0.18834550329169297, -0.11370854720246446, -0.0008184743554009335], [0.14174398344402567, -0.16497759853131141, 0.0156507259713528], [0.11788638259537024, -0.22094547448201352, 0.025282364847758483], [0.1059658143854276, -0.27471355258485475, 0.03565912806207434], [0.2138690147295556, -0.21063109978819816, 0.0798665718135205], [0.1895959954273059, -0.25971982098137825, 0.09685805000951105], [0.17325148347388375, -0.29494782605776654, 0.09530554688834304], [0.1582467040778123, -0.32400858862324233, 0.09094142747806573], [0.24546135751613796, -0.23927319928138066, 0.07532510449480921], [0.23338140076448577, -0.30417764002513764, 0.09141191730069366], [0.21387448499579195, -0.3483320201829641, 0.07884237842464752], [0.19555686946294978, -0.3733284017498768, 0.06712539663055184], [0.27825694435446846, -0.2589442230371644, 0.06406057271152533], [0.27014121446219946, -0.3261801770589433, 0.06742919751939747], [0.24360607918104363, -0.3571305680136739, 0.04972836791221686], [0.21860261844606038, -0.36104320275423996, 0.03831718472674429], [0.31345027759632943, -0.27400107722260325, 0.051247878490146996], [0.304351455053294, -0.33926430307539013, 0.051674505626519644], [0.2752229845356283, -0.3693895419094131, 0.04535677381216809], [0.24324552427999607, -0.3716455440613492, 0.0404707299987503]], "right_hand": [[-0.26574531924069644, 0.0906808715499582, 1.3826315214431154e-07], [-0.1859722926411343, -0.008200411758809848, 0.002725601773596502], [-0.1385085891155418, -0.1064652175147679, -0.007630682718075887], [-0.11350309043823521, -0.19165801764809684, -0.023291016708225528], [-0.09992371762218645, -0.27038692058731467, -0.038122415144447974], [-0.16847390310724378, -0.1956140927381867, -0.025128535113385295], [-0.07373130524674895, -0.22078943781912524, -0.06752397998907751], [-0.014749339414859255, -0.1904753139097655, -0.09328739880169454], [0.025452451606851497, -0.14932823943039236, -0.10576592076022762], [-0.19879052081444656, -0.16119045813381414, -0.04506588575279273], [-0.0965710611650189, -0.1627529699651425, -0.08266569704251356], [-0.034868978632083235, -0.12313172435527761, -0.09467760395033611], [0.0026350594240771388, -0.07936128180515596, -0.0999707032796891], [-0.22339170246081497, -0.10263238430517892, -0.06622122535888315], [-0.1174073857042939, -0.06174069617695682, -0.10025184546770287], [-0.0840288401013662, -0.012319254084461093, -0.0982476096377908], [-0.07370497288672898, 0.019488842438089463, -0.09135827187240975], [-0.23605292863013844, -0.03623547258994308, -0.08767223084391995], [-0.157234838899244, 0.006296330068077671, -0.1064070145111011], [-0.14538637630650475, 0.03522840730184684, -0.10155260237811974], [-0.1520343050554195, 0.04770715718813977, -0.09412700422387957]]}