{"label": "Z", "timestamp": 1746080082628, "left_hand": [[0.17800162547736115, -0.04040139112854953, -1.7911446232506327e-07], [0.16393253114748926, -0.1087034359985851, 0.003128719810631479], [0.13027246704606135, -0.15620275845082712, -0.006442188504692064], [0.0894598242485804, -0.1696047246030629, -0.018330322431811336], [0.06206322458530378, -0.16066391631822602, -0.03177751277561601], [0.1231903487396472, -0.2065337431928364, -0.025802348136072205], [0.055230416045335524, -0.2218564437158711, -0.04390998659635816], [0.016858752113121666, -0.22965973373391327, -0.05662372796795399], [-0.013274895915538317, -0.23894565451636815, -0.06596164961241943], [0.127646600420301, -0.17136963093485863, -0.038235023975765906], [0.05300674351297723, -0.18840081664212066, -0.056686074279514484], [0.006580668281169422, -0.2008123746501179, -0.06811261151371825], [-0.02846833728778929, -0.21162193059620493, -0.07795948398816367], [0.128319427322541, -0.1277811431568102, -0.04835068472153263], [0.05725108566614182, -0.11831499549126985, -0.06095537665774465], [0.07059931020356999, -0.10198260173609867, -0.05505387558168579], [0.09163288757766834, -0.09982821965654007, -0.050266961066875684], [0.12653078259487874, -0.08496092648314248, -0.058439682229334766], [0.07117329631284576, -0.08112968525391322, -0.06534206427133799], [0.08362376415572124, -0.07236376365658925, -0.05685070514973529], [0.10444169575242451, -0.07385211201555487, -0.049885651289550983]], "right_hand": [[-0.17800162547736115, 0.04040139112854953, 1.7911446232506327e-07], [-0.1345166582396338, -0.015321757025583709, -0.015694743679165003], [-0.11427844921670821, -0.09509744795755028, -0.018884255682138418], [-0.10918067587923778, -0.1571057987311053, -0.021732904464138662], [-0.10469983665501155, -0.2044567279042578, -0.02429860425745027], [-0.166640934930261, -0.16616499707609064, -0.004118059734827679], [-0.16784449801862403, -0.24006041562464533, -0.015501766607401438], [-0.16891987754329746, -0.2853689936055681, -0.026692441272579342], [-0.17098492928419767, -0.3239410375264203, -0.03482587048369253], [-0.19814146545604794, -0.1620589339093411, -0.0065203560891336125], [-0.20489361439893225, -0.24371124127129895, -0.015342492443958551], [-0.20755926831220026, -0.29550813800288966, -0.0256596370703812], [-0.21056432656350788, -0.33848148431285074, -0.033670411612867504], [-0.22620228732481168, -0.14340564964446306, -0.012144124538035912], [-0.2389342948070584, -0.21949522812510952, -0.022196819802039938], [-0.24289256853308708, -0.2674906226671257, -0.03161386786023147], [-0.24555741103854725, -0.30838259473028473, -0.03860003483462499], [-0.2528355126354781, -0.11230246363518014, -0.019675353527973713], [-0.27155779486894605, -0.16781638179458494, -0.030818624522470955], [-0.2821699994532124, -0.2059199792310275, -0.036651337558122776], [-0.29110643934485125, -0.2423324895762387, -0.04048002898549077]]}