{"label": "Z", "timestamp": 1746080047671, "left_hand": [[0.3569087305606228, -0.04365517829208131, -1.0922831656487572e-07], [0.2979483406937298, -0.008783839653810813, -0.01925777569604154], [0.23225284144027109, -0.006418305036641916, -0.023857845191131308], [0.18361827189166022, -0.029453680106699222, -0.027301064333059222], [0.14326491310721637, -0.049418780502138625, -0.02760407471842061], [0.17657558070360446, -0.08907507651014354, 0.007654419328646208], [0.11230756515693321, -0.11509347996551253, -0.0017309141368572797], [0.08017458756188009, -0.13813547761024306, -0.013575430331019999], [0.05408620556746397, -0.16320687741539458, -0.02207693061726892], [0.18941734166830082, -0.13177623612846462, 0.008346899957932754], [0.12492023409404451, -0.16730961148156898, 0.005704495346070116], [0.09011963436450583, -0.1937187958987672, -0.002088678612908925], [0.06194479795526158, -0.2195724198850445, -0.008447168348146773], [0.213695111747056, -0.1651101808484264, 0.004312545508262862], [0.15569322918786843, -0.20055329296154006, 0.0014974293802964885], [0.12332380114892666, -0.22455880163706246, -0.0014050908405132331], [0.09712867306199982, -0.24671241768146077, -0.0045546197786674085], [0.24860270284964883, -0.19527240286099815, -0.0030798994465956837], [0.21024803710158566, -0.23028350235292813, -0.0038286767512402944], [0.18604811906732246, -0.25098137837193324, -0.0017121354201254373], [0.16472254560956695, -0.27159588353421865, -0.00048293621722720936]], "right_hand": [[-0.3569087305606228, 0.04365517829208131, 1.0922831656487572e-07], [-0.3352771083047738, -0.06393092649580387, 0.014493634975873759], [-0.2900059236802071, -0.13960814199313454, 0.006581988406527274], [-0.24066192921576732, -0.17676623113801687, -0.0031818660177667154], [-0.20050101754571664, -0.1936034649872356, -0.012074557919129729], [-0.28477237272455164, -0.17690324484958966, -0.04327577834924607], [-0.23672305481664666, -0.2917344831220695, -0.07387640867317202], [-0.18995930129308727, -0.33770487672783034, -0.08918442871020622], [-0.14983417605432642, -0.3609202631887278, -0.0948338896193677], [-0.2677375040774457, -0.1313907777544283, -0.06184161456442229], [-0.17706806724277646, -0.22076485124704098, -0.08934358512283926], [-0.11740050904105431, -0.24312457653210282, -0.09545603758582251], [-0.07768188724695801, -0.24506859653534782, -0.09489275081778283], [-0.24864879106376364, -0.07366554712020135, -0.0766542292238174], [-0.1535653836813326, -0.12905926354863634, -0.09433357249884597], [-0.10351701708025897, -0.14017358722995663, -0.08868439366230946], [-0.07220349725282778, -0.14401720693002731, -0.08081928294406958], [-0.23028989804309868, -0.010237666490965112, -0.08971123612942088], [-0.15515757327304872, -0.05078926101062761, -0.09249869620542393], [-0.12645545727954366, -0.06579025112739459, -0.07898852123176398], [-0.10715960484691563, -0.07883287232912455, -0.06631154586817291]]}