{"label": "Z", "timestamp": 1746066784961, "left_hand": [[0.177617167512457, -0.0637222729003762, -1.8309408629310682e-08], [0.17719567591079347, 0.017275910228319417, -0.018103676734877353], [0.16861050978116046, 0.09374000419574192, -0.03173382141117458], [0.16962665725922607, 0.1582842137813861, -0.04638510401876182], [0.17727778971048253, 0.2102310353793003, -0.061068595893794125], [0.07633493310505675, 0.10135849835437749, -0.0033332229407556737], [0.046741024717970335, 0.17314011981166716, -0.0189099985227084], [0.030050337208728052, 0.21957292636747663, -0.03498902160085816], [0.012806870997478195, 0.2585659722718601, -0.04772258865524513], [0.055889071878279295, 0.07716804063452531, -0.009992542950452325], [0.010295967427596892, 0.14460928724137503, -0.0231585741277448], [-0.017064635566264627, 0.19171217175984148, -0.037295674109519006], [-0.03916611304134639, 0.2300331969460549, -0.04813980079823665], [0.04717149616733909, 0.042577494584657746, -0.020935578830097317], [-0.0012629961521833748, 0.10243750476637961, -0.03383272859696286], [-0.02780414487059928, 0.14327819750845586, -0.044261564312029766], [-0.049957385987020236, 0.17872683708230833, -0.051993903943735764], [0.046045993140055634, 0.0016432905438819982, -0.0345200727992429], [0.006527582972572315, 0.03916023080937602, -0.04466637519899569], [-0.017657996272324613, 0.06895273198225085, -0.04936259810092714], [-0.038594942920481025, 0.09684867205084635, -0.05317042049286862]], "right_hand": [[-0.177617167512457, 0.0637222729003762, 1.8309408629310682e-08], [-0.14107672092638804, 0.0024164208934252304, -0.02152074758374353], [-0.12326411369447543, -0.0705752134559698, -0.03087969164809083], [-0.11227368672253159, -0.128300804500086, -0.03991623273675975], [-0.0975230348687184, -0.17397835405707318, -0.04857661318573859], [-0.20006197305905668, -0.14470681356813506, -0.010022861404111497], [-0.22401573839889036, -0.21272842600527905, -0.022684204498593555], [-0.23981954722329463, -0.2500045077594875, -0.0352735084647716], [-0.2554652697143596, -0.27943553768296886, -0.04466202018872038], [-0.23164072999540877, -0.12971143927818238, -0.011790603651943529], [-0.2601293184263761, -0.20276584621682445, -0.021339388658319663], [-0.2782561123971094, -0.24603329962889034, -0.03248787228261578], [-0.29558437988650815, -0.2783829959182903, -0.04147302209141886], [-0.25618243791203804, -0.10127474400558846, -0.017157332192571973], [-0.2866258809057653, -0.1672315742971869, -0.02729369415994916], [-0.30302575950086175, -0.2064272496015917, -0.03643894051439332], [-0.3171374822387455, -0.2386023029634459, -0.04345085513466486], [-0.275795375091812, -0.0609699927510725, -0.025201432816978772], [-0.31091824694536824, -0.1004653920588112, -0.0359981023057447], [-0.3327979049131933, -0.12646086392592873, -0.041516399504792974], [-0.35225129869299315, -0.150886351890527, -0.045035118290205726]]}