{"label": "Z", "timestamp": 1746079999528, "left_hand": [[0.18230992702168586, 0.00504749097048664, -2.1207858806927559e-07], [0.14205738561222714, -0.03975546303055464, -0.015121752213867093], [0.11131555393650622, -0.0979147084322475, -0.03003832723834037], [0.08651470949550351, -0.1413006448424307, -0.0454284057259055], [0.05695681270881949, -0.17384821675705422, -0.060897124634674976], [0.15831953440923596, -0.1558434739329649, -0.021248739510651666], [0.14394373723384404, -0.2062018611477964, -0.048070267445179816], [0.12293159005866329, -0.22726478180034426, -0.07020373611731372], [0.09912576997575068, -0.2423425619081752, -0.08540210323389154], [0.18735570165248439, -0.14729029313643835, -0.030056122474557256], [0.17717810907597326, -0.204048779022121, -0.05876706692300251], [0.15053617911501824, -0.21568137499313705, -0.07705330360159945], [0.12387565233062935, -0.21812427333471987, -0.08775214005399706], [0.21401170182670684, -0.12206526760108723, -0.041422124682863576], [0.21450302763852439, -0.17433539317621918, -0.07012543519187185], [0.1878873520165348, -0.17696105340327273, -0.08024328594462359], [0.15997136990247898, -0.17298638790311213, -0.0837682044334331], [0.23879632591461306, -0.08366852319462181, -0.05367780854329245], [0.24548684434939383, -0.11257979371902742, -0.07805524047063124], [0.22929361319216932, -0.11921007051684292, -0.08576089367221036], [0.20829591344776985, -0.12171570013098257, -0.0886729185749194]], "right_hand": [[-0.18230992702168586, -0.00504749097048664, 2.1207858806927559e-07], [-0.1366981903795907, -0.041158410408145295, -0.00908096442362343], [-0.10433988735255217, -0.10224923944064143, -0.013889124437813047], [-0.0773753232519829, -0.14549900032831706, -0.020094508143222684], [-0.05093292249499017, -0.17191022405778833, -0.0269596311347367], [-0.14029916534963452, -0.19054020491111953, -0.004344804918290477], [-0.12658453617168078, -0.2553764266388452, -0.01837960070285562], [-0.11381579877063534, -0.2932861077913998, -0.030946296867057306], [-0.10094683467615428, -0.3258597831579832, -0.040295078910137415], [-0.16416163407269277, -0.19182232951901718, -0.011958254076730929], [-0.1558364152502366, -0.26676681124420437, -0.024834613992093336], [-0.14432871599806338, -0.3133972709346986, -0.03612814564315657], [-0.13251794133437017, -0.3541606025796907, -0.04448347585365755], [-0.18654048745281898, -0.1782081722258831, -0.022114034050502437], [-0.18023815413112546, -0.2527465981582634, -0.03685078123448008], [-0.16737498975592016, -0.29723912100626415, -0.04560399576339373], [-0.15365768233361793, -0.3353288292173139, -0.0513206706034883], [-0.20875650546264474, -0.1522885006387377, -0.033497091205654674], [-0.20537340189817518, -0.20749100200145207, -0.04849923448673549], [-0.1924636794513203, -0.2433423014851887, -0.05458890671976507], [-0.1770248833218387, -0.2759118840417466, -0.05813311988440909]]}