{"label": "Z", "timestamp": 1746080009028, "left_hand": [[0.17623979901931078, -0.007066277460111662, -8.380152470684632e-09], [0.1249235291197179, -0.03833277536654672, -0.0190041440743223], [0.08412101440696405, -0.08742888406768048, -0.029636169693012616], [0.056650588079814594, -0.13051139200718387, -0.03947348515387642], [0.029866858463973488, -0.1618648205866927, -0.04922748664690816], [0.12207398243407491, -0.17682709078398917, -0.013503372885563811], [0.1043746379017136, -0.2432863502971833, -0.028026228455946624], [0.09311946972490653, -0.2850198943720894, -0.04068285022012508], [0.08443600371575195, -0.3240911726826185, -0.05082381368794586], [0.1539582627144008, -0.18536242247774817, -0.01775523389272122], [0.14909970924984156, -0.26532488849463126, -0.029974339742314983], [0.1463545164425366, -0.316257162071395, -0.04164757680267143], [0.14364187166549122, -0.3614389067506938, -0.05093133710681597], [0.1852471512931329, -0.17825697987644146, -0.025427932731110246], [0.1804129903159436, -0.2533279366213612, -0.04103061925073194], [0.17375524994862906, -0.3007974593638042, -0.05201050541819507], [0.16687393649418966, -0.34400508074536473, -0.060175181589113114], [0.21706033006772085, -0.15947506116677837, -0.03492484231912381], [0.23147239768516212, -0.21401610686623704, -0.048709039712179485], [0.24134927911361867, -0.2504283074882459, -0.054876715360787566], [0.24868689519273388, -0.2855991232705019, -0.05971918016346449]], "right_hand": [[-0.17623979901931078, 0.007066277460111662, 8.380152470684632e-09], [-0.12902343174229236, -0.026510426252414156, -0.01875168020820243], [-0.08746215497560529, -0.09170453863952688, -0.026492333022495415], [-0.05682229932829118, -0.14296093944017987, -0.03290425327915489], [-0.026510815494233887, -0.16909697066798493, -0.0395393133597232], [-0.11952363296053353, -0.17616137606029691, -0.017429781393112395], [-0.08970337230297953, -0.23877366599244412, -0.03120450375984784], [-0.07101092360588084, -0.2787696716547108, -0.04296370070564429], [-0.05642467954177135, -0.31323267899076906, -0.05225535242430081], [-0.15163208872603862, -0.18642130851002045, -0.021219797713493995], [-0.1427954931314685, -0.2653858326424066, -0.03345201614689002], [-0.1383756522683981, -0.31615842439645603, -0.04489554492762963], [-0.1360523975936839, -0.3601723324046067, -0.05402839525149738], [-0.1844422177452494, -0.17751326850620455, -0.02782637826758516], [-0.17853646477067225, -0.2511323717988443, -0.04420485385383783], [-0.16793416633750627, -0.30057959515670213, -0.05840051692100099], [-0.15881749271831339, -0.34424646627957356, -0.06864362392968343], [-0.21809269205027704, -0.15293665122019917, -0.03580512659594399], [-0.2415453179758286, -0.20371962275610808, -0.05462592778309971], [-0.2573267846534031, -0.23870406584801088, -0.06503019017281406], [-0.27051857916598077, -0.27419016750425074, -0.07192285187983116]]}