{"label": "Z", "timestamp": 1746080007546, "left_hand": [[0.18122684781690213, -0.008036041321931761, -5.985435274481085e-08], [0.13082342612751277, -0.049716979667074515, -0.019585397177113006], [0.09669085278258666, -0.10847629660903195, -0.030290514872443577], [0.08046671982288557, -0.16236681147657897, -0.03988808787169326], [0.06610264026996795, -0.2092927909957559, -0.04889958510659553], [0.1339817090894507, -0.19477376957987313, -0.01320793273593291], [0.1292582354226203, -0.26923940723033774, -0.0295180422819788], [0.1266687235359295, -0.3129493103975856, -0.044046526943006294], [0.12558582036037805, -0.3539863537710048, -0.05482835513047744], [0.16694219192859217, -0.19790749316750686, -0.01700438977176697], [0.1631110421948149, -0.28259722838286433, -0.029819957824063215], [0.15963018274163354, -0.33294499717818815, -0.04237127437853602], [0.156065881499914, -0.3777687468305084, -0.05191818193310823], [0.19809012534947437, -0.18591174092230167, -0.024154041638658596], [0.1973228514415482, -0.26741705659389287, -0.03746654623928668], [0.19474321587816326, -0.3172923203017812, -0.045732998334805895], [0.19132709703859116, -0.36217314984545074, -0.05191722903689574], [0.2292856003114409, -0.16128372053822704, -0.033481923886458126], [0.23323556634536885, -0.22203760415723964, -0.04541006978831153], [0.23450848547501713, -0.26163028218788226, -0.049093741230443196], [0.23475385390269868, -0.2989063052335075, -0.05142875941734854]], "right_hand": [[-0.18122684781690213, 0.008036041321931761, 5.985435274481085e-08], [-0.13075698626055907, -0.03302832153895884, -0.014780764213287877], [-0.09506036756382345, -0.09975050863949672, -0.01906599598321993], [-0.0741851059443211, -0.1539236065217826, -0.023372800525410894], [-0.05396716433677744, -0.19669229232272947, -0.02746711155925125], [-0.13046424527831363, -0.17700145722500404, -0.0028781162063617606], [-0.11144036242421207, -0.24487601973727502, -0.016775618402131303], [-0.09835348299279392, -0.285913739056776, -0.029364607215487615], [-0.08728182414648496, -0.3239119166093694, -0.038450003194593116], [-0.15686523468230404, -0.18433641102618267, -0.006225618010632567], [-0.13728801485515568, -0.2571028328847644, -0.01856998534019802], [-0.1206296053141991, -0.3014382302692877, -0.029623342007529127], [-0.10586572243019611, -0.3432451762298399, -0.03750395563024949], [-0.18457760642562332, -0.17785679188636047, -0.013122655566019936], [-0.1709937282494457, -0.251196472351121, -0.026909357466322895], [-0.15753964110910743, -0.2964808229293256, -0.03528650042680153], [-0.14429137955066731, -0.33705202679472673, -0.04055191855875897], [-0.21392024746048524, -0.15974429088956188, -0.021864412761736927], [-0.20569433100655704, -0.21729644323460295, -0.03479125257015661], [-0.19613822776883078, -0.2556634432562008, -0.040028989771251675], [-0.18536171326861353, -0.29283206597994527, -0.04302739270857157]]}