{"label": "Z", "timestamp": 1746080048042, "left_hand": [[0.2646694307010609, -0.017104735771627702, -1.9536920813253173e-09], [0.19347784604814064, -0.029013730552446656, -0.012517163112871892], [0.1308563468093627, -0.07038342277395869, -0.0073398578005121635], [0.08929574713713327, -0.1172439026499591, -0.002648225874215319], [0.05677277635887204, -0.14767085517165437, 0.0035699458155461243], [0.14956822268119804, -0.14169894348689763, 0.025008193674061246], [0.11266884912925278, -0.19118447661875743, 0.025312535000753027], [0.09162670675039669, -0.22031196323328348, 0.020406463685350637], [0.0741781036441208, -0.24716370047868932, 0.015032274911515126], [0.17986996122823967, -0.16986528667896122, 0.024542840518260053], [0.148154372584417, -0.2245340632296915, 0.026200590911414426], [0.1292682238116885, -0.25829817069288663, 0.018661230288628355], [0.11474903424008757, -0.2870512932980867, 0.011934241623738852], [0.21376861794079455, -0.18450912707639364, 0.019408726419231838], [0.18655869638491518, -0.24344139506196177, 0.014427132244117114], [0.16889215468445748, -0.2774591469206217, 0.007809280061125092], [0.15391568826925028, -0.30539162090470695, 0.00274109481676989], [0.2521074865204999, -0.19155112982113362, 0.012461247392060058], [0.24341311849321756, -0.24315321448199867, 0.006650888348803259], [0.23439662933965102, -0.27454485176586507, 0.0044559349294184475], [0.22490540572899081, -0.303138451637399, 0.0027230488413669835]], "right_hand": [[-0.2646694307010609, 0.017104735771627702, 1.9536920813253173e-09], [-0.23620717446251432, -0.046386828397410915, 0.02803447151359661], [-0.21724000806788793, -0.11948176943100294, 0.032584903518010334], [-0.19711612316272864, -0.16790492230982926, 0.02951610252750822], [-0.18292051673839255, -0.19695666540777274, 0.026364835431358827], [-0.23716354194977335, -0.17889377523435412, -0.003790443810223352], [-0.22871338557518428, -0.28836389573451165, -0.01889912971728311], [-0.20669099603305194, -0.3442494744431869, -0.02516550190360409], [-0.18427495463443413, -0.3806250329522289, -0.02840339374285682], [-0.2431279485934961, -0.16587314633813144, -0.030244427418059137], [-0.24034424981655894, -0.29534850061852996, -0.05448403946349932], [-0.21276756676045294, -0.3563580405027567, -0.06406632532168377], [-0.18460011893031508, -0.38828853540094943, -0.06740023132767112], [-0.235746247981349, -0.14031998695752138, -0.054199719701903626], [-0.1901704188665806, -0.24282505033566112, -0.0788375239912081], [-0.14217674277315817, -0.2792593929179102, -0.08855264799271564], [-0.10496768068815672, -0.30099887598539476, -0.091046568796396], [-0.21406158528574615, -0.10397191444291554, -0.07473595950231565], [-0.15637296649524163, -0.16423637594604934, -0.0922674754428718], [-0.1166976807818043, -0.18289464438192762, -0.09676363397954839], [-0.08547599531459933, -0.19751539567765083, -0.09754996301186561]]}