{"label": "Z", "timestamp": 1746066771521, "left_hand": [[0.0, 0.0, 0.0], [0.048086576103814914, -0.0499296074073464, -0.021141563689129138], [0.09002540790617364, -0.11515376887289312, -0.036122873561264444], [0.13027851271287275, -0.15685919332757436, -0.051367311382043396], [0.17096156810288812, -0.17180018307716738, -0.06745128469053754], [0.03469936945951143, -0.20106057089995666, -0.023104523186937728], [0.06757468435401719, -0.263149823093099, -0.04656168656385799], [0.09356203142075833, -0.3019042666641645, -0.06659594251648425], [0.11466863105802014, -0.33577674271693614, -0.0801480408959749], [-0.00027323453255140377, -0.2101907787339032, -0.029427105126149437], [0.009667961978945663, -0.30357940503189806, -0.046616290985132765], [0.016155392078744012, -0.3623031293793917, -0.06028476622895826], [0.018280590707933198, -0.41331695999684, -0.07042114971665299], [-0.03390552738726496, -0.1954352206968168, -0.03916765421932136], [-0.04469862912619943, -0.27972880386348353, -0.05778258739020813], [-0.048998374619665025, -0.3355493922387307, -0.07105018720291334], [-0.052589444597597616, -0.3867559533142725, -0.07973820543762299], [-0.06484933275188637, -0.1597131553631356, -0.05098513490137061], [-0.09652732656064439, -0.21575780433424904, -0.06789000466220817], [-0.11619802328066942, -0.2539629682784783, -0.07393636720873296], [-0.13321658462108485, -0.29183448150653724, -0.07753799313364115]], "right_hand": [[0.0, 0.0, 0.0], [0.048086576103814914, -0.0499296074073464, -0.021141563689129138], [0.09002540790617364, -0.11515376887289312, -0.036122873561264444], [0.13027851271287275, -0.15685919332757436, -0.051367311382043396], [0.17096156810288812, -0.17180018307716738, -0.06745128469053754], [0.03469936945951143, -0.20106057089995666, -0.023104523186937728], [0.06757468435401719, -0.263149823093099, -0.04656168656385799], [0.09356203142075833, -0.3019042666641645, -0.06659594251648425], [0.11466863105802014, -0.33577674271693614, -0.0801480408959749], [-0.00027323453255140377, -0.2101907787339032, -0.029427105126149437], [0.009667961978945663, -0.30357940503189806, -0.046616290985132765], [0.016155392078744012, -0.3623031293793917, -0.06028476622895826], [0.018280590707933198, -0.41331695999684, -0.07042114971665299], [-0.03390552738726496, -0.1954352206968168, -0.03916765421932136], [-0.04469862912619943, -0.27972880386348353, -0.05778258739020813], [-0.048998374619665025, -0.3355493922387307, -0.07105018720291334], [-0.052589444597597616, -0.3867559533142725, -0.07973820543762299], [-0.06484933275188637, -0.1597131553631356, -0.05098513490137061], [-0.09652732656064439, -0.21575780433424904, -0.06789000466220817], [-0.11619802328066942, -0.2539629682784783, -0.07393636720873296], [-0.13321658462108485, -0.29183448150653724, -0.07753799313364115]]}