{"label": "Z", "timestamp": 1746066786279, "left_hand": [[0.34920612990110816, 0.09610758137122495, -5.6186661525305144e-08], [0.27190877527041735, 0.046357530910310606, -0.027567093666034378], [0.2094593372390848, -0.03868617492158586, -0.04040700601658019], [0.17419682623896712, -0.1141436866574774, -0.05155778232595849], [0.13905424269471287, -0.16346014908026332, -0.06234151059963035], [0.27302808016844654, -0.17434672880003535, -0.017918664898388868], [0.2595390530284028, -0.28274249472010893, -0.037906311743739936], [0.25211122871740976, -0.3481809407505371, -0.05639399689000473], [0.24622521297447153, -0.40751330577862044, -0.0711295896396677], [0.3223232930465281, -0.1853055731928288, -0.023030939367353828], [0.3179119848920566, -0.30822891747408987, -0.038440612080099926], [0.3141981268066484, -0.38245733499764617, -0.054147753073353524], [0.30861279482478166, -0.44614227454677824, -0.06713622975028201], [0.3676608998811165, -0.1732693552554877, -0.03300800782141544], [0.36746230044676736, -0.2899587968456476, -0.05109908549057283], [0.3625916668921336, -0.3603950492784061, -0.06368791662730718], [0.3551196673189943, -0.42105951203704817, -0.07401900053610316], [0.41257097452746677, -0.142304740399619, -0.04611473240208933], [0.4295466031717673, -0.22413427686719015, -0.0632062197281082], [0.43844291701107185, -0.27860694401599967, -0.07020199699848959], [0.444216845460951, -0.32889034182796756, -0.07580561142896489]], "right_hand": [[-0.34920612990110816, -0.09610758137122495, 5.6186661525305144e-08], [-0.29849299654480366, -0.012530905175255685, -0.02905616362170745], [-0.22632164849581732, 0.04913192121139644, -0.04099367661284537], [-0.16744410753304476, 0.10062497503895347, -0.051887917388254316], [-0.12607486668952245, 0.14512698272885594, -0.06197928831930524], [-0.1269029500919338, -0.055205343880404364, -0.00868403113717114], [-0.045556097302673224, -0.050865678592938744, -0.024693440820959693], [0.0011948746051983563, -0.04997552272915172, -0.041349434138237356], [0.04124859020022778, -0.05001283109008308, -0.053538667046104854], [-0.13025418713011566, -0.11387084899188368, -0.010498047116352886], [-0.04099601530022686, -0.1199873384862276, -0.02229902975513682], [0.012375541535268498, -0.12369092325485762, -0.037358912928487746], [0.056272018306228425, -0.12629839919334182, -0.04915581327560455], [-0.14945727361476144, -0.16754692856472025, -0.017491739308953945], [-0.06548884611149078, -0.17587182971080356, -0.031146506476868927], [-0.016990734475221078, -0.17921244197663322, -0.0433778160515803], [0.023863650987448404, -0.1792858691565532, -0.052176594210341265], [-0.18227323477671661, -0.22106063566237297, -0.027949874407747707], [-0.12114648628057756, -0.2457024295669208, -0.04121141685845494], [-0.08145574318834849, -0.2574552121013602, -0.046213616455460044], [-0.04287846542461156, -0.26431373245257594, -0.04927546700164593]]}