{"label": "Z", "timestamp": 1746066782166, "left_hand": [[0.17292270233912901, -0.012968307316048365, -2.811716986218634e-07], [0.13393134130715537, -0.08417573317143985, 0.010656587819041177], [0.12144958125841472, -0.16708779678707092, 0.011954496719963403], [0.10711706438147818, -0.21922274438841194, 0.005995925024418087], [0.09158928706204567, -0.26210146310700877, 0.0004328955699992218], [0.1849684688877708, -0.2227745612678097, 0.020611814347688887], [0.19885818191254923, -0.3010440166158913, 0.006665555073446005], [0.18303655536420255, -0.34559057309134983, -0.005572463402787368], [0.16089260833144406, -0.3755757673982409, -0.01388560518255051], [0.1990937502440335, -0.21436115710849685, 0.0002821644759021767], [0.22384091069532577, -0.3139222832196183, -0.01698447362286861], [0.19936629529471112, -0.36510533132432305, -0.027933837609877218], [0.16981268522152168, -0.39404258270810166, -0.033585687665279466], [0.20619170870944634, -0.19568407217880762, -0.02280636283498341], [0.21895273684871794, -0.28915183223740554, -0.04009036242019363], [0.18396062409521216, -0.33270368440729153, -0.04956887180808865], [0.1492266498784126, -0.35491669539490694, -0.053938684002368543], [0.20320999687839056, -0.17323435780103133, -0.0458157620950303], [0.2022316636114219, -0.24654255898617736, -0.05923605195888069], [0.17618180504828918, -0.28004220054834633, -0.06541842189128069], [0.1482593616054887, -0.2976607122938563, -0.06919624641561807]], "right_hand": [[-0.17292270233912901, 0.012968307316048365, 2.811716986218634e-07], [-0.12204811734379879, -0.06447347197632336, 0.0082507068070791], [-0.10363571936625732, -0.14184142879861728, 0.0036716979781259694], [-0.09218867444143714, -0.19643604855201313, -0.006465682275801176], [-0.07327650139739601, -0.23792069693530826, -0.017708879802811935], [-0.15391164822192038, -0.21307238529349543, -0.0033753888490784725], [-0.11332658840990918, -0.2723052913602493, -0.02527580304007189], [-0.0778188534245352, -0.308389919917973, -0.04253775083628266], [-0.048343802508592965, -0.3331711976137158, -0.054132768122030564], [-0.16967941405326023, -0.19996987911699807, -0.02144164304339209], [-0.11458962495222529, -0.2640502715424162, -0.04241411129573319], [-0.06963466563372832, -0.292561941406648, -0.05487934750950965], [-0.0341983956888732, -0.31019267686098223, -0.06318735492229065], [-0.17717088863060773, -0.17079821628846317, -0.0402400810252391], [-0.12100606799458377, -0.22816803267793956, -0.06209090461179489], [-0.07392496915052196, -0.2485081968492696, -0.06957458111775404], [-0.03635323910212353, -0.2585518945169126, -0.07339296216172612], [-0.17545771401083896, -0.12999316245969286, -0.05867920745180786], [-0.12562403239202147, -0.16997372712826816, -0.07713186727028917], [-0.08593910685258101, -0.18381074723679353, -0.081211546461418], [-0.05289455833554882, -0.18892318248422324, -0.08232785484174027]]}