{"label": "Z", "timestamp": 1746066777135, "left_hand": [[0.26103391820730837, -0.009135419197993544, -1.2948874113293723e-07], [0.2171654763730377, -0.075287297419976, -0.014847448555998068], [0.19625001696482383, -0.1534421618070623, -0.02135684568990931], [0.19290919683157184, -0.21394058212757866, -0.027916646550024484], [0.18922819580729924, -0.2648839366866452, -0.034117758775162446], [0.2565231951309021, -0.21671376885505303, -0.0012918296235448921], [0.26033037983163204, -0.2857074193538224, -0.016849499850932075], [0.26064725537016414, -0.32226428969051285, -0.03267851913518906], [0.2598592511865736, -0.3564577912706992, -0.04418133885128777], [0.2965262103430304, -0.20855577957399848, -0.006727712054964784], [0.3112673822872579, -0.2840320949909534, -0.01767532024155617], [0.3160837359623215, -0.32812573606004425, -0.03107727939766868], [0.3171402452751355, -0.36982345384249743, -0.041570677986678954], [0.330052569383471, -0.18491387290214084, -0.015831242647520286], [0.3475984954340962, -0.25544694279388047, -0.02868206160224926], [0.3541910345739589, -0.29784508727971637, -0.03652069673684131], [0.3559570910089472, -0.3379758312745443, -0.042207999439452415], [0.35841582715629755, -0.14878087671126414, -0.026714025445693592], [0.37759737692328726, -0.20616601525252118, -0.03750976860012011], [0.38764069625731473, -0.2367494619367288, -0.03860523819603078], [0.3923767902470126, -0.26502288894941073, -0.03894520717143832]], "right_hand": [[-0.26103391820730837, 0.009135419197993544, 1.2948874113293723e-07], [-0.2178318463596623, -0.05232096699277019, -0.0034040362971838357], [-0.1884819846015829, -0.11995649056433645, -0.0163368987838951], [-0.16039949623877836, -0.16814097208847917, -0.034649221673003196], [-0.12823250879445822, -0.20668317518771587, -0.05212690821373471], [-0.24120536593124553, -0.2057417977497647, -0.0129212576856009], [-0.21670847901215393, -0.28294828880119144, -0.042094729203013506], [-0.18304953054229295, -0.303477943764618, -0.05964810985476272], [-0.15290948643001748, -0.30907431857435336, -0.06845964152165913], [-0.2708320002099353, -0.1976225434238131, -0.027388426765806967], [-0.21624121313270128, -0.25941979721948294, -0.062317956872376505], [-0.16992859563143337, -0.23756120066898634, -0.07331673127900756], [-0.14256540787395783, -0.20687524047756162, -0.07314429634937258], [-0.2940900123599996, -0.17356343660671625, -0.04352546539370183], [-0.22568754204234678, -0.19517352856990408, -0.07643777077919194], [-0.19199719787203395, -0.14841142464087484, -0.07505230942037534], [-0.177502127016516, -0.11052323067832402, -0.06517377459410238], [-0.30928530605071547, -0.13799247281148871, -0.06051737696978607], [-0.24900351713630753, -0.13320590535120794, -0.07959359126468553], [-0.2209793350743422, -0.09845968493244424, -0.07529482672099509], [-0.20937789412386948, -0.07096507730513457, -0.06602673225434554]]}