{"label": "Z", "timestamp": 1746066774753, "left_hand": [[0.0, 0.0, 0.0], [0.020332120201223807, -0.1049329917745207, -0.030896834158643513], [0.0032106596691367324, -0.20827458100635823, -0.044055205361109455], [-0.01475858932406967, -0.29414385029498036, -0.05222275576802352], [-0.0133462762592642, -0.3635251713081761, -0.05907183382965247], [-0.08025020857621423, -0.17693735538276847, -0.010761927497068854], [-0.13086945171070527, -0.2137790801368956, -0.015950105136607464], [-0.159829916628943, -0.22798733671101828, -0.025812577360216964], [-0.18169949395100254, -0.23263009489218409, -0.03398203796670777], [-0.10495265123990906, -0.12520488006031885, 0.00018588807941740917], [-0.15765045607575187, -0.15958229933178944, -0.0003655351515791526], [-0.1882692450875494, -0.18190789310284758, -0.010405479216774961], [-0.21273453954459864, -0.1931413406015762, -0.02052495753380888], [-0.12103331284020567, -0.07779363207914936, 0.008261720954428054], [-0.1690346660367057, -0.11134592072256755, 0.0077808089200141605], [-0.19745613027107584, -0.1288275129288562, 0.006521118517969796], [-0.2192775951302593, -0.1413671400952969, 0.003394093464926478], [-0.12525397518150977, -0.040043225543842285, 0.013247857587868622], [-0.16883387618770884, -0.06095842747308229, 0.014257250822908045], [-0.19323174516654054, -0.0690764953646621, 0.01886104439720872], [-0.21161589643681675, -0.07621225769055084, 0.021362939709953364]], "right_hand": [[0.0, 0.0, 0.0], [0.020332120201223807, -0.1049329917745207, -0.030896834158643513], [0.0032106596691367324, -0.20827458100635823, -0.044055205361109455], [-0.01475858932406967, -0.29414385029498036, -0.05222275576802352], [-0.0133462762592642, -0.3635251713081761, -0.05907183382965247], [-0.08025020857621423, -0.17693735538276847, -0.010761927497068854], [-0.13086945171070527, -0.2137790801368956, -0.015950105136607464], [-0.159829916628943, -0.22798733671101828, -0.025812577360216964], [-0.18169949395100254, -0.23263009489218409, -0.03398203796670777], [-0.10495265123990906, -0.12520488006031885, 0.00018588807941740917], [-0.15765045607575187, -0.15958229933178944, -0.0003655351515791526], [-0.1882692450875494, -0.18190789310284758, -0.010405479216774961], [-0.21273453954459864, -0.1931413406015762, -0.02052495753380888], [-0.12103331284020567, -0.07779363207914936, 0.008261720954428054], [-0.1690346660367057, -0.11134592072256755, 0.0077808089200141605], [-0.19745613027107584, -0.1288275129288562, 0.006521118517969796], [-0.2192775951302593, -0.1413671400952969, 0.003394093464926478], [-0.12525397518150977, -0.040043225543842285, 0.013247857587868622], [-0.16883387618770884, -0.06095842747308229, 0.014257250822908045], [-0.19323174516654054, -0.0690764953646621, 0.01886104439720872], [-0.21161589643681675, -0.07621225769055084, 0.021362939709953364]]}