{"label": "Z", "timestamp": 1746080061289, "left_hand": [[0.08661048301493181, -0.028097092968267966, -2.0098772419522493e-07], [0.051876458013593876, -0.0854343811809607, -0.0015266850677714246], [0.04276015719796571, -0.16208103326019765, -0.008042226250807076], [0.037902012633151114, -0.21399696841117075, -0.01801971989084539], [0.019754000570330388, -0.2553548900687453, -0.028198841355557853], [0.0897341202838727, -0.21249785996648174, -0.004749616342911643], [0.09135656344783125, -0.28828377608619854, -0.028596989393310387], [0.0705976255685648, -0.324570214196261, -0.04802108212361092], [0.045748266656691385, -0.3455912433675817, -0.06014749711678077], [0.10664633851403843, -0.1998683044955763, -0.018897802928766888], [0.10693833095510585, -0.2870749354019498, -0.044790369261196866], [0.07547995577101177, -0.32482671030348986, -0.0607936156239525], [0.0432264627089341, -0.34228300510825443, -0.06881334043150604], [0.11934628501984407, -0.17671117814978468, -0.03537715514974669], [0.11513477536366806, -0.2563732538158197, -0.05595819272367975], [0.08459774061415636, -0.2968952267842834, -0.06519465965928567], [0.05510510025653401, -0.32082043764194873, -0.06943068585112135], [0.12615861306181345, -0.14540814454869255, -0.0526899780848374], [0.12080307862588936, -0.20107405679823684, -0.069414321439589], [0.10189295827011231, -0.23737296876120753, -0.07676649958589934], [0.08288737884706322, -0.2654893741416148, -0.08060736835624445]], "right_hand": [[-0.08661048301493181, 0.028097092968267966, 2.0098772419522493e-07], [-0.04547558662776324, -0.03686256165724548, 0.006435742521565764], [-0.04420122813410739, -0.10338164844054756, 0.004827182973985964], [-0.043327396634476156, -0.14793139241511444, -0.002077016743147854], [-0.03522611047679754, -0.19088311951646592, -0.009540105108508237], [-0.0803482278209046, -0.16626699357778027, 0.008787231750585397], [-0.06205706726602761, -0.23277432846750643, -0.007543417529065339], [-0.042074516430956506, -0.27738353381485936, -0.022448851403049603], [-0.02381291609985241, -0.3138839125403962, -0.033239498743662256], [-0.09418183096826932, -0.1630394743826904, -0.007276478079550354], [-0.07708872181650823, -0.24782180596002018, -0.022623342455980407], [-0.049886597712767454, -0.2946627279845232, -0.034550982993260836], [-0.02520738055020832, -0.3278109693124432, -0.0426827694259263], [-0.10102849218737521, -0.14931081604604723, -0.025165739792331172], [-0.08697188382403044, -0.23321725051787834, -0.03981763621360726], [-0.06071277898926722, -0.281840048392225, -0.04796924143266591], [-0.03754460265480609, -0.31703426230463255, -0.05343566681659016], [-0.09940921762270846, -0.12869253991002577, -0.043345121990862046], [-0.08575851083952883, -0.1933401075597225, -0.05458222848121427], [-0.06966918586721471, -0.23453089563186738, -0.05909437904962599], [-0.053675680941838784, -0.26769205201006535, -0.06263659229589925]]}