{"label": "Z", "timestamp": 1746066757133, "left_hand": [[0.18054721682984365, -0.026318227881410527, 2.056961106640648e-07], [0.13520028195107878, -0.07610892611979364, 0.018709558612015863], [0.11760361654076787, -0.1313898328345928, 0.021659495904606314], [0.10302700900681944, -0.16486133338030087, 0.018178510909358937], [0.0862213319129364, -0.18456131489506036, 0.013294565961872886], [0.14272431603590607, -0.2231883167196483, 0.010404047808522573], [0.1144401684934678, -0.28985657085316924, -0.0016763632862843963], [0.08924070085510152, -0.33241426377615046, -0.01201011915178062], [0.06740640119701355, -0.3699053853428905, -0.020346611900239675], [0.15720805524005443, -0.22447685331338793, -0.011880495464913186], [0.15589756460989324, -0.31643843088742474, -0.02546659000956973], [0.15048929337401296, -0.37570867996528323, -0.03644457272823796], [0.14722177033396955, -0.42300924851189015, -0.045497762286899876], [0.16474187219048383, -0.21377632736045776, -0.03413812724626574], [0.1706989484079572, -0.29997510816066825, -0.045816847901511595], [0.17668698073536399, -0.34858828006897485, -0.05140094949734627], [0.1845422084533211, -0.39008414167808453, -0.056848731109443426], [0.16656635366079975, -0.19922755276808146, -0.055590748747355395], [0.1740225966206098, -0.26829488245696476, -0.0666514954275962], [0.18136282306158943, -0.3141396871156668, -0.07049317622769447], [0.18926145363397834, -0.35752102383602935, -0.0744164325778749]], "right_hand": [[-0.18054721682984365, 0.026318227881410527, -2.056961106640648e-07], [-0.12409590277167372, -0.0406705643696548, -0.0035339496594715292], [-0.09901814684150242, -0.09645191288539451, -0.013388148297753411], [-0.0808719415864546, -0.13984475480685246, -0.026610929805249015], [-0.062066977451919796, -0.17786331291283178, -0.03582093514001903], [-0.17928364261852062, -0.18724126892267423, -0.0025152669761365634], [-0.10160537032615564, -0.20763762512409492, -0.025745872450930705], [-0.09813886012545009, -0.15851675464130258, -0.03820321505376235], [-0.11326588015411874, -0.1388044182399376, -0.04556851582896567], [-0.19188513321990697, -0.17737784394844655, -0.013245709717175848], [-0.09787681252125899, -0.1818881353870536, -0.03467069347471595], [-0.10248334806723305, -0.1287740874741701, -0.03693779794346146], [-0.12344853427091593, -0.11487033900628067, -0.03626154587648061], [-0.19205595445413495, -0.15433336247932863, -0.026852369665262485], [-0.09981094935131658, -0.14181005442710262, -0.04587034938305258], [-0.10853175399479915, -0.09030854886096308, -0.04063525898102614], [-0.13111621113588656, -0.07524725315471971, -0.03486051206943531], [-0.18308792577394048, -0.1224069116934994, -0.04188234183000058], [-0.11207060228622437, -0.10683484017335554, -0.05198528051904837], [-0.1168984464608541, -0.06619447408601704, -0.04890500979383927], [-0.1350890420426832, -0.05298434456799948, -0.0452740854469409]]}