{"label": "Z", "timestamp": 1746080045008, "left_hand": [[0.29430520959491724, -0.0718482404079122, -5.035856847761419e-07], [0.2209066834045928, -0.12613330777615195, 0.031310038365985254], [0.15433593816612548, -0.13600420262017912, 0.03110417813284203], [0.10046503162803148, -0.11853111802628216, 0.024734833420200955], [0.06142799254400628, -0.08483814512147841, 0.016937608005065143], [0.11311392029270853, -0.16382699599688955, -0.024478726320691837], [0.012319300661177705, -0.12528088669606852, -0.04390654567260106], [-0.00897839624365309, -0.06816756327051074, -0.04303995857791985], [-0.0009649026749850367, -0.031244421591704992, -0.03695688871700193], [0.1306025861799726, -0.13423322593808049, -0.047135319008190305], [0.02609210584537262, -0.06012325101462247, -0.06208569895627246], [0.01477119838108622, 0.007337506166194301, -0.050131513763775865], [0.03034180440947533, 0.03897372189272769, -0.04029500887115322], [0.15217720155503628, -0.08934888987055034, -0.06600938078106014], [0.05489115058103157, -0.01341436930222892, -0.07607929424193671], [0.045182391130972395, 0.04621889103940081, -0.05870984244390689], [0.059059477229349386, 0.07296982899225807, -0.046272594169589905], [0.17720694889390515, -0.04042222664588686, -0.0815440559236837], [0.10051058508673812, 0.030084713068917628, -0.08903570843359665], [0.0817993299732339, 0.07255307568885261, -0.07958450987920089], [0.08087704438418171, 0.09505129934340707, -0.07016381917977227]], "right_hand": [[-0.29430520959491724, 0.0718482404079122, 5.035856847761419e-07], [-0.23517396318236744, 0.0598299576367593, -0.04187404333024919], [-0.18337449568641265, -0.0009544137398066524, -0.053398307836023694], [-0.17024996754000207, -0.08110887233736146, -0.06077902629884824], [-0.17105664998471745, -0.15323557876331972, -0.06485543918858523], [-0.1392382733309751, -0.11511458216947634, -0.007914968256274524], [-0.10822440990962877, -0.20066336918292077, -0.023618073145990955], [-0.09723761405014185, -0.2588896572511645, -0.04137241628812254], [-0.09270858971920796, -0.3129519835495379, -0.05424278946674921], [-0.16956349120234993, -0.14376619982884492, -0.00019408863659198], [-0.12461976633412503, -0.2261719304605759, -0.011239085252088271], [-0.1071156249687289, -0.2839492180325202, -0.02456070336735241], [-0.09773859628067966, -0.3306770671258038, -0.03387135944919089], [-0.20718279131281864, -0.154657418077236, 0.00028169156183725097], [-0.17128912605621213, -0.22791851673098612, -0.013703376581406808], [-0.15453886533322103, -0.27353952523831465, -0.023938031963097028], [-0.14442210879046016, -0.3116596753102773, -0.02977078761859221], [-0.2516566436296224, -0.15283631142751303, -0.00420937865780212], [-0.2266952529326223, -0.20998614110917715, -0.018112185711780672], [-0.21782097888029864, -0.2447937055659064, -0.022865883893984328], [-0.21257574413065208, -0.2793514534794904, -0.024663383826103728]]}