{"label": "Z", "timestamp": 1746066777863, "left_hand": [[0.28272943036611065, -0.06138066709740224, -1.0158527121031227e-07], [0.23903485121458232, -0.11857363427579655, -0.02603200087061789], [0.22040899034131006, -0.1918238315904848, -0.03691224905034568], [0.22268594585031112, -0.252731884776203, -0.045324210705913456], [0.22028160881803316, -0.3085208738484327, -0.0520586786563136], [0.27662227545222723, -0.2661987292742007, -0.006765077873976382], [0.28593953962044405, -0.32599935233465305, -0.02183821270556472], [0.2937673368978326, -0.3605484210780227, -0.03807441679277791], [0.30182518848350887, -0.39279263456778735, -0.049729394955539845], [0.31730924488676415, -0.2586949269443886, -0.0046893242084391305], [0.33585420943719707, -0.32234414081787416, -0.013305886237024975], [0.3462505080864421, -0.3578074544379381, -0.023683123744103134], [0.35712356033126913, -0.3881351452089216, -0.03197086254145159], [0.3491662254452402, -0.23741468781923072, -0.0073221025276422975], [0.3723318965382372, -0.29537466080484437, -0.016459367256838827], [0.383279376849813, -0.32681508567108797, -0.01880018736186077], [0.3945845948449044, -0.35386199070952185, -0.02070394875039652], [0.3759956892747629, -0.20393456307738803, -0.01329628357183719], [0.39902785556205056, -0.2505729749408548, -0.02012421782274601], [0.41105268860807104, -0.2773149017046184, -0.018255583107442096], [0.4222274203169621, -0.30079298956678974, -0.016290282999971373]], "right_hand": [[-0.28272943036611065, 0.06138066709740224, 1.0158527121031227e-07], [-0.20195847311022622, 0.04412003947631212, 0.0057900201112420216], [-0.12819900843267407, 0.03750396217322297, -0.0056490183539314055], [-0.07189654763112162, 0.05363044577139323, -0.02277335004943149], [-0.026802022253058454, 0.0781676890075411, -0.04262134748441565], [-0.11036072242098913, -0.05434941399671329, -0.02161214446009273], [-0.04331767925934444, 0.0026707645006483686, -0.05046145600922989], [-0.002253351764483913, 0.051303857177323886, -0.07212578557125898], [0.024504357544140754, 0.09972492041935065, -0.08566346286366175], [-0.14746108697501442, -0.052135286815205246, -0.04169529534524942], [-0.08056534756540555, 0.04052373221166465, -0.06645501694473901], [-0.04728858479505023, 0.10035247062525737, -0.07828483745984235], [-0.02992371044663382, 0.1451907236970123, -0.08735677684518423], [-0.19300138300198574, -0.03176355737967466, -0.061792476955909226], [-0.13449952108195812, 0.06619132476049258, -0.08561424482502596], [-0.11529936531125813, 0.12218477540774504, -0.08881646819714227], [-0.10724871505069597, 0.1569764899979255, -0.08938099063765984], [-0.23833516917283895, 0.0007886744651227218, -0.08164467067203214], [-0.1986932543140012, 0.0693952676106863, -0.09626288631500421], [-0.1851733701160609, 0.10536661962495691, -0.09335957722747316], [-0.18122939408654548, 0.12624520160774427, -0.08970197245594078]]}