{"label": "Z", "timestamp": 1746066781537, "left_hand": [[0.14735664660328318, -0.024253243368378335, -2.959508549311597e-07], [0.10227623800977571, -0.0887933529324, 0.0021436822841598463], [0.07604286138412249, -0.15919350594553452, -0.005078292263295018], [0.05602347969165432, -0.2081006233034294, -0.01701013612273127], [0.0399577143353046, -0.25272743430976713, -0.028794859771255014], [0.1428414312245094, -0.23127766744368, -0.003899883176382444], [0.12907368618032153, -0.30811069578202277, -0.020690632881163205], [0.11453477621419388, -0.3496056350966739, -0.032341725510331126], [0.09903538438757838, -0.3833890743946485, -0.04042372252712897], [0.16224882598390034, -0.216070158769111, -0.01798648675835411], [0.11731045838099005, -0.2918059929249836, -0.0426335560380495], [0.07178018226834326, -0.2927427302381237, -0.05244245199353915], [0.04067192644708896, -0.2761333980537113, -0.05499325368745181], [0.17064753241982125, -0.18991941913633675, -0.03305204502969234], [0.11147987181198003, -0.24672571221952289, -0.05583396306348387], [0.06589017038694053, -0.23140947739053672, -0.05705533653935433], [0.038009425201672005, -0.2064668961354681, -0.05285744337659434], [0.16837005945383823, -0.15541876235747906, -0.04821061521170262], [0.11676382223980522, -0.1933274224356444, -0.06364414469423868], [0.07891411855119446, -0.1957575511001054, -0.0645265935315308], [0.051252402960670344, -0.18791460348603792, -0.06179111084076498]], "right_hand": [[-0.14735664660328318, 0.024253243368378335, 2.959508549311597e-07], [-0.15413354077426558, -0.05510303744713838, 0.019032148447915984], [-0.1434246007177176, -0.12403362891499763, 0.016172351914867388], [-0.1262951478471478, -0.17087138978833072, 0.007039737941878084], [-0.10308235899782885, -0.19628304308422653, -0.000971947209286488], [-0.14311479192445076, -0.15847716236630424, -0.013249248405241536], [-0.12579423168267828, -0.265434326691438, -0.030347641798622583], [-0.10060190638696931, -0.3107539711910774, -0.034143798641506795], [-0.07883663970953467, -0.32823954964251423, -0.032455383347551374], [-0.12922470064886613, -0.14972139250384006, -0.033186346129126486], [-0.09766312433121008, -0.26586592753456567, -0.052618527190579335], [-0.059047200725134114, -0.30686282816579935, -0.054174072132623693], [-0.03277547900012849, -0.30417653974368575, -0.04989868947086669], [-0.10995990106160836, -0.12683352455197963, -0.05099229213069049], [-0.06339701423010322, -0.2271255901736704, -0.06254355082119221], [-0.02460405093796777, -0.24224242622308925, -0.05448474417020615], [-0.0028303436494472164, -0.23141725724671436, -0.044776368219466865], [-0.08383100897015493, -0.09384808535108918, -0.06747699208487039], [-0.034358221466783, -0.15616997674412486, -0.07204158290702926], [-0.004225900644999596, -0.17291218460911695, -0.06460072596930047], [0.01151618006501022, -0.17552740990658303, -0.05523637419300392]]}