{"label": "Z", "timestamp": 1746066775408, "left_hand": [[0.0, 0.0, 0.0], [0.051169698711491296, -0.05798879444733821, -0.027226797052995133], [0.07842754545467816, -0.1448803526175986, -0.03613840833629459], [0.09963554307741498, -0.22051563242783986, -0.04324509128265857], [0.1271365351248328, -0.2685724621010036, -0.04937338621719548], [-0.0015059182499740523, -0.240419822420851, -0.0045114768040904465], [-0.012645146995672377, -0.32693562403151266, -0.01564749722444305], [-0.024488093814872228, -0.3823750191847722, -0.02809902603741299], [-0.03416144984691789, -0.42758773764371133, -0.03777506771210138], [-0.03901806950676086, -0.2294925730002684, -0.0021701907977487176], [-0.05823539251736211, -0.3151928728890739, -0.011146135995867093], [-0.06988271581709025, -0.3725202392393208, -0.022388001976330507], [-0.07931959439640532, -0.42116644720928675, -0.030452821737296635], [-0.07052550524112955, -0.20606144964177842, -0.004513195715008177], [-0.09720526277995833, -0.2823949111450865, -0.015423855919563417], [-0.11088059496728792, -0.331511674447914, -0.02293578198846836], [-0.12185632543237605, -0.3740985488657547, -0.027403562721371892], [-0.09720230814608112, -0.17334503351562774, -0.010426980102680521], [-0.12191070435876364, -0.23388080206623216, -0.020162580564062928], [-0.13507747517129667, -0.27369920161993055, -0.023178044887591488], [-0.1439284652236876, -0.31272286728295595, -0.024257908063585975]], "right_hand": [[0.0, 0.0, 0.0], [0.051169698711491296, -0.05798879444733821, -0.027226797052995133], [0.07842754545467816, -0.1448803526175986, -0.03613840833629459], [0.09963554307741498, -0.22051563242783986, -0.04324509128265857], [0.1271365351248328, -0.2685724621010036, -0.04937338621719548], [-0.0015059182499740523, -0.240419822420851, -0.0045114768040904465], [-0.012645146995672377, -0.32693562403151266, -0.01564749722444305], [-0.024488093814872228, -0.3823750191847722, -0.02809902603741299], [-0.03416144984691789, -0.42758773764371133, -0.03777506771210138], [-0.03901806950676086, -0.2294925730002684, -0.0021701907977487176], [-0.05823539251736211, -0.3151928728890739, -0.011146135995867093], [-0.06988271581709025, -0.3725202392393208, -0.022388001976330507], [-0.07931959439640532, -0.42116644720928675, -0.030452821737296635], [-0.07052550524112955, -0.20606144964177842, -0.004513195715008177], [-0.09720526277995833, -0.2823949111450865, -0.015423855919563417], [-0.11088059496728792, -0.331511674447914, -0.02293578198846836], [-0.12185632543237605, -0.3740985488657547, -0.027403562721371892], [-0.09720230814608112, -0.17334503351562774, -0.010426980102680521], [-0.12191070435876364, -0.23388080206623216, -0.020162580564062928], [-0.13507747517129667, -0.27369920161993055, -0.023178044887591488], [-0.1439284652236876, -0.31272286728295595, -0.024257908063585975]]}