{"label": "Z", "timestamp": 1746066750840, "left_hand": [[0.18881588414140993, -0.02393159739581543, -1.1334547333177649e-07], [0.21366628559797265, -0.08140266518012589, 0.016845903868205437], [0.2227316979486272, -0.13495416807320057, 0.016131193759672004], [0.2257709655574846, -0.18082025829446322, 0.012363236852793507], [0.2369257968885246, -0.21529832863781811, 0.006909582199917525], [0.20665933623221203, -0.19058718487485063, -0.01238999256033927], [0.19695841810859158, -0.2792345494376129, -0.022438012810266913], [0.1867526825420416, -0.328166877512732, -0.024131627391574182], [0.17733453127280355, -0.36390360357549206, -0.024219947747452095], [0.18801102825863067, -0.18420912050762675, -0.027532416409509968], [0.1733675138076491, -0.28669645007903055, -0.04014696796500647], [0.15531162121559838, -0.3411978237436355, -0.042062411704277936], [0.1381218322055612, -0.3768402203780738, -0.04190633912579262], [0.1629066902095811, -0.16485852329727235, -0.03977580325404215], [0.13199958659077898, -0.2560352451225555, -0.05037236656731928], [0.10827657680406942, -0.3021290102691713, -0.05276087737181252], [0.09088373594949924, -0.33364802623232975, -0.05347739352353786], [0.13408426695669004, -0.13459029119629642, -0.04925601321202442], [0.09097562964140894, -0.19030331086755364, -0.059063201408150336], [0.06742737287073587, -0.21736394383054022, -0.06020586071669549], [0.04872902158541575, -0.2395836392467819, -0.05925713031266725]], "right_hand": [[-0.18881588414140993, 0.02393159739581543, 1.1334547333177649e-07], [-0.22275572316687348, -0.038046247042562965, -0.003846883056988203], [-0.2387025115997176, -0.10894893969756152, -0.011704271866932832], [-0.24419328147814298, -0.17131745411337676, -0.018656729934120368], [-0.25828862237806033, -0.21822544165642913, -0.02608408878854445], [-0.1965333046039823, -0.15975018617859937, -0.031058133794444085], [-0.18448854376020712, -0.2653775564171452, -0.04734728712306214], [-0.17403653309933914, -0.3216493561643883, -0.05323376452468569], [-0.16486039438569797, -0.3632620970337292, -0.05528594995255399], [-0.16400128801010455, -0.1456270335974679, -0.0381955057735416], [-0.14063854578179763, -0.2545861369587852, -0.053419267995522685], [-0.12168508432190119, -0.31330895182831386, -0.057449592464332525], [-0.1072037456298465, -0.3531379586369834, -0.05843375176162716], [-0.13282833483345474, -0.11770178063737333, -0.04463038646045917], [-0.098866374892758, -0.20566616471019275, -0.059925429954962854], [-0.07574359698715599, -0.25675597952688534, -0.06458504353312326], [-0.0597202378587399, -0.29601017468536595, -0.06589454525013025], [-0.10427944477963853, -0.08040126751195133, -0.05020674202706347], [-0.06804872922945351, -0.138622874257052, -0.06143827137626064], [-0.04708343806542502, -0.1718963843724079, -0.061939988791029334], [-0.03144330884685982, -0.2014908696387485, -0.060379096933239]]}