{"label": "Z", "timestamp": 1746080083690, "left_hand": [[0.2318303798574462, -0.12651995518554315, -2.8494369164335033e-07], [0.18005747796662733, -0.1834621547601051, 0.0031815212992295375], [0.11896063523224239, -0.2161863333498849, -0.008648883883862379], [0.06455321427393211, -0.20108925595768665, -0.024326764879168548], [0.024340473951193337, -0.18153061789295913, -0.040909048912489705], [0.10670835012491635, -0.29552380269167244, -0.01913007727328347], [0.02250825734269873, -0.2847191473974842, -0.04062011674833571], [-0.022277284111490762, -0.27534874209980403, -0.05647130990868933], [-0.0612649197697335, -0.2704617696046478, -0.06774487801610073], [0.11678872608914856, -0.27144393660686694, -0.03440861981073482], [0.027217643180769566, -0.24896011678049196, -0.05750870459203011], [-0.024889820471990533, -0.23768270059358704, -0.07195480414554378], [-0.07004913429123612, -0.2334947295268864, -0.08308155917411812], [0.1292617671131653, -0.23231321431458407, -0.047992133090944994], [0.06410431589715507, -0.16446175360672877, -0.06353131390345836], [0.08883295933840607, -0.15030458068851923, -0.05844933334534883], [0.1115324264242132, -0.16131373708084806, -0.054351781089045904], [0.13960717402366296, -0.18516977320844788, -0.062035881654543455], [0.0892664211664103, -0.1354499323044119, -0.06882973234652809], [0.10896120162977016, -0.12519561872399332, -0.058530646140048555], [0.13087796050043823, -0.13648550799615303, -0.050748176278073306]], "right_hand": [[-0.2318303798574462, 0.12651995518554315, 2.8494369164335033e-07], [-0.16982567786278568, 0.08010238571811898, -0.021018594159770004], [-0.12066604214064637, 0.011534032223703219, -0.031000877270016863], [-0.08832085515017822, -0.04701706265633361, -0.04035982402638914], [-0.061132736027591596, -0.08943749483837594, -0.04995306132387759], [-0.1738978969290897, -0.10319393671967544, -0.015789359597048143], [-0.15977146441602944, -0.19144641105494606, -0.032320469978398], [-0.15303781184117887, -0.24497501027237717, -0.04694976244274192], [-0.14852642517382852, -0.29085539668866756, -0.05720578443776323], [-0.21130324210732127, -0.10680595644011516, -0.019495539777019535], [-0.2010146828309504, -0.20558850127077297, -0.03233636265728318], [-0.19355207351917322, -0.26652403428202204, -0.04500931030521766], [-0.1881394400959643, -0.31563216323898674, -0.05479449268284415], [-0.24861488433834603, -0.09256111807873173, -0.026513966820939167], [-0.24730364019323384, -0.18713830913876994, -0.04011263744300487], [-0.24171779896201834, -0.2446498696705752, -0.050579679050136356], [-0.23589181766654857, -0.2915155192449991, -0.05814906151015865], [-0.2878184547562129, -0.06368150263395615, -0.03584446764484867], [-0.2994122427890624, -0.13658350133084113, -0.050314498824925044], [-0.3050093628739658, -0.18600062664805456, -0.056461811344652196], [-0.30899453572827873, -0.23202984970222598, -0.06002028968317364]]}