{"label": "Z", "timestamp": 1746080008346, "left_hand": [[0.16644777176561854, -0.005839219540072957, -1.557893892297349e-07], [0.1206367590526089, -0.043452671618269025, -0.014531510808618427], [0.08463505568120488, -0.09423605378206676, -0.025214341712976047], [0.060080717856543, -0.1397801354810524, -0.03563166959594242], [0.035790608220732725, -0.17572742197231922, -0.04625689203410513], [0.11833034823884692, -0.17613327820020339, -0.014197451752906983], [0.1037078838679407, -0.24345162580804705, -0.02840044779265462], [0.09640931892312882, -0.28110614281002877, -0.04093314630149073], [0.08932125000274167, -0.32090877516484356, -0.051680971141826786], [0.14733793289285563, -0.18725010624719826, -0.020126944527560187], [0.13024649178348616, -0.2625986014986784, -0.035026734527632476], [0.11948989627546575, -0.30635683651210194, -0.0486330447467317], [0.10830683099291316, -0.34811107081088355, -0.05953575498357083], [0.1764575586596766, -0.17763031900667975, -0.028011828832307274], [0.18633649277772266, -0.2536801072962194, -0.04513806205870815], [0.19539193012224879, -0.30343052373563795, -0.054587305535558274], [0.20050902685160044, -0.3472581312618192, -0.06134862091143948], [0.20385227743915535, -0.15396175104750937, -0.03684152621843644], [0.21188900195737798, -0.21189226787112794, -0.05082233313635734], [0.21567605643823723, -0.25005538449521314, -0.05454040250940029], [0.21713006826796935, -0.28695444384268093, -0.05755859332289061]], "right_hand": [[-0.16644777176561854, 0.005839219540072957, 1.557893892297349e-07], [-0.11959345952665401, -0.03514285364462939, -0.0132688522440277], [-0.08405287614849205, -0.09852983392624332, -0.01940700875287421], [-0.05992504413603131, -0.14855768636018918, -0.025828202861417765], [-0.033783895671501175, -0.18000768799063388, -0.032504579703902706], [-0.1182922834510026, -0.17035989948132954, -0.013008861859810948], [-0.09649464711382078, -0.2324240090105751, -0.027017387376051725], [-0.08387861600021164, -0.27059449533796365, -0.03677323708810202], [-0.07283447593151923, -0.3091631979074158, -0.045044089332173215], [-0.14450276839062146, -0.18225838456817595, -0.018567840098063115], [-0.12086193141771966, -0.24828339429336807, -0.035015963769320556], [-0.10083311396751397, -0.29038456323127604, -0.0462773479159514], [-0.0842128653798623, -0.3306084579174576, -0.05394201503507043], [-0.17398755484764786, -0.17391883551764017, -0.026666254348490945], [-0.18206915527314918, -0.24738176785353197, -0.04697927611792642], [-0.18707153509276792, -0.29613875189142597, -0.06032390781325331], [-0.18900510919283495, -0.34259065850930975, -0.06855874040719395], [-0.2035300826597735, -0.1496933414222842, -0.035540449246374686], [-0.2077581661334268, -0.21118715484015813, -0.05396739005873043], [-0.2085292731456888, -0.2510627995122961, -0.06377966800331704], [-0.20766536012642461, -0.29065385471261723, -0.07051255866780208]]}