{"label": "Z", "timestamp": 1746066769863, "left_hand": [[0.19899938583124224, -0.0005317566755278945, -9.481715566861419e-08], [0.16394244510252648, -0.04638563166147104, -0.023673670031276045], [0.14657014258815207, -0.11413470706365854, -0.0385138755408623], [0.1383824933307084, -0.17239371766766545, -0.0529720499502059], [0.1438584923230107, -0.20411721867844765, -0.06701989543903646], [0.19481184177858782, -0.16876295083163276, -0.021687739437724278], [0.20843413221545623, -0.22030363737189906, -0.05066112133535765], [0.20144391328144481, -0.2479813898721868, -0.07409434582814381], [0.18677682343599916, -0.24790477499167962, -0.08770975421266575], [0.23083861386231175, -0.15145161834185347, -0.026731182024334665], [0.25803158168269275, -0.22182882368390058, -0.0591022649791301], [0.24288485349152195, -0.2429826899827998, -0.08089160062277333], [0.2192393006073742, -0.22487012004580154, -0.0909494932206092], [0.25759449884216384, -0.11860479421985404, -0.03466028880946599], [0.2825294797909684, -0.18150448827969087, -0.06567390448323825], [0.2629907015837376, -0.16986606288497316, -0.07081222441897206], [0.23992071471446005, -0.13983688479831358, -0.06777470359496615], [0.27739340084984637, -0.07531237139671945, -0.0441819240286079], [0.28761166257775217, -0.11090161150529497, -0.07078682024205743], [0.2702498772990507, -0.0900211559060073, -0.07158756644828633], [0.2509778102000242, -0.057980715565408444, -0.06629335469322062]], "right_hand": [[-0.19899938583124224, 0.0005317566755278945, 9.481715566861419e-08], [-0.15746762685831672, -0.043021763073067376, -0.017188569645295717], [-0.1253306038605861, -0.10397554396610001, -0.027096786961566786], [-0.10081369238675225, -0.15135767435061115, -0.03661659523207422], [-0.07549187553297367, -0.1848066382858003, -0.04644880937983289], [-0.16979160010785102, -0.18217729193967958, -0.01458280403631937], [-0.1590170851537129, -0.24884893081760726, -0.029841079020876356], [-0.15290138746566645, -0.2894524221017694, -0.043246629254443864], [-0.1477860248588682, -0.32569423609851433, -0.0529133443126507], [-0.19805099129734322, -0.18243157699007806, -0.018439324178199195], [-0.19443410084965837, -0.2569180646773343, -0.03119792172406931], [-0.18920175738842673, -0.30532199503511653, -0.04269938211302936], [-0.1851406260172149, -0.3470437192381418, -0.05133402324354436], [-0.22465438571690885, -0.16734832649179449, -0.025093515561065836], [-0.22906204316099593, -0.23878636909112297, -0.03810978070243744], [-0.22613703523765666, -0.28566348502390804, -0.04762136419522555], [-0.22233072226420394, -0.32718635487415626, -0.054246810962445144], [-0.25037692422098057, -0.14015977516183842, -0.03362023104606425], [-0.261658615087201, -0.19506219690106583, -0.04670197627216829], [-0.2672255076981216, -0.23338906222694292, -0.05265225674416126], [-0.27132717346874197, -0.27075288935893155, -0.05629583795230614]]}