{"label": "Z", "timestamp": 1746066776276, "left_hand": [[0.2689846481249805, -0.007897230796549744, -1.715761139372817e-07], [0.22407898232489773, -0.07451339466025048, -0.019098855278765654], [0.19683314877565466, -0.1515141335353087, -0.028938501587593802], [0.19006427059722494, -0.2168207153450276, -0.040186299810965415], [0.189893537251604, -0.2705171546457892, -0.04881246459509941], [0.24874667360358133, -0.23288392726619378, 0.0009527830248745182], [0.25363225985228754, -0.29866519361119415, -0.027816537146667316], [0.2487106477217939, -0.3203540807291852, -0.053462656540510876], [0.2384630260625748, -0.30701925642272493, -0.06576190289548338], [0.2881263083124446, -0.23091047896309136, -0.0026150298723503526], [0.30351673918295385, -0.3159470061927697, -0.02869515214166837], [0.29523051136511946, -0.33025436888689674, -0.05066368386479655], [0.2783121889305096, -0.29838551176556216, -0.05989596348449879], [0.3244193133047568, -0.20985678864249313, -0.011280588654565608], [0.34577849026926477, -0.28733097452254247, -0.03357141967270167], [0.3336906610682104, -0.3069619633537246, -0.04793735307126773], [0.3120985534023747, -0.2776025197373767, -0.05152894098076017], [0.3579149498272866, -0.173038406207448, -0.02240779212932516], [0.38376539922241293, -0.22873975916480702, -0.039255235875948015], [0.37510827899309807, -0.2535916362017128, -0.048207913860314866], [0.35375716889270536, -0.2416527002283765, -0.04966896733011979]], "right_hand": [[-0.2689846481249805, 0.007897230796549744, 1.715761139372817e-07], [-0.20695208447259217, -0.05074822963891522, -0.0005504543916709238], [-0.16108713790100934, -0.1157406620926915, -0.010858290753087916], [-0.12443856066386735, -0.15394170962053533, -0.02689462864407617], [-0.08800747937526442, -0.17849270637627904, -0.04239815030348511], [-0.2054640459672881, -0.22511388708282476, -0.005611014792109378], [-0.14995436124296277, -0.2635245126570718, -0.03291406764552643], [-0.11127375926897243, -0.24409242244423118, -0.05288536584795669], [-0.0848950448604355, -0.217704151551785, -0.0637642024362731], [-0.23719996025131432, -0.22245544284675445, -0.020938236368080596], [-0.16390042238535996, -0.24157235242841044, -0.047506271426148924], [-0.12393967553624012, -0.19739859412619304, -0.05921674842219302], [-0.10709746121449026, -0.16106713402596787, -0.06357987344537835], [-0.2654890432939843, -0.2001333527301718, -0.03791516531529764], [-0.19267907470263773, -0.20923651096026802, -0.06434562968840911], [-0.17157752175219665, -0.15345508520967416, -0.06314637116809428], [-0.17171835957441323, -0.11537563649147663, -0.057061537857687056], [-0.28902692671059527, -0.16353389857039072, -0.05577409957487383], [-0.2223676097073235, -0.15689610693383374, -0.07501809664218635], [-0.19991100692334188, -0.11028003676904283, -0.07039943880195267], [-0.19689393099255711, -0.07556795380549808, -0.06202092903787948]]}