{"label": "Z", "timestamp": 1746066748318, "left_hand": [[0.22470623314764449, -0.016814288029258415, -3.591663918609233e-07], [0.1727783941343231, -0.03568025811928791, -0.015724004524293414], [0.12497768141520502, -0.0787035331689961, -0.02642273173684704], [0.0900437945180516, -0.11707935009336706, -0.03911450112723929], [0.0629408074580835, -0.1518206117185231, -0.051108796745090515], [0.14218342481110666, -0.17141677453015186, -0.004167526650462568], [0.11128464898636248, -0.21953496734144892, -0.02409436485650902], [0.0881480603331782, -0.22846239722556286, -0.04329161071499949], [0.06613243034349771, -0.22987337389582005, -0.05556967355530643], [0.168396226648444, -0.1928054876240928, -0.00840420828085403], [0.1437990687054642, -0.25393004582447076, -0.02459192699934534], [0.12003565507983885, -0.2727589478443819, -0.04166913289791945], [0.09327365749563994, -0.2741345340447184, -0.053749632461537945], [0.1993075040417836, -0.19799393734190088, -0.01643968054623809], [0.18140351127050985, -0.26270575630441784, -0.0317861660711506], [0.1592301868622603, -0.28461847816143254, -0.04486069833127209], [0.13354056647831028, -0.28750863858943065, -0.052964911988312345], [0.2337496932152844, -0.1899284032853057, -0.026355047463123546], [0.2271153129929662, -0.24606869639465878, -0.037916160282020724], [0.21098240641380592, -0.2720637089570356, -0.04476155618124158], [0.18873168258822312, -0.2832800059928637, -0.04948124878357783]], "right_hand": [[-0.22470623314764449, 0.016814288029258415, 3.591663918609233e-07], [-0.16979193256073863, -0.004073259241284872, -0.013795578680090995], [-0.1232726536034729, -0.06365371285435947, -0.017556729596952748], [-0.08809374515417964, -0.10688432090382434, -0.021685351081058096], [-0.05749925842828029, -0.14242632638217495, -0.02593877280588652], [-0.1436284016113949, -0.1515730622756746, -0.0006141115261703336], [-0.10493469094000177, -0.19625357651230954, -0.019381405635787566], [-0.07382812249900841, -0.21515392591597637, -0.0364978527287085], [-0.04371683059165084, -0.22763729369826693, -0.04784914200098039], [-0.16640998248578942, -0.16816889458605838, -0.005405388050677288], [-0.12966081727077083, -0.22379811713660094, -0.021424410998961592], [-0.09621542136533097, -0.2482312609342401, -0.035610948018792804], [-0.06242177404354078, -0.2647463616077202, -0.04538199248443719], [-0.19424001389438333, -0.17063519668469357, -0.014354367484931498], [-0.16171040385020524, -0.23428863376915757, -0.033473191279392966], [-0.12850885747484941, -0.25939247293344475, -0.04528921889543057], [-0.09484842999340388, -0.27465826703789664, -0.052112478515332475], [-0.22673203879988907, -0.1609302565610798, -0.024834170744308773], [-0.20625560699145473, -0.21578959850589763, -0.04392352881269781], [-0.18053654817116155, -0.24064455533950815, -0.05258469999011635], [-0.15117918817723972, -0.2559983430214449, -0.05726689937707873]]}