{"label": "Z", "timestamp": 1746080010024, "left_hand": [[0.1699892625812345, -0.007408337690771163, -9.324587888201559e-08], [0.1227940759792524, -0.040519403565490344, -0.01567736422967947], [0.08492513148334964, -0.08943663106396298, -0.02649103212840605], [0.058763802887094034, -0.13342788825515325, -0.036714999195292336], [0.03275929244807898, -0.16641164939701822, -0.04739698380308137], [0.11635580484726052, -0.1756047814646851, -0.016255136094937228], [0.09730305418025835, -0.2430570761887033, -0.03076152725778853], [0.08655777067424353, -0.28040882413974466, -0.04340178188130752], [0.07663612893939586, -0.3177951230222535, -0.05396503628618579], [0.14695553299107614, -0.18668501237461735, -0.022279116745634285], [0.13174173725576704, -0.2624658044471774, -0.03743611646128243], [0.12093162159542134, -0.30740838267823145, -0.05202333948148496], [0.10845939077337968, -0.3490394648045375, -0.06348714191108276], [0.1770708739298304, -0.1779428963684481, -0.030365167679951757], [0.1851435071175915, -0.2528295215707046, -0.04789285521341236], [0.18933725985285269, -0.3024333294487939, -0.05972539286161605], [0.18954321711262478, -0.3471997072927599, -0.0682188919755563], [0.2050037196073663, -0.15543666305881895, -0.039343409808003736], [0.2148542744393139, -0.212216221869508, -0.05401572503076554], [0.21977357800860037, -0.2508027208591994, -0.059291127915672696], [0.2218228508706535, -0.28820111724941994, -0.06337616694096006]], "right_hand": [[-0.1699892625812345, 0.007408337690771163, 9.324587888201559e-08], [-0.12246027090965451, -0.028476353365330564, -0.012394820915978521], [-0.08618995775014972, -0.09723525382937592, -0.016258173346534725], [-0.06057811068837609, -0.15070575101829292, -0.02035877784735008], [-0.032699460347245024, -0.1790475898358018, -0.024970620261858114], [-0.11262054016355419, -0.16765376006497273, -0.009788040918594044], [-0.08854897175392232, -0.22928445692161942, -0.023180055692139392], [-0.07301764453137047, -0.2684858501306795, -0.033957577370794474], [-0.05916375098647144, -0.304951577365991, -0.042359546947383066], [-0.1416715064183962, -0.1794836993707693, -0.014559467203454333], [-0.12513110472907224, -0.25192278902288634, -0.027105109391468356], [-0.11299603107241855, -0.2973280501069309, -0.03729051565252374], [-0.10416868943529616, -0.3384619171755711, -0.04479790636938211], [-0.17087664098939334, -0.17294306759303144, -0.02180893849409646], [-0.17454351542826535, -0.24250265078110078, -0.03580761823229681], [-0.17622638923903, -0.29063252903154124, -0.04564808400498798], [-0.17656685168322772, -0.3346444418744435, -0.05264728810484526], [-0.20072191349554136, -0.15231970087064775, -0.030412122770351924], [-0.20514501325393664, -0.20933117227499182, -0.04344572429902485], [-0.20567214436201944, -0.2485182582148697, -0.04995950185685791], [-0.20460657116341133, -0.2880623517197862, -0.0547553350039774]]}