{"label": "Z", "timestamp": 1746066789875, "left_hand": [[0.28056542804638224, 0.10503210735780129, -1.905051999565508e-07], [0.21719485038217948, 0.014991299907532273, 0.009940741602596342], [0.2085658036145828, -0.08056852672499289, 0.009526398280297362], [0.20302550740285302, -0.14698200926645658, 0.004583375096134855], [0.1866125437982625, -0.20036125728464685, -0.0024091326888954433], [0.26398135288545543, -0.1487406558176908, -0.002364546260535157], [0.23651418248058925, -0.2441335315011282, -0.024894728460156765], [0.21553271411933744, -0.30811856239025426, -0.04154262483464552], [0.1979450372909608, -0.363125187167691, -0.054147895484001056], [0.27863190432592216, -0.1361884724101903, -0.024225219604822597], [0.24360780717572408, -0.25454816343524567, -0.04854536791100445], [0.2209127479531259, -0.32745411559034193, -0.06506159620752675], [0.20094067450992323, -0.3927067097105859, -0.0772148155626785], [0.2812032122714461, -0.1077945925731008, -0.04692851775142641], [0.24924316536319624, -0.22807216554199822, -0.07147864164830056], [0.22943951751468838, -0.29902863620452924, -0.08468620627956022], [0.21421406495111697, -0.3632413155092489, -0.09412314159294155], [0.26983248332479276, -0.06993833320266844, -0.06888406195178981], [0.25567556950129744, -0.14612084256487667, -0.09593842375202286], [0.24229653123553901, -0.2048104210789634, -0.111409325810302], [0.23139247495761323, -0.2618875799535327, -0.12252832485193893]], "right_hand": [[-0.28056542804638224, -0.10503210735780129, 1.905051999565508e-07], [-0.20807548395022732, -0.09131600723899505, 0.007608235725879411], [-0.13554580342155292, -0.0878820842792414, 0.0026062030589172414], [-0.08555318437186053, -0.07368830431556897, -0.006701135222441617], [-0.045014123314825766, -0.06967595161643654, -0.017342271734321305], [-0.09221900384319733, -0.13303926138443295, -0.021583100691391504], [-0.007924047669102725, -0.1130917302574053, -0.04694296467010831], [0.043988638959885064, -0.09525104637558464, -0.06273082666017976], [0.08515044812338295, -0.07872864300058269, -0.07234573326526605], [-0.10453118867814488, -0.12920502480827048, -0.04151236497512337], [-0.012119493420129013, -0.09308294867176913, -0.06467086120432466], [0.04475490168346618, -0.06351340762443178, -0.07761363478376226], [0.08810974586131365, -0.0345684316576091, -0.08581315151885976], [-0.1294080387423386, -0.11108041898117157, -0.06095171281790792], [-0.04618820454763746, -0.06977580619040195, -0.08221397608576224], [0.004752611627410049, -0.03893390931372365, -0.09388122071450794], [0.04406266090276924, -0.010508587925654532, -0.1011779054263861], [-0.16349123299634521, -0.08013176829572327, -0.07963278011478364], [-0.11065557621506635, -0.035402975739389664, -0.09626665748114611], [-0.07495019279439535, -0.0064473612578301726, -0.10247843752000528], [-0.04523258152833238, 0.020977255088088714, -0.10627986323141013]]}