{"label": "Z", "timestamp": 1746066749470, "left_hand": [[0.22350889253708744, -0.018352911345466363, -2.5845908073998704e-07], [0.1740637814012693, -0.0332351785804996, -0.014146613393767661], [0.12626085432417375, -0.06951066369046811, -0.02317501927648348], [0.0911845028610662, -0.09760251156274302, -0.033111930799551006], [0.060834311385791484, -0.12194655084576506, -0.04134146888954952], [0.13923017071253835, -0.15466293860954308, -0.0003245741546890031], [0.1149357857657814, -0.1989489724625022, -0.02325526386209561], [0.0963066592762701, -0.2063470558117524, -0.04207821716765421], [0.08288207495024628, -0.19275788572857389, -0.050959339435429074], [0.16488614937892385, -0.17587402867170215, -0.004178462500802264], [0.14537661807433805, -0.23699337782363059, -0.025802357439767536], [0.1278759617041018, -0.2458490202556152, -0.03931569682809398], [0.11745432964792933, -0.22282001601283102, -0.04307916686141717], [0.19486102341474837, -0.18240237690323824, -0.012291899592048334], [0.18073628405458914, -0.24321760872382728, -0.029908552805081784], [0.160796993024989, -0.25704770346268274, -0.03585596748785711], [0.14449745152201332, -0.24777088659408208, -0.034852494833741525], [0.22846710296422404, -0.17612353861577743, -0.022153189377102808], [0.2244807636939437, -0.22873957236345097, -0.033847752960307446], [0.21182485160754164, -0.25830193980190774, -0.03767082728703282], [0.197090144016854, -0.2741302191400399, -0.03693684446240257]], "right_hand": [[-0.22350889253708744, 0.018352911345466363, 2.5845908073998704e-07], [-0.17743992542618375, -0.027112547138920137, -0.011695495498057852], [-0.13842255510943682, -0.08799280839158372, -0.022488178146621966], [-0.10416126946364179, -0.12604590222967285, -0.03539352020596336], [-0.06993892718132648, -0.15042448904341302, -0.04916866703529855], [-0.18480680455414017, -0.17310021692369262, -0.013326248843771826], [-0.17894332086837156, -0.24835856609511495, -0.0316868348385726], [-0.16766460461224494, -0.2882559697481114, -0.04597875772794695], [-0.15666418790912537, -0.3230100220551707, -0.056051400906385856], [-0.20875583801999095, -0.16930818171656106, -0.02311712791321846], [-0.1992271585080905, -0.25836762964078214, -0.041952378715710545], [-0.1781108368217125, -0.3053031742993881, -0.056084787565776076], [-0.1581499174694167, -0.3405471865388122, -0.06556631506405157], [-0.23290051700030273, -0.1510299995280423, -0.03526263583331445], [-0.22001247192374696, -0.22196862782152574, -0.057193579626186285], [-0.1855129238871869, -0.24664559468253142, -0.06775377328405612], [-0.15380060211175872, -0.259491807115858, -0.07277176600486517], [-0.2566195225226744, -0.12280446055421904, -0.048650448915098725], [-0.24525674886355203, -0.18032372586294013, -0.0680445483342669], [-0.2189682449468801, -0.1955839728023355, -0.07328921537027451], [-0.19251236918186657, -0.19868776093544177, -0.07514092380511163]]}