{"label": "Z", "timestamp": 1746080027698, "left_hand": [[0.24847540891290656, -0.025153722170349165, 6.24614375543027e-08], [0.1950191485470253, -0.024131936332788238, -0.018544819134257887], [0.13776956290699807, -0.03632203869775356, -0.03172727752772928], [0.09325880261265926, -0.038611299000046714, -0.043994839455366926], [0.057818277221900645, -0.03430796698764473, -0.056836757135396605], [0.13142238351886665, -0.13932725164702875, -0.020528505929635534], [0.08327694395715424, -0.18243918583001523, -0.03889635735130021], [0.0537312126432591, -0.20851372833684267, -0.053453073731890594], [0.029020797357027693, -0.23285590607582526, -0.06426879379830225], [0.15776415868605914, -0.16986487497546093, -0.026331171694534906], [0.11823077900389942, -0.23698540885513641, -0.041680441165530956], [0.09478157584002765, -0.2787112779263223, -0.05435990226253325], [0.07467027993235027, -0.3138613527269759, -0.06355238084623255], [0.1911513841088278, -0.1830185903497839, -0.035068928896639366], [0.1590837011798264, -0.25146874948830455, -0.05237404555567704], [0.139073744938342, -0.2945685528445567, -0.06311117617924773], [0.11941814274922376, -0.3332538380719425, -0.07045484587419294], [0.22905332513842422, -0.1834581752756991, -0.04522722609455712], [0.215621703551642, -0.2407420856413723, -0.06004351952042658], [0.20617198645460308, -0.2774074897529892, -0.06473304900537236], [0.19457428592376466, -0.3111130509130313, -0.06785556516188046]], "right_hand": [[-0.24847540891290656, 0.025153722170349165, -6.24614375543027e-08], [-0.19443592360455134, -0.002452219054284384, -0.011226027726729582], [-0.15744546847657587, -0.05691120253000121, -0.016236994580784335], [-0.1489871904573615, -0.10790069078809701, -0.024192463616891043], [-0.15946408924671007, -0.1470918472446249, -0.029688097369428457], [-0.1606207714529888, -0.12620933796589248, 0.00825238512814272], [-0.12257404821860209, -0.16389713839498712, -0.022591790198200682], [-0.11942351891107193, -0.12649350652072433, -0.048359076685922486], [-0.12623192572281502, -0.08856868234069719, -0.05837326123766842], [-0.1812308097598118, -0.15055413486064728, 0.002304979621269874], [-0.14471552462903225, -0.21728187414609715, -0.010695336058065955], [-0.12018325132111053, -0.25761368278786195, -0.02333004996180999], [-0.0989210235341129, -0.29469478433703566, -0.031182926370926692], [-0.20996216086466218, -0.1610835743086439, -0.009999292949995159], [-0.1809757670048827, -0.23200129327097171, -0.022641428615631242], [-0.16033041932738656, -0.2706992804192076, -0.03182173452518257], [-0.1419454424670874, -0.30253724566337786, -0.03597044526736061], [-0.24439118995839346, -0.1596439051215659, -0.02433526176195163], [-0.22942090297350487, -0.21955199294906277, -0.029155985350313184], [-0.21703730801425677, -0.2565685608631579, -0.02756458482616589], [-0.20515778238375112, -0.2885716707712796, -0.025618047456855846]]}