{"label": "Z", "timestamp": 1746080021328, "left_hand": [[0.24227567511328024, -0.039102008370833, -1.5515285902642455e-07], [0.2069170855634869, -0.03423469687528334, -0.019906514308617347], [0.17428352042124687, -0.06033055483559708, -0.027415651876631426], [0.17132186219526613, -0.10977546251094958, -0.0327444887734048], [0.17437671120716794, -0.15202726046440437, -0.037693868125100234], [0.12718780697123946, -0.11537272917520751, -0.012309780596669267], [0.0811425542156967, -0.1331073682670594, -0.02177781822125539], [0.05366031620052862, -0.1443908457127708, -0.03050731763863564], [0.028035681184720374, -0.15577071860645075, -0.03808062463205016], [0.14238486489456154, -0.15437108737233252, -0.01649509380632879], [0.09446974098556302, -0.2047931024041177, -0.02621193018579562], [0.06715048854324, -0.23532507770031427, -0.035972197845963665], [0.04162242591993053, -0.2601160287316928, -0.04299506481171396], [0.16794005901250625, -0.17431354200987587, -0.023723618238683124], [0.14172659192109974, -0.23847386459726477, -0.04184823324490997], [0.12376530654652673, -0.27680162268532194, -0.055917692488838884], [0.10441642216589113, -0.3104525992158803, -0.06477075816982965], [0.2017075633464727, -0.18010865231943413, -0.03203665167097527], [0.1793069756344727, -0.21806046226226294, -0.046965198727236444], [0.1830280404631933, -0.19588581305486313, -0.04616487861700677], [0.19055801324964194, -0.16831384450236517, -0.04537748528773556]], "right_hand": [[-0.24227567511328024, 0.039102008370833, 1.5515285902642455e-07], [-0.18586007699052898, 0.0035118180914721054, -0.022770931684985098], [-0.13617843719423228, -0.053016690302069173, -0.03241051334528469], [-0.09715969105512412, -0.09417654389897213, -0.04134310084723627], [-0.0598001930969881, -0.10436111716994262, -0.050322868642123306], [-0.18499043394545592, -0.15776183608412067, -0.012167775238471042], [-0.1676739147785372, -0.2332591520073638, -0.023207296557035302], [-0.15973057990896822, -0.2791276568377103, -0.034348181287010615], [-0.15432818815400345, -0.31618605418690515, -0.042653846945669024], [-0.22164691162448533, -0.16307414341269508, -0.012665788076365913], [-0.2167754222719719, -0.2482864021631753, -0.01986822302076302], [-0.2147899375285143, -0.2997624167800297, -0.02921205910172384], [-0.21411903268164442, -0.3382578789617381, -0.03665532169567109], [-0.2562634646262564, -0.15310697598786702, -0.016545126101032745], [-0.2565994429681562, -0.2305463957539064, -0.024954817940525873], [-0.2559163289487004, -0.2764468292417077, -0.034043743307624295], [-0.2552086884513045, -0.3119270779862858, -0.04089847856377534], [-0.2916880839765805, -0.12873164799749504, -0.023159366707409288], [-0.30894407828390896, -0.18049677031624167, -0.03172901148710437], [-0.3199498412894246, -0.21460448000033006, -0.03556375334624598], [-0.3288310411507219, -0.2454512199553022, -0.037949088491890534]]}