{"label": "Z", "timestamp": 1746066772854, "left_hand": [[0.0, 0.0, 0.0], [0.01535952534143539, -0.09915802468210842, 0.010918939211147387], [0.06332092504614507, -0.1793427846555038, 0.003007197076326498], [0.12078083344906199, -0.21178955669828198, -0.008245080738811257], [0.16619979460570652, -0.2130399309412111, -0.0195909547229942], [0.06777362572419982, -0.2440615417219058, -0.02119550167473172], [0.16790010481796774, -0.2578248318459279, -0.03683659533496069], [0.21877863489374705, -0.24978757757433434, -0.044975665365876584], [0.2537942464604608, -0.24015927545390595, -0.04963231494762714], [0.07865789898523408, -0.20427497076387857, -0.0370492399065104], [0.18678398297549187, -0.21364406826702304, -0.048372593203029335], [0.23231946881157267, -0.195817867260708, -0.04967306650565046], [0.2587128547426813, -0.1778644392145211, -0.050928314144849336], [0.09383078826560429, -0.1485633966854835, -0.05086614762772742], [0.19448487734768186, -0.16137690692472859, -0.057394761543291574], [0.23576153358084304, -0.15322793311511881, -0.0541210473608473], [0.25972477384264037, -0.14558950558138953, -0.05194838287386455], [0.11180974362558518, -0.08610245544382823, -0.06394562995260585], [0.19303006617888144, -0.10879850346772627, -0.06382755588808102], [0.23188449430529845, -0.11905950074308803, -0.05786877782360371], [0.26141651124577714, -0.13006835275582512, -0.0530405867408028]], "right_hand": [[0.0, 0.0, 0.0], [0.01535952534143539, -0.09915802468210842, 0.010918939211147387], [0.06332092504614507, -0.1793427846555038, 0.003007197076326498], [0.12078083344906199, -0.21178955669828198, -0.008245080738811257], [0.16619979460570652, -0.2130399309412111, -0.0195909547229942], [0.06777362572419982, -0.2440615417219058, -0.02119550167473172], [0.16790010481796774, -0.2578248318459279, -0.03683659533496069], [0.21877863489374705, -0.24978757757433434, -0.044975665365876584], [0.2537942464604608, -0.24015927545390595, -0.04963231494762714], [0.07865789898523408, -0.20427497076387857, -0.0370492399065104], [0.18678398297549187, -0.21364406826702304, -0.048372593203029335], [0.23231946881157267, -0.195817867260708, -0.04967306650565046], [0.2587128547426813, -0.1778644392145211, -0.050928314144849336], [0.09383078826560429, -0.1485633966854835, -0.05086614762772742], [0.19448487734768186, -0.16137690692472859, -0.057394761543291574], [0.23576153358084304, -0.15322793311511881, -0.0541210473608473], [0.25972477384264037, -0.14558950558138953, -0.05194838287386455], [0.11180974362558518, -0.08610245544382823, -0.06394562995260585], [0.19303006617888144, -0.10879850346772627, -0.06382755588808102], [0.23188449430529845, -0.11905950074308803, -0.05786877782360371], [0.26141651124577714, -0.13006835275582512, -0.0530405867408028]]}