{"label": "Z", "timestamp": 1746066749343, "left_hand": [[0.21679863114028974, -0.020056169563894007, -2.6261637318429836e-07], [0.16828563607967023, -0.03565499741200231, -0.01332881013964463], [0.12135208665810371, -0.06847003045967003, -0.024775431566405427], [0.08712468619922656, -0.0935112961318697, -0.03742738112767369], [0.05905936146001489, -0.11990092452712094, -0.047729633199701735], [0.13452929550527473, -0.1560909052875392, -0.004464098325202104], [0.1135450579630917, -0.21346733129466972, -0.02971987241256703], [0.09427493582260851, -0.21154784044372216, -0.04852556967232985], [0.08064323683256017, -0.1909584744643303, -0.057319762044777935], [0.16115634230596435, -0.170589144906537, -0.008613571995622106], [0.14124365533297245, -0.238358657050195, -0.037036842369557524], [0.12502159401756047, -0.21994025211786328, -0.051854366796561746], [0.11846216939628551, -0.18084331731473707, -0.054900879284871515], [0.19059866130702915, -0.17516107369569672, -0.016593733295953438], [0.1754202500400187, -0.23748379093833158, -0.038143154368171346], [0.15736203392702208, -0.2269618831832529, -0.04536653625183266], [0.14525170525618805, -0.20207963423470937, -0.04423904757518501], [0.22471169805914706, -0.17018834397542662, -0.026033785158478005], [0.22348358779906216, -0.22375988214849743, -0.03889781116743686], [0.20957251809211155, -0.24922997110893244, -0.04520510310752586], [0.19323251920410411, -0.26314102050982713, -0.046545632769518765]], "right_hand": [[-0.21679863114028974, 0.020056169563894007, 2.6261637318429836e-07], [-0.16889396490195238, -0.01949572242139494, -0.01240774775063683], [-0.13013344052671683, -0.07828098258601042, -0.021224977343489448], [-0.0969608787530353, -0.1161189216180466, -0.030854021475545827], [-0.06516415379602132, -0.1397600441246812, -0.04120914290233435], [-0.1702236663596432, -0.1730577521207983, -0.011742943979545664], [-0.1627136340380439, -0.2422702125958325, -0.026067815569888717], [-0.15648140089528662, -0.28119562214487576, -0.03775620216717634], [-0.15046591459307404, -0.31728543313160024, -0.04688229194659404], [-0.1954499608130911, -0.17065028644081473, -0.019404996319419332], [-0.1891058006902811, -0.2553841883849694, -0.03502539808277977], [-0.17932234296361257, -0.3052923922395733, -0.04781378657181412], [-0.16932303186285835, -0.34733599973072365, -0.057344098852759276], [-0.22022942050673133, -0.15252479636466235, -0.02922993804913782], [-0.21088677679429982, -0.2257113956495798, -0.04822580659880243], [-0.19027606915017004, -0.2617544824017068, -0.059018663134103984], [-0.17016388533110996, -0.2900222585181183, -0.06556096467375168], [-0.244843609211502, -0.1241893198579214, -0.040211541912172036], [-0.23652643147442462, -0.1782321412820886, -0.05860707968731726], [-0.2165028125181185, -0.20479138616216935, -0.06585746862530914], [-0.19433173677444218, -0.22679529230075063, -0.07015412344434192]]}