{"label": "Z", "timestamp": 1746080029579, "left_hand": [[0.2696550555043454, -0.017479120686622447, 1.4032566651657973e-07], [0.2106938248249435, -0.01619620387036565, -0.02136115622096494], [0.14748217508688555, -0.029946577943282277, -0.03666005472692708], [0.09822064436725474, -0.03520818400139682, -0.05073821977642794], [0.059237437763467064, -0.031022865062416267, -0.06569610520569605], [0.14371242498414713, -0.14328253107136996, -0.026548037668819364], [0.09099505397579577, -0.19174264184383022, -0.04805687591650809], [0.05826734140179581, -0.2212597289373253, -0.06464931249319217], [0.030009488450498865, -0.24899431897890073, -0.07709388230817892], [0.1731067412696195, -0.17691663426743898, -0.032994714278979556], [0.12996361958881303, -0.2525236474549257, -0.05188171492573902], [0.1041137738754749, -0.299888799487582, -0.06705087072331163], [0.08146037018283284, -0.3407911088161024, -0.07805892948888137], [0.21025572803564094, -0.1901881695082842, -0.04240928530093469], [0.17651081519811612, -0.26519021782862534, -0.06325501956857478], [0.15574596859172452, -0.3149102381461318, -0.07592844745990086], [0.13512779333930072, -0.36026950908167654, -0.08448783319990322], [0.2520611599079335, -0.18959329210948192, -0.0533349585360365], [0.2372508391073677, -0.2527536330182775, -0.07106976822181638], [0.22763440978260333, -0.29403915720790014, -0.076711991018787], [0.21572954131117178, -0.33292941966492207, -0.0804567730033366]], "right_hand": [[-0.2696550555043454, 0.017479120686622447, -1.4032566651657973e-07], [-0.21527216285991713, -0.0008672172568827794, -0.008973079224439112], [-0.17134585710883718, -0.061540790240762706, -0.01480705515378491], [-0.1723822300983709, -0.11993764558546727, -0.023687970777034217], [-0.18830106127007876, -0.1648396034313233, -0.030595381065500613], [-0.17919018187066632, -0.13169348968655717, 0.00563981185983465], [-0.14829934717144744, -0.1925701628429992, -0.018386242249327972], [-0.12395429900354142, -0.1809842152389742, -0.03501204999052194], [-0.11632115746126222, -0.1472684536598583, -0.04172495515234727], [-0.20575050780576476, -0.14546016057658134, -0.0011059698292333288], [-0.1641701375921899, -0.20271693591379514, -0.028532373959758137], [-0.16068919846214866, -0.14549789598731697, -0.03706489064936227], [-0.1747351593234315, -0.10218187117741236, -0.03505321143667222], [-0.23487094823635712, -0.15277041598312036, -0.011823458987472337], [-0.19029805319422252, -0.21182058196657697, -0.04182061180409945], [-0.19223739621720784, -0.1491403217596056, -0.03828311040893347], [-0.21051116103533177, -0.10928636837437443, -0.027738631273186886], [-0.26953680553796683, -0.15163155605819378, -0.02329350555639473], [-0.22785610532067513, -0.1674941544960052, -0.04714096429300053], [-0.2312088268455321, -0.11958042284042028, -0.043759380189984196], [-0.25106123688500526, -0.09139747424368978, -0.03563802860111704]]}