{"label": "Z", "timestamp": 1746066775718, "left_hand": [[0.0, 0.0, 0.0], [0.05566386521098283, -0.05602862763032275, -0.027279656824242222], [0.10129574187213165, -0.13084343547276509, -0.0408138518083137], [0.13868502387443082, -0.18553901564320183, -0.05358906823535854], [0.17699469327434042, -0.21873171819120957, -0.0663071944576907], [0.050591822349684255, -0.23585413152321533, -0.014554166472311048], [0.06340694227897838, -0.32038011506960656, -0.03522370182900974], [0.07144906460977812, -0.36940228019538346, -0.054213109617667975], [0.08322341742293675, -0.41380133996057267, -0.06829636626450421], [0.015823033664628727, -0.23837847674837873, -0.01617127053122044], [0.028266234248630423, -0.32846625417504377, -0.03454939116202686], [0.04171600214689598, -0.37575303836039337, -0.051381134178616505], [0.0625647546575814, -0.41570024377878806, -0.06403077119562853], [-0.019742167436240226, -0.2230265233741449, -0.02269370391748898], [-0.015679967946859833, -0.3066759570944095, -0.042968685730563054], [-0.004695755439133725, -0.35027438196947525, -0.056794827852521046], [0.016052878509596386, -0.3825402234059437, -0.06571979452022261], [-0.057475659496184724, -0.1952274101462315, -0.03239334201839121], [-0.06270927080087588, -0.26084553453911347, -0.050334106152297206], [-0.05841868249215197, -0.29920654564256965, -0.05904515465531979], [-0.0452371705148386, -0.329141446857549, -0.06463865069350999]], "right_hand": [[0.0, 0.0, 0.0], [0.05566386521098283, -0.05602862763032275, -0.027279656824242222], [0.10129574187213165, -0.13084343547276509, -0.0408138518083137], [0.13868502387443082, -0.18553901564320183, -0.05358906823535854], [0.17699469327434042, -0.21873171819120957, -0.0663071944576907], [0.050591822349684255, -0.23585413152321533, -0.014554166472311048], [0.06340694227897838, -0.32038011506960656, -0.03522370182900974], [0.07144906460977812, -0.36940228019538346, -0.054213109617667975], [0.08322341742293675, -0.41380133996057267, -0.06829636626450421], [0.015823033664628727, -0.23837847674837873, -0.01617127053122044], [0.028266234248630423, -0.32846625417504377, -0.03454939116202686], [0.04171600214689598, -0.37575303836039337, -0.051381134178616505], [0.0625647546575814, -0.41570024377878806, -0.06403077119562853], [-0.019742167436240226, -0.2230265233741449, -0.02269370391748898], [-0.015679967946859833, -0.3066759570944095, -0.042968685730563054], [-0.004695755439133725, -0.35027438196947525, -0.056794827852521046], [0.016052878509596386, -0.3825402234059437, -0.06571979452022261], [-0.057475659496184724, -0.1952274101462315, -0.03239334201839121], [-0.06270927080087588, -0.26084553453911347, -0.050334106152297206], [-0.05841868249215197, -0.29920654564256965, -0.05904515465531979], [-0.0452371705148386, -0.329141446857549, -0.06463865069350999]]}