{"label": "Z", "timestamp": 1746080059421, "left_hand": [[0.13151556078589768, -0.021689961836600994, -7.029270322661137e-08], [0.08599092375126056, -0.057017760055571326, -0.012260550997977196], [0.04951249932999626, -0.10995863377775078, -0.020279270539609897], [0.025170658654548272, -0.15038708990119248, -0.02868204919273432], [0.000572422520705777, -0.17852456440636227, -0.03769946062708141], [0.0866938116955838, -0.18961641257345477, -0.009113067178621793], [0.06882912917026661, -0.25296999404795417, -0.023206484464927457], [0.055459581476255265, -0.2888172208128748, -0.036086718692214775], [0.04292832157538223, -0.32370421038085806, -0.046370542567454945], [0.11472457803928086, -0.1985829347065158, -0.016056980467264878], [0.10539300576753698, -0.2745586395802017, -0.027855652196410972], [0.09664519448859991, -0.3180656320016879, -0.039555247334415865], [0.08677104956218791, -0.3570115804647711, -0.04878648872695672], [0.14246967328159638, -0.19132253631535265, -0.025509401143102756], [0.1358376111641179, -0.26596230639549684, -0.03833670465749611], [0.1269628868584019, -0.30950225338053156, -0.047202153801055656], [0.11612455330185677, -0.3502395052488845, -0.054154330670358214], [0.1700930332371825, -0.171611035668144, -0.03638828311972593], [0.17336594890415558, -0.2280543585560354, -0.04781894721816367], [0.173297119998835, -0.26512991655436985, -0.05230707458173325], [0.17061123547627896, -0.3013317601171216, -0.055905165949451045]], "right_hand": [[-0.13151556078589768, 0.021689961836600994, 7.029270322661137e-08], [-0.1453004663973818, -0.04579261427998462, 0.01605277201699641], [-0.14930380351732517, -0.1248545247358486, 0.01645767591185499], [-0.14982133420743024, -0.18657182356355487, 0.013353926112276836], [-0.16595319648529322, -0.22821860581369807, 0.008729168943315555], [-0.14309387320279784, -0.156260126471705, -0.016567518288524805], [-0.1292070284009393, -0.259305912792823, -0.03195690894537451], [-0.11624044903213925, -0.31520313982699, -0.03618570160713798], [-0.10491824982840534, -0.3558123302224627, -0.03720055082259634], [-0.12652807348536693, -0.1396152104970129, -0.033606829389619626], [-0.10310055162799568, -0.254571239356066, -0.05110819417799987], [-0.08067414386269002, -0.3126746702810538, -0.05479077419490999], [-0.06213466165955911, -0.35140136286474466, -0.05496708013663549], [-0.10215868956867781, -0.11428897632612557, -0.04857104802444302], [-0.07455127160219166, -0.22483617899815778, -0.06639567119253459], [-0.05270730119689818, -0.279951236376641, -0.0721443641411048], [-0.036516975226407816, -0.32057921067868456, -0.07360648688316666], [-0.0708899475707482, -0.08346300896318683, -0.06095333597405901], [-0.04063740518570528, -0.16537797097749293, -0.07634883018396996], [-0.021455318725971128, -0.20800704448275462, -0.08138980295525713], [-0.005889377595969719, -0.2444492441888601, -0.08310734303000866]]}