{"label": "Z", "timestamp": 1746066787202, "left_hand": [[0.28090076791048874, 0.13875558833886545, -7.634756268487629e-08], [0.33843516087284925, 0.05306714437098212, -0.010311886373219876], [0.3702795781105655, -0.043381785370659176, -0.029603285660763277], [0.38843614030038237, -0.13418551193447537, -0.04702364993549723], [0.4192508208574426, -0.19542261046659068, -0.06779569224491144], [0.30636029264994374, -0.09697914203364139, -0.06202732176680588], [0.2843091671524493, -0.23790306994606264, -0.08712109308030522], [0.27205792604361356, -0.32055247801052555, -0.09852960556586497], [0.26271071740029245, -0.3825026035592209, -0.10491989470112112], [0.2550876321783167, -0.07624549606717089, -0.07065905302864119], [0.2252899113991893, -0.22863567318824507, -0.09278579707883908], [0.20628575632004834, -0.319771219999723, -0.10272131208213554], [0.1920398598358615, -0.38588416547126064, -0.11001682143851849], [0.20964812370699257, -0.04237526881458683, -0.07660607406953733], [0.18032139806797484, -0.18379749593321107, -0.09434822558741175], [0.16385430413869256, -0.27248011078992984, -0.1042065249251644], [0.15432903564554923, -0.3369208280683058, -0.11197850627893162], [0.17001726358691324, 0.00023080103731870096, -0.08151916509697736], [0.1390670545137531, -0.1029184473421853, -0.09873646449608316], [0.12204320267265778, -0.16686360748937196, -0.10482203325269532], [0.10928741976131144, -0.22003538827603433, -0.10808013615434678]], "right_hand": [[-0.28090076791048874, -0.13875558833886545, 7.634756268487629e-08], [-0.2739051803014759, -0.01807815051283096, -0.02710689801587758], [-0.251058911392046, 0.09122335155393618, -0.040937249805077736], [-0.2381626846492827, 0.18057001530012953, -0.055090692416962746], [-0.24417194204168535, 0.2531925885120384, -0.06948012850608591], [-0.12397807206140822, 0.08567963432262671, -0.009079350090815048], [-0.06680467035749296, 0.17514706605346358, -0.02681985162339203], [-0.029807485774987156, 0.22329924515956281, -0.045519891622362786], [0.003700145813558559, 0.261651714903068, -0.05935792632652803], [-0.09358634198969731, 0.0328117279552956, -0.01296293689409128], [-0.02344980982978692, 0.1156840025421441, -0.026218859520102233], [0.019582010924503145, 0.1636477952606038, -0.04270857921462342], [0.05428582898123524, 0.20232382985571903, -0.05541997478668639], [-0.07949974839539894, -0.029170602389304665, -0.0215506317803667], [-0.011178761604629255, 0.04034263278319564, -0.03542230977590614], [0.02773764211934167, 0.08289788673431639, -0.0480643330379497], [0.05797485334693261, 0.11986216641665846, -0.05713896046375752], [-0.07848039659458186, -0.1036110546512169, -0.03342311466200183], [-0.020065243303636477, -0.06548938594503043, -0.04576843957336687], [0.014600302386947725, -0.03789594342474408, -0.049088902803320664], [0.04427588414392479, -0.008156097931011061, -0.05071919037572835]]}