{"label": "Z", "timestamp": 1746066785912, "left_hand": [[0.24157642753427913, 0.008192302836020605, -1.5167059203412502e-08], [0.1728599769481426, 0.00027171290647729044, -0.021267732166645223], [0.1093665102056544, -0.038419613633989665, -0.03200842780887655], [0.06292473497472967, -0.0691174325710195, -0.041705872420009095], [0.02208253271899433, -0.07970393092141985, -0.05153125178568469], [0.12929421043637834, -0.15996167962005226, -0.015623058501386462], [0.0932041360370546, -0.23272790911423624, -0.03238765569494018], [0.07130996310536378, -0.2763228079107404, -0.04760949187666043], [0.05136230508554187, -0.3144041826745929, -0.05975006717486973], [0.16302730907615426, -0.1843426626429826, -0.020375581763341866], [0.13101292827398986, -0.2709212040287165, -0.03447743785673485], [0.11061080661222514, -0.3214171497509106, -0.04798153180627471], [0.09109569779925811, -0.3643970964532704, -0.05837128940238108], [0.2004238577435086, -0.19129034296476743, -0.028637344173225353], [0.17208671045289659, -0.2755224092577665, -0.04531181336086493], [0.15264656292185735, -0.3242153926622243, -0.05521604555993732], [0.13189002744977157, -0.36750388069669526, -0.06246085888068614], [0.2417099142718188, -0.18426544034791079, -0.03903028131906546], [0.2332381589074049, -0.25082881942716795, -0.054778996067305456], [0.22450095190368172, -0.29288772938101515, -0.06012503663834125], [0.213285196202899, -0.3315671421214541, -0.06369975277027341]], "right_hand": [[-0.24157642753427913, -0.008192302836020605, 1.5167059203412502e-08], [-0.17743058240796014, -0.014415741514864354, -0.02072963142010369], [-0.11984598002040202, -0.04603974970151377, -0.03096912811565201], [-0.07419810302966223, -0.07078710381581514, -0.040500399130956495], [-0.0376415859668347, -0.0797987630304016, -0.05037428701180071], [-0.13033599398298462, -0.16845750173014307, -0.013632339695526912], [-0.10020601545276231, -0.23985073099263662, -0.027076402659068178], [-0.08358117713417172, -0.28177426278448714, -0.040066080790019006], [-0.06944704045828964, -0.319175561753495, -0.04966149718302882], [-0.16140003182780852, -0.18991084232028804, -0.015980359723324716], [-0.13015048220262213, -0.26954511664446407, -0.025509338473500644], [-0.11089019391908542, -0.31661782324511817, -0.036848172642181785], [-0.09423046208033992, -0.3556134299775403, -0.046094498932501636], [-0.196242820500299, -0.19671516571253927, -0.021412100029940345], [-0.16778156750264384, -0.27446029833337526, -0.03166439781012182], [-0.1479659613466356, -0.31783262864851747, -0.04125535739837665], [-0.13012617631132417, -0.35238698596157175, -0.04858403745787163], [-0.23643552498991105, -0.19212915710067827, -0.02920822825157286], [-0.22819988244521205, -0.25653337732997605, -0.03942835007547442], [-0.22039862618054742, -0.29540378045954957, -0.04357642326888034], [-0.21151799702575763, -0.3303184106506394, -0.046324926608590035]]}