{"label": "Z", "timestamp": 1746066793895, "left_hand": [[0.16230806773175052, -0.0009764146009041483, -1.1884549956154565e-07], [0.11522832939055583, -0.04256416104833435, -0.010339676220611427], [0.08124049305538737, -0.10757873008891931, -0.012887987521568289], [0.06349082924258935, -0.1597223989722598, -0.016000402076196383], [0.04270870518680524, -0.1925703701986576, -0.019163164263152045], [0.12242633963179182, -0.1821218743215296, 0.0026836464429439264], [0.11114451443721246, -0.24808922255353089, -0.0058467509563605085], [0.10354754161693347, -0.2865968854639614, -0.015630785491804324], [0.09672432983269576, -0.32191940769414273, -0.02399705099269585], [0.1530980516462272, -0.1875036981839946, -0.0031530975526107776], [0.15044348380779451, -0.2631885090644583, -0.009430865230497647], [0.14738494041200165, -0.30757823624396186, -0.018460911600430695], [0.14316174116310373, -0.34543013892827124, -0.02588912965307102], [0.18205794905701178, -0.17749109643710598, -0.01198437247858482], [0.1822017980363801, -0.24923400273088597, -0.020556490744857086], [0.17924006778433849, -0.2930919429878868, -0.027720031864675566], [0.174658636405225, -0.33299722816954713, -0.03369350466025165], [0.2099651993489667, -0.1551471946521497, -0.022392981154458803], [0.21944693452484051, -0.20849147184246397, -0.030369650366117308], [0.22461249536958927, -0.24289287888880295, -0.033205681655500655], [0.22823668287347268, -0.2759664733033687, -0.03572983128215612]], "right_hand": [[-0.16230806773175052, 0.0009764146009041483, 1.1884549956154565e-07], [-0.11583599635594614, -0.032093850882747826, -0.022479934788121336], [-0.07651505604133314, -0.08025611839320998, -0.03609324773272127], [-0.04737702166276834, -0.1181348875081882, -0.04839968848964162], [-0.021299155981560198, -0.14372379198400204, -0.0611222700882174], [-0.12093521356577797, -0.17481772992998373, -0.02517633945536157], [-0.11108849048812823, -0.24631588147381486, -0.042733015841663266], [-0.10656725401271445, -0.2894973242232964, -0.05691068782911126], [-0.10415326996961517, -0.32794747495670473, -0.06692069007259514], [-0.15343410722197307, -0.1779094843071282, -0.02771918249774389], [-0.14988157985149536, -0.261360064387146, -0.04215894170558228], [-0.14834531739867998, -0.31149685789619563, -0.05446498592808496], [-0.14851060860952234, -0.3530191810601968, -0.06364916853062005], [-0.1842531635932362, -0.16512975769302812, -0.03282726788162028], [-0.18652435608208098, -0.24180228195755624, -0.04707290880554899], [-0.18523564859757136, -0.288869350779332, -0.05741683219260463], [-0.18446296456859043, -0.32881098005379217, -0.06461530260958459], [-0.2146183789802454, -0.1391660155963229, -0.04005076157854991], [-0.22771893620664746, -0.19518315016314908, -0.0532795193612822], [-0.2359385072265624, -0.2317654769247298, -0.05872579720082191], [-0.2428890506182521, -0.26671874238878696, -0.062022089905184825]]}