{"label": "Z", "timestamp": 1746080037944, "left_hand": [[0.3369005716813063, -0.11743699159721287, 1.8420302892367672e-07], [0.24317900389037367, -0.11855203255665758, -0.013722191475958387], [0.1665263068894323, -0.17464394385635054, -0.00790805591081354], [0.12683371893740614, -0.2522071241429684, -0.004031222140963279], [0.1124864803485857, -0.31900890206600196, 0.0016643736602182258], [0.1867480636249112, -0.19722544231698774, 0.03981592034517173], [0.1384827987005364, -0.24618442336057408, 0.041098789681590635], [0.11093701507041091, -0.2850021830830449, 0.03526233928693356], [0.08922887080034747, -0.322042557726317, 0.028666199099116933], [0.22309836552834142, -0.23902579476448627, 0.03971341901183756], [0.18133122067601343, -0.2868855877206942, 0.03855444890953535], [0.15168924236581838, -0.32527367898605486, 0.024033070345223968], [0.12895678006381966, -0.36088023088106763, 0.013044753760274813], [0.26498309975452283, -0.2725257502703895, 0.033947190582721685], [0.2283867167773331, -0.3216328305135429, 0.027304913670082184], [0.19856073390294354, -0.35647730425506513, 0.014641988852450815], [0.17600115134263666, -0.38385066704242704, 0.006513229235846771], [0.3126165303848573, -0.30450093760407393, 0.026112063268498728], [0.2887105661811622, -0.3547968998160337, 0.021854051361621888], [0.2646644848380458, -0.38599536594860834, 0.017653963276660235], [0.24183946401282466, -0.41162457906399835, 0.014683053353513872]], "right_hand": [[-0.3369005716813063, 0.11743699159721287, -1.8420302892367672e-07], [-0.2944539922006546, 0.010842613567853949, 0.021999635308351244], [-0.21331726861766612, -0.06610772805914693, 0.021245939013315028], [-0.15742666098115932, -0.1318495328941241, 0.013379626561887455], [-0.1423369517385093, -0.20429487764866025, 0.005527137571546235], [-0.16634028595115918, -0.11842253962272625, -0.0005526160591108843], [-0.058727319173453876, -0.10124614742324649, -0.021261275964736884], [-0.014865592740319247, -0.04962680413842289, -0.035028468046520524], [0.0028108046065439627, -0.011404806473027437, -0.04238648127391284], [-0.16644994888897946, -0.08256189678175199, -0.02374227477866748], [-0.04686645060192863, -0.026875874631069704, -0.03618807434960961], [-0.04749856301653153, 0.03803167976443066, -0.03577392849639771], [-0.07085543379355003, 0.05871539475433381, -0.036008036479938714], [-0.17180641186374387, -0.028206292154166517, -0.04547665103254156], [-0.07277321413273266, 0.03538569635627813, -0.05159366249770245], [-0.09381450872992855, 0.0858452212710837, -0.03911617282690929], [-0.12485537784572447, 0.08965269177262968, -0.03202419234713367], [-0.17943428547299523, 0.03410305994583038, -0.06654109221355711], [-0.10969021449444995, 0.09430848561411835, -0.060324444056856504], [-0.13148265710702753, 0.12197285985212254, -0.0447168395616359], [-0.16220660784177804, 0.11289294659776372, -0.03481144709504225]]}