{"label": "Z", "timestamp": 1746066794299, "left_hand": [[0.22409893214852694, -0.001829620725353742, -1.9635742015481793e-07], [0.181147900792805, 0.00198982898264766, -0.035458360254608814], [0.13097583041812694, -0.014903933448619946, -0.06468663377514], [0.08864598651944275, -0.02258585943458683, -0.0910932975859948], [0.04968088495486299, -0.03605003992042148, -0.11782753171279399], [0.1705825028737467, -0.07937964052891422, -0.07555192066113847], [0.16441231749870439, -0.06883914544777726, -0.11808767413633889], [0.1611090021648059, -0.042448270727910103, -0.14554683448666478], [0.16331571641920178, -0.006049775542056023, -0.15941867212345334], [0.21503886466544678, -0.09121969481861265, -0.07634538733440699], [0.22533023913463734, -0.06397580566720674, -0.11857285289941459], [0.234366187758027, -0.034152028623517114, -0.1398497223284864], [0.24531707238483424, 0.009418391650948231, -0.15127495990132853], [0.25368470262460174, -0.08888583774171842, -0.07835759428390895], [0.27335582322959595, -0.06528740124743021, -0.12178341669114774], [0.29217309930845403, -0.03810770607822152, -0.1359383396438254], [0.30868612501772436, -0.0054176123897862975, -0.13933672386730692], [0.2854926824542235, -0.07493632861461687, -0.08209840405790043], [0.3027947591946679, -0.06638146592677417, -0.11948543814740682], [0.32679768233971174, -0.045914884115659416, -0.12988516301973846], [0.35139481486737845, -0.019379111772183297, -0.13190026377123962]], "right_hand": [[-0.22409893214852694, 0.001829620725353742, 1.9635742015481793e-07], [-0.17290981142659498, 0.01055820376588101, -0.02747929787232847], [-0.12630913082440193, 0.003741144117648762, -0.047872704538866044], [-0.08725827587627638, 0.012212720647554555, -0.06748822033492757], [-0.04914761835059753, 0.015711477142768996, -0.08936129367947436], [-0.15423877034597494, -0.08954175082274644, -0.04535176200981487], [-0.14815530679817535, -0.08919818389216508, -0.07039540184495657], [-0.1415839782089502, -0.07821796925625049, -0.09068083280383106], [-0.13206696670819681, -0.06857632827497415, -0.10451614627833501], [-0.19504183969824876, -0.10496057350357324, -0.04622459206759311], [-0.1982832783973677, -0.09530735731430014, -0.06991660443409821], [-0.1965167218032314, -0.07186105871316467, -0.08519013173765481], [-0.19459482222846916, -0.04394087304672845, -0.09711442333534966], [-0.23666440841269215, -0.10179966550949157, -0.048722133422907786], [-0.2456902114354472, -0.1051059322908474, -0.07398695599870286], [-0.2558960285156497, -0.09095678541307649, -0.08631799971365865], [-0.2651383363501292, -0.06916495757724805, -0.09437627560225752], [-0.27399605674600686, -0.08851893592967743, -0.05317531423964063], [-0.29661944337385016, -0.09441486727301943, -0.07618266573513767], [-0.3163762481878403, -0.0806855637960556, -0.08361329787538588], [-0.3342493493076393, -0.06273153998210393, -0.0879287233407747]]}