{"label": "Z", "timestamp": 1746080020445, "left_hand": [[0.23811740479483726, -0.03975959436832691, -3.972694347091757e-08], [0.20212608229745133, -0.043091528052471045, -0.02183178332949761], [0.17409852479965585, -0.07373127199391137, -0.0355176246686161], [0.1746078964506548, -0.1237512936338213, -0.049495063142104806], [0.17750758966451707, -0.16703590451997355, -0.06198153079626938], [0.12443106363042579, -0.14071391858846177, -0.020138392176538907], [0.07718200024439124, -0.17121935938096663, -0.03968613217732164], [0.04762275944716003, -0.18936406771552927, -0.05161635687166626], [0.02385498413281103, -0.20587129716063346, -0.058826362603368265], [0.1508830197187687, -0.17253035417756774, -0.02486243436750888], [0.11661003248839008, -0.24069431950637482, -0.04525073072236069], [0.09502373243873499, -0.28110776434387663, -0.05791814491105449], [0.0767038026089846, -0.3159141017290714, -0.06388096944819886], [0.18521760994096556, -0.1809792378361523, -0.03220615996074767], [0.17773161123820122, -0.22364956376474304, -0.06109379188338086], [0.18781987559725838, -0.17530001841570153, -0.06419318995845032], [0.19405554139288242, -0.1405822426836077, -0.05836167370805163], [0.22131378692601672, -0.17495657487410998, -0.04109172736715098], [0.21802122269049481, -0.18443767136218425, -0.06343257828902128], [0.22143032676795427, -0.14479191116651707, -0.061720747411745235], [0.22401847588888454, -0.11736932563420366, -0.05502066720899218]], "right_hand": [[-0.23811740479483726, 0.03975959436832691, 3.972694347091757e-08], [-0.1835634460909605, 0.004807052810634072, -0.0232166424072258], [-0.13427403358125942, -0.04944004770579907, -0.03415145284473157], [-0.09348667701334183, -0.08815354798486312, -0.044353963108729876], [-0.0558745409807449, -0.09889132982099084, -0.05442589542062453], [-0.18058828823180592, -0.15569624851362387, -0.013316821541321836], [-0.16188956470316024, -0.2303388408966839, -0.025246266885276647], [-0.15343983797371372, -0.27632380775359966, -0.03701448227924942], [-0.14772632713611142, -0.31394721740818754, -0.0457667979245073], [-0.21691438828657472, -0.16221691147317865, -0.014073472738329706], [-0.211575789100643, -0.2473302282921256, -0.02215821595581981], [-0.20941839037126192, -0.29854605772133797, -0.031892606222156415], [-0.20861026773750327, -0.3373607461101328, -0.03948321433384704], [-0.25150008618468267, -0.1529668752201707, -0.01817863474538316], [-0.2510976570922046, -0.23064922821796816, -0.02709032754535676], [-0.24970404135113436, -0.2764140947610227, -0.0358282497162771], [-0.2482339610435169, -0.31233395229813565, -0.04234487132742686], [-0.28673378207167977, -0.12911224400074373, -0.025033560596969054], [-0.30381914245877806, -0.18168992696646064, -0.033630143408359174], [-0.31440219138229286, -0.2159004289215608, -0.036923888923402724], [-0.3226512182308521, -0.24699672514418516, -0.038836248126448765]]}