{"label": "Z", "timestamp": 1746080011298, "left_hand": [[0.17241027326296215, -0.004895367395240636, 2.4009501963622385e-08], [0.12204407218091255, -0.036401585068843646, -0.0173758802101604], [0.0831695350403618, -0.08854607924999071, -0.02575005007911869], [0.05700939711623585, -0.13529003100179354, -0.03376788752098581], [0.03240750766873343, -0.1689967718791886, -0.04121456925810462], [0.11469365034374449, -0.17616679330608287, -0.007563724194036585], [0.10446763749911636, -0.24655509206741258, -0.021071782857581774], [0.09925542432248595, -0.2897839493304882, -0.03376517160377866], [0.09526833277141876, -0.3291468608268655, -0.04376716578233125], [0.14294296127176445, -0.1835804534351391, -0.01174797533713395], [0.1300020511924292, -0.263126026361329, -0.02331393729537475], [0.12112521171697693, -0.311258911163087, -0.03522705673984923], [0.1130532267282401, -0.3540559736741557, -0.0442779795320536], [0.17319349663583636, -0.17722513981372068, -0.019316706159694483], [0.16194481707455052, -0.2552676582441559, -0.033294259464964296], [0.15249121204587598, -0.30065870314272136, -0.04255836371596498], [0.14326500313921928, -0.3410681833516557, -0.04915880269750285], [0.20678280596816093, -0.1588284163451195, -0.02890728579047311], [0.21454364162541636, -0.21654684827207832, -0.04144085399504742], [0.22028674083979083, -0.254111163444178, -0.046649045016168206], [0.22440627485122758, -0.28925614245485676, -0.05021651893914574]], "right_hand": [[-0.17241027326296215, 0.004895367395240636, -2.4009501963622385e-08], [-0.12450464986987951, -0.027916415014118092, -0.015067737884936495], [-0.09005125066969775, -0.09562849851478061, -0.01799048698183013], [-0.07113932564536371, -0.15013405571436703, -0.0198737109494994], [-0.04965889830001497, -0.18453426238905307, -0.02187983438058447], [-0.11426020054210201, -0.16741073396449857, -0.010672365074104488], [-0.09757264298316969, -0.23643592614809275, -0.020736986523313523], [-0.09023605813074526, -0.28059942458093123, -0.029103998543157646], [-0.08643473627888576, -0.32020857282250303, -0.03594030855930929], [-0.14104207903105784, -0.17493920835082954, -0.013734348829980973], [-0.12152996757668233, -0.24661775301640462, -0.023333475541217553], [-0.11020981296485703, -0.29438136930180536, -0.03289526981743388], [-0.10217054407356692, -0.33858691754224446, -0.040587343935761605], [-0.17108342381910288, -0.16901878788829391, -0.0193884710844797], [-0.15540592765692968, -0.23841813675809923, -0.03267025764045794], [-0.14003548169167543, -0.28369758127484496, -0.04427080123537853], [-0.12662963737809607, -0.32462449543204375, -0.05269298799132836], [-0.20529095192459101, -0.15292566257520507, -0.026249562341649522], [-0.21614697095984514, -0.20915893763618898, -0.0417445748479321], [-0.22145974764659776, -0.24916699132945216, -0.05076772263564237], [-0.22485960449325973, -0.28785446937166054, -0.05701384147064159]]}