{"label": "Z", "timestamp": 1746066766027, "left_hand": [[0.16854478942775764, 0.005740200356734987, -1.3318608941005086e-07], [0.11484836555338512, -0.029003238029232898, -0.009191349921619667], [0.07603869204958909, -0.08062326838583732, -0.02103988162288205], [0.056754126119576184, -0.12108720972476941, -0.03528257260024548], [0.054344043326538714, -0.1478996387929188, -0.05003910529654862], [0.09591234047187196, -0.18557951587997645, -0.018393735653304124], [0.06607149165996744, -0.26078142161111784, -0.040598947868499206], [0.04407711934423191, -0.3055833235285519, -0.057556895388793196], [0.02451248235650333, -0.3444324367086908, -0.07005456717394085], [0.12173931605706563, -0.19028418917150475, -0.03146453206110933], [0.09164679813866844, -0.2836061135293137, -0.05377377679856898], [0.06972089561371698, -0.3402555999956577, -0.06972466370378116], [0.05047213498714161, -0.3861209373727072, -0.07988630304383712], [0.1490693516170138, -0.17426450156809892, -0.04610832628554561], [0.11299725828694519, -0.24692301929754, -0.0689032056895776], [0.08748723591413594, -0.2719347736319108, -0.07757286204020006], [0.06813689232141698, -0.29152105981626675, -0.08138879654997519], [0.17320517721240267, -0.1422962882801493, -0.06192145194926587], [0.14811974830629693, -0.19030882214341854, -0.08253081410646766], [0.12585611831395907, -0.22130252993592972, -0.08845300232127615], [0.10713730309954005, -0.2502882242638542, -0.09069333522179475]], "right_hand": [[-0.16854478942775764, -0.005740200356734987, 1.3318608941005086e-07], [-0.10676541925716389, -0.03712677937343045, -0.0036182444863016253], [-0.06576448810427134, -0.08860987014846675, -0.010679291213561053], [-0.040124951936509126, -0.1295096221544274, -0.020191352297844037], [-0.019342575681493862, -0.16402656283143202, -0.02933369586156364], [-0.1021662773862936, -0.2011799494040335, -0.0017922337776326812], [-0.04268541251710413, -0.20901498435587093, -0.022181547239714335], [-0.0013836584858945614, -0.2086963261290371, -0.0402434130955968], [0.0327951284701113, -0.20701592221714368, -0.05239108860050253], [-0.12156555040683038, -0.20191200633164644, -0.01245714315112824], [-0.045614358128376796, -0.20447522634352142, -0.030290792262097622], [0.00017512854007473635, -0.1969357870546495, -0.04259125164403061], [0.03853429684441638, -0.1918062286492092, -0.05070555281946041], [-0.13710823778361408, -0.18354377349618634, -0.025316359324252437], [-0.0617680912756669, -0.17830776385966138, -0.04551605530408326], [-0.01547194610293382, -0.16920114707897704, -0.05362943386478632], [0.02275577904799897, -0.16336595946988958, -0.057511662028482465], [-0.14770860426278312, -0.14908184196957572, -0.039057177335423], [-0.08475016051442313, -0.14244251570358657, -0.05641259513203457], [-0.04735807191890476, -0.12894077549154384, -0.060207430087998295], [-0.016084113593472726, -0.11913003261205588, -0.060439497136922954]]}