{"label": "Z", "timestamp": 1746066768449, "left_hand": [[0.16605555674637082, -0.0023818788758078633, -1.2979820409111632e-07], [0.12380947341601113, -0.05873604684768466, -0.01740686819729925], [0.09514410781805309, -0.13825261724121812, -0.027548554121400167], [0.0825481593247363, -0.20273889868967065, -0.039100299058567704], [0.10673289840695828, -0.24137891274361936, -0.04413436318295353], [0.16196080267222984, -0.2159068965555304, 0.00895698070019226], [0.12075920749969726, -0.23899876519468527, -0.01848948260385973], [0.11741029955605918, -0.17797997572232166, -0.03264355561546168], [0.13205234437889599, -0.1619272078158365, -0.03988769703404138], [0.19419303366547064, -0.2074520210594299, 0.006039033811887875], [0.14237190635167318, -0.22143329193664404, -0.021540559338495472], [0.13630998548001147, -0.1530322669753109, -0.021956417234996157], [0.15578949988903545, -0.1463839243463732, -0.015846662529244573], [0.22263152429254368, -0.18616753909247144, -0.0037409400555045206], [0.17129929522773463, -0.19760155380222177, -0.031166849411556865], [0.15942870154411323, -0.13551968219574273, -0.017266909392999127], [0.17734912052808635, -0.12800871188114457, -0.0010436528524842804], [0.24476338403858944, -0.1548743039017895, -0.016388120186015986], [0.1969564210904794, -0.1639994400661087, -0.03101606388509398], [0.1836447942445152, -0.12607261410012596, -0.023160180053709244], [0.19749232604993128, -0.11678696258948126, -0.012750678021519692]], "right_hand": [[-0.16605555674637082, 0.0023818788758078633, 1.2979820409111632e-07], [-0.12450897690663222, -0.05475987680599453, -0.014151806174642357], [-0.09663511229167067, -0.13130022515307643, -0.0248443164117779], [-0.09185793082758151, -0.18950696031351347, -0.03722101785209711], [-0.11505896792701065, -0.2162516440546715, -0.04626415019337575], [-0.1778080170168647, -0.21267156839817372, -0.003325426423273045], [-0.129705732394339, -0.23798731454829894, -0.03133104975669075], [-0.10915846364032103, -0.1947892623222303, -0.045675991180024376], [-0.10671254938698971, -0.17369581923155017, -0.05115721790317751], [-0.21045826858289798, -0.20135967152504128, -0.008491588712907906], [-0.14537950573311123, -0.20340320643946036, -0.034295158444227446], [-0.1353927379890041, -0.13579892387535802, -0.03897244768398082], [-0.15057353378807165, -0.12276976419469177, -0.036196140528636546], [-0.23387140508276874, -0.17453719665859546, -0.017887050519902494], [-0.1676474525147976, -0.16847944994487601, -0.04594828087073722], [-0.16050601376212276, -0.10714200146051048, -0.04088100728806353], [-0.17633698209431184, -0.09676286286982996, -0.030680216117588293], [-0.2513932512752713, -0.13930725619222303, -0.028722476750647402], [-0.19426513275720075, -0.13769607866011976, -0.044098203946858455], [-0.1848693403972157, -0.09666448555650874, -0.03745077441497064], [-0.19830634614069018, -0.08452408948225516, -0.02770901017570942]]}