{"label": "Z", "timestamp": 1746080057835, "left_hand": [[0.10389541493621098, -0.0033671799307864775, -5.768997707148294e-08], [0.05400625601228686, -0.06518006523467393, 0.006343108496050064], [0.04873191921747152, -0.12871964954979118, 0.0026115956037204096], [0.051148838320276474, -0.1777055090735668, -0.003931038930461136], [0.05113069548269948, -0.2147820614158027, -0.011938232859750517], [0.09912052114613504, -0.17123168511318126, -0.010621561235013415], [0.0812653545003366, -0.2563267034497876, -0.02555621134075464], [0.06350490297385383, -0.30643787445493487, -0.035841125506473386], [0.04606963606236994, -0.34921456569049053, -0.04453993279724053], [0.1066042435807295, -0.1656631015988859, -0.024853626984597157], [0.08057608512514106, -0.27142166315338767, -0.041852416044897596], [0.057669524675538805, -0.32278748268071206, -0.05199186070124497], [0.037509544233360906, -0.3667544312103195, -0.0603281578558191], [0.10190413947918052, -0.14972552989070045, -0.03872804016448981], [0.07700757119438725, -0.2502113787908687, -0.05363088583634539], [0.055329930504939694, -0.2986254022189181, -0.06091633934096712], [0.03729385045474368, -0.3384938916625208, -0.06733269942851397], [0.08460993511051682, -0.12916771425685078, -0.05212413902084967], [0.0727855585922196, -0.18935911316218193, -0.06800839138541365], [0.05852239649438709, -0.2313981673267309, -0.07771665150208679], [0.04469795039254831, -0.273088387806339, -0.08565536599902747]], "right_hand": [[-0.10389541493621098, 0.0033671799307864775, 5.768997707148294e-08], [-0.06302368203305639, -0.060281538702070085, 0.012285332212904074], [-0.060113281709475656, -0.12928203790149528, 0.012404614932830606], [-0.05702386941425649, -0.1755974935677604, 0.006554548190242257], [-0.04452357316326033, -0.21163404141710065, -0.0010571965452944433], [-0.0868490306371578, -0.1775028480319863, 0.0049276892538117735], [-0.07732903217023276, -0.24678372933702267, -0.009786728888094072], [-0.06310500789669297, -0.29045609443509895, -0.022207015794815217], [-0.0491855495766699, -0.32724761012278203, -0.03168870088680797], [-0.09740713216421933, -0.17042484381237763, -0.014363946089066586], [-0.09456963990299765, -0.2561181004308347, -0.02885859648411927], [-0.08187044586275684, -0.3112529558186393, -0.042627264749198784], [-0.07085841687762831, -0.35605356377359104, -0.05344057915605164], [-0.1040078767612788, -0.1526749293924352, -0.034027327010260164], [-0.10344370581636299, -0.2349431114139076, -0.04806306982746062], [-0.09278670997923391, -0.2884180556161479, -0.060064220172585996], [-0.0838188004365675, -0.3303754868181917, -0.06946676555345042], [-0.10415406921123048, -0.12813167108220339, -0.05287573973868144], [-0.10084341729184654, -0.18783012354472228, -0.06512975588253607], [-0.0954674330707811, -0.23132246653500685, -0.07333821139394354], [-0.09159253098011637, -0.2679205312460366, -0.08045760643759861]]}