{"label": "Z", "timestamp": 1746080086283, "left_hand": [[0.14889796619812012, -0.2050255817277218, -1.490210084513059e-07], [0.10185826790649238, -0.2727463585518508, 0.00522913295368227], [0.032494707131438434, -0.2929054941054868, -0.0036803540236108466], [-0.03009197185351419, -0.2662773085679228, -0.016438248919052885], [-0.0698675867467663, -0.24046657326424767, -0.029832790518558736], [0.005210054200647716, -0.355108643397652, -0.0224144299397391], [-0.08421576105198765, -0.3431454283494878, -0.043369582874608965], [-0.1322078686995802, -0.3407985236407378, -0.05522157442935345], [-0.17211387240947715, -0.3413533751684788, -0.06314339997195655], [0.008451140929329696, -0.3249673615906815, -0.03716045873182731], [-0.08708499645188883, -0.2991610321084374, -0.05963159020240786], [-0.14220060067320642, -0.29712515489500546, -0.07059527710300935], [-0.18643030130268062, -0.3024308095462784, -0.07812758691010742], [0.0177879577060152, -0.2773798375878882, -0.04976190400970805], [-0.03792103429449364, -0.20433846156619206, -0.06516792191495356], [-0.012740225715744591, -0.1912102885873719, -0.05918410560572734], [0.009768892747214491, -0.20193490386826737, -0.0528444634088722], [0.028699779276730338, -0.22233362211689536, -0.06265315540968053], [-0.0013076478007362482, -0.16321884790818325, -0.07191189515617921], [0.01962665384990759, -0.15657505717187115, -0.0653920431139369], [0.038450108829648666, -0.1684722553917125, -0.05872218166361012]], "right_hand": [[-0.14889796619812012, 0.2050255817277218, 1.490210084513059e-07], [-0.10055109006004212, 0.15069712743770453, -0.020816984828553972], [-0.06666012524724611, 0.07208016677172634, -0.03077377704815997], [-0.043507192910210254, 0.006223169901503848, -0.04037663494613812], [-0.023329000710277846, -0.047224073106874404, -0.04985664091933282], [-0.1198217535383207, -0.026303165153380968, -0.012217751023462323], [-0.10870926148749258, -0.11097005882219405, -0.030721509319916254], [-0.10310750038948145, -0.1626771316027354, -0.047014301590661056], [-0.09913312049067233, -0.2075070108508332, -0.05847736485275799], [-0.15457762221903223, -0.026949540278316326, -0.016628091358695488], [-0.15344916798753974, -0.12594588057405448, -0.031821648805678525], [-0.15117202799254334, -0.18611452726907426, -0.04544543851170631], [-0.15064939183110623, -0.23686982513193686, -0.05530408665311419], [-0.18649217078442976, -0.008674991904598589, -0.024899985848924264], [-0.1948015265056796, -0.10122619114070792, -0.04080386451309295], [-0.1956006602712724, -0.15744529502093255, -0.05083999089060076], [-0.19566805171588178, -0.2071538402049201, -0.05754243192180302], [-0.21686660866153154, 0.025463098369479412, -0.03561437081245681], [-0.23195211774373947, -0.04182956184897998, -0.051241925168112774], [-0.24087873492190828, -0.08846359560095074, -0.05713488756500214], [-0.24899208445933352, -0.13373478542129705, -0.06036026607167527]]}