{"label": "Z", "timestamp": 1746066767657, "left_hand": [[0.14415142934589992, 0.00041839850942188125, -8.889763908411473e-08], [0.10267589238771321, -0.04989553537373251, -0.01534340274467681], [0.069001136466514, -0.11506587538019819, -0.02614448427377023], [0.04319238115707396, -0.16100191135847997, -0.03677565809261336], [0.01651831223898813, -0.1913267827376494, -0.048091998753692196], [0.1234986286649922, -0.190261756005186, -0.01507994558561933], [0.11425653770343931, -0.25994217897972904, -0.03222170419403441], [0.10657393562228447, -0.30107233541761963, -0.047166664513177366], [0.09918515141129394, -0.3397270772693279, -0.058773968960560224], [0.15702482673265133, -0.18838555838661927, -0.022061376615976097], [0.16240743975250807, -0.2675583975436713, -0.03611687152082461], [0.16355613454743145, -0.31576016387740735, -0.04914679249219603], [0.16175446804316365, -0.36042690122484794, -0.059359107074401084], [0.18653588895618475, -0.16877487417112996, -0.031849150467503445], [0.1964643955732172, -0.24200920139855178, -0.04767579718562751], [0.1978147239969857, -0.2873010728319586, -0.057925668310592246], [0.19480395408511186, -0.3312734409172401, -0.06553902551603392], [0.21194320051775867, -0.13589311223491532, -0.043063510371718836], [0.2298518129038398, -0.18531174159253008, -0.05647976081338527], [0.23739687578656174, -0.22034221887080727, -0.06138417778091896], [0.23994559934747997, -0.25549896450488135, -0.0652335245736191]], "right_hand": [[-0.14415142934589992, -0.00041839850942188125, 8.889763908411473e-08], [-0.10493015791012465, -0.0499076015770365, -0.02070845842027663], [-0.07682215070293243, -0.11384598610597316, -0.034219419828311066], [-0.051773217018911355, -0.16114286478807285, -0.047445530572736296], [-0.024031269709381922, -0.19259189117570336, -0.06153446699883989], [-0.13067790323662087, -0.18949178868149053, -0.024078949593270515], [-0.13227203880367636, -0.2611096132479509, -0.043267016007989705], [-0.13309269582067298, -0.3050468108724766, -0.05891028116967003], [-0.13410866237925248, -0.34567247585840005, -0.07060882900489904], [-0.16318712599558505, -0.1823650079139464, -0.02888334268216951], [-0.17651616804986714, -0.262110797737531, -0.0458503329082035], [-0.18248608702636093, -0.3136160461079864, -0.060118923850059874], [-0.18753367861364553, -0.35858957928380725, -0.07086802443720677], [-0.19011089936532513, -0.15879771476006788, -0.03629364285415608], [-0.20891668828437168, -0.23107462173368742, -0.0530259168123425], [-0.21617134752808925, -0.2795996148832612, -0.06493724787504838], [-0.22147409469745966, -0.3243432306289232, -0.07333906938947549], [-0.21260732667549503, -0.12236239775370679, -0.04579259166361456], [-0.235493897792334, -0.17225234620372298, -0.061508079453752675], [-0.24898224476869382, -0.20755984178293416, -0.06895203453644182], [-0.2603181032895785, -0.24371082705002428, -0.07391528394460278]]}