{"label": "Z", "timestamp": 1746066759745, "left_hand": [[0.17541627161378298, -0.02935568629521023, 2.970534609700321e-07], [0.12091434054629983, -0.06402568304866774, -0.01769482245533205], [0.0697964316539913, -0.1215520885201121, -0.02668433628634447], [0.028546829894699626, -0.15930212865211774, -0.035802674314011684], [-0.005816414198300939, -0.17607155682586217, -0.045062399161301364], [0.11118674396031868, -0.22187625563565783, -0.007565925429809361], [0.08171437198827369, -0.2868453504051076, -0.023350550275231495], [0.06113647462430642, -0.3264486983677672, -0.03782665787153095], [0.041700262933762396, -0.3600581736204603, -0.04837301137407046], [0.14504663492831715, -0.23814317889069542, -0.012635737557885426], [0.13589939484425123, -0.3218191425592358, -0.023255403593728973], [0.1259635521505359, -0.37177242982140735, -0.033323401699701265], [0.11356493101627883, -0.4132246726495361, -0.040577181701055044], [0.18019900889433985, -0.23370912317097484, -0.021669957018669434], [0.1751850093136044, -0.3127137396775714, -0.03470630463502519], [0.1674992057517812, -0.36212114887750535, -0.042685518801525796], [0.15753255253750284, -0.40604733437498103, -0.04787712303757904], [0.21389003803609768, -0.21373388784203876, -0.03295114229630615], [0.2273486419454992, -0.2733663895446198, -0.04298163163098845], [0.2355784437610137, -0.3135745773692849, -0.04517190087468266], [0.2408305829902677, -0.35012346568922104, -0.04648856348324548]], "right_hand": [[-0.17541627161378298, 0.02935568629521023, -2.970534609700321e-07], [-0.12552576307970814, -0.03286666432074062, -0.0004055099096109404], [-0.10028665118035121, -0.09184863764384427, -0.008352104490559382], [-0.08114488169673559, -0.13606416464822957, -0.02039456852961273], [-0.0641341044452473, -0.1780207578168697, -0.028812285291831358], [-0.17188965908302642, -0.18802431946723924, 0.002846782747430475], [-0.09672753171644106, -0.19837929069328655, -0.02282186558384386], [-0.09225347275387634, -0.14062315886279286, -0.036731847058168184], [-0.10675867153365386, -0.11482086090787615, -0.043310833102651755], [-0.19122578243072946, -0.1799138167209287, -0.00920068474163781], [-0.10040876996237454, -0.1754352187084596, -0.03385030687720593], [-0.10273854048602134, -0.10878429132696567, -0.03637831410119043], [-0.12181823043862154, -0.08588249210993504, -0.03320978790512503], [-0.20119071630792285, -0.15807149594016426, -0.024175078433271796], [-0.11306980778479023, -0.1444761703457642, -0.04709207085901014], [-0.11845435889408301, -0.08241282402343338, -0.039969287150161854], [-0.13851844956357146, -0.0623307376257887, -0.02987615949991151], [-0.20421778117975878, -0.12653802851962045, -0.03989754494472878], [-0.13581948005654082, -0.11569501773087472, -0.05125082059355828], [-0.1352945549822457, -0.07207878286083404, -0.04449189446088312], [-0.15096379081755135, -0.057127014928848086, -0.035998824885352936]]}