{"label": "Z", "timestamp": 1746066781034, "left_hand": [[0.16346652665951708, -0.036234244969384106, 1.7595073721291392e-07], [0.11743492434605378, -0.08682784170618807, -0.01214458583158859], [0.08213724874136724, -0.155051950008523, -0.019759890324175206], [0.05723195589020406, -0.20282586733109015, -0.02840410779010489], [0.03160213642124033, -0.23483655497895256, -0.0373644331608097], [0.13322869774877902, -0.240192833276597, -0.0019463343491473689], [0.12604796175629587, -0.3094038293739148, -0.014996330912183725], [0.11745730208768256, -0.3503582244002523, -0.02875599042992878], [0.10689043172776298, -0.3885531038092649, -0.03992837182963359], [0.16224712867102548, -0.24281613016462636, -0.00942365200713455], [0.16915941573297513, -0.32189392597873256, -0.02088303883295955], [0.16520371955890475, -0.36944643800959365, -0.03262523001028612], [0.15616223026625817, -0.41155259398546595, -0.041770827757332506], [0.18748456094812713, -0.2296373827022741, -0.020128296491090603], [0.19255414804743748, -0.3063066113836236, -0.031393344255329796], [0.1857128567849142, -0.3528921362752842, -0.0391753639726634], [0.17523898210549693, -0.3947401295245612, -0.04542909257166091], [0.20948011761996208, -0.20432609967934692, -0.03279101107977749], [0.21882691823929615, -0.264056700459652, -0.04246858925264086], [0.2196053949471398, -0.30638566820817703, -0.04617872067590855], [0.21738013216701202, -0.34654831942281594, -0.04932826710470364]], "right_hand": [[-0.16346652665951708, 0.036234244969384106, -1.7595073721291392e-07], [-0.12934235997840607, -0.029228038567803014, 0.016121886846334445], [-0.07577516862884542, -0.05981698390113283, 0.018844923176121513], [-0.03559438010767064, -0.05706674685960516, 0.0161760639151124], [-0.006265389795502935, -0.04199149629034105, 0.015046440608313399], [-0.038876287939284486, -0.10352570945832033, 0.013842597879246694], [0.02248226205613424, -0.09262665768795644, 0.00930658071290524], [0.029808264438927985, -0.06020802758880707, 0.005786050662139076], [0.021889608771271715, -0.04057640851998887, 0.004339199973076394], [-0.02726114843679993, -0.07325593033861513, 0.0012065778922022948], [0.022688909794026938, -0.031816677246236616, 0.004078651017729462], [0.01313508357624735, -0.007209432402245376, 0.00529837471414549], [-0.002774378132402982, -0.005580097698438004, 0.004472079622139495], [-0.02369882609047959, -0.0329995487146212, -0.010908600683238793], [0.010521632054844514, 0.006918857637118319, -0.0023502546519715765], [-0.0036796690402273085, 0.02161859878588013, 0.003847754275661203], [-0.020193203819336838, 0.0173714881565653, 0.004087680638527106], [-0.02611797331871554, 0.008639550625699058, -0.02308685671469835], [-0.010794951188058954, 0.03795859060997554, -0.00986469399323686], [-0.027006659354468235, 0.04461615767481121, 0.00011552134134303426], [-0.043458938739513266, 0.03669363943261489, 0.005119400997696285]]}