{"label": "Z", "timestamp": 1746066762522, "left_hand": [[0.14880467539523223, -0.013873436379108029, -4.4358390455639903e-07], [0.10833034763368372, -0.059473223139707335, -0.009147061076028244], [0.079626575242025, -0.12406570483632742, -0.015845380333355384], [0.06375191971046061, -0.17638931030480862, -0.025644025807994294], [0.07163701986123691, -0.22288466945886393, -0.030928252101040932], [0.11631609386913103, -0.19446410702329267, 0.010844420865984744], [0.09191970302883357, -0.23131464668872118, -0.015408298099558976], [0.089289996057066, -0.1766839265349999, -0.02833500976019194], [0.10050263860604193, -0.1507158611651754, -0.0333104069494945], [0.1442333623955916, -0.19335907395993054, 0.0041256535741940985], [0.11493625213134973, -0.2335489643741151, -0.023516417096938774], [0.10856647232097535, -0.16835662693399542, -0.026460468497475097], [0.12251128785138601, -0.14786882128979742, -0.020528655753616933], [0.1716133721336528, -0.1814008758581699, -0.007944810158801819], [0.13779941964814355, -0.21152486692822228, -0.03570831155583629], [0.12885783187518157, -0.14969137036385233, -0.02514381624851372], [0.1427040751889401, -0.13204844607933922, -0.009637489861274402], [0.19741550690004894, -0.16046902967682902, -0.02141942571417974], [0.16184989776766048, -0.18382107983619422, -0.03544022972627935], [0.14854709252252082, -0.14352865992658684, -0.026136402812367874], [0.15731566044933684, -0.1252296950047975, -0.014413418112780891]], "right_hand": [[-0.14880467539523223, 0.013873436379108029, 4.4358390455639903e-07], [-0.1105003330866555, -0.02435624668078929, -0.014585858651406255], [-0.07883181822858848, -0.08293971695464461, -0.02494805527563532], [-0.04289750498913048, -0.11488651104177462, -0.036396830447622354], [-0.007748193118652875, -0.12315062115395917, -0.048657255134536365], [-0.13368712982398623, -0.1770565667589216, -0.009305128042781734], [-0.13464415642894026, -0.24522077823200428, -0.0212038637986288], [-0.13556330319967203, -0.28544842150889976, -0.03326569710605702], [-0.1380463580758193, -0.3198488554053788, -0.04286687278289381], [-0.1587923179645298, -0.1758778478951338, -0.015493218233500134], [-0.16663168720929813, -0.2561041413281878, -0.025568453951576985], [-0.17060161022634354, -0.3074671226655598, -0.036790532070990825], [-0.1761147978972493, -0.3476436387472145, -0.045505277303189505], [-0.18220018268409682, -0.16017864583034974, -0.02437667024831826], [-0.1959556731101111, -0.23681187827303274, -0.035334562976430006], [-0.20396923668750544, -0.28522078275095064, -0.04741948922748675], [-0.21115542215400313, -0.32488886257728455, -0.05583507635272324], [-0.2037360746688122, -0.1310010157582972, -0.034973051276431], [-0.23144404123975582, -0.18167227746370096, -0.04642099055263491], [-0.24935909721599028, -0.21680275522666023, -0.053309597120342944], [-0.2646385949499754, -0.2497654272142594, -0.05791662614803308]]}