{"label": "Z", "timestamp": 1746080035226, "left_hand": [[0.07362961332162805, 0.0038050408820505506, -1.675069396451254e-07], [0.06234600998645616, -0.09163218041759205, 0.011394095343201623], [0.08310079973066663, -0.16974086864979937, 0.013502503926315064], [0.09552448437223864, -0.22455250295616505, 0.006307769741321618], [0.10627869173366125, -0.2704074320649454, 0.00011815480803070072], [0.1513924899055208, -0.1771016942817067, 0.028220920648666454], [0.1901322574775948, -0.2453799728836585, 0.0126321804496595], [0.1835330217759149, -0.296834087264616, 0.0008668116244696894], [0.172435774881683, -0.3341855520609256, -0.0059010698479842714], [0.16254463249553347, -0.16253055717666506, 0.00721475359144973], [0.22111740284048917, -0.24806283407845225, -0.017513476341090597], [0.196997577223902, -0.30789478908683454, -0.030971315021535172], [0.16951783048326477, -0.3378937934026031, -0.03425696492417771], [0.16410021877668393, -0.1443950651900285, -0.01691006781164115], [0.2043676952993341, -0.2254416101996357, -0.04083394317381207], [0.16141118864879392, -0.26762619981359426, -0.049647137708663275], [0.1255910834058738, -0.2789898235815561, -0.04855059520934534], [0.15447188074921178, -0.128565699996629, -0.040970216077225195], [0.17934419907190338, -0.1954676037282652, -0.05438968072388596], [0.1540630913218827, -0.2358232218108194, -0.05817310593767433], [0.12694313393872755, -0.2515750068139512, -0.05802739417618511]], "right_hand": [[-0.07362961332162805, -0.0038050408820505506, 1.675069396451254e-07], [-0.061649896643586034, -0.09576622455746385, 0.02124939666730544], [-0.0825146144329393, -0.16889529533292583, 0.026050546987185254], [-0.08929895717138779, -0.21809245868795488, 0.020928495014658093], [-0.09091638895902242, -0.2662297954326559, 0.014083002238844266], [-0.1636796966633078, -0.18745851302886424, 0.02864684545898685], [-0.2117733433058903, -0.23992634319744913, 0.022175158793702975], [-0.23024789234953982, -0.2851392347376526, 0.015017684671781927], [-0.24024889445404152, -0.32566453752423474, 0.00867540406745353], [-0.17168218894692858, -0.16940007414011055, 0.001760482579002452], [-0.23822769037770358, -0.22609299877755784, -0.00929164224829581], [-0.24969782585127706, -0.2913774707215594, -0.01962857118871503], [-0.24729911625674544, -0.33831078204480697, -0.026422275917600182], [-0.17074344717055515, -0.14434727548047255, -0.026300629827865494], [-0.23462067029584943, -0.1972799425666378, -0.04246496711229569], [-0.2261932439403723, -0.25837387387589217, -0.051660928328218586], [-0.20969995708345635, -0.2969537372359675, -0.05612186735637241], [-0.1573460081529003, -0.1184020703694738, -0.05316030118262625], [-0.2057648415139992, -0.1677393622111011, -0.06765544425503962], [-0.1893043905604628, -0.20690720688740016, -0.06987910549247943], [-0.16053106149780516, -0.22770127477524893, -0.0702018178050783]]}