{"label": "Z", "timestamp": 1746080035092, "left_hand": [[0.0772454837385717, 0.008186281447461526, -1.8162294069226156e-07], [0.06308275329785466, -0.08372495430456231, 0.008268084812986003], [0.08483700031918912, -0.1635873110712689, 0.008289456602137434], [0.0975915675980939, -0.2172339813785121, -0.00013410982075393307], [0.10686836511025123, -0.26318969967406664, -0.007451634945014649], [0.1532364462154918, -0.174074103819894, 0.019971804884628217], [0.19439652883518233, -0.24174578920714818, 0.0006251978700560635], [0.187936660163905, -0.29453489670459276, -0.013047156211147182], [0.17556412899282453, -0.3311280190308022, -0.02046972695331344], [0.16412337067351568, -0.1591184405869884, -0.0004107931680873441], [0.223576720695314, -0.24425740247074162, -0.028427925493693346], [0.19969872085168053, -0.3075096237886689, -0.042711940147460395], [0.17140129710653723, -0.3393308496188823, -0.045873067012517296], [0.1658069645567401, -0.13901964989304505, -0.02384791065967573], [0.2057429731200919, -0.2202071831115686, -0.04969374441231938], [0.16374354379562833, -0.26758429986464854, -0.0585448333575806], [0.1280036260710692, -0.2823496479804401, -0.05690512783544456], [0.15576886640830964, -0.12022348142165322, -0.04748709023663629], [0.18157777338465486, -0.18751194575048055, -0.06179768343283799], [0.15733492925888828, -0.22998613858839478, -0.06536009683203343], [0.1308971147712188, -0.24670036893502148, -0.06461052519833464]], "right_hand": [[-0.0772454837385717, -0.008186281447461526, 1.8162294069226156e-07], [-0.0652839898392151, -0.09352774938079902, 0.014873306378805405], [-0.08529226235746906, -0.16373318049883318, 0.015226863504351554], [-0.094242415181494, -0.21194231333007718, 0.007104648469817309], [-0.0970833442930527, -0.2626586007972237, -0.0029203326896735803], [-0.16780146738577326, -0.18197915029638173, 0.015734845802490544], [-0.21658803267081056, -0.23071504388022882, 0.0038858010793025857], [-0.23544357921773504, -0.2782253370306898, -0.0070045677690320825], [-0.24443190150989794, -0.32052932878587054, -0.015312171714494238], [-0.17725159907039287, -0.16365818718442798, -0.008572389844472457], [-0.2456525211339716, -0.216943306970535, -0.023849437036723077], [-0.2588900662449108, -0.2822380417008071, -0.03735350314515827], [-0.2561736372822535, -0.32925642972189756, -0.04642745318128651], [-0.177281785184895, -0.13820858133146496, -0.03378353819636016], [-0.24162108821916156, -0.1913976799509487, -0.05320635473936798], [-0.23284828634930246, -0.2516612148423523, -0.06471766280832249], [-0.21375280738927088, -0.2873465846713773, -0.0707150091083907], [-0.16469658550652025, -0.11168581191076547, -0.05793040132332051], [-0.20885555717826146, -0.1598922534982681, -0.07487011371087579], [-0.19103215281592598, -0.1983409683002478, -0.07837574487971448], [-0.16105581473824288, -0.21653345464941362, -0.07937675198512387]]}