{"label": "Z", "timestamp": 1746066775776, "left_hand": [[0.0, 0.0, 0.0], [0.054727059472270696, -0.05464382028244955, -0.02388539473928128], [0.10020493100796792, -0.12789745989819076, -0.03723330774247924], [0.1367303618121405, -0.18053894587551478, -0.050710363652108764], [0.1747294291483517, -0.2154876510062985, -0.06434594613861971], [0.05365023056458847, -0.2386031503753331, -0.012919260587572158], [0.0656088749593414, -0.3200389557742378, -0.03397861657626767], [0.07439681892861971, -0.36797770337681573, -0.05280936373083224], [0.08744504889304153, -0.41002208499827525, -0.06662553236174214], [0.019235081547268777, -0.24038334086669277, -0.01681596623471], [0.03065995590395243, -0.3262991103119516, -0.03553805657859298], [0.045592782826284886, -0.3732963644676413, -0.05169845325577701], [0.06852509517808834, -0.41228806449058486, -0.06370789911468157], [-0.01563776479257487, -0.22415148492696343, -0.025351476354997696], [-0.012191326810124746, -0.305325221425249, -0.04643180117720371], [0.0007191807452760586, -0.34899313317188774, -0.05934831269553866], [0.024433550787514, -0.3815187030398325, -0.06752488266139639], [-0.05319236998381315, -0.19505537418332597, -0.03668884710374242], [-0.05967056999022389, -0.25775757671682836, -0.05629343555502146], [-0.05125643675023775, -0.2920105089578261, -0.06489331164831201], [-0.03258791763118488, -0.3179680755219147, -0.06990475448762133]], "right_hand": [[0.0, 0.0, 0.0], [0.054727059472270696, -0.05464382028244955, -0.02388539473928128], [0.10020493100796792, -0.12789745989819076, -0.03723330774247924], [0.1367303618121405, -0.18053894587551478, -0.050710363652108764], [0.1747294291483517, -0.2154876510062985, -0.06434594613861971], [0.05365023056458847, -0.2386031503753331, -0.012919260587572158], [0.0656088749593414, -0.3200389557742378, -0.03397861657626767], [0.07439681892861971, -0.36797770337681573, -0.05280936373083224], [0.08744504889304153, -0.41002208499827525, -0.06662553236174214], [0.019235081547268777, -0.24038334086669277, -0.01681596623471], [0.03065995590395243, -0.3262991103119516, -0.03553805657859298], [0.045592782826284886, -0.3732963644676413, -0.05169845325577701], [0.06852509517808834, -0.41228806449058486, -0.06370789911468157], [-0.01563776479257487, -0.22415148492696343, -0.025351476354997696], [-0.012191326810124746, -0.305325221425249, -0.04643180117720371], [0.0007191807452760586, -0.34899313317188774, -0.05934831269553866], [0.024433550787514, -0.3815187030398325, -0.06752488266139639], [-0.05319236998381315, -0.19505537418332597, -0.03668884710374242], [-0.05967056999022389, -0.25775757671682836, -0.05629343555502146], [-0.05125643675023775, -0.2920105089578261, -0.06489331164831201], [-0.03258791763118488, -0.3179680755219147, -0.06990475448762133]]}