{"label": "Z", "timestamp": 1746066762954, "left_hand": [[0.17514704966237124, -0.025131401582186588, -5.751195268524201e-07], [0.1286600484876401, -0.08144394660154386, -0.007198647383643023], [0.10022471997122209, -0.15187719234479238, -0.013040986908578084], [0.0843593828763972, -0.20758487633813696, -0.023381596485758275], [0.0827797236056716, -0.2605594287030855, -0.029739494605851177], [0.13962449540615146, -0.2264464644405264, 0.01700379806970503], [0.11181871082856665, -0.2685592149704597, -0.010811202080840384], [0.10908025127438513, -0.21103261011879149, -0.026943214680078112], [0.12122622467306582, -0.17795767196358572, -0.033609967471480685], [0.16986735810764356, -0.2245625947523838, 0.00839934526918422], [0.1357711791687981, -0.27187723969061917, -0.02134719521300533], [0.12851449709914564, -0.2033738346765829, -0.02818396129110233], [0.1429178607883833, -0.1723995609242258, -0.024392393591862672], [0.1995380581595146, -0.21212358543549997, -0.00573864174489389], [0.16131127509354057, -0.24968362338171365, -0.03554507424238473], [0.1503211786916016, -0.1833109643338106, -0.027006209740651606], [0.16320617783153987, -0.15306970472503273, -0.01182099357042138], [0.22775923234922646, -0.19009237656348113, -0.021203000854280906], [0.18728807233355213, -0.22010795372294617, -0.03681181806650618], [0.17121834091766358, -0.1767123518233474, -0.02779576237102335], [0.17855357453031304, -0.1492062984335369, -0.015550129059654484]], "right_hand": [[-0.17514704966237124, 0.025131401582186588, 5.751195268524201e-07], [-0.1301292593853342, -0.04686386941193108, -0.0022159095996250305], [-0.10849729132383588, -0.12512473398002463, -0.009056435136417199], [-0.08441398232825227, -0.17908040266097158, -0.019500603324191665], [-0.05245908733264675, -0.21201683832064688, -0.028860154049174813], [-0.18612587726552493, -0.19106427509637272, 0.006894112671921184], [-0.1374523990779484, -0.2492131628198744, -0.00932442125752977], [-0.1066084001835149, -0.2852884540140017, -0.024016793978584552], [-0.08133453552379802, -0.3150003394036926, -0.035155811505265616], [-0.20631390671447103, -0.18499586192624648, -0.004970676349224451], [-0.14447262497225272, -0.24751506328743902, -0.02297005694832081], [-0.10631241740370473, -0.28210772946983703, -0.03558012126747715], [-0.07218639265050325, -0.3143063888575761, -0.04388638998256734], [-0.21640162694255147, -0.1692459475068458, -0.019440692154289927], [-0.15153389475501974, -0.2243288025399284, -0.038191968912712586], [-0.11223221444926519, -0.2538837262929824, -0.04564335896932638], [-0.07850821234394127, -0.28037879397754567, -0.049408178005759015], [-0.2171725141515043, -0.14492523934019977, -0.03511739916421797], [-0.16451347636509728, -0.18720963866501938, -0.05007626689441217], [-0.13218920994822012, -0.20980636206687386, -0.054698578455566645], [-0.10346315585309887, -0.23332415653262184, -0.056847046847404534]]}