{"label": "Z", "timestamp": 1746080011816, "left_hand": [[0.17395186040563243, -0.0030780450092563255, -1.0295577833820432e-08], [0.12215472570703798, -0.035803836122219816, -0.018143470627693285], [0.08091685745530244, -0.08696257955750064, -0.02954908230720409], [0.052854711053187384, -0.12896965409757094, -0.04005900025744603], [0.02437661314611314, -0.15916062334026096, -0.05042225715748896], [0.11454619390982701, -0.17924181399737693, -0.014108992019784989], [0.09795096420810714, -0.2491376411341946, -0.029624829550822015], [0.08707372198550853, -0.29021925165177964, -0.043364354767329305], [0.07748081377854821, -0.3292653486250563, -0.053823254180115264], [0.1454141638237484, -0.18541250356131084, -0.018854876560556462], [0.13828532584386627, -0.26648405036458456, -0.030584890042513396], [0.1349976011564048, -0.31596417524389175, -0.041636104533900764], [0.13148701072915747, -0.3602044574380197, -0.05022617015950359], [0.17629309307813187, -0.1752273262623809, -0.026733981597519843], [0.1694454028429666, -0.2521903208854909, -0.03947822782342584], [0.1641705522292441, -0.2987740237476523, -0.046970011664247684], [0.15799234990188388, -0.3415341366444569, -0.05270678105193472], [0.2075851468697935, -0.15387531681867708, -0.03658653516830802], [0.20815356100160534, -0.2139519427945051, -0.04736092223801849], [0.20807088187833117, -0.2513752635049048, -0.04983846896856246], [0.20686887845570498, -0.2872055298386631, -0.051704185346179515]], "right_hand": [[-0.17395186040563243, 0.0030780450092563255, 1.0295577833820432e-08], [-0.12479158949292149, -0.029773333174797623, -0.014193158447545455], [-0.08965441431082569, -0.09728507777967656, -0.017834330336131382], [-0.06918945310961278, -0.15087780166274564, -0.021225794814055836], [-0.04541786913561858, -0.18374172693623325, -0.024920660935963655], [-0.11623151199194884, -0.16906864162969523, -0.009801977874138492], [-0.09803548279665322, -0.23737828818115073, -0.02264058080235897], [-0.08769762988015495, -0.28053992730262434, -0.033100274089630705], [-0.07965510045552779, -0.3178766188801133, -0.04069273960990098], [-0.14411939326304107, -0.17710602055156108, -0.0131553188292154], [-0.1270916181433302, -0.2514329646260657, -0.024814468121746612], [-0.11605422626532161, -0.3012789881921438, -0.03524824431147678], [-0.10718234971936443, -0.3448383971565732, -0.04290684102862119], [-0.17288936590178622, -0.1718152149969538, -0.0191065480844655], [-0.1609384858883521, -0.24329160750935624, -0.031885396830450226], [-0.1499821563404576, -0.2909598784586267, -0.04168426463913816], [-0.13957256427835496, -0.3323394242618838, -0.0485347431163998], [-0.20425630529280683, -0.15627727120794183, -0.0265344770666872], [-0.20531321363106414, -0.2128644122001686, -0.039733540762468544], [-0.20392209381569354, -0.2527914194107657, -0.04653499264953576], [-0.20123029778795315, -0.2908692025021178, -0.05096358274282289]]}