{"label": "Z", "timestamp": 1746066790212, "left_hand": [[0.23459823739077115, 0.032428038161522225, -6.072253066503303e-08], [0.2272178838577057, -0.0509490763330314, 0.01719407518699809], [0.21662087095229002, -0.12854645878491053, 0.01484420669935348], [0.19965010706832859, -0.18392013707013546, 0.008658867443075683], [0.17988087782633105, -0.2227794693553135, -8.622433236251764e-06], [0.23571109596059373, -0.17423378895335653, -0.018672402202276686], [0.2072331178500479, -0.2793610170413079, -0.03647542254631905], [0.1903298250722223, -0.33681402992535325, -0.04545753489454901], [0.17757837144514016, -0.38451644346573544, -0.05058251851739945], [0.23129078718073565, -0.15332440534697173, -0.03880881659495192], [0.19513808051584913, -0.2752554514582939, -0.05349408518327614], [0.17256589759928295, -0.34168334110963733, -0.06020847255431429], [0.15555991018775098, -0.39422581859776823, -0.06561186901294551], [0.21509718506159264, -0.1231061312869844, -0.056551189781499624], [0.17868444875411466, -0.24150604315238328, -0.06914712568003185], [0.1561201691775297, -0.3076212386209518, -0.07668232003521365], [0.14188869317384384, -0.359967571798006, -0.08284179658712394], [0.18933073556928967, -0.08823069217794921, -0.07184827506629322], [0.15587682436378741, -0.16766545481731054, -0.0854489779442415], [0.13596933545816806, -0.2161422005316537, -0.09089798935893707], [0.12085902756299201, -0.25930490143659757, -0.09449167341827645]], "right_hand": [[-0.23459823739077115, -0.032428038161522225, 6.072253066503303e-08], [-0.1776199371591154, -0.006438392493824139, -0.005038514520019793], [-0.11627868834502686, -0.022716443264247786, -0.0036447828491975717], [-0.076598774711183, -0.03874519732291863, -0.0047869042823369175], [-0.04341635786984989, -0.05130160432503253, -0.006681753292432282], [-0.08313330011508716, -0.10379158802415245, 0.008022396259240176], [-0.03721655354996452, -0.1393130519975772, -0.004278863135478001], [-0.004645377119893809, -0.1561733154799496, -0.016438681101423755], [0.024164443697764056, -0.17002640688552295, -0.02555966141432732], [-0.09503290053592356, -0.12494790221890063, -0.0010127580540582287], [-0.04360469641304396, -0.1606934405166073, -0.012747840387251784], [-0.004993660725608738, -0.17637822853492333, -0.025073054113300918], [0.030933264103271515, -0.18980288085583658, -0.033934574970563805], [-0.11480020272897506, -0.13942218638978682, -0.013119784464579039], [-0.06542352515683385, -0.1763479080053041, -0.026631431458719042], [-0.029096530330942068, -0.19205291784104114, -0.035455425172147566], [0.005027286510065807, -0.2045599045752479, -0.041090101044711794], [-0.14163618877935175, -0.1489965949165233, -0.02643532678630733], [-0.10279329739277657, -0.18157052775837756, -0.03944905116511914], [-0.07239497841797052, -0.19620948923856346, -0.0447368826204218], [-0.04199517146866182, -0.20628497927731818, -0.04792608459441909]]}