{"label": "Z", "timestamp": 1746066768760, "left_hand": [[0.16853990890673928, -0.008988036300584359, -1.0260197352938773e-07], [0.1222661063844635, -0.04671129943976069, -0.018691823960457148], [0.08576366592810553, -0.12055871389055826, -0.030463079737526707], [0.06110952067213865, -0.17685328255660998, -0.044975909959966996], [0.04516606501219527, -0.2239613003671021, -0.05485709443682206], [0.14383814884119855, -0.21020965574063394, -0.0034591846377042264], [0.1369148790395086, -0.29953169207879393, -0.03358016758980196], [0.11510141611254476, -0.26353331844186023, -0.05208697381357304], [0.11046776848929797, -0.21836364407411993, -0.0590445205414321], [0.17779281453708654, -0.20741328960487884, -0.007640554688903433], [0.17944948482922687, -0.30666832020892565, -0.03950096577976078], [0.14988255251918825, -0.2626157055278391, -0.04984778998856963], [0.14350972138961998, -0.2148019989507564, -0.047586845454597466], [0.21159607852421913, -0.19125666684062848, -0.017410798541814026], [0.22140439465419376, -0.2898845061854344, -0.043148775303129966], [0.18907914981123217, -0.25686043274171944, -0.04263683542752933], [0.17679108690675502, -0.2128168055949701, -0.03368661967536274], [0.2484859868837859, -0.16464108782762849, -0.029746909498045513], [0.26683432506944404, -0.23574584622154265, -0.04482072858667154], [0.23952790106332, -0.23658847537169173, -0.04531923496680004], [0.21940552877276673, -0.21563164876275356, -0.0403285300535374]], "right_hand": [[-0.16853990890673928, 0.008988036300584359, 1.0260197352938773e-07], [-0.1285113671130802, -0.04746787772923414, -0.014368839365450511], [-0.10199641980103695, -0.12271667825216773, -0.025169741715748418], [-0.09296815472308674, -0.17971834596280445, -0.03841633651122421], [-0.10413165239361795, -0.21880102147652059, -0.04836112392805155], [-0.1732040567794922, -0.20916114990631848, -0.00019387969848504974], [-0.12607036712889852, -0.2420832769831497, -0.02972651424891455], [-0.10458375405440086, -0.2047150453533108, -0.045277237366186975], [-0.10017998174424222, -0.18125975590767315, -0.050961123792471155], [-0.20696366190634036, -0.20050082396680707, -0.005691560584719802], [-0.14490570537994693, -0.2121843078659875, -0.03321060304621706], [-0.13635155664130247, -0.1402508796837672, -0.03753142292425983], [-0.15327032709795332, -0.12231945791808238, -0.033672991967878665], [-0.23425594727799504, -0.17693273618463382, -0.016055215131786572], [-0.16997475920247138, -0.1820972220061817, -0.04708824047452444], [-0.16316201695071586, -0.11450379288515264, -0.04012110564902968], [-0.18076764059667608, -0.09758490291341751, -0.02736543698946246], [-0.25761659272839793, -0.14233139827076863, -0.027830105661356543], [-0.20250512778456844, -0.15106699481035432, -0.045883334213053954], [-0.1910630643556168, -0.10687481041385528, -0.03706229932759952], [-0.2043982586709403, -0.09009814339240345, -0.024736899910795883]]}