{"label": "Z", "timestamp": 1746066756915, "left_hand": [[0.1812772400540308, -0.028768298564497145, 2.678245224828342e-07], [0.13788091480286693, -0.07650630192801887, 0.0032305745458041917], [0.12477063996810225, -0.14133525595754198, 0.001385121901358488], [0.12608678834604997, -0.18306657478088986, -0.004616552295665003], [0.12549518419847722, -0.21491913867733947, -0.010978209208886305], [0.13554557451536364, -0.21626001418774313, -0.0019135517561517156], [0.10277785275123183, -0.2884250766733543, -0.016380659081506835], [0.078826242591481, -0.33161924434115314, -0.027136781325673702], [0.0604084769413744, -0.3699143229172447, -0.035616375358522245], [0.15049747815262945, -0.22195877551076984, -0.01619127198846824], [0.14169738954537678, -0.31165380493096256, -0.035328798346302086], [0.13564836181106274, -0.3704876645421539, -0.05204945962657883], [0.13443523160773527, -0.4196570248652807, -0.0639285957021658], [0.16028794498007728, -0.21365200589435338, -0.03113861143806143], [0.16602971904611555, -0.2959375766252064, -0.04841769090698112], [0.17571181130797228, -0.3418492122829155, -0.05859932723258577], [0.18613460932468498, -0.38056228560181576, -0.0650609760028186], [0.16586380945337212, -0.1988955874396312, -0.0462580263905862], [0.17353351486264, -0.2654126819648703, -0.05873376225640247], [0.1813670519543609, -0.3108591658601243, -0.06381204802276574], [0.18812363123045275, -0.35236667065730254, -0.06784064277408859]], "right_hand": [[-0.1812772400540308, 0.028768298564497145, -2.678245224828342e-07], [-0.12487873747898796, -0.03864534498737887, -0.0040325238626927095], [-0.10015130488047318, -0.09336946745040675, -0.01432301707438469], [-0.08278805561485918, -0.1365660824347698, -0.027986646634452706], [-0.06556813598349945, -0.17549843300903897, -0.0375542518112807], [-0.18152773213954013, -0.18550906597570216, -0.003247496569940882], [-0.10320721828090755, -0.20550258026270543, -0.02688060673271741], [-0.10013322706094659, -0.15691376498682796, -0.03921454542311858], [-0.1157378254083233, -0.13801604823542016, -0.04642433713545515], [-0.1942097381195046, -0.17540134842269245, -0.013874165363763319], [-0.09978924055631473, -0.17833318749089702, -0.03556838717475976], [-0.10529935071286405, -0.12568300420083847, -0.0374750314814587], [-0.12691866818687086, -0.11255056498964269, -0.036598398647758046], [-0.19429105367553612, -0.1519783586408227, -0.02746708248225397], [-0.10213363129752738, -0.13892968230222272, -0.046474686056186466], [-0.11141928136386539, -0.08760594458999549, -0.040598260517342916], [-0.134241616544453, -0.07286524898980414, -0.03452480290718395], [-0.18527886814736252, -0.1198469853591839, -0.042605117819770055], [-0.11412979989824885, -0.10474653422404566, -0.05267930886744125], [-0.11884293910685623, -0.06449565721894085, -0.049295720558154774], [-0.13678474786099762, -0.05168617144265952, -0.04544650141265184]]}