{"label": "Z", "timestamp": 1746066776224, "left_hand": [[0.28016232597655144, -0.002644227405249757, -1.7590458231038623e-07], [0.23701010486149987, -0.06582521278824724, -0.022490950780401905], [0.21202247018095188, -0.1492836430928731, -0.03609799307022374], [0.20882123248084722, -0.21774704603100245, -0.05049019370482913], [0.21204811155768183, -0.25720541654168255, -0.061971159705687805], [0.26345486617276315, -0.22456740351529125, -0.002606026559386084], [0.27640005314468014, -0.29322051646291286, -0.03434537444528351], [0.26800067073871386, -0.3055521193087772, -0.06043496085766688], [0.25714952953307574, -0.2798799457930243, -0.07259343918771738], [0.3032853305947906, -0.2195793643408006, -0.0048574813584124936], [0.32071255786248337, -0.29909291179726677, -0.033167561321094545], [0.3076729455032434, -0.3048326005707493, -0.05240763279302223], [0.29390162683802373, -0.26792425819242927, -0.059557060264872806], [0.33863135790805, -0.19792130991266693, -0.012907277071734224], [0.3632461751110642, -0.274216027966122, -0.03748534361327011], [0.3473291209201259, -0.28089348112860013, -0.047073118472470775], [0.3302304379239377, -0.24688987259407102, -0.047410970179333704], [0.3708117831558841, -0.16063047235907021, -0.023603365957635684], [0.39182966240061545, -0.21562561780685768, -0.0417307523282249], [0.3805301814967398, -0.23092847736277347, -0.04728223192676585], [0.36383787135997886, -0.21320465579299372, -0.04639553830894898]], "right_hand": [[-0.28016232597655144, 0.002644227405249757, 1.7590458231038623e-07], [-0.21386270814877442, -0.053076157475726665, 0.0004616163299262214], [-0.16713239571345095, -0.11356167792290114, -0.009889386379648809], [-0.13192317893802627, -0.1513427315677723, -0.02633048267446731], [-0.10211831192586064, -0.18101988914804135, -0.04184039239047482], [-0.21084006693376806, -0.22550580102469994, -0.00433441790606365], [-0.14864142440028036, -0.25895036423447493, -0.03316846012596669], [-0.10777280078089661, -0.2371619096126891, -0.0537575416123537], [-0.08059755418159315, -0.20859431816779495, -0.06433855521031612], [-0.24050797643371738, -0.22225038630638985, -0.020419890959477594], [-0.16065394586367143, -0.2377519326147977, -0.04955322636921072], [-0.12021266721739844, -0.19069717988493315, -0.06116605665467685], [-0.10369229449567675, -0.1520950142871773, -0.06411652214259152], [-0.2660180711237205, -0.19969549420167787, -0.03822150437358477], [-0.18895455269151193, -0.20674963139849833, -0.06618484173922795], [-0.16830460685255627, -0.1493219921007514, -0.0638718663258208], [-0.16992817631758295, -0.1102617638841285, -0.055797048577333926], [-0.28652177180011434, -0.16333407741449002, -0.05686914755112018], [-0.2165095358700065, -0.15465381565954722, -0.07632606841739033], [-0.19668935086100714, -0.10866137114850942, -0.07068174905898952], [-0.1972952584020512, -0.07500925750045913, -0.06082508174220473]]}