{"label": "Z", "timestamp": 1746080059054, "left_hand": [[0.09451605535681495, -0.008136429710943915, -1.4558756934387583e-07], [0.04966233170054447, -0.04347140419912507, -0.007791075079610988], [0.017840584885360188, -0.10393601738681818, -0.013038695236947426], [0.005648518867624851, -0.1475182368986626, -0.019617147359306357], [-0.00591405933523558, -0.17947751718486143, -0.026907295667302142], [0.051580715479739435, -0.1941305957652052, -0.004850233914083839], [0.046701199244574235, -0.2631752801731524, -0.017645922668172196], [0.03929912862151398, -0.3021367192928578, -0.030838787602629186], [0.029428500307997166, -0.33689726338449366, -0.041419175785816525], [0.0767833237711197, -0.1960646301809446, -0.013271776144269781], [0.06699711282965458, -0.27428378978020695, -0.024498896361913356], [0.055515229468926085, -0.31917581947016804, -0.03636295946107225], [0.041687391741873005, -0.3578129782012168, -0.04525078734006354], [0.10176790388537067, -0.18564759051328938, -0.0236402227869507], [0.0923840063656655, -0.2608272043650456, -0.034770867437506736], [0.08254539981489945, -0.3070382905171176, -0.0423662969718771], [0.07064002864179207, -0.3468076787382283, -0.04827718415124018], [0.12763932671900413, -0.1637768866633298, -0.03526451293071237], [0.1283146656954178, -0.2251371085279584, -0.04624969622227284], [0.12661603126309995, -0.2644205264721228, -0.04956068644989691], [0.12260770711077279, -0.29965339156433246, -0.05171793256561087]], "right_hand": [[-0.09451605535681495, 0.008136429710943915, 1.4558756934387583e-07], [-0.11826555608176889, -0.04888656447070371, -0.0024684759960648815], [-0.12156766027022962, -0.12463208292467279, -0.012872373450709882], [-0.11720767712209389, -0.18645666037639094, -0.02240183865166976], [-0.1308587146915593, -0.22957588522606276, -0.03432633532292008], [-0.1014521492910464, -0.15159772941870336, -0.04626031844138532], [-0.07996770795426793, -0.25127639340700203, -0.06878364082640682], [-0.06347623996080096, -0.30920280157025565, -0.07833225028826124], [-0.05070602101660053, -0.3528293712235099, -0.08272081285965203], [-0.07744667460010353, -0.1316778313827239, -0.056191798110929454], [-0.04601081003966771, -0.24006379305740574, -0.07751590548093476], [-0.022865620018625903, -0.3009120069492513, -0.08496889571016915], [-0.006489170194239342, -0.344373744578746, -0.08823966860513843], [-0.049791879744473036, -0.10205906176318202, -0.06402931467339583], [-0.01634945147566732, -0.20394950893187952, -0.08335282238834357], [0.004012486981484765, -0.26415030282170976, -0.09068167825291445], [0.01792232043478152, -0.31032936721103105, -0.09398112063234652], [-0.020135404499292135, -0.06751346375401068, -0.07036619636875313], [0.01126623680220381, -0.14274563332388154, -0.0866955291712922], [0.029641645166306952, -0.18569638367428087, -0.09063080367734418], [0.04396101695158429, -0.22365177906276412, -0.09149613177487848]]}