{"label": "Z", "timestamp": 1746066789043, "left_hand": [[0.28759012426779484, 0.11892159781934303, -2.2357657332922636e-07], [0.2079669850548344, 0.07677815071378655, -0.018700942313349796], [0.14680885325650816, -0.00883729075190918, -0.021149603534873083], [0.11170280509668434, -0.08063249505180332, -0.023905054178287], [0.0746052292190705, -0.12242067971791211, -0.02601889939780949], [0.2018259414182969, -0.13614315918178077, 0.009941257845073373], [0.17505161188175372, -0.2292881448266665, 0.0008707580305539487], [0.15892668117677164, -0.2840037331579512, -0.012113800058621213], [0.14472823478756175, -0.3340681679623711, -0.02367242393342734], [0.24594534324437517, -0.15156678224123288, 0.004962665112258037], [0.23006539834800854, -0.25693706599601057, 0.0004909158543105213], [0.21804799700023456, -0.3174422599883785, -0.010067892383608007], [0.20558943410087252, -0.36769302047742813, -0.01951905947582313], [0.29048945317263086, -0.14526268987357957, -0.005412695569438974], [0.2765647723714402, -0.24564386404946822, -0.0134706791281877], [0.2632556927025454, -0.30214803587972583, -0.02096388488072426], [0.249253477084567, -0.35189504017269063, -0.02798311934212119], [0.3361362743809505, -0.12160384024282507, -0.019027120598336646], [0.33889076890836606, -0.19810676711973155, -0.02667510450663989], [0.33827687365209613, -0.24554533595191075, -0.02880620624422628], [0.33681581835008617, -0.29080197929051166, -0.031329972440980354]], "right_hand": [[-0.28759012426779484, -0.11892159781934303, 2.2357657332922636e-07], [-0.19704852555138982, -0.13617510308607125, -0.0058201892845632175], [-0.09924560414673005, -0.11625977087991228, -0.020998516571535314], [-0.024641509885499326, -0.10724922365486167, -0.033314071343819085], [0.02863132003985911, -0.12990969558442347, -0.04737306924644821], [-0.09187996163666877, -0.03560221045618076, -0.05746194679360462], [-0.021015092595839484, 0.08801987372412946, -0.07690010145272659], [0.016902046655676854, 0.16069448462947808, -0.08377859942235792], [0.04250999721661073, 0.21515952929799861, -0.08569821896283251], [-0.1354730456805138, 0.01337816764794172, -0.06469401508372254], [-0.07168538853073014, 0.16705954830799075, -0.07667174793536319], [-0.038111629754060176, 0.24961839010491899, -0.0771943100389266], [-0.015774668958561736, 0.30569174569626145, -0.07893005265229237], [-0.18265441243060213, 0.05516811321833524, -0.06882901042065324], [-0.12789692008016634, 0.20027499057684414, -0.07672062678632964], [-0.09402097361975613, 0.26986130553629983, -0.07565404155823247], [-0.0697948376680186, 0.31217253380323734, -0.0764901821951281], [-0.22619651279257785, 0.08696437669020031, -0.07181842746383821], [-0.1755700743800292, 0.19209432452423947, -0.07461772875106175], [-0.14728343071831224, 0.24192241295669095, -0.0678785485758963], [-0.12203363158041823, 0.2736489556245318, -0.06343290496041971]]}