{"label": "Z", "timestamp": 1746080046748, "left_hand": [[0.3291866556023213, -0.023565336910294436, -3.6683054604983903e-07], [0.26964192851351937, 0.015431590697538753, -0.016374714866605033], [0.2008931498061955, 0.03789128069666417, -0.03540582482416772], [0.15141817790263992, 0.05738933947778317, -0.05703731179478766], [0.10739564903077356, 0.06749238492394133, -0.07622940198282883], [0.16585825972642146, -0.06960744010347084, -0.0226305924762018], [0.08922632633078767, -0.10647906937457088, -0.06275662565433551], [0.0746551739036047, -0.06753712034519796, -0.09011673874253505], [0.07904509841944268, -0.0244600714659302, -0.10339284383966851], [0.18630678942622553, -0.10553805769799733, -0.03269605572631886], [0.10668495160826308, -0.13776506843983158, -0.07466207481078509], [0.10007801068991462, -0.07811952987018378, -0.09412941718554475], [0.11240909961087897, -0.029619408644678012, -0.09991880652170183], [0.21583702772917557, -0.1360655405201286, -0.04694719114871074], [0.14223550103562968, -0.17620873490615382, -0.08125472234395399], [0.1397504901936285, -0.11581338155089906, -0.08656421845859623], [0.15331885843497936, -0.06613835451583601, -0.08290748319578663], [0.25574107575109994, -0.1654195808408745, -0.06300609356714924], [0.21231677861652878, -0.19963154298745042, -0.0873068930842392], [0.19893064450359135, -0.15922119033803275, -0.09133837895683386], [0.19919038170411177, -0.1172399241050249, -0.0893873972060838]], "right_hand": [[-0.3291866556023213, 0.023565336910294436, 3.6683054604983903e-07], [-0.26508286125130626, 0.030656841877581584, -0.03126169035283628], [-0.1987278456692615, 0.006723208591760489, -0.048117723365316604], [-0.15482802563981402, -0.018370044159321666, -0.06433910851816013], [-0.11970612098481533, -0.047229146621409916, -0.08063221536930633], [-0.18468594045126768, -0.1417584364410722, -0.031095889044541306], [-0.1500157799333512, -0.2198720477523105, -0.06001083239169114], [-0.123895310976066, -0.23813992164462666, -0.08320484832072851], [-0.10471881416573214, -0.2304353036185457, -0.09598438893538817], [-0.22154369442523733, -0.1716301481581471, -0.033059896851072], [-0.18631180648281503, -0.26366291664920566, -0.059016011476669725], [-0.16099916202795328, -0.276664292169682, -0.078675112548212], [-0.1492099674796642, -0.2488521213783635, -0.08972738771415936], [-0.26624083449487385, -0.17716443192545298, -0.039264120988724234], [-0.23855692527787667, -0.2727408755251611, -0.06689276419172739], [-0.2161322240223626, -0.27786945710179495, -0.08367913001670897], [-0.20566996255049477, -0.24268551863250695, -0.09119291697886635], [-0.3178328997571985, -0.16828591411418292, -0.04809377475925252], [-0.29792691769264645, -0.24649479723961615, -0.07579553764247261], [-0.27764559708199027, -0.24333537117861787, -0.08712309765826731], [-0.26670165898177306, -0.20443444703906555, -0.09048270950328843]]}