{"label": "Z", "timestamp": 1746066765510, "left_hand": [[0.0, 0.0, 0.0], [-0.017674501497529117, -0.06278106181102237, 0.01374518517956198], [-0.05004846641537182, -0.10988611108571403, 0.01558590440542853], [-0.07437999513819604, -0.1380415989515329, 0.013674763990268693], [-0.09267921038551535, -0.16027035446649085, 0.01016849465605255], [-0.07764370299550756, -0.14246944550976007, -0.008583687407978813], [-0.12891611707257603, -0.1942002296644466, -0.021256994739609004], [-0.15907917204542613, -0.22512520044826625, -0.02718542685884671], [-0.18198627102883375, -0.2547927336038295, -0.031974902119194015], [-0.07953775513615854, -0.1359625891254055, -0.023669674104430202], [-0.13479000164591012, -0.19495493635960773, -0.04053249209865624], [-0.16707732367190717, -0.2374508813071747, -0.0525767075253434], [-0.19343968701839295, -0.27533686369954463, -0.06172866574033477], [-0.08034765543224447, -0.11376263193021136, -0.03680270441487597], [-0.14188897818503746, -0.14662159106765243, -0.05463538211408791], [-0.17818966075374723, -0.16536796221244338, -0.06903399368361071], [-0.20592185146250808, -0.1808644334360215, -0.07920592735508424], [-0.08056644637550961, -0.07960313304354286, -0.04747702096028208], [-0.12982370279503957, -0.08898192570601156, -0.06597727136563468], [-0.15967794823569395, -0.09662625850583159, -0.07828889158795649], [-0.18718663728265872, -0.10447523102158912, -0.08723394531848588]], "right_hand": [[0.0, 0.0, 0.0], [-0.017674501497529117, -0.06278106181102237, 0.01374518517956198], [-0.05004846641537182, -0.10988611108571403, 0.01558590440542853], [-0.07437999513819604, -0.1380415989515329, 0.013674763990268693], [-0.09267921038551535, -0.16027035446649085, 0.01016849465605255], [-0.07764370299550756, -0.14246944550976007, -0.008583687407978813], [-0.12891611707257603, -0.1942002296644466, -0.021256994739609004], [-0.15907917204542613, -0.22512520044826625, -0.02718542685884671], [-0.18198627102883375, -0.2547927336038295, -0.031974902119194015], [-0.07953775513615854, -0.1359625891254055, -0.023669674104430202], [-0.13479000164591012, -0.19495493635960773, -0.04053249209865624], [-0.16707732367190717, -0.2374508813071747, -0.0525767075253434], [-0.19343968701839295, -0.27533686369954463, -0.06172866574033477], [-0.08034765543224447, -0.11376263193021136, -0.03680270441487597], [-0.14188897818503746, -0.14662159106765243, -0.05463538211408791], [-0.17818966075374723, -0.16536796221244338, -0.06903399368361071], [-0.20592185146250808, -0.1808644334360215, -0.07920592735508424], [-0.08056644637550961, -0.07960313304354286, -0.04747702096028208], [-0.12982370279503957, -0.08898192570601156, -0.06597727136563468], [-0.15967794823569395, -0.09662625850583159, -0.07828889158795649], [-0.18718663728265872, -0.10447523102158912, -0.08723394531848588]]}