{"label": "Z", "timestamp": 1746080007357, "left_hand": [[0.18423532669892542, -0.007645032453383898, -6.20074526048703e-08], [0.13481850733014814, -0.04858643219028094, -0.019903279316843093], [0.0991437251279165, -0.10586391381382974, -0.030855176773797267], [0.0803545697283994, -0.15799154576490013, -0.04046775529228802], [0.06311351794165945, -0.20393400909386702, -0.04946014680395089], [0.13571528299429336, -0.19583021323651054, -0.013420073814522955], [0.12257438408122905, -0.2691849375252354, -0.02837720757881359], [0.11454293270509107, -0.31263039713197616, -0.041584504461596186], [0.10932058680628408, -0.3531614591231468, -0.05159858157315268], [0.1704097917855722, -0.20125346966102983, -0.017041779098231073], [0.167954366223501, -0.28746870583571565, -0.027788794575420727], [0.166528948532203, -0.337753374457034, -0.03857240670532434], [0.16525000280838523, -0.3806891791435176, -0.04707195380970327], [0.20295756250490843, -0.18919504449054006, -0.02404743353039986], [0.20246636358366166, -0.27016824583838933, -0.03621669664869778], [0.19998779689230714, -0.31940042934450763, -0.043952904203051056], [0.197056005493497, -0.3630655589661912, -0.050044190022377644], [0.23476542406761838, -0.16365008298255912, -0.033200534968697286], [0.24336538849857595, -0.2232626942321833, -0.043982774279558365], [0.24857199084221476, -0.26184320561057317, -0.046904797086908735], [0.2526994578357002, -0.2978822898857684, -0.048982230321868575]], "right_hand": [[-0.18423532669892542, 0.007645032453383898, 6.20074526048703e-08], [-0.13218205933585114, -0.03232280859368027, -0.01616210439668378], [-0.09449883576135296, -0.09713367620589028, -0.022717290429060056], [-0.07226796848882597, -0.14986422941548516, -0.02920018532810805], [-0.0500512324796728, -0.1939442870724743, -0.03561227216517682], [-0.12995937283632622, -0.1809790710605757, -0.006075123243815414], [-0.110472417548223, -0.2485210092272711, -0.022105904638615337], [-0.09478089198466697, -0.28647735503172883, -0.03603291909431758], [-0.07960973833976571, -0.32061359356311675, -0.04570779372252044], [-0.15769597948475658, -0.18717330645300495, -0.010033432375867485], [-0.13814989102407893, -0.25742624688338106, -0.024356090197302976], [-0.1181032997700943, -0.2988763151973199, -0.036737234538566685], [-0.09821854467598291, -0.33679197434414426, -0.045577008405792124], [-0.18741576194462942, -0.17903817523042218, -0.017780196884947603], [-0.17265722222210542, -0.2500205164685533, -0.03323063503388702], [-0.15561630326738873, -0.29339966346220014, -0.04301718220800336], [-0.13694171542596287, -0.33222215138671085, -0.04938651248929689], [-0.2195430090277268, -0.15927857191582834, -0.027421033188151343], [-0.21548284099055057, -0.21849270050644912, -0.04185982699565152], [-0.20628390067392993, -0.2592315015532845, -0.0485647984922471], [-0.19392575994294356, -0.29777508196551483, -0.052779338726695754]]}