{"label": "Z", "timestamp": 1746080038398, "left_hand": [[0.39123443293997273, -0.15727245339561347, 5.693599323466706e-07], [0.32691996035367366, -0.12809710227520565, -0.05338226261962212], [0.23988572860060103, -0.1571869192028916, -0.07090758747949354], [0.18346832000704594, -0.24874443100343085, -0.08050591674806491], [0.1446565357918972, -0.323051125792432, -0.08738122602848539], [0.14239705866650926, -0.15338982077010468, -0.01939177056261154], [0.06668622867933907, -0.2145349876731391, -0.03577631227249348], [0.022901066805022564, -0.2614207333542149, -0.057656180429483464], [-0.011298129602611688, -0.30145368077133705, -0.07621468041173603], [0.1532753635644027, -0.21355333861843243, -0.004008957341044822], [0.07973049986351846, -0.2624299938771603, -0.022508624043537893], [0.054803725361010615, -0.2911423927134314, -0.04812329417556411], [0.03810952486975698, -0.3131934021194619, -0.06677125147998415], [0.17831755400414862, -0.2632475387723012, 0.005232896128102689], [0.10553550313247421, -0.3074105482497608, -0.014709830033240943], [0.08865943510375453, -0.327131579248167, -0.03261379057357804], [0.08904133238890591, -0.34292087522671316, -0.04416387482386853], [0.2134458456386084, -0.3069084797189524, 0.009492638133471728], [0.15368652900588717, -0.3306709399646495, -0.007438030135592824], [0.1358458389945414, -0.3480142860741967, -0.01645920829247442], [0.12958496925080878, -0.36386695037235084, -0.021905411253137386]], "right_hand": [[-0.39123443293997273, 0.15727245339561347, -5.693599323466706e-07], [-0.3232391982403995, 0.07759453036953301, 0.038235261940148896], [-0.24342412291569518, 0.04164979829866185, 0.04533587696647161], [-0.1948173544192967, -0.00380910942147076, 0.04281058193539332], [-0.17622078512520994, -0.06537142425077472, 0.04055681118010806], [-0.16153617797178335, 0.03442350890766513, 0.019311981865589915], [-0.062259665469231035, 0.07653872918290064, 0.011472320964836509], [-0.06050382152451831, 0.1370884701130705, 0.007610001943113946], [-0.07948596963285498, 0.15937006595830389, 0.006888661443325597], [-0.14821401269948528, 0.09078974424675103, -0.006603380990482683], [-0.06134354763247771, 0.15461580063931538, 0.0018859634967974507], [-0.07613151371534477, 0.20897750474308466, 0.009678922547124446], [-0.1044451722708388, 0.21402408347249435, 0.011189581447534546], [-0.15258705568032382, 0.16143853308229783, -0.029694059966319658], [-0.10087798533025343, 0.23639544726891293, -0.011534482423835979], [-0.1240576595196575, 0.26647654658577996, 0.0029614123283227957], [-0.15370409296762796, 0.25146302548681126, 0.00441677734612168], [-0.1696984654566653, 0.23451344959375817, -0.051539906576020714], [-0.1510643445657738, 0.2897575548636203, -0.03231722806498904], [-0.1760543800099576, 0.2978389407465627, -0.017284699154586268], [-0.20598631603951695, 0.27406074196396946, -0.010775418234932175]]}