{"label": "Z", "timestamp": 1746080010135, "left_hand": [[0.17197935876098644, -0.007591817217785977, -6.8551990701055e-08], [0.12367362786195031, -0.0412932051236827, -0.016902501490763763], [0.08530297060586285, -0.0893959210450985, -0.028416359153701463], [0.058784270640591815, -0.13295938886679431, -0.039257554779421056], [0.03412846977047935, -0.16871380517979198, -0.05004934204820523], [0.11713330726076393, -0.17799204798100973, -0.01495757484945125], [0.10189493692171439, -0.24753568510472948, -0.029328985016561303], [0.09453293912021124, -0.2865408017334189, -0.042241426957544244], [0.08779985947939312, -0.3243931960132367, -0.05285313423091334], [0.14722783580298043, -0.18766685371778638, -0.020371672304178856], [0.13151006610615648, -0.2640973719846147, -0.0343955451733678], [0.12095324970236095, -0.30939931521422287, -0.04777721036515572], [0.10993600554769295, -0.3498948300108698, -0.0582330968810443], [0.17778110155684054, -0.17907929011041573, -0.028295455075210953], [0.18141797738371812, -0.25645232156488795, -0.044098042881902104], [0.18435286618768426, -0.3054756112315105, -0.053893656430352065], [0.18469506889514975, -0.3495187225999805, -0.0611523388052586], [0.20763835352639792, -0.15710892958916226, -0.03755897374933933], [0.21390183893696915, -0.21414700938863876, -0.0511146916945971], [0.2173118819668683, -0.25184719878654893, -0.0552389265014518], [0.2187217541162231, -0.2883927686748973, -0.058323845966039504]], "right_hand": [[-0.17197935876098644, 0.007591817217785977, 6.8551990701055e-08], [-0.12361360432744015, -0.029417505148584995, -0.0130108156166552], [-0.08730303817567653, -0.09687253740632032, -0.017031251314856125], [-0.0625617148043515, -0.15144453371377076, -0.021452365942044048], [-0.03512653595556146, -0.1826468913964473, -0.026408660677646276], [-0.11172682192850862, -0.16959765665619342, -0.007227396974658122], [-0.08913293418833335, -0.2317619585594293, -0.0206320646528219], [-0.07539732173738145, -0.27140472780148633, -0.03222045513799881], [-0.06343326291192049, -0.3078887432781339, -0.04108344515329387], [-0.1408420023116607, -0.18085995386397347, -0.01166963101535861], [-0.12404159250888716, -0.2536232041653426, -0.024075061457828603], [-0.11326930748848514, -0.3005952686667084, -0.03532865238857985], [-0.10571032429927803, -0.3434524104148053, -0.04361628146514953], [-0.17022618505366735, -0.1749205636073494, -0.018757384612412015], [-0.1693206383238285, -0.24506302729347995, -0.032366473115922924], [-0.16883427957956182, -0.2927148200512435, -0.04235066396738427], [-0.16784063697212862, -0.3361464445968552, -0.049406279709305154], [-0.2012352577511743, -0.15543676088656075, -0.02731903953211438], [-0.2030961939424504, -0.21155563815598283, -0.03999024387310605], [-0.20183235620681778, -0.2503296580720831, -0.04618056180666252], [-0.19921528877788275, -0.28947555905100053, -0.050580030487807216]]}