{"label": "Z", "timestamp": 1746080016543, "left_hand": [[0.18840344124546848, 0.008165139138189321, -2.6571311532645395e-07], [0.1391177033424356, -0.04016027231603376, -0.009361609752474218], [0.10636594558807434, -0.10391591556245658, -0.014282629401319701], [0.08879630959413728, -0.15746076602786033, -0.02141745169605642], [0.07290164246734937, -0.20697335561224983, -0.027646170213101486], [0.14717786652584813, -0.16991947517068562, 0.010550370335210427], [0.13062797345336188, -0.22878037295347764, -0.005912766848974247], [0.11143386231435395, -0.25603919088851185, -0.02319597149920728], [0.08936185572888061, -0.27289484236276856, -0.03428270237643618], [0.17438871953677457, -0.1793156249371973, 0.004650728679778723], [0.1649295759736636, -0.2504051523661623, -0.01076979621604454], [0.14536342314299086, -0.2765495516508489, -0.025504031620062685], [0.12150513946099872, -0.2836186316231433, -0.03394191858082382], [0.2009730063123354, -0.17508591222115055, -0.0051051821105096], [0.19552696233179523, -0.24642531778453716, -0.01784058903777736], [0.175798226295017, -0.2735438388305395, -0.025193341548266322], [0.151417694433777, -0.28299243545577335, -0.028233588908339942], [0.2286908935960203, -0.15915752778808887, -0.01679429245267763], [0.22842234758714952, -0.21884739844055462, -0.026406015821385676], [0.21406140670915658, -0.25320264026089795, -0.03064773775787582], [0.19297086156691345, -0.27422540128193096, -0.032243316760283386]], "right_hand": [[-0.18840344124546848, -0.008165139138189321, 2.6571311532645395e-07], [-0.14135035439941968, -0.05176786618744333, -0.0150988400649755], [-0.11123761320030741, -0.12106610004261462, -0.018269631480444623], [-0.0961670874999162, -0.178382601282736, -0.02174960185672772], [-0.0836612358063069, -0.2254866238765246, -0.02457167357401029], [-0.15903964571196247, -0.17830978012491788, 0.005036434939440543], [-0.13550545935686045, -0.23529385750824613, -0.010834116089628388], [-0.11269790151129144, -0.2641499711500012, -0.025690543319972697], [-0.09101559708461045, -0.28739254392450125, -0.03470940362504739], [-0.18348592632043634, -0.1881273139825194, 0.003427466671355659], [-0.1624713479139747, -0.25608092633469215, -0.011186715076978073], [-0.13808366140481806, -0.28553143085552113, -0.023237010497979074], [-0.1125935217771744, -0.3050087673672288, -0.029892691110173973], [-0.20968400602383075, -0.18701571196080563, -0.0027056387396993667], [-0.19738927812176132, -0.2578080336705671, -0.01789794829215065], [-0.1776399107942235, -0.2958702671630482, -0.027549415421645584], [-0.15415978520549156, -0.32410209665541106, -0.03215201276201397], [-0.2379100891825939, -0.1753759221737712, -0.010833670209091916], [-0.23597715208345074, -0.23574026230771108, -0.023080394638304032], [-0.22506292172062844, -0.27411767037651963, -0.028852969656789296], [-0.2078350743597087, -0.30533582523808445, -0.03172512647940492]]}