{"label": "Z", "timestamp": 1746080039692, "left_hand": [[0.39547531359159244, -0.18957650023281167, 3.7681715933551486e-07], [0.3413226380184478, -0.13088854369851302, -0.0569814686214911], [0.268216365477648, -0.1094893088885498, -0.08029992960646766], [0.20414328648886934, -0.16391617969418532, -0.09619064447630671], [0.14893383083574174, -0.2199791366294815, -0.10747090022251837], [0.15345052392198502, -0.11432388994951785, -0.02404853166858218], [0.07135946977280022, -0.12158863500874056, -0.04586189044683039], [0.022989517398123317, -0.1447308282032482, -0.06970731287001337], [-0.017233712909694606, -0.17354107121249132, -0.08854924614870804], [0.14448230767362405, -0.18130829885910976, -0.010069684270039379], [0.059016671384349205, -0.18241914108304708, -0.02427403405259154], [0.014608665155575802, -0.2020586595279765, -0.042171017476707796], [-0.01687678718731627, -0.22347490914571636, -0.057566545259277985], [0.1567956993376913, -0.2389328299073693, -0.004237357790421636], [0.0773456643895477, -0.24544304850022597, -0.021381723396272943], [0.049619296739086494, -0.26001324574369167, -0.03289071193221571], [0.037576087381147684, -0.27372239740342746, -0.041512857424008676], [0.18213241749445278, -0.29482974800149436, -0.00511848606413225], [0.11940639762700843, -0.3017882907275596, -0.022978105632503888], [0.09953528517585152, -0.3122215782357207, -0.03105980625351271], [0.09192054873100472, -0.3213126381858878, -0.035908015212407524]], "right_hand": [[-0.39547531359159244, 0.18957650023281167, -3.7681715933551486e-07], [-0.32306037195280346, 0.10076145087759182, 0.058450434438878575], [-0.22784165522550176, 0.07116974664023812, 0.07648506324368873], [-0.16056337169253773, 0.03752004285157024, 0.08224711987139008], [-0.12628594991055597, -0.015434148185882035, 0.08614251564649934], [-0.1509985777594352, 0.05341720248114733, 0.028370555703074323], [-0.04265052907664981, 0.06978313611667587, 0.029506687388947562], [-0.004082518531388511, 0.10945203682849572, 0.03774847768779525], [0.007879726024262283, 0.12729203067887618, 0.04452231343925143], [-0.14354846760567996, 0.1087541728823669, -0.007843139165108266], [-0.030795830947511645, 0.18721291870876214, -0.00048640328680101853], [-0.05139222365770537, 0.2369506048013925, 0.015803650425756488], [-0.08356080448112349, 0.23862691650490997, 0.026739459647345337], [-0.15464141600099973, 0.1797730174396729, -0.03864105081493882], [-0.06873827442798933, 0.27341661241461174, -0.025685444461073487], [-0.10523047842450237, 0.3011174257499971, -0.003964776757560058], [-0.13924805519866523, 0.2852765112963156, 0.005272534795500942], [-0.17996144038409356, 0.251141853382603, -0.06573810332739392], [-0.14348596226465904, 0.3293261150458093, -0.05028314811832278], [-0.1767561395296755, 0.33753688341741234, -0.03294908395908335], [-0.20561896792597167, 0.3117210539563898, -0.023813265834733078]]}