{"label": "Z", "timestamp": 1746066776452, "left_hand": [[0.2502721357607188, -0.02741651079098055, -2.1214590686833112e-07], [0.19332383094255148, -0.08413701072962965, -0.011296567415934997], [0.1533491639975628, -0.16424442696520092, -0.01628568005281311], [0.13535735730478787, -0.2289275604568783, -0.022939837824557295], [0.11563548557043571, -0.2781905448572899, -0.027603998771669507], [0.207471531842726, -0.2596506110472349, 0.00869664994071933], [0.20008142112566754, -0.33168048774429404, -0.01211979150501215], [0.1846085142020149, -0.36005223070156156, -0.031706556416055], [0.1645259872493443, -0.36533993701921474, -0.04205583674805105], [0.24401517153057797, -0.26538379609089374, 0.0027164074706918446], [0.24585553102609436, -0.3502401818475483, -0.011600561128467057], [0.23463044200374156, -0.39087444116710174, -0.02404303773049515], [0.21580889414816506, -0.39448988189813416, -0.030332275214590688], [0.2790251544115538, -0.2507248603257966, -0.00829196196963502], [0.28898993336729567, -0.3327074973238464, -0.02277580588645234], [0.2782442524740234, -0.37127550378403146, -0.029901688390321944], [0.25612916312560097, -0.3747860739868275, -0.03172708131552072], [0.31380656780674493, -0.22168714531042838, -0.021364487575583974], [0.32903800251386606, -0.2846213375433249, -0.03521167581245916], [0.3202804412771067, -0.32073041803841434, -0.04046568569300928], [0.2984840015902382, -0.33334465328327934, -0.040854314748405146]], "right_hand": [[-0.2502721357607188, 0.02741651079098055, 2.1214590686833112e-07], [-0.19104808791314148, -0.03400149110943963, -0.005350162133285213], [-0.14529309316937655, -0.10887154557121602, -0.01655389706158351], [-0.10725548451866769, -0.1557885984763497, -0.03351998146113749], [-0.068735600465379, -0.19007067619164025, -0.04999614140870365], [-0.19249569067412034, -0.21325564085842943, -0.0036165906551578284], [-0.14895322752607906, -0.268509387038519, -0.03191380951541846], [-0.11289868496234062, -0.2638255524137612, -0.05237701779975411], [-0.08361961720017003, -0.24995757793738782, -0.06392245892730104], [-0.22658834913386433, -0.21196613239001744, -0.017114967230643957], [-0.16122656784582481, -0.24804976583280072, -0.05019805122443146], [-0.12060137627871284, -0.2055386131745608, -0.06492555066708025], [-0.10074068071910361, -0.1666530800682757, -0.06904010605901431], [-0.2595352510767803, -0.19465578103223935, -0.033133717906378535], [-0.19029937112064055, -0.2169931557586939, -0.06628233253996924], [-0.16780713973127875, -0.15488970823432371, -0.06719003367451909], [-0.16539358836930937, -0.11042785383873653, -0.060272324186927295], [-0.2891168341135849, -0.16338381482439038, -0.05033411529894547], [-0.2216619073301482, -0.15666292574206517, -0.07536353727296044], [-0.19794784707393046, -0.10526231726609873, -0.07427931364012437], [-0.1932102271771152, -0.0685594483232531, -0.06705760147977084]]}