{"label": "Z", "timestamp": 1746080082404, "left_hand": [[0.17041727032056928, -0.0356706823150563, -1.6767588494241685e-07], [0.1579050336283328, -0.1056508129454647, 0.0016235042774411425], [0.11720688973977925, -0.14986309006801896, -0.009078504493210347], [0.0716564306215492, -0.1550028220461274, -0.021172136252996642], [0.041181756506507454, -0.14167165632986864, -0.03534687651879168], [0.11178684840110405, -0.19608948433536452, -0.030163776312876197], [0.04225290378667692, -0.20996731723361398, -0.04776834359483982], [0.002800809088139354, -0.21459155676274888, -0.05953344904232182], [-0.028244373922684255, -0.22126097535401185, -0.06783924967647745], [0.11149638562930132, -0.15800849500856612, -0.04141729555431848], [0.03556789782890537, -0.17468919588112225, -0.05764198604539184], [-0.010100604096249705, -0.18359279740440979, -0.06615155060096294], [-0.045478097260560284, -0.19222283970534118, -0.07392113830617822], [0.10945979936149702, -0.1128660526011154, -0.05027190216773906], [0.040928447698783066, -0.10872075324050452, -0.06262227186186856], [0.05792672471166468, -0.09657791269112384, -0.057046798719522514], [0.08043055734896455, -0.09484175458022426, -0.052559587936193246], [0.1060275703114666, -0.06778287603110138, -0.05888500331399708], [0.054340050995166894, -0.07013072076112876, -0.06656908143412266], [0.06897694539637314, -0.06361057611764814, -0.0580985511039699], [0.0898244934244965, -0.06440336950904446, -0.05108168372034225]], "right_hand": [[-0.17041727032056928, 0.0356706823150563, 1.6767588494241685e-07], [-0.12834168457956077, -0.022785815430459214, -0.015519776874131442], [-0.11090743136977407, -0.10366664836381953, -0.018353071002409255], [-0.10789596720240817, -0.16588306710570014, -0.020838371062533785], [-0.10413194723632188, -0.21288283166479985, -0.022901880322400158], [-0.16298168283848435, -0.1710884954150281, -0.0028077471373968883], [-0.1659829371867741, -0.2449575329697254, -0.013421137281453898], [-0.16822174556169506, -0.2898462341093435, -0.024268198078702365], [-0.17129082093651846, -0.32825380602828597, -0.03222168239394938], [-0.19469722602355038, -0.16600633703915035, -0.00479229335333592], [-0.20320516415306236, -0.24664593244258906, -0.012795006729744903], [-0.20752253563020306, -0.29751933620389687, -0.02290735188289955], [-0.21209764393052383, -0.34008192843457796, -0.03082748036197502], [-0.2224665801226045, -0.14716660728032932, -0.009966903297928818], [-0.23618758982379154, -0.2209753260512395, -0.019002198325469753], [-0.2411904481776549, -0.268109529296149, -0.028122548149888786], [-0.2449989175218187, -0.3083459374074395, -0.035023354051978456], [-0.24847334903762539, -0.115944491677412, -0.01709034741979752], [-0.2679914112787704, -0.16968991942511155, -0.027103608676151015], [-0.27965583813280226, -0.20671205838090406, -0.032453777153105254], [-0.2900177233448579, -0.24201059937154817, -0.036042436895643404]]}