{"label": "Z", "timestamp": 1746080059755, "left_hand": [[0.12905134090906875, -0.022354793411574626, -1.0488544999871409e-07], [0.08392871485690116, -0.05766652249941041, -0.010755967586632026], [0.04748948049463411, -0.11245398101739838, -0.017107149820770565], [0.022575471946039875, -0.1513354940415165, -0.023995347433280575], [-0.00045009547593335844, -0.18005885005082695, -0.031317527275367255], [0.08343758937722588, -0.19241244984225686, -0.005551817614924463], [0.06605541251224094, -0.255072036374842, -0.01812513565644078], [0.053953972668584614, -0.29100014144272746, -0.029932099141259307], [0.042862368601087004, -0.3247618545970068, -0.039497418898192214], [0.11071164296945218, -0.20033700829887122, -0.012461747312896685], [0.10112389367004117, -0.27365725847413286, -0.02329305101815006], [0.09240350360347066, -0.3159872015306591, -0.03451037819302331], [0.08244615633899373, -0.3541321999459994, -0.043242407412629906], [0.13846023257110548, -0.1927437377050983, -0.02188562495714169], [0.13160395883815243, -0.26479815343017254, -0.03378978031289507], [0.12323904639685515, -0.3071105425123663, -0.04252097764772905], [0.11295855168400742, -0.34717887781209406, -0.04925643759909506], [0.16629049637860896, -0.17260878902347623, -0.032639437993010126], [0.16858204234218105, -0.22757263604838293, -0.04321173136023189], [0.1683076216401441, -0.26314914079741364, -0.04750620508521967], [0.1657354821483962, -0.297824027128533, -0.05090049268086115]], "right_hand": [[-0.12905134090906875, 0.022354793411574626, 1.0488544999871409e-07], [-0.14386697240599416, -0.044310841544658766, 0.008141025032541412], [-0.15090383023863221, -0.12274323342733065, 0.003990879397305982], [-0.15417568850834562, -0.18369182829470615, -0.0025945745493269894], [-0.17076305613770368, -0.22613880427680935, -0.010350415320567291], [-0.1422554982721924, -0.1549107177808337, -0.02361543891955454], [-0.1287325337290769, -0.26144011672053574, -0.04205452418252764], [-0.11514548753460704, -0.3172230206137462, -0.04904194153580954], [-0.10339894661377341, -0.3580610880429116, -0.051891973944297516], [-0.12309707139566073, -0.13740550877486804, -0.03820310746491876], [-0.09967752334537297, -0.2532692046307347, -0.057583758493710606], [-0.07748943481971168, -0.31217378386270755, -0.06359228618437539], [-0.059972979696124244, -0.3534549251780733, -0.06576705963847322], [-0.09715519084453321, -0.11236138862531506, -0.05136145811782346], [-0.07120327945093, -0.22337511427393908, -0.07001950509799193], [-0.04894246731731994, -0.2780598723970413, -0.075691541426281], [-0.033094141297440254, -0.3197500984746802, -0.07722337645785027], [-0.06603984541632194, -0.08333386660801088, -0.06288445110454134], [-0.03812019137029469, -0.16813792679156975, -0.07825178376015028], [-0.01947702186562502, -0.21273100152134747, -0.08248457262643297], [-0.0041213066617102855, -0.2517059171209796, -0.08367622706750447]]}