{"label": "Z", "timestamp": 1746066786105, "left_hand": [[0.3334162586608116, 0.06625767915600814, -7.941958582488563e-08], [0.25756127547397173, 0.022309366609201, -0.02548893493703279], [0.19559383902027433, -0.0530719202500249, -0.03734991509740485], [0.15697783836221746, -0.11917820060184255, -0.04787516741442658], [0.12106610474254637, -0.16572209299300508, -0.05843211689562846], [0.25382126495885193, -0.18812600543693622, -0.018247974108549773], [0.23733714508809456, -0.29229039544580293, -0.03842779838719236], [0.2267504164135788, -0.3538808901771542, -0.0564079093943495], [0.21699549242603633, -0.40854175290123446, -0.07039974538491924], [0.30117584148557447, -0.20119421592744213, -0.02444306084927507], [0.2922603025809334, -0.320377696667138, -0.039569964741414505], [0.28487490580331276, -0.3901926987964001, -0.05523877055375407], [0.27612393990819917, -0.4488684136665845, -0.06768412082228954], [0.345673654319276, -0.19032405886310638, -0.03501451600621944], [0.3388491545617381, -0.3040164837676002, -0.054156074366034666], [0.33208785962266235, -0.37098912495610453, -0.0669675642927188], [0.32290962079017005, -0.4290722619790862, -0.07666503410698593], [0.3891497343390622, -0.1598435482293984, -0.048172400620106914], [0.4003523571130835, -0.24104446187836265, -0.06753823740961912], [0.4059944719416241, -0.296104902955388, -0.0748258340101198], [0.40881673176352434, -0.34669982427873886, -0.07979818818429718]], "right_hand": [[-0.3334162586608116, -0.06625767915600814, 7.941958582488563e-08], [-0.2700412080315169, -0.010719307185367651, -0.033891695998674], [-0.1942196962135938, 0.02438927041607887, -0.052408623199194204], [-0.13210006370716867, 0.0526020925382639, -0.06958275514412599], [-0.08763262473577194, 0.08025182193947666, -0.08616366882909558], [-0.12504373453071413, -0.10032863125138675, -0.01764634716370794], [-0.0493504751701047, -0.13270160079817944, -0.03833869606091744], [-0.006340380385522867, -0.1504732639869635, -0.057446920283121504], [0.03138264963221025, -0.16825802296319564, -0.07089713044980832], [-0.13733958109404112, -0.15388702994491804, -0.01682793886609021], [-0.056581075035015374, -0.1899900770742352, -0.03243645929262357], [-0.009158039691273689, -0.20875490282607473, -0.048554720502667514], [0.03290136888674602, -0.2232124430544136, -0.061456890915640904], [-0.16376782117898642, -0.197448324070654, -0.02149786464944692], [-0.08906978938584045, -0.23502852897338422, -0.0377162246609795], [-0.04380771580681412, -0.253131899832261, -0.050539317167810405], [-0.0037842708785859173, -0.263784682508536, -0.05941058263933724], [-0.20415219751057478, -0.23585121104594758, -0.030238134671254257], [-0.15322711073561315, -0.27690914476468725, -0.041385864923037995], [-0.11872150135165004, -0.30004859086730556, -0.046009553558645666], [-0.08353424446832966, -0.3185714190139663, -0.04947866947652309]]}