{"label": "Z", "timestamp": 1746080068418, "left_hand": [[0.10496822072505382, 0.02331498141872405, -1.815042825060956e-07], [0.078231560600935, -0.04389122951496689, -0.0015099445084517447], [0.024316810710629178, -0.0792893853881436, -0.006625898177875467], [-0.02470269862964109, -0.07792683438605581, -0.011495428559600443], [-0.056781583118169277, -0.05413802398681408, -0.017587718028866748], [-0.007232158547628418, -0.09871954999509903, -0.02129263683323617], [-0.07856406675278726, -0.09409615532291114, -0.031549130686867086], [-0.12300100277222703, -0.08888830199634021, -0.0374889753696893], [-0.1583659425169093, -0.08188979077879086, -0.042176152268942474], [-0.015454838382761946, -0.048435958230381604, -0.0260207099562675], [-0.07011553539478144, -0.03374658825140752, -0.0368947084281832], [-0.05330757539722835, -0.029460800131130338, -0.034835079306543074], [-0.027343544202958082, -0.03007157757585051, -0.032277553124394204], [-0.014754758559794424, 0.003903040305215836, -0.029354620033610425], [-0.05838615808601928, 0.0066755524337780035, -0.03574883140526827], [-0.040500997226302515, 0.009155145501332916, -0.024658599113259492], [-0.01690781711827011, 0.009262961787265689, -0.017079910582479343], [-0.009595295505664025, 0.052603947075287795, -0.033125138422895134], [-0.03604315682078009, 0.04537499215972455, -0.035866739585978594], [-0.01984025673763256, 0.04482320510713931, -0.02652206476129984], [-0.001495134177272286, 0.044001550623704165, -0.018826769241728193]], "right_hand": [[-0.10496822072505382, -0.02331498141872405, 1.815042825060956e-07], [-0.06298869738572624, -0.06751403187529598, -0.022832896391630445], [-0.03931530849528021, -0.12270558796386022, -0.033680494394204535], [-0.027726310168909318, -0.17662004743992785, -0.04284337444349083], [-0.01600687954780561, -0.22417345495130114, -0.051749866366530055], [-0.07602236134003675, -0.20105383156043813, -0.0170623609408192], [-0.07478993406755369, -0.2707729787464076, -0.03236501091845672], [-0.07549389818095717, -0.3129441936338389, -0.04513151646223305], [-0.07807018103894371, -0.3503168033089966, -0.05392064019353611], [-0.10214490425569606, -0.19966147679715476, -0.016941035855087525], [-0.09933521910464393, -0.2767877843356047, -0.028767867560517826], [-0.09946274725699472, -0.3238747321277547, -0.039095161229016843], [-0.10130900132369908, -0.3625137293903753, -0.04639894772586448], [-0.1262948992128126, -0.18417949375856582, -0.020048134681255336], [-0.12884831194954066, -0.25679898979057636, -0.031887299916364305], [-0.1302867336713589, -0.3021257187340896, -0.03936790557591395], [-0.13074455356699566, -0.33965972612212847, -0.04423124593697192], [-0.15019704376851295, -0.15659910766890844, -0.025515443634464365], [-0.16176749188541864, -0.2113648438807079, -0.03691819114197538], [-0.16790986192874627, -0.24769889593827277, -0.040920237744944764], [-0.17310918433706998, -0.2802123308816017, -0.04270955700779397]]}