{"label": "Z", "timestamp": 1746066761588, "left_hand": [[0.14570239192052414, -0.021855905198378964, -4.7619254217589887e-07], [0.10363684448779169, -0.06715886238973644, -0.010230463094796702], [0.07537255481776191, -0.13082002310347468, -0.0185458604294264], [0.06130230480749315, -0.18309422544842885, -0.02951029581490112], [0.07139076001229247, -0.22829125823141833, -0.035939636573384906], [0.11800066729015211, -0.20291402109129877, 0.007998676730845023], [0.091559603610887, -0.23796418820028126, -0.017817228893076895], [0.08745161178300784, -0.18404040747421355, -0.02984230474411017], [0.09802504704414274, -0.15978471047133963, -0.03452373438472492], [0.14656376684423433, -0.20137967985062866, 0.0018252533077525606], [0.11340832892512619, -0.23725369643003782, -0.025681392946659606], [0.10654782292573242, -0.17098049386624906, -0.027666760254808728], [0.12143307425509094, -0.1536617686288575, -0.02133864002471607], [0.1734592749549347, -0.18931430689986087, -0.00956745424766994], [0.13464511693759354, -0.2111739709787601, -0.03725095530262654], [0.12725287716573047, -0.148630866046729, -0.025971470824559705], [0.14342383457145993, -0.135719153694332, -0.010496426988657137], [0.1976137144741315, -0.16908834098774253, -0.02233979039878266], [0.15687319354208842, -0.1849699912972516, -0.03618448910019428], [0.14770891612991605, -0.14420978903574302, -0.026668188831773222], [0.1607993231281683, -0.13123244409538595, -0.01512452817180686]], "right_hand": [[-0.14570239192052414, 0.021855905198378964, 4.7619254217589887e-07], [-0.10706004430718656, -0.02600748314644782, -0.008927851954822012], [-0.07844328567781265, -0.0960043425635748, -0.01649695906563012], [-0.04544821258269703, -0.13839370277101115, -0.02668923750682123], [-0.010302215137754854, -0.16432254506882213, -0.036396852651271155], [-0.1298968272655904, -0.169057214078266, -0.0055218218252753686], [-0.12849016125877052, -0.2425115678202084, -0.015854034756535903], [-0.13127071921304284, -0.28426626850430115, -0.023750854084638163], [-0.13502459493168698, -0.3207562980255968, -0.03051851784691274], [-0.1590075408064746, -0.16399189028687916, -0.01519057122740801], [-0.15920826080279393, -0.25259432135230847, -0.02944662185709977], [-0.15826152972704557, -0.30875968302412055, -0.04154730822331677], [-0.1564189391664098, -0.3535951030541408, -0.04929927602856234], [-0.18124656673428266, -0.14445128655051503, -0.026467835748650744], [-0.14102410611888386, -0.20746467389370143, -0.04921795328202623], [-0.10089497343864898, -0.23177166483356218, -0.06329714647151027], [-0.06908437005353348, -0.24715175800129532, -0.06985297197570202], [-0.1942505933911415, -0.11404713799915647, -0.03834127878184384], [-0.1392553838956626, -0.1459028901851274, -0.05931998163544567], [-0.10066677982684187, -0.15004990679503685, -0.0666938123955474], [-0.07136520807167739, -0.15051930227932786, -0.06935138315796663]]}