{"label": "Z", "timestamp": 1746066755385, "left_hand": [[0.1700868017351648, -0.02072279877275188, -1.8598871687529347e-07], [0.1304032010891405, -0.08914947368713347, -0.0008767902743935002], [0.1125053885078579, -0.16734941201474882, -0.009643909244476083], [0.09462841654777651, -0.22284455204022907, -0.02335866910865911], [0.08398765639650674, -0.27266182241782194, -0.034624108356744746], [0.19451944278104105, -0.23363839431652972, 0.0018105398174205836], [0.18130291357332073, -0.32060277826722455, -0.022655858264216393], [0.14137727004675435, -0.29658351541208167, -0.03693133095484462], [0.12900829079741022, -0.2538714855353453, -0.043735802597838054], [0.21518011956666838, -0.22516924571214067, -0.010950582821746348], [0.18981868307073546, -0.33013343426841646, -0.03346501345744929], [0.14502865978750293, -0.29913310432022866, -0.037840182565509695], [0.136367523428888, -0.25460464729857313, -0.036403623374327565], [0.22662298489057991, -0.2087621726446805, -0.026961210703199158], [0.18692555322281035, -0.30713792576602683, -0.04815105638265295], [0.14590156661907877, -0.26978012433276793, -0.04156053923781795], [0.1396414297734326, -0.22221293538052886, -0.03325138532906417], [0.22660736618575195, -0.18620711632286907, -0.04381488993263907], [0.17528510187396654, -0.23934721910832313, -0.06098504493281688], [0.14460220328369075, -0.21116173730675392, -0.05831815108343923], [0.142449174232012, -0.17483016005155996, -0.05277847992281179]], "right_hand": [[-0.1700868017351648, 0.02072279877275188, 1.8598871687529347e-07], [-0.13280989296139897, -0.05576830270494913, -0.004529505984229584], [-0.11468191618321612, -0.13047026272688833, -0.016635201855351455], [-0.09697449185024327, -0.1837405841116311, -0.03292568005635809], [-0.07585757952418898, -0.23084956166319387, -0.0447952929706364], [-0.19061624846923295, -0.19907290681418877, -0.006804534115365232], [-0.15439793034618765, -0.2666624050365031, -0.031209983560667464], [-0.127268475281444, -0.21646993291085131, -0.04339698372883439], [-0.13128869226873283, -0.17868054714599033, -0.04837580754574519], [-0.21500433857091614, -0.18502494031798258, -0.017938415471984232], [-0.16820641787574675, -0.2519347661366757, -0.040089517162733575], [-0.13731294903604316, -0.19461785943917398, -0.043173543925371906], [-0.14221853959219521, -0.15653397640858058, -0.041422770029719336], [-0.23269473287031148, -0.1621823022413114, -0.031729969996817375], [-0.17755059030483591, -0.217921061131104, -0.051614263076262885], [-0.15098943028323084, -0.16422501242906964, -0.042696226661749034], [-0.15747756728836135, -0.12805613785654907, -0.03261156532100742], [-0.24153277928767825, -0.13076076122783045, -0.04664076114484505], [-0.18507934704127643, -0.16936032026135128, -0.058605456453085555], [-0.16112034792373786, -0.1364862867431598, -0.05058306396435589], [-0.165604021750222, -0.10902700414965422, -0.04168034928757897]]}