{"label": "Z", "timestamp": 1746066784279, "left_hand": [[0.3267719732208021, 0.009276825845238555, -8.316293358337047e-09], [0.30426810482738104, 0.08671967277296654, -0.0182087870469188], [0.2650426575793562, 0.15585895305876032, -0.029515834099645262], [0.23729775684784485, 0.2120750635186691, -0.04056953413345877], [0.21624822227384424, 0.2580309655587105, -0.05151965727962722], [0.17290758168680032, 0.10587780983930706, -0.007078683843919318], [0.11590201984615137, 0.14385169096388836, -0.020709259764051233], [0.08196504751538969, 0.16600059792633653, -0.03429401710717647], [0.052328792171859505, 0.18191453764832918, -0.04515673770341179], [0.1631319653256279, 0.059819044051655584, -0.012280622837250607], [0.09626443819806052, 0.0860240770551833, -0.02290189995500741], [0.0563174862649645, 0.10389144138201872, -0.034876757073926436], [0.023242587635503364, 0.11786216566177546, -0.04434879562033462], [0.16816568302977353, 0.011812794705468276, -0.02130366064276507], [0.10284621669765995, 0.03163188925931884, -0.03326556193755134], [0.06497395534709373, 0.04672660802557494, -0.0423569284780393], [0.031084339804222573, 0.060257952252467, -0.049417819118169684], [0.18365607119050623, -0.03839932009405428, -0.03256562035511852], [0.13419049068269803, -0.03276034489250355, -0.043376742856939154], [0.10313966577914459, -0.025661202064328436, -0.04753923132136452], [0.07370017274182257, -0.019133557863929958, -0.050542167493708996]], "right_hand": [[-0.3267719732208021, -0.009276825845238555, 8.316293358337047e-09], [-0.26513468481560676, -0.018076094516939825, -0.025472753695447246], [-0.2061571138335629, -0.04954809027366635, -0.03623299124288823], [-0.1598888779059962, -0.07677230226440858, -0.046518341870456954], [-0.1232625204542345, -0.09689460465811797, -0.05745192070400808], [-0.2147456791156643, -0.1859993072538235, -0.016063687290817055], [-0.1894026876417062, -0.26646206094194774, -0.033653963201821235], [-0.17605008955171614, -0.31869691970250064, -0.04952779818026462], [-0.16614983990502208, -0.35890609269028395, -0.06079061714593097], [-0.2536758220457224, -0.21390413365965805, -0.01762774681995159], [-0.2330060640311319, -0.304108380226376, -0.030926443855789774], [-0.21822730383408287, -0.35994592592873875, -0.04503690872970511], [-0.2086831416289433, -0.3984046779336828, -0.056129362294369926], [-0.29381767568658934, -0.2196061440059598, -0.023164544604151585], [-0.2801905830265721, -0.30325786690038026, -0.037369739139713413], [-0.26858362305542693, -0.3541322153327387, -0.04720386783646726], [-0.2599748324784973, -0.38891892886795437, -0.054412641199652514], [-0.33654787376559747, -0.20905199320473394, -0.0318203514848197], [-0.3424395364655776, -0.28034122447555204, -0.04702567934290094], [-0.3407121397181553, -0.3301072675021819, -0.05422070465307993], [-0.3373040810244036, -0.36995343612626636, -0.05813630993552645]]}