{"label": "Z", "timestamp": 1746080037574, "left_hand": [[0.19011999491953427, -0.05084532218728191, -2.427787718040466e-07], [0.1250904451046732, -0.09514437787532669, 0.010986253435100311], [0.09660544231421167, -0.15309556648556397, 0.03121535239744091], [0.08138752392562383, -0.20753065090547937, 0.04233259789607015], [0.07748070332431899, -0.25472815791938513, 0.05385399037560588], [0.17401739486086334, -0.19586922349523636, 0.09053237690909917], [0.16555251056730225, -0.24722534285934847, 0.11037036227872461], [0.15418728565099207, -0.2819308188493089, 0.11014584265308408], [0.14388276598755775, -0.31120211265373426, 0.10585383858168275], [0.19998011269677643, -0.21178331098259465, 0.08111246530677825], [0.19880737459207012, -0.27532622950977365, 0.09642209433748815], [0.18254494492393278, -0.31801884304384465, 0.08334827028547048], [0.16534768134104713, -0.3428357636579489, 0.07142783744729879], [0.22789027850679902, -0.21931802326281957, 0.06599312159673376], [0.22828011161014602, -0.29211265689663446, 0.06714426773700494], [0.20012860652491438, -0.3148585646128845, 0.04889101294234243], [0.17451023144909522, -0.31250783763030243, 0.0377412721506464], [0.2572927434951679, -0.22308469238588183, 0.05062068877969741], [0.251917325803749, -0.287077876980503, 0.047678065937956496], [0.2211928927928392, -0.3055211686655583, 0.0396824664293748], [0.19068104248632256, -0.2968702499693299, 0.034308428906137126]], "right_hand": [[-0.19011999491953427, 0.05084532218728191, 2.427787718040466e-07], [-0.13449570852203074, -0.01788145895592387, -0.009064088444688598], [-0.10336941960939529, -0.09227843717773453, -0.023870251291890902], [-0.09400061716834526, -0.15268652144113432, -0.04323282086277191], [-0.09967385675102963, -0.20171384929562458, -0.0604496674986289], [-0.1533275328853023, -0.19173556458574653, -0.03109774120201602], [-0.1366102979299268, -0.29029397554679265, -0.07420117866395023], [-0.09722459189438906, -0.30914380957130894, -0.09636885725307591], [-0.06547782844012225, -0.30091700122196835, -0.10370461675645735], [-0.1925413742448333, -0.17719345014765508, -0.0465209979455658], [-0.14994954365839563, -0.25847770068883863, -0.09446208436878721], [-0.09445834227804684, -0.23838147051730435, -0.10760000343114086], [-0.061516635346558025, -0.200743462248528, -0.10449668607453996], [-0.22352174564326907, -0.14010483469213672, -0.06428740608190293], [-0.1490857914720207, -0.14644560948439175, -0.10977546745695003], [-0.10397556493826517, -0.09183472230859258, -0.11050085931667757], [-0.08736687867682263, -0.05207768355741704, -0.09730797275622641], [-0.24329997279768797, -0.08936327661575955, -0.08285789406653972], [-0.17631927002391093, -0.06971954531708062, -0.10691314586703307], [-0.1434678322255549, -0.038081821283211206, -0.10204488784252676], [-0.133510035345567, -0.015208668194733243, -0.09020812386654119]]}