{"label": "Z", "timestamp": 1746080029084, "left_hand": [[0.24518759532675233, -0.017590275468599578, 2.6005464323455127e-07], [0.19159138816665783, -0.015616312149256305, -0.01916180653289317], [0.13370601949636995, -0.027759727492034574, -0.03285515946676306], [0.08883753508516964, -0.03197647810263967, -0.04539844698456307], [0.05351287889425434, -0.027863347927234335, -0.058668331503317225], [0.1282394543703858, -0.13302491318013518, -0.023467145052058644], [0.08008811693205577, -0.1769505829976854, -0.042485744423876134], [0.05077089826553382, -0.20298865078862338, -0.057268246457655915], [0.025744393624369612, -0.2276887291644637, -0.06831185408679984], [0.15522399909843845, -0.16344624878507455, -0.029229621061170045], [0.1152713350106911, -0.23194592478550405, -0.04536242067113403], [0.09210167831416495, -0.27458324586513455, -0.05851177129621532], [0.072075307512302, -0.31090539304914167, -0.06814838220161051], [0.18941922041133316, -0.1757161742097064, -0.037761674651250236], [0.15835120252832227, -0.24416533375517296, -0.05575535526207247], [0.13864464985031444, -0.2890865041617582, -0.06713877959983275], [0.11926038339719224, -0.32914674958877843, -0.07500536398554981], [0.22805184852857566, -0.17536968467148945, -0.04766330785681539], [0.21467354670084474, -0.2335673079302164, -0.06303918417201401], [0.20553619879705023, -0.27098045528990633, -0.06810309055729682], [0.19411681283399276, -0.3050898702839101, -0.07156504511747232]], "right_hand": [[-0.24518759532675233, 0.017590275468599578, -2.6005464323455127e-07], [-0.19198994667500205, -0.00569052539046124, -0.007159910784560946], [-0.15742564473784512, -0.05795296279205861, -0.00987428202100785], [-0.16044944667697544, -0.10737290416006438, -0.015134691668804734], [-0.17589675361776436, -0.14198336356729974, -0.017232862421308302], [-0.1563044501326199, -0.11950768114923592, 0.008025343912111606], [-0.12788560033715848, -0.16473877737151368, -0.0110659363078444], [-0.13099148653959342, -0.1287189128516208, -0.02350274342861546], [-0.13882354736694438, -0.09315871224461753, -0.026328214043505747], [-0.1807519462336456, -0.1367773025242765, 0.0027381536887304], [-0.1501842761224464, -0.18779482180447468, -0.019652678737391693], [-0.1490199295572686, -0.14271049797734925, -0.031309458948307466], [-0.1530020314336113, -0.10176832441677806, -0.03163019265802874], [-0.2084791505233912, -0.14904217232260392, -0.006115818834486791], [-0.18306439766689728, -0.2000023878700053, -0.02349832970761939], [-0.17099952366820242, -0.15949386364130066, -0.029571254013488275], [-0.16568938439704634, -0.1224972282345478, -0.02714227437472815], [-0.24031243895818086, -0.15484491669379052, -0.0159480541146047], [-0.2309629935980881, -0.214911131281091, -0.020420069069491033], [-0.222491893644244, -0.24840977088620889, -0.022222090090380536], [-0.21326779397963153, -0.2805913203188261, -0.022094783846904227]]}