{"label": "Z", "timestamp": 1746080018901, "left_hand": [[0.2015399062955184, -0.006543222678205135, -4.1124036744108375e-07], [0.14980144365271, -0.05690831498579071, -0.0034970871200718], [0.11890025078491281, -0.10628304376985993, -0.01490382934959098], [0.10140008621037415, -0.14630623151080366, -0.029146636768768854], [0.09736607398293635, -0.18034923327550073, -0.04266921558112924], [0.15851274356079834, -0.19246109356290741, -0.00906777407932237], [0.11012155108435051, -0.22729472485721647, -0.03157791265364652], [0.07961660224130057, -0.24904181597267228, -0.04677079354031626], [0.055724684358981584, -0.2672138354847395, -0.057289394988339196], [0.18258281384899822, -0.18463467669275851, -0.019956383960039306], [0.11300183968349677, -0.17776323561040386, -0.044688179778295783], [0.11268756017846607, -0.12799768664532615, -0.046828540408094345], [0.12767295770707845, -0.10926498202788651, -0.04481133516724518], [0.19744494220172962, -0.16033335343060592, -0.03304142594429339], [0.12506291307044048, -0.1406584930196637, -0.0546354380783547], [0.12467436862806365, -0.09722575573180661, -0.042353575374041705], [0.13942938554919881, -0.08288848856548779, -0.03055927781875408], [0.2034707567375408, -0.1250401746486126, -0.04767323295357443], [0.14468175238206696, -0.11215919056166301, -0.06171291884707228], [0.13664630891860113, -0.08277845660264757, -0.053737957878864664], [0.14413887493148717, -0.06972887821207001, -0.04486417497359877]], "right_hand": [[-0.2015399062955184, 0.006543222678205135, 4.1124036744108375e-07], [-0.14686350300822865, -0.025660792627233774, -0.023043501642386322], [-0.09695814783321331, -0.07608463692049308, -0.033894607468981736], [-0.056018140855532694, -0.11057212836892837, -0.04404960751825514], [-0.019992250092102846, -0.12238268086150475, -0.054014687696473156], [-0.13947380038149315, -0.1843153905627382, -0.01310544941626075], [-0.119004024466516, -0.25622309886972594, -0.02521257213735978], [-0.11042232787350008, -0.3004938579441991, -0.037078012601058245], [-0.10484327876005874, -0.33706194343661927, -0.045843434789041536], [-0.1770144796716142, -0.19240960497636636, -0.013500345777037065], [-0.17307529936940608, -0.2735833055184182, -0.02122880395189885], [-0.17263960920837693, -0.3218185150761551, -0.03074342774415381], [-0.17363802315730273, -0.3582794322435132, -0.03818748970689174], [-0.21173369820621712, -0.18347234318664393, -0.01716457655300376], [-0.21236841119282826, -0.2571058389204539, -0.0250494727943028], [-0.21257143552550423, -0.30101769504822745, -0.03263019049131016], [-0.2125107870909708, -0.33673603870007857, -0.03846525545968984], [-0.24541900126924052, -0.15867900523232886, -0.023698504261235254], [-0.26279428468636745, -0.2067513098330169, -0.031394006896037475], [-0.2735585853075319, -0.23841679055576473, -0.03380111728132032], [-0.2817571802663984, -0.26741933468317736, -0.03489064137458861]]}