{"label": "Z", "timestamp": 1746080048247, "left_hand": [[0.2163934026985149, 0.0022671990314053737, -2.8359078884984733e-08], [0.14583166412513185, -0.025702742417600698, -0.0159900072145923], [0.0952780456125137, -0.08009340921278622, -0.013846956497043142], [0.05871180291530885, -0.12784186892978208, -0.012673628149582701], [0.029015132776468007, -0.1658094990279873, -0.01038243095229644], [0.14490810921559188, -0.1533241868751863, 0.029735163181244376], [0.12500918872106828, -0.21137609824631465, 0.029698825738642978], [0.11242613282978275, -0.24587695857568914, 0.022039353550309587], [0.10032413731512667, -0.2755203580605966, 0.014771149040794823], [0.18140338063365538, -0.16968684313194587, 0.029333312574988387], [0.1709451170751414, -0.2371387358664963, 0.03070786949910169], [0.16126095523311226, -0.2791908748949171, 0.020851236003479913], [0.15186270384736247, -0.3143571648067523, 0.012595398844362142], [0.21579875451959737, -0.17477947545340125, 0.023164138355082946], [0.20874099414614986, -0.24511163333129787, 0.018152573683985967], [0.19748487332409007, -0.2881684252469695, 0.009471954484390529], [0.18541519885570168, -0.3266358606628021, 0.0034563649000262727], [0.2510265852225311, -0.17028879097274893, 0.014529796058221333], [0.25711673954766123, -0.23097267349667214, 0.009499308437753111], [0.2557185800318299, -0.27114948508239484, 0.006616375146678344], [0.2521779486553078, -0.3098270178476119, 0.004280562787787456]], "right_hand": [[-0.2163934026985149, -0.0022671990314053737, 2.8359078884984733e-08], [-0.1636458138435222, -0.05238077029660063, 0.01534140875399075], [-0.15399447938268923, -0.11404451639356805, 0.02003015985515406], [-0.1472546129551698, -0.1575446783796307, 0.017848072560632172], [-0.13343512936312363, -0.19817613653654736, 0.015936320649016848], [-0.19259880455616413, -0.19892468943643285, 0.024770398889356757], [-0.18852625778863377, -0.2769426739719739, 0.02265510033649414], [-0.17815258380910828, -0.3269486912594454, 0.018426194969605448], [-0.16593221140763229, -0.36505144949168766, 0.013792787330988985], [-0.20917554554986992, -0.20159908723677625, 0.006418365884420984], [-0.21686682585663983, -0.3012967194670688, -0.0008179955642728735], [-0.20092105202432536, -0.357294166317262, -0.007900087704478646], [-0.17969513316870997, -0.3912807802349032, -0.013089938310072198], [-0.21525389594198, -0.18917913448432602, -0.01316759215540501], [-0.19363110544023862, -0.2799428877501472, -0.02715460667974955], [-0.1571031859679328, -0.32137184451670203, -0.039194776589909865], [-0.12618823179660169, -0.34528960863040453, -0.04683531264306659], [-0.20669802764754888, -0.16466182762073073, -0.03146141510369366], [-0.1609374072138162, -0.2215002651411893, -0.04484268954959376], [-0.12286418518573508, -0.24493661022435473, -0.05184980588154936], [-0.0909378902866395, -0.2597513162156089, -0.05655229131764758]]}