{"label": "Z", "timestamp": 1746080010281, "left_hand": [[0.1704380837227909, -0.00608798308935716, -7.894795169575552e-08], [0.1215306767742572, -0.03977562921826188, -0.015260551134813474], [0.08295317883034768, -0.09014649995121682, -0.024629669395429574], [0.05750702412769891, -0.1347626050215878, -0.03355092184068304], [0.03371519859129914, -0.16949065313357414, -0.04235236068968279], [0.11518895036779339, -0.17816492028018982, -0.011208193146215543], [0.10061777179378195, -0.2474139300027355, -0.024477429968624374], [0.09324944542045042, -0.2874476344209103, -0.036855442850046286], [0.08681545553603488, -0.32511515568441185, -0.04708588498068861], [0.14525825542540036, -0.1875024718201292, -0.016814053853472608], [0.12962075858242736, -0.26356905871194863, -0.029269556570321074], [0.11843992527383217, -0.3088376653504762, -0.041652620970924537], [0.10707606522848723, -0.34868718036205715, -0.051409868195477416], [0.17607470712702206, -0.17952314369097996, -0.025047407762866025], [0.1787808399419207, -0.2572001783388031, -0.03966460087123194], [0.18014626440464854, -0.30567871013677667, -0.04897069000260757], [0.17882010817826846, -0.3489624330712798, -0.055970628186381655], [0.2067459376145669, -0.15793247720234796, -0.03461205966537953], [0.2150283100127608, -0.2148407404248863, -0.04751391156978995], [0.2191465991170246, -0.25239932702509077, -0.051615159122104855], [0.22078251309316213, -0.2892441843629288, -0.054667289355692185]], "right_hand": [[-0.1704380837227909, 0.00608798308935716, 7.894795169575552e-08], [-0.12351950792992977, -0.032392525686266535, -0.012754505361352907], [-0.08774895752804664, -0.09877354769997021, -0.017179095851089603], [-0.0640130151551217, -0.1520900987411887, -0.022002396537981424], [-0.0372713462023069, -0.1827769315079319, -0.027390942296503493], [-0.11316137605247688, -0.17005308529429125, -0.008372795940418048], [-0.08981663457661514, -0.2322007326419039, -0.02218999425496507], [-0.07549715527111346, -0.2720469846768256, -0.03391062282370367], [-0.0631090956095467, -0.3087292745166223, -0.04274794972777052], [-0.1420886205266005, -0.18066724832306016, -0.013074895914362093], [-0.12557060755685004, -0.2538492888371288, -0.025646524970075607], [-0.1152342288571256, -0.3009549888403032, -0.03678564749801345], [-0.10815257561132414, -0.3437719185851367, -0.04497746760572781], [-0.1712690457356482, -0.17448544527837934, -0.020286481031381153], [-0.17055741678009698, -0.24442729371157632, -0.03379617719910923], [-0.1701428499697151, -0.29195204242985423, -0.04348233982079407], [-0.16923355776429597, -0.33508776874484614, -0.05034003847605925], [-0.20228069470190393, -0.15487060492063137, -0.028934405267295068], [-0.2043777760458847, -0.2109580232332301, -0.041518759228752], [-0.20333951187509705, -0.2495615687321955, -0.047420841724043115], [-0.2010525965499567, -0.28832143706697505, -0.051549201049376055]]}