{"label": "Z", "timestamp": 1746066784454, "left_hand": [[0.30078711836377553, 0.014766448891844629, -4.3296642842085255e-08], [0.28089656961736315, 0.09014677614427652, -0.018416491259318], [0.24764964568847797, 0.1565384771937855, -0.029774410273699682], [0.22281993679217246, 0.21120325597638365, -0.040986468792978625], [0.2041408383117021, 0.2579359438346256, -0.05196759329761562], [0.15979774133381788, 0.12215500786859687, -0.007250929859405391], [0.10629080771212993, 0.1705041344443797, -0.023733968077968726], [0.0737544338874139, 0.2036497066446254, -0.038961905767040776], [0.04540206195700586, 0.22969538520682883, -0.049992259823395876], [0.1472441454916502, 0.0810663810144724, -0.011641940802530032], [0.08353872556034103, 0.11124898438811041, -0.024028487539211676], [0.044046032738772625, 0.13157837523949464, -0.03637471144671551], [0.011471034782952477, 0.1480017909864472, -0.045495948561305795], [0.14753380555178325, 0.036789903339641016, -0.020074024347117154], [0.08693438508642509, 0.06052947438178225, -0.03276023240864892], [0.0518902464417652, 0.07785932274395313, -0.040984842018226], [0.02079890890663505, 0.09457172901030451, -0.04671469577509322], [0.15712070824700922, -0.010697587080671008, -0.030866099056205305], [0.10858046963790834, -0.0017189621424651999, -0.04087758996186643], [0.08019608529114639, 0.005764599259421279, -0.043186265798338716], [0.05444257756682923, 0.01356604604801687, -0.04445581179994003]], "right_hand": [[-0.30078711836377553, -0.014766448891844629, 4.3296642842085255e-08], [-0.2410451232703645, -0.024152698598290213, -0.025422803502788447], [-0.1873020510009836, -0.060598353384813015, -0.04037775164985165], [-0.14814776917425712, -0.09179294665504548, -0.054195762091587406], [-0.11653084216278042, -0.1131660678184548, -0.06876410015712682], [-0.2029726937312166, -0.19618306160785143, -0.029265274237817402], [-0.1811815280718915, -0.2796780447120226, -0.051244107457230285], [-0.168774017648667, -0.33363085061639147, -0.06906189932180995], [-0.15878677144068568, -0.37868028168413415, -0.081761481197968], [-0.23850968758726504, -0.2151747623801751, -0.03288554637247091], [-0.22207339364275314, -0.307350184179632, -0.05216931336694113], [-0.2105712592157758, -0.3654913649162291, -0.06909620805365067], [-0.2017188322443926, -0.4121656248838381, -0.08174729007287516], [-0.27594750758770564, -0.21549871547978788, -0.039460310843421414], [-0.2655671572761575, -0.3048009706036116, -0.05745110575677382], [-0.2553402468700547, -0.3630768545666704, -0.07178957688821641], [-0.24622245161330114, -0.4104968782964379, -0.08185478274543607], [-0.31585702090103507, -0.20139568730136914, -0.04856369528202871], [-0.31964474883486277, -0.2774472971400667, -0.06659775403454177], [-0.3195283167473429, -0.3300899216741341, -0.07635213606748333], [-0.3174444130584431, -0.377427968510258, -0.08236625432770758]]}