{"label": "Z", "timestamp": 1746080000789, "left_hand": [[0.1915521065631827, 0.012858131482428273, -7.352638034661905e-08], [0.1444194311427016, -0.062154245213017684, 0.028900447998077766], [0.14484251535169376, -0.12584980340464344, 0.03713122948213038], [0.14282429084734746, -0.1722475260399992, 0.03733054705064192], [0.13576863915437348, -0.21748500011320962, 0.036853340336798275], [0.1927226257971863, -0.1746310715951861, 0.02473871975178961], [0.19282735666277717, -0.25623632000272384, 0.023773440590507768], [0.1912775347698924, -0.3011452450290824, 0.02454408068047261], [0.19043458999344018, -0.3420072816959728, 0.023949902165714358], [0.2039085869453237, -0.1698509359818683, 0.0012885218688451243], [0.18568249256461125, -0.2619693228203196, -0.004818656471372327], [0.16502952088904727, -0.3137877298866917, -0.008339053124361036], [0.14663819613771042, -0.3515078968121618, -0.011250122080169669], [0.20164330405332193, -0.1545890549583714, -0.021493489038650074], [0.16440567128416939, -0.23726689511732285, -0.03142829305922542], [0.13014259751249838, -0.28232658161161506, -0.03788335409581796], [0.1019096825845404, -0.3139862462303457, -0.042352284134858434], [0.18599897169781945, -0.13634729218044458, -0.04182168117261314], [0.15866728948331937, -0.20202460274605877, -0.05075127598374248], [0.13601461050011698, -0.23635537298990483, -0.05595718998320506], [0.11634916017530153, -0.26327703424045873, -0.06036105915815453]], "right_hand": [[-0.1915521065631827, -0.012858131482428273, 7.352638034661905e-08], [-0.22074943851573367, -0.07296304030189406, 0.0021389529436374247], [-0.23246497649603565, -0.1431395048886753, -0.0031771321093468645], [-0.23554069598869018, -0.20331012351751146, -0.007440343566375647], [-0.2495888619187578, -0.24466689544907655, -0.011551744583453377], [-0.1920990198396335, -0.17829039202882155, -0.02838283034737587], [-0.17094561530040778, -0.2756054576960089, -0.04119573713784445], [-0.15721613538605075, -0.32733489600451415, -0.04340165442197954], [-0.14626890176126045, -0.3624250962186075, -0.04123853941312955], [-0.16114916547628766, -0.15884688567507393, -0.03186885896379381], [-0.12752843039304954, -0.2593077381829852, -0.040265575990055966], [-0.10785647655886402, -0.30416924569145815, -0.03472579721508137], [-0.0959129596506724, -0.3297256010426387, -0.028325338949702284], [-0.13198586449531804, -0.13336103811135808, -0.03340762770206473], [-0.09856762845239428, -0.21982618851803226, -0.03778238102166427], [-0.08456767189401888, -0.2529163065824486, -0.02874507066521154], [-0.07932059555319017, -0.27167077830080205, -0.0201495210223253], [-0.10723778103201717, -0.10302672123068367, -0.0340263700841664], [-0.08320885076191373, -0.1725570705954929, -0.03078662674369929], [-0.07873773492523554, -0.19505130384896996, -0.018353844921834114], [-0.07973891926829185, -0.20835189887378713, -0.007489720805294446]]}