{"label": "Z", "timestamp": 1746066790917, "left_hand": [[0.16120145106331712, -0.005812856622213075, 8.449405790093331e-09], [0.2002475459559155, -0.059587951116261355, -0.00747798629754005], [0.22694656722027917, -0.12226386093433236, -0.021030548554302086], [0.2434212489270111, -0.18057598313647927, -0.03299764016050982], [0.2625503714578354, -0.2239973091805022, -0.047339921872378204], [0.1888041775143905, -0.16076158494692805, -0.044731161219649374], [0.18026128591021723, -0.260528102440686, -0.062092826560076496], [0.174433477515343, -0.3163410233131023, -0.06933142136734156], [0.16992338805687132, -0.35898435600200795, -0.073154903916378], [0.15598065122670332, -0.14762064736689653, -0.05065779018180818], [0.140149271626954, -0.2545951095780824, -0.0659395146361656], [0.13044440175747718, -0.3168163685660156, -0.07197147946319316], [0.12398536126204232, -0.361548146483751, -0.07660825178318564], [0.1250386259400917, -0.12715998177466734, -0.05488800897666536], [0.1103612475425781, -0.22691396984999415, -0.06784144903046595], [0.10184984654339509, -0.2879493402657844, -0.0741542137863083], [0.09781620910313141, -0.3326247984476719, -0.07908534390997626], [0.09550160787161958, -0.10209872255816554, -0.0583426411088622], [0.07736051351354656, -0.17615727490309868, -0.07157185366233208], [0.06832091399803496, -0.2200466791373448, -0.07603252500627494], [0.06177433463249457, -0.25686364431449576, -0.07826790376916491]], "right_hand": [[-0.16120145106331712, 0.005812856622213075, -8.449405790093331e-09], [-0.10713811729826056, -0.025235209309054044, -0.02153850944956888], [-0.06411340999467523, -0.08509308586305017, -0.030232470601032315], [-0.031061722997357058, -0.13459498043643145, -0.03784142457593973], [0.0021211887756632003, -0.1639808937186241, -0.04520980066549181], [-0.1022680367658983, -0.18441236576590875, -0.01256626599930666], [-0.09071858591498966, -0.2587202117728934, -0.024222601925467158], [-0.08595308426179929, -0.30335388434431304, -0.035400451108072356], [-0.08241060002403613, -0.3415819961546347, -0.04382039779389011], [-0.13577633753557516, -0.19002306022173546, -0.013368523356304538], [-0.12783032654309714, -0.270606495155959, -0.02197545595043395], [-0.12314887640521564, -0.32106361170816605, -0.03210007438883135], [-0.11966701367029514, -0.3608168878593818, -0.04026834943339119], [-0.16836213899089558, -0.18075903793975814, -0.01742045244232992], [-0.16323417170367446, -0.2554675747481705, -0.027046936442894694], [-0.15790055489527033, -0.29935240574468924, -0.03565230547001572], [-0.15290921047485873, -0.33364740781529306, -0.04217909618532144], [-0.20218240139714366, -0.15949674015630488, -0.023940551665104757], [-0.2113770942304687, -0.21600264227978327, -0.0339308208040788], [-0.2164511850184359, -0.2535320301889286, -0.038515888390678786], [-0.21978572267497032, -0.28817319920842066, -0.041513914581403445]]}