{"label": "Z", "timestamp": 1746080016479, "left_hand": [[0.18771806983933717, 0.010702576004997041, -2.703282690874002e-07], [0.13959136410082792, -0.03777816625557808, -0.009125597305510486], [0.10790220965672592, -0.10375729141539523, -0.012961628935948016], [0.09131270463382136, -0.15828320316778913, -0.019163402801949402], [0.07551182544546736, -0.20734053273808412, -0.024529499439393296], [0.15054419379786046, -0.17179653151666532, 0.01242432376511745], [0.1335498223702972, -0.22810132426156787, -0.0036172508145345837], [0.1135914875212747, -0.25443033772889173, -0.021151159622569225], [0.09105253643508386, -0.27050406166821134, -0.03246291352857349], [0.17745496825719564, -0.1805539060414645, 0.006189243675230881], [0.17058456552146506, -0.25284991176866356, -0.009639222473429354], [0.14952652430744148, -0.2792624049701727, -0.025241344530773414], [0.1241643504479438, -0.28389262388597064, -0.033880639032795486], [0.2035968634462641, -0.1751920336331625, -0.003924960915130748], [0.20279892086113288, -0.2477921117155965, -0.01704897836737841], [0.1826695453122907, -0.27507988477696854, -0.025338490206629052], [0.15796160522144526, -0.28103980187851807, -0.028636104605188933], [0.2306168829898418, -0.15713456324995942, -0.015980405563118943], [0.2325761626573109, -0.21844733616705844, -0.025750676547239004], [0.2174291874411284, -0.2518742501049778, -0.03009798934287395], [0.19517810745805658, -0.2685574379406903, -0.03149673866677882]], "right_hand": [[-0.18771806983933717, -0.010702576004997041, 2.703282690874002e-07], [-0.1421411958977479, -0.055894422861471636, -0.015092723552006013], [-0.1129631324702199, -0.12335264401281201, -0.01883376091331768], [-0.0965707014568328, -0.17986619793001796, -0.023422905996321935], [-0.08318723047224484, -0.22874679781120066, -0.02729013302434121], [-0.16072296023619476, -0.17976371367363048, 0.008006590402973687], [-0.13575072949060266, -0.23681242421766435, -0.00793942113744997], [-0.11333246330407971, -0.26646345702312224, -0.02337888589574922], [-0.09225106837676429, -0.29090172665412906, -0.032944424120047326], [-0.1848987118685389, -0.1898480037263751, 0.005800643580197036], [-0.1638457103569865, -0.2579618190568507, -0.009599779587294301], [-0.1390531053258531, -0.28643941537158385, -0.02271047603149552], [-0.11186101446845348, -0.3050138623506145, -0.03012197430724219], [-0.2110884687718736, -0.18904375378354984, -0.001180763610601348], [-0.1982695887500189, -0.25957885242644013, -0.017335809838622603], [-0.17894501967556317, -0.2953608842578273, -0.027348007153639678], [-0.1549295285205748, -0.32206215550277745, -0.03203377358762591], [-0.2391702783913082, -0.17775414004284973, -0.010257067194062065], [-0.23721558495614925, -0.2386824321002553, -0.023165255072285014], [-0.22597578079017971, -0.27621628100045104, -0.02876695135891938], [-0.20752770770010961, -0.30622052583677295, -0.03142046550100452]]}