{"label": "Z", "timestamp": 1746066749585, "left_hand": [[0.25089318399849436, -0.02417196976785323, -7.533382629909126e-08], [0.19312143770946252, -0.037734016621622124, -0.015582115243020372], [0.13603213092438957, -0.07165431939524827, -0.02423492200761379], [0.09400470372855385, -0.0937875334786174, -0.03233804654137666], [0.059334796773608894, -0.10435914665973214, -0.04044093414794931], [0.15122004462931024, -0.1785865064903093, -0.008765490718426316], [0.11785579045948485, -0.23476663723775937, -0.021630197438505396], [0.0967521671739457, -0.26647630340622064, -0.03431839827978161], [0.07666774333841125, -0.2952955470500886, -0.04468590565496662], [0.18155006983221356, -0.20180367640583896, -0.014190421651926891], [0.15671943132602753, -0.2751780314545269, -0.02381284597405826], [0.14024263370629758, -0.31801993070898554, -0.03455432201366884], [0.12338206978598172, -0.3545776289175624, -0.04343800178192969], [0.21621185994035938, -0.20702889653278841, -0.022770654830776515], [0.1966664036519, -0.28011871596291293, -0.03504997090823516], [0.18164372575681906, -0.32227364901039013, -0.04399796107805847], [0.16477740868684887, -0.3602381038046012, -0.0511982898840622], [0.25291347608641335, -0.19881634229830866, -0.03299122414365372], [0.25154007884916246, -0.25828952685003703, -0.04441144641043441], [0.2484671833647961, -0.2974653541319314, -0.04857558393490529], [0.2428263762219245, -0.3354141996053749, -0.05197554486216932]], "right_hand": [[-0.25089318399849436, 0.02417196976785323, 7.533382629909126e-08], [-0.19838409790722453, -0.03796918218850065, -0.006926802624968014], [-0.16223645655521218, -0.10632324519288784, -0.017665510797521055], [-0.12910712266293897, -0.15134043709048767, -0.033486084210045536], [-0.09579941883235157, -0.18690810297986551, -0.050354059770347306], [-0.21057842262679302, -0.18070281819997863, -0.006336995380783968], [-0.17995272344000712, -0.2516095403265782, -0.03358686746200868], [-0.14647298259553126, -0.27565913301961353, -0.05429481676511919], [-0.11603940069884985, -0.2903696022003131, -0.0671261968885148], [-0.23703968882696494, -0.17530814774658218, -0.01902760103304094], [-0.2027137221056189, -0.25072275251474196, -0.05406482457312364], [-0.1553032868489031, -0.24314939996569485, -0.07486425007068963], [-0.12066809948315119, -0.22250174723880656, -0.08364815561807981], [-0.2639597464130407, -0.15976121966400703, -0.03401448759181541], [-0.2294998517195088, -0.22730078831074157, -0.06754094211606698], [-0.18201661013092704, -0.21100499191482663, -0.0772904569704123], [-0.14878151194093858, -0.1842296327322664, -0.07690292770856988], [-0.2906311252202592, -0.13253423823358118, -0.04984238066082841], [-0.2571366224181431, -0.18167681751684636, -0.0765708449839969], [-0.21809726519781678, -0.17560006434396572, -0.08304923155498495], [-0.18801734591166952, -0.1594105897215077, -0.08247204347105894]]}