{"label": "Z", "timestamp": 1746080000235, "left_hand": [[0.21118691162595435, -0.022176668006986963, -5.48442770293994e-08], [0.22987345433343515, -0.09535410779439835, 0.018148522156264033], [0.22854857484023378, -0.15634416850202715, 0.01464853789175502], [0.21295377205228097, -0.205530821803933, 0.00871349572522547], [0.19075942165743218, -0.23701287595948647, 0.00010737671223881545], [0.2322022917637444, -0.18763242526188348, -0.029114428135889388], [0.22351555290008068, -0.29076640958923705, -0.04678749730054493], [0.21802357650972343, -0.34705090727669285, -0.05249898242062003], [0.2128111314980816, -0.39127341724951537, -0.05437564890030015], [0.21094124851797652, -0.1755722097242074, -0.04586915027861105], [0.1974680959831814, -0.29362890857392393, -0.0637448678783222], [0.18490332197493592, -0.3580223169827214, -0.06931287066014326], [0.17462052116190935, -0.4069109098112816, -0.072164136012007], [0.18191680998495535, -0.15582240022411784, -0.058455397164321236], [0.14717402899157747, -0.2597456334047872, -0.07336747862494097], [0.12499424982948787, -0.31469940341508285, -0.0789422796744784], [0.1116848070638277, -0.35482373448352944, -0.08172910178037913], [0.1514444634961931, -0.12978400110055532, -0.06765101664124441], [0.11829888652177271, -0.20507060713900369, -0.0810372685098578], [0.0990787610233346, -0.24284101462776916, -0.08414683849866073], [0.0844034817859067, -0.2758787250980614, -0.08474461347717875]], "right_hand": [[-0.21118691162595435, 0.022176668006986963, 5.48442770293994e-08], [-0.15009761885415, -0.05701140529358834, 0.013540155658122692], [-0.12295591158417357, -0.12803797359890334, 0.010277566188475582], [-0.10063168030921724, -0.1724599125519759, 7.822079098231772e-05], [-0.07841732400560719, -0.20981125926292923, -0.011078606654879796], [-0.18012459758271326, -0.20823268279287738, 0.005537090051567327], [-0.13304552541801046, -0.26297802510215146, -0.014676028654395205], [-0.09188935416166275, -0.28438159075698827, -0.03204293086680435], [-0.058703351861763176, -0.2962378681086009, -0.04432132600148036], [-0.19831625987489646, -0.19893879610367757, -0.015546785340957662], [-0.1393713898301498, -0.26711582200694833, -0.03387521169777731], [-0.09156736929939491, -0.28574470989075496, -0.047298883575113325], [-0.05517364794354626, -0.2947223417565152, -0.05731045762755448], [-0.20798100412867263, -0.17406652879966164, -0.03723656372777417], [-0.14783961927499095, -0.2336977629799312, -0.05690467833149379], [-0.10002201205423089, -0.2508496792058987, -0.06646653786747705], [-0.0636481981528681, -0.2590609036102359, -0.07306591317939108], [-0.20710115765113388, -0.13598847139112658, -0.05817573779504782], [-0.15419568945882298, -0.1722260245753359, -0.0754197579956519], [-0.11485771268799538, -0.18204904392224494, -0.08081172453305793], [-0.0828926221664749, -0.18729035572743405, -0.08410482805934757]]}