{"label": "Z", "timestamp": 1746066770536, "left_hand": [[0.0, 0.0, 0.0], [0.04875569105634957, -0.05318414391258892, -0.015206187695534303], [0.08137350006565916, -0.127060609668895, -0.022650639549764064], [0.10579858799198714, -0.18579856428299113, -0.030885651071257327], [0.1299335359782032, -0.2304253541214943, -0.03930304670107766], [0.0274502457508209, -0.2226233158795717, -0.004921117620405931], [0.032317694832628564, -0.2990230687630675, -0.01927691893853079], [0.03616201658497963, -0.3448930682181875, -0.033437654696248174], [0.040212227350761354, -0.3866212280748357, -0.04413510996095743], [-0.003755981605037346, -0.22281399472313668, -0.010837622854757792], [-0.003173256846869217, -0.3065595240247609, -0.022516352465066287], [0.0030056204370267686, -0.360190647879391, -0.034581205787015026], [0.009222923413214982, -0.40594917820912274, -0.0439394575216629], [-0.032315260772728296, -0.20519432191707765, -0.02028847907443911], [-0.040472466217254, -0.28521080654322745, -0.032512073669550313], [-0.03825742843583423, -0.33757784195631846, -0.041691403069951505], [-0.033686718300979225, -0.3842415829358938, -0.04856723013411319], [-0.05939458824888038, -0.17365037686359022, -0.03194103510341447], [-0.07182941056213683, -0.23684166583512845, -0.044457747305248936], [-0.07584070882364627, -0.28206474625897726, -0.050065799679378103], [-0.07722529945731464, -0.32617830645397594, -0.053809838163838136]], "right_hand": [[0.0, 0.0, 0.0], [0.04875569105634957, -0.05318414391258892, -0.015206187695534303], [0.08137350006565916, -0.127060609668895, -0.022650639549764064], [0.10579858799198714, -0.18579856428299113, -0.030885651071257327], [0.1299335359782032, -0.2304253541214943, -0.03930304670107766], [0.0274502457508209, -0.2226233158795717, -0.004921117620405931], [0.032317694832628564, -0.2990230687630675, -0.01927691893853079], [0.03616201658497963, -0.3448930682181875, -0.033437654696248174], [0.040212227350761354, -0.3866212280748357, -0.04413510996095743], [-0.003755981605037346, -0.22281399472313668, -0.010837622854757792], [-0.003173256846869217, -0.3065595240247609, -0.022516352465066287], [0.0030056204370267686, -0.360190647879391, -0.034581205787015026], [0.009222923413214982, -0.40594917820912274, -0.0439394575216629], [-0.032315260772728296, -0.20519432191707765, -0.02028847907443911], [-0.040472466217254, -0.28521080654322745, -0.032512073669550313], [-0.03825742843583423, -0.33757784195631846, -0.041691403069951505], [-0.033686718300979225, -0.3842415829358938, -0.04856723013411319], [-0.05939458824888038, -0.17365037686359022, -0.03194103510341447], [-0.07182941056213683, -0.23684166583512845, -0.044457747305248936], [-0.07584070882364627, -0.28206474625897726, -0.050065799679378103], [-0.07722529945731464, -0.32617830645397594, -0.053809838163838136]]}