{"label": "Z", "timestamp": 1746066763113, "left_hand": [[0.178657438782807, -0.018138371086691567, -5.191515424938321e-07], [0.13131059490119715, -0.07551224734396192, -0.007523322617414602], [0.1010602079164702, -0.14873217532932068, -0.01370427338772745], [0.08405881681078348, -0.2074331877274937, -0.024575894842169092], [0.08148766565251106, -0.2632071666880456, -0.031071622013915536], [0.13974171153602696, -0.22786363239773363, 0.01660400437506325], [0.11080007671810375, -0.271350529888717, -0.013237698631979641], [0.10960954235265825, -0.2104468568719314, -0.029733539666509743], [0.12258179551999498, -0.177023735127301, -0.03614087998417416], [0.17059567290032884, -0.2259704271506183, 0.007627455290106375], [0.13537379726214224, -0.2749399516765264, -0.02438762346972273], [0.12928648985989594, -0.20198742695078878, -0.030731490843391256], [0.14413135232475588, -0.17099949360411604, -0.02586172234073647], [0.2017196427398327, -0.21306278824518818, -0.00716584126411562], [0.16187522987098985, -0.2515991616948862, -0.038991640205726645], [0.1516222319099473, -0.18127930562363714, -0.029421903041401205], [0.16533849532317102, -0.15146578379881512, -0.012830004666938214], [0.23225296596764405, -0.19030320711313622, -0.02332625772042084], [0.19058952276322413, -0.22164748971176176, -0.03959871073545611], [0.1743346979639943, -0.17641794877223282, -0.02989627040248023], [0.18212557058107318, -0.1490424417584987, -0.0167819346759643]], "right_hand": [[-0.178657438782807, 0.018138371086691567, 5.191515424938321e-07], [-0.14328473099349037, -0.057199892095978255, -0.0041537554486637575], [-0.12462462862047186, -0.1318666978289377, -0.011470034514808493], [-0.1061509957815292, -0.18388857649290885, -0.021412135480048028], [-0.08495388040534983, -0.22681188720573303, -0.029910344096555647], [-0.21540296000696066, -0.18915624866490657, 0.008518133336038666], [-0.1582211938212738, -0.22389502885538057, -0.01062007678717409], [-0.11700764185466314, -0.24332190024436046, -0.03033297580859952], [-0.07987481601040473, -0.26126175881929103, -0.04458596278649292], [-0.23587213882583688, -0.18358482310268298, -0.0011557126054054625], [-0.16085351839068565, -0.2261309428389074, -0.021537772615873002], [-0.11437558763781157, -0.2442259100509215, -0.03651816619860765], [-0.07238482121541058, -0.2650914994556827, -0.045668939843582085], [-0.24380578217224838, -0.16704118803655907, -0.013732314785385905], [-0.16641639098100222, -0.20888485808866297, -0.03640822794440795], [-0.11898013413445657, -0.22714449458739228, -0.046059295146554505], [-0.07726915803443857, -0.24498034115913198, -0.049364846746071285], [-0.23943327190483896, -0.14345936645867766, -0.027604350428341126], [-0.178605506513728, -0.17756960152400916, -0.04654197892105028], [-0.14024365793044258, -0.1883999742437851, -0.05240107804053952], [-0.10771191315455654, -0.20138019052289732, -0.053287975758910186]]}