{"label": "Z", "timestamp": 1746080026995, "left_hand": [[0.24981694463957121, -0.026309211254953797, -3.768902664005037e-08], [0.19692262966499266, -0.023113328541255654, -0.01984551198498417], [0.13927974219629638, -0.033999333649696, -0.03322490338698749], [0.09438796713191397, -0.03683592832331384, -0.04537007260253831], [0.0593786862131627, -0.031178415133008796, -0.05806738459421237], [0.1331935631126941, -0.13900767005450462, -0.021870765587133578], [0.08497820585976797, -0.18157992670473194, -0.04007315050817934], [0.05539192756202436, -0.20747818178020055, -0.05458310205385893], [0.030502060037226237, -0.23249776259345498, -0.06555771002535403], [0.158924770374825, -0.17023670693357154, -0.026983216431767834], [0.11919159605032288, -0.23759814042806016, -0.042250522309158905], [0.09551388637302285, -0.2803028349380995, -0.05505553384246601], [0.07539276896499121, -0.31706334396736413, -0.06454890786599898], [0.1920095562394567, -0.18368037378727198, -0.035040553789773776], [0.15995303939908384, -0.25077795821221266, -0.05234736914470938], [0.1400866891560811, -0.29413935339205916, -0.06334055059810939], [0.12076987310956123, -0.33341391128162196, -0.07099933055062566], [0.2297033296744031, -0.18479717163732046, -0.04466535629840454], [0.21594570533013466, -0.24125153395353877, -0.0596121671947192], [0.20679236965775583, -0.27798215167097345, -0.06460077343811081], [0.1957122092253156, -0.3125481171895729, -0.06805776584254815]], "right_hand": [[-0.24981694463957121, 0.026309211254953797, 3.768902664005037e-08], [-0.19758555933670363, 0.0014378234315247916, -0.018805295814046927], [-0.15225247281414478, -0.054220865332474784, -0.023371708255065488], [-0.15451058965644307, -0.11800458125805297, -0.026856945876138724], [-0.18596979358525484, -0.14816128213267316, -0.029442519670341737], [-0.14319418124688446, -0.13529893614127214, -0.000717446927722584], [-0.10241275770818169, -0.19186624970912794, -0.009846858306227812], [-0.07861129721017479, -0.22395435578261041, -0.020567665299003553], [-0.05905779883458126, -0.2527079024090436, -0.028416530993848], [-0.17274715264696813, -0.16032388712415518, -0.0020958606211882525], [-0.14027746838079239, -0.2346243300231225, -0.0068104173108326956], [-0.11984752673257303, -0.27991410968141517, -0.014804437999724586], [-0.10470530681456945, -0.3158129828910741, -0.020987367747405963], [-0.20460662177418454, -0.1657583013556237, -0.007105337969611727], [-0.18007903339497677, -0.23184538569992968, -0.013778734366701484], [-0.15921495696747806, -0.27204398788776035, -0.02083016442241781], [-0.14308910756025364, -0.3041482439566701, -0.02561796679540351], [-0.24058041082448997, -0.15770857502847008, -0.014735422929106621], [-0.226473399690394, -0.21401958145618288, -0.0213817519190528], [-0.21546096854806784, -0.25300383429346845, -0.02294618400971733], [-0.20583084276007635, -0.2882353652104165, -0.023864102958252528]]}