{"label": "Z", "timestamp": 1746066750405, "left_hand": [[0.2324394658889996, -0.010990798839422857, -4.5772240402595175e-07], [0.18145563795171285, -0.07949848088501724, 0.008087953230971607], [0.16341543040371387, -0.1433254207477897, 0.0032077524756029398], [0.14814472315986868, -0.18689560453981893, -0.007698826136953256], [0.1366363691441607, -0.22314480900284533, -0.01844270088099898], [0.2388349332427804, -0.2135707702084051, 0.007711165109324768], [0.2009288399135879, -0.2739976695011718, -0.014588425728319546], [0.16164442026065592, -0.28528049033287106, -0.031976673421293074], [0.13122759308310095, -0.278614981841601, -0.04067111750326988], [0.2532221674424278, -0.20573846288364828, -0.008085090224763608], [0.2001799613678879, -0.28126284455271305, -0.026350470435793204], [0.1548550455012067, -0.2812490792062758, -0.03683360111363391], [0.1266394938667775, -0.26543038007568975, -0.041790559721305104], [0.25796483183446123, -0.18677953863462088, -0.025952720204244373], [0.19388308011430547, -0.2426896344657067, -0.04293962201515624], [0.15018819976335956, -0.2278806999704413, -0.04682913263100775], [0.12572495046919277, -0.2056560674528309, -0.0466469766755936], [0.24972791072347364, -0.15976294867487792, -0.0437949197986701], [0.1942060195116751, -0.19402216473771253, -0.054501783786848466], [0.15944738357024257, -0.1934798974871091, -0.055985130964001845], [0.13606958646704514, -0.18695774524659292, -0.055200506217077436]], "right_hand": [[-0.2324394658889996, 0.010990798839422857, 4.5772240402595175e-07], [-0.22349605475943635, -0.06134321252060767, 0.017331133457011514], [-0.21336353619525542, -0.1353837772427597, 0.01611940333101689], [-0.19499834629767748, -0.18703502783444786, 0.009338101373697035], [-0.173954616631213, -0.22452088480169113, 0.0020195441243147094], [-0.2349829195398728, -0.18140897779724174, -0.00855397302058801], [-0.21218115848556265, -0.2753004393678001, -0.025253355937425573], [-0.19086609854599018, -0.3221368776723185, -0.03388009581844335], [-0.17350962449543292, -0.354548827942784, -0.03811076852837666], [-0.23374154748830603, -0.16395001746499557, -0.027577315130673515], [-0.19267013459561946, -0.26510774657490765, -0.044883095015512096], [-0.15691624225701606, -0.3114535704525968, -0.05037540815715326], [-0.1277632486804525, -0.3373894277687203, -0.052146718734359644], [-0.22066013119628367, -0.13861697307404328, -0.0452490265395224], [-0.17080453727270306, -0.2287514127569893, -0.05982525839950964], [-0.1332563866503921, -0.2667877306334296, -0.06226282266915803], [-0.10609711778233903, -0.29093079359951424, -0.062175800552454794], [-0.1987463005364462, -0.10821211956291311, -0.061472527910486845], [-0.14866326157518503, -0.17144111899615808, -0.07022293468065802], [-0.1154992208448509, -0.1965940995458571, -0.06877593457302592], [-0.08954039943490905, -0.21236898991516265, -0.06619232653260497]]}