{"label": "Z", "timestamp": 1746066795343, "left_hand": [[0.20979609988219172, 0.005718597163148783, 2.927692402542459e-08], [0.1619479174979067, -0.00696464835336056, -0.021272270682611453], [0.11382318402979164, -0.03764728401347129, -0.03539426464690881], [0.07482476727081801, -0.05475630711808116, -0.04717177371937712], [0.04006016603133935, -0.07372541560597759, -0.060957502614783825], [0.15942967021546073, -0.08007317084959813, -0.04100168868900993], [0.1476535524096902, -0.12129892375248752, -0.05768560889012855], [0.13559341978345207, -0.14933882922436256, -0.06808780445629245], [0.1247366510115694, -0.18176728089631616, -0.07714806600500283], [0.20125422430507126, -0.08780782803272334, -0.04495694533587173], [0.20490403516837197, -0.14947461685406513, -0.057889961416266025], [0.20455777889500956, -0.18858459683435658, -0.06786451433522177], [0.20490285668363975, -0.22973617067048946, -0.0786929012664699], [0.2361142391602779, -0.08005981468929953, -0.04987795112497906], [0.24922920291702771, -0.1394042902268243, -0.07203208919205928], [0.2574052244561646, -0.18025676900267532, -0.08466225379208774], [0.26286571163916356, -0.22409491702384113, -0.095063680069607], [0.2647391968303314, -0.06026506852751889, -0.05516795085004866], [0.29205455242979805, -0.09614141734531771, -0.07957924727190747], [0.31394455715031927, -0.11577401273745996, -0.08770264619418155], [0.33093856887457995, -0.13797814911049464, -0.09405735231534312]], "right_hand": [[-0.20979609988219172, -0.005718597163148783, -2.927692402542459e-08], [-0.16053559084149374, -0.002913236081865277, -0.026677733267713513], [-0.11245958989943552, -0.0158630373857721, -0.046808647655310745], [-0.07072962012148216, -0.01645529143509197, -0.06582343879442462], [-0.033060141312220535, -0.013621428482321554, -0.08830838189060024], [-0.1535931809315062, -0.06673669561077165, -0.054308955511104935], [-0.14049360294764943, -0.10915289268354461, -0.0773756826927062], [-0.13456165640038423, -0.14127371619280338, -0.09399504539107427], [-0.12848353409873978, -0.1742848194458883, -0.10700673896721453], [-0.1952134206866141, -0.08030153500215481, -0.05575736780649464], [-0.19447950840772185, -0.12848353409873978, -0.07470761508272755], [-0.1955958826298056, -0.16289109811193525, -0.08532096674197844], [-0.19852781078895151, -0.19433547138489368, -0.09676917662695367], [-0.23374855109117743, -0.07920388559303873, -0.05829034614809352], [-0.24171854512819166, -0.12841627317383728, -0.0778207298135061], [-0.24952735955428204, -0.16258076379911454, -0.08767820900383128], [-0.2581312146988013, -0.19502885688327198, -0.09725007478097342], [-0.2662518692793147, -0.06566213577289076, -0.06296915422891004], [-0.2953038421625754, -0.09539373425409144, -0.0828588720746441], [-0.318870590595356, -0.10534708535976271, -0.08973483399595647], [-0.3417957959460807, -0.11338413299566173, -0.09580646371967798]]}