{"label": "Z", "timestamp": 1746080008737, "left_hand": [[0.17481053999733306, -0.007596589506547274, -4.1818831771836765e-08], [0.1256596938184953, -0.03903680667741486, -0.017820290734731705], [0.08634137631659414, -0.09313311527918838, -0.02743646971634386], [0.062292219206685685, -0.1385492241512447, -0.03609172019901139], [0.03830953197846251, -0.17179972255909168, -0.044714484586910457], [0.12113310593560843, -0.18022193214347687, -0.013033923540431033], [0.10123048234902304, -0.245939447025962, -0.027375064338261753], [0.08805149190269226, -0.28694893085207207, -0.03990779140601499], [0.07777619934386978, -0.3253688726957105, -0.04965599310257456], [0.15397180812691377, -0.188994518741471, -0.017423152316038838], [0.14959065767233995, -0.2702887139926974, -0.02819352544763059], [0.14759523403612404, -0.3198488679149688, -0.03851809438227536], [0.1458282706643583, -0.3637314506259256, -0.046598023707219764], [0.1850403027148459, -0.18059251187209607, -0.024923690216829275], [0.17960212261652264, -0.25678163219192507, -0.03757439625546199], [0.17438495579645963, -0.30387873229814866, -0.045532090859683856], [0.16911075685938767, -0.3476751769732998, -0.0516191311043557], [0.2160175164225491, -0.1601423873354785, -0.03433724527562108], [0.22104670214071903, -0.21788193116619492, -0.04522513309352632], [0.22490261887129387, -0.2553563638275914, -0.048184388447312876], [0.22735606902445812, -0.2916663016732403, -0.05050728131969333]], "right_hand": [[-0.17481053999733306, 0.007596589506547274, 4.1818831771836765e-08], [-0.12466757645659683, -0.031775589613291855, -0.01614035018921006], [-0.08766722557197898, -0.10034596379934517, -0.021667129146745824], [-0.06527587081349788, -0.15640562238394237, -0.026738105084138087], [-0.03969392486785524, -0.19136914881308054, -0.0323225106272586], [-0.11894766433617769, -0.17564671765274595, -0.011535674941850305], [-0.09302146117745844, -0.24090333044935788, -0.025769176604979536], [-0.0772526338185099, -0.28331955733999753, -0.03827381388045514], [-0.06467933772667067, -0.3211822102393789, -0.04756704435204898], [-0.15084235964567294, -0.1840272683539895, -0.015295737070789368], [-0.14286480333942225, -0.26360664756991375, -0.028217195895999726], [-0.1379041704470947, -0.3154321046452491, -0.03991077757374461], [-0.13472721977919191, -0.3614400830211969, -0.048693829583642996], [-0.18185770229133122, -0.17548196229986102, -0.021804032033955072], [-0.17551207743275157, -0.2512971111943903, -0.03621952633452578], [-0.16685766565768712, -0.3010398268771195, -0.04665197749082842], [-0.1596580889941064, -0.34466023512129607, -0.05385305645484099], [-0.2142572442784738, -0.1533415930957412, -0.0299382630679149], [-0.2200413129222445, -0.21303195237807054, -0.04480623551205978], [-0.2216661844795424, -0.2550768990809939, -0.051704882044344584], [-0.2223646159318594, -0.29591196859193314, -0.055977300048948624]]}