{"label": "Z", "timestamp": 1746080008676, "left_hand": [[0.17087983768116774, -0.007852675307155449, -1.1084843169968344e-07], [0.1232353530068541, -0.04290509590816426, -0.014347250866919172], [0.0860392747124137, -0.09636927854353053, -0.02292111214438331], [0.06268780973448544, -0.14391530401469135, -0.031177836546402608], [0.0388213497360086, -0.1776095251246243, -0.03965693174879233], [0.12095099780216687, -0.17602455349615034, -0.011815782946646505], [0.10547234668843877, -0.24498957779232192, -0.025742609788587282], [0.09725853929476536, -0.2852208943697177, -0.03805418225977122], [0.09071370800647204, -0.3239557835965025, -0.048105855434022626], [0.1508161328746204, -0.18683890415155585, -0.01776859581640656], [0.13609450265005416, -0.2649752706592262, -0.030688598086582888], [0.12641768084081242, -0.3122343625507083, -0.043215250437800494], [0.11685918440371082, -0.35408139428865804, -0.05308461428522548], [0.18079864904061507, -0.17927436093153173, -0.02607633509672857], [0.18636273804859146, -0.25706675580030114, -0.04109199914967009], [0.19100070766136412, -0.30645764742511544, -0.05038355983030804], [0.19318264495646412, -0.34995871024369524, -0.05713116586814141], [0.2097197960612986, -0.1574565133536532, -0.03558413103674371], [0.2177041800738151, -0.21455035765006503, -0.04849175667456134], [0.2219878999383204, -0.25312824240055704, -0.052412192586895126], [0.22389381733524202, -0.2894724724434483, -0.05534739181596466]], "right_hand": [[-0.17087983768116774, 0.007852675307155449, 1.1084843169968344e-07], [-0.1219838660770707, -0.034260842746963206, -0.012516330981805213], [-0.08862835043692871, -0.10355247848317664, -0.016901706069337007], [-0.06911590458097353, -0.1585088755338659, -0.021735102763801004], [-0.044993508763751563, -0.19490155433256898, -0.027261382039508016], [-0.12071266733153252, -0.17110773114940223, -0.01072304150682284], [-0.09840203343938647, -0.23667476890695982, -0.02592623338779073], [-0.08488486688629225, -0.27838687776047105, -0.03747651528701289], [-0.07348301150945484, -0.31714755305669096, -0.04615927503993021], [-0.14934311273774312, -0.18105432609070565, -0.015974463073396443], [-0.13006774436735818, -0.25619082844447666, -0.0308706350253519], [-0.1162747576673277, -0.3048973359954392, -0.042062649452459876], [-0.10598462690801515, -0.34835610602830475, -0.04984264254629566], [-0.17876554458008545, -0.17308475998851244, -0.023859071340482593], [-0.18108905102822484, -0.2487589200492088, -0.04080962353015209], [-0.18128422615096307, -0.29911183181519385, -0.052016458137483804], [-0.18032507516399707, -0.3442697767094046, -0.05930322455635924], [-0.20897524146556437, -0.15098489997519246, -0.03283878174388998], [-0.21278278160770242, -0.21045502136606645, -0.04881257986838317], [-0.21310335511247164, -0.25194444390304077, -0.056899100322827564], [-0.21223514541827387, -0.29229492117595274, -0.06233313311299123]]}