{"label": "Z", "timestamp": 1746066769494, "left_hand": [[0.15649360863505352, 0.001958599841185166, -4.830737944379509e-07], [0.1122866817032107, -0.04387102547574149, -0.016718280541453506], [0.0813881258310966, -0.1121581656573363, -0.028139987378696163], [0.06542467744724077, -0.1625614490037423, -0.04242175537708568], [0.054690537831284206, -0.20766907215257818, -0.05300960092957666], [0.12415368378142769, -0.1882420026296051, -0.006757747694859223], [0.11968161442389799, -0.26187661748203644, -0.03740137816499586], [0.10052726160353119, -0.22398257639745556, -0.05669927811664216], [0.09527865523853354, -0.17962248010185933, -0.06436051448935816], [0.15693316029054785, -0.18429823687193414, -0.012561938362441835], [0.1572409867182715, -0.26904918152602725, -0.04455562224345932], [0.1303880828158214, -0.22059268143051264, -0.05524054554831391], [0.1229447785852267, -0.1710196623222626, -0.054034201321771905], [0.18896071060435862, -0.16813114358125367, -0.023319418932157547], [0.19718841540071025, -0.25615156449616694, -0.05064119281080376], [0.1677677834297216, -0.2152920480636462, -0.050307368821790925], [0.15597287105344043, -0.16652642511593332, -0.04185973145784785], [0.2235531836091562, -0.1424048538001533, -0.03614593717469074], [0.23914309172142473, -0.20904360088863352, -0.053888534217683415], [0.2117863250083925, -0.19793687737980048, -0.05370829402319866], [0.19122686058608426, -0.166691899885766, -0.04822959888002213]], "right_hand": [[-0.15649360863505352, -0.001958599841185166, 4.830737944379509e-07], [-0.10874850553036972, -0.0477979164623815, -0.018178317504079014], [-0.07128536618716526, -0.1085106647714181, -0.033189847621154636], [-0.03980239916415748, -0.14966296060661216, -0.04870445684959102], [-0.0049288570826791, -0.18365822823865124, -0.06554783209276985], [-0.11354640248824675, -0.19635740731244586, -0.02371001462408786], [-0.09347301223249936, -0.2641981099118284, -0.048541155184717966], [-0.07289242246711207, -0.299262183885363, -0.06750872192964594], [-0.049870027830111255, -0.3252800204032428, -0.07967372098772531], [-0.14456097772441381, -0.19666378854567312, -0.030633505772489918], [-0.13111582325617713, -0.27865007612823905, -0.05180422902139066], [-0.1072832270810874, -0.3177643926892496, -0.06665490952234347], [-0.07964424363692137, -0.34150853446001833, -0.07684065627229897], [-0.1748404909098723, -0.17729108383919528, -0.04055728179729823], [-0.1735030484149367, -0.25896387048035335, -0.06359130971867319], [-0.15366716949880715, -0.29429128864512816, -0.07577267347913777], [-0.12685660129395618, -0.31290826289431356, -0.08282346926038052], [-0.20567991069836716, -0.14393565481755713, -0.05201253893103807], [-0.2110377780178613, -0.20723347352908858, -0.07402693697290655], [-0.19374995764811775, -0.2337757881319838, -0.0822948574940483], [-0.16840303142231058, -0.2448217497133892, -0.08625784115059176]]}