{"label": "Z", "timestamp": 1746066793306, "left_hand": [[0.1658153413470246, 0.015388740959892558, -2.900986230786172e-08], [0.11787923086088128, -0.026262331573796795, -0.010287132661154365], [0.08674942589750174, -0.09177081111031775, -0.011611978377017353], [0.07343463326260467, -0.14467051610502699, -0.013553369242613288], [0.057087949715163365, -0.18147324262545517, -0.015391004684357208], [0.12974942234612347, -0.16676667106791787, 0.006109395810064846], [0.12080676861906345, -0.23196822481477222, -0.001109017801056673], [0.11510616482539748, -0.2702011867760568, -0.010281313615925202], [0.11014725127812548, -0.30445561410933714, -0.018041880227789804], [0.16190774749449152, -0.17084160928670752, 0.0009931724235772053], [0.16160170947334618, -0.24531574382561191, -0.0037723846038256654], [0.1596472870738033, -0.2890349134826794, -0.012263686221987053], [0.15615311088037281, -0.32549030056916656, -0.019332897423267582], [0.19093277435331926, -0.16088173424674768, -0.007365200833314868], [0.19262683845744683, -0.2313093795126572, -0.014742724332059058], [0.18993847360951369, -0.27381315371101195, -0.02147815474590501], [0.18529261952532786, -0.3121338433434424, -0.02707486440188751], [0.21844964390699317, -0.13905005359696157, -0.017396623837017178], [0.22883334770962308, -0.19170348353325176, -0.024436499585016522], [0.23418178987215302, -0.22546923464869578, -0.02684779238187992], [0.2375372320575801, -0.2578385662333203, -0.028963950064749618]], "right_hand": [[-0.1658153413470246, -0.015388740959892558, 2.900986230786172e-08], [-0.13036376825111057, -0.05311700651684369, -0.0066728857752241565], [-0.11967511596142959, -0.11465635370106275, -0.008189525431170918], [-0.11679733359355231, -0.15584312329813574, -0.011046768694232944], [-0.11618328024864608, -0.18336043673607028, -0.014014196767234512], [-0.1466188502284042, -0.19115185645663557, 0.0001987264106449288], [-0.14679706975904613, -0.25431206719509325, -0.010030647634223459], [-0.1441331790751194, -0.2934399401789175, -0.019601937943496607], [-0.141803856064362, -0.32706725993471764, -0.026665469443896837], [-0.16617543236518, -0.1917235995608811, -0.005927709398039001], [-0.16588509170561502, -0.26133512326051234, -0.015427901302487038], [-0.15974157212607204, -0.30484935962507104, -0.02398142742336548], [-0.1542072937825189, -0.34081966192092156, -0.029917615222150497], [-0.18393600834206372, -0.1801715722077223, -0.014368411363075932], [-0.18807082049464482, -0.24877336009721251, -0.0244113167194349], [-0.18482928506346194, -0.29379940572379654, -0.03175384587109232], [-0.1807350782324496, -0.3313841352521066, -0.03655228012572952], [-0.20065258871450883, -0.15739139159920446, -0.024003780526785604], [-0.20561452874537603, -0.2130987048954972, -0.033516923889468794], [-0.20375503704793554, -0.25068698549789226, -0.03757428328270973], [-0.19953258801871646, -0.2842803279311971, -0.04011724577045142]]}