{"label": "Z", "timestamp": 1746066782276, "left_hand": [[0.17388554774836512, -0.011253311297871441, -2.2262089303997866e-07], [0.12746753449818513, -0.07294885774916048, 0.0014202938109574219], [0.10893993579308694, -0.15043964045019634, -0.0011271031675003963], [0.09380365718391491, -0.20023238102686114, -0.00822440770123928], [0.07705079344364879, -0.24266568822706952, -0.015215932739023169], [0.16037726179927814, -0.22466233893667784, 0.0077758541712080916], [0.15562671733994732, -0.30825612804269514, -0.008115300924933408], [0.13798130087681473, -0.3553650097673886, -0.022726326829384715], [0.1188228312502482, -0.3847437395579221, -0.032869948059236036], [0.17568858548398908, -0.21786902579156509, -0.008244341169866666], [0.17490889816159355, -0.316069399589575, -0.02369938851218221], [0.14965306107903545, -0.366810542249791, -0.03696878341203837], [0.1229358936065364, -0.39538452272241864, -0.04568376287195494], [0.18409187257862164, -0.19675131306080557, -0.026904917661865146], [0.1819642387908011, -0.29276597837795015, -0.043210289749967476], [0.1547676094179861, -0.3398983017105133, -0.054910741616013885], [0.12780297634499052, -0.3661498129853956, -0.06260121478618497], [0.18161842646309484, -0.16493994931812378, -0.04603385302303279], [0.1659746856551746, -0.22535739881388872, -0.061937784875721665], [0.13806314125525726, -0.25617829520986524, -0.06966382015331525], [0.11025128310299936, -0.27294250166361667, -0.07455012068918876]], "right_hand": [[-0.17388554774836512, 0.011253311297871441, 2.2262089303997866e-07], [-0.12572676285830336, -0.07075666771773213, 0.0075992866064483735], [-0.11608176191197386, -0.1419949146422975, 0.0036302095328526094], [-0.11048168062034658, -0.19409888972906494, -0.005570884868968257], [-0.09747148022685996, -0.23629335179102565, -0.014827930918443729], [-0.1730250678982014, -0.2069671009548841, 0.0027928353977038204], [-0.11921528913683974, -0.24934483966159876, -0.01827202568950632], [-0.07765279985994311, -0.261354828777367, -0.03501632163012194], [-0.04569490986419973, -0.26318439765996227, -0.04543904112786344], [-0.18685327238049534, -0.19533526710413165, -0.013068096768291479], [-0.1209163720821072, -0.25074699349489926, -0.03398349735048723], [-0.07411320349230335, -0.26167190623091047, -0.046178683270363716], [-0.03800016427194918, -0.26104604770854417, -0.05280209337005088], [-0.19220342508241217, -0.17048193431153777, -0.030147256617453957], [-0.12494943049927905, -0.21845450425392368, -0.05129682886987685], [-0.08030174475954822, -0.22445205583124456, -0.058108284955273946], [-0.04665953742932709, -0.22286180740060493, -0.05986759923105812], [-0.18859885117037803, -0.13595307246946253, -0.046947881283431414], [-0.13937539598224852, -0.17484215979596288, -0.06294001623669887], [-0.10611454148198758, -0.19158430737263146, -0.06666050727926068], [-0.07783702713211299, -0.20249375080796556, -0.06696838633229679]]}