{"label": "Z", "timestamp": 1746066789811, "left_hand": [[0.2765418299294729, 0.11608509883984719, -1.788583946317855e-07], [0.21822087317831462, 0.04625010756621915, -0.007939664827692722], [0.1957049839259793, -0.05461028276116665, -0.016095139791009332], [0.1865501371962543, -0.12301573020627632, -0.027054994162803846], [0.16761518182174254, -0.1832050513546399, -0.039562323055095404], [0.2312888525422046, -0.1406076885513744, -0.017032160054565655], [0.2255766036283166, -0.24846347351928802, -0.04247969699143355], [0.21401836136392294, -0.3110860357672182, -0.06242703234717516], [0.20022704083145154, -0.366172592878424, -0.07725240293002299], [0.2549812123178416, -0.1333052957030415, -0.0327818672032756], [0.2498489497572382, -0.2550255468633731, -0.05788955211869773], [0.24216748086100687, -0.32994672427093746, -0.0791900020969624], [0.23197252420323833, -0.39700610470455544, -0.09477784944601268], [0.2775176571023517, -0.108260915820231, -0.050526260169360016], [0.27465792875340306, -0.2283531688323205, -0.07460401615165177], [0.2697618145533426, -0.29995614943694976, -0.09189677804774748], [0.25960748844098963, -0.3630742334877736, -0.10442077660902915], [0.3000158205451233, -0.06683735399063408, -0.06919668319685503], [0.3018680608625448, -0.1501089894324815, -0.09161993907692223], [0.2965544824908621, -0.21071620188040857, -0.10387663563344285], [0.28746669484792026, -0.2649511993541558, -0.11299933431171139]], "right_hand": [[-0.2765418299294729, -0.11608509883984719, 1.788583946317855e-07], [-0.19822943018876032, -0.1256671802928515, 0.0029212303819960606], [-0.11531498048782002, -0.11174526539232947, -0.005678735648833572], [-0.05293427943664756, -0.1117240157772501, -0.01616047534981063], [-0.011049125779993478, -0.1443561099731779, -0.02819757975891903], [-0.08147923975332572, -0.11601574394037957, -0.030060097842427854], [0.0029846165546585837, -0.07202076512220744, -0.056390139502407385], [0.05553590237932116, -0.04493578149986484, -0.07249132122427815], [0.0976315500245442, -0.02430672992819576, -0.08266813829228987], [-0.10113302475753894, -0.0973048705620692, -0.04769940398720578], [-0.010409127950957078, -0.027562566051701952, -0.07124887278179473], [0.04457064717492521, 0.017841134107850466, -0.08462657996798961], [0.08521147035660454, 0.053997087210446444, -0.09367094738614928], [-0.13374437655281765, -0.07045405983354103, -0.06429465594435727], [-0.049781354451496895, 0.005384268045966866, -0.08775210870003072], [-0.0017267381152959132, 0.053483732816003715, -0.09953617484176136], [0.03710276894483721, 0.09029420609764009, -0.10699842032212355], [-0.17562624666342302, -0.0377661720502817, -0.07970570569508224], [-0.12559808567447311, 0.03919512857788079, -0.09954055957703371], [-0.09489530169387399, 0.08612762642130976, -0.10663501453057134], [-0.06733540519180513, 0.1252822312357603, -0.11052709109200537]]}