{"label": "Z", "timestamp": 1746080046061, "left_hand": [[0.3207325119190037, -0.057454942353342184, -4.7198035574786973e-07], [0.23955713742755394, -0.0932948839700614, 0.020412545502802134], [0.16893291470670202, -0.08688247437902664, 0.014146486073311785], [0.10966486806096293, -0.053370161124146095, 0.0021819087610743114], [0.06839229392725511, -0.011180632569068018, -0.011143062982113167], [0.1186382550857114, -0.12121600840356522, -0.02790612832900733], [0.02512755458095834, -0.04969394527155388, -0.0565811825365214], [0.017861176821887224, 0.025015876681784198, -0.06766920690811458], [0.032223024185961575, 0.07297006528928238, -0.07081583379733994], [0.14540326820261054, -0.1077774686197472, -0.049315404646529656], [0.052991582384816646, 0.004133616025612108, -0.0723270539755437], [0.04650208961708281, 0.09074860332879225, -0.07400326541735065], [0.0557443815900472, 0.13789231427650842, -0.07609430677762445], [0.17790373865447498, -0.07572428236688235, -0.06881360032758928], [0.09637285993316927, 0.03479308827288893, -0.08742711522541818], [0.08668001174804507, 0.11651946978051671, -0.08424471432564129], [0.0924170505560378, 0.16404202531863157, -0.08328898654832263], [0.2113417499438426, -0.03529809623738977, -0.0857990909940893], [0.151335864330478, 0.05851093006724469, -0.10173602414323811], [0.13471005652730728, 0.11821862621460957, -0.10268596454727964], [0.1276404903598223, 0.1577376739622125, -0.10258027170551104]], "right_hand": [[-0.3207325119190037, 0.057454942353342184, 4.7198035574786973e-07], [-0.2695831888271802, 0.05861945183705806, -0.04070446124621439], [-0.22054326445279798, 0.01953634530949936, -0.055748598337825764], [-0.21035489714133754, -0.05789153797601847, -0.06695262920933627], [-0.21108600121520835, -0.12637196494108244, -0.07523518518886076], [-0.14774751566462538, -0.08513314707647736, -0.013519745978752032], [-0.10684342474630897, -0.15943069537163, -0.032294934114338855], [-0.09316957268271975, -0.21231098159214118, -0.05351985634871309], [-0.08862131078938104, -0.2656567116846911, -0.06919713480351762], [-0.17080168412298685, -0.125425535134494, -0.008199967240667011], [-0.12119286572715088, -0.19877651728917656, -0.02195329684475224], [-0.1046369426717268, -0.2510118488156475, -0.03899653854352982], [-0.1020326928639694, -0.2959384845461753, -0.05205535097506529], [-0.20389657029895464, -0.14679584382028657, -0.009437568726695933], [-0.16063134015068384, -0.21465503818672169, -0.023461696615778852], [-0.1449932985870254, -0.2542926964113819, -0.037356888440441084], [-0.14231769162559926, -0.28888669631686076, -0.04711687424559618], [-0.24695762682602884, -0.15593891199416782, -0.015565781820511366], [-0.21814703288170045, -0.2078891830074443, -0.02937593709065229], [-0.20885219783073847, -0.2384029416019868, -0.03751763631197713], [-0.2074611559692313, -0.2668867568653282, -0.04290010818555044]]}