{"label": "Z", "timestamp": 1746066753997, "left_hand": [[0.15910709548787694, -0.017312511669918883, -1.137471538476672e-07], [0.11235296960951557, -0.05765718338460401, -0.0188068328308754], [0.07424576685037788, -0.11223895998357875, -0.029613066024101735], [0.048832311608232454, -0.15769977839015697, -0.039620624373169905], [0.025070736600349995, -0.19088869221138782, -0.049675146766289195], [0.12450556592740537, -0.2025874029252409, -0.012799682205050652], [0.10615713326178478, -0.2696376250413962, -0.027865491487896285], [0.09382870983354928, -0.31162100876881343, -0.04196872206603096], [0.08343463544238365, -0.3493467720442732, -0.05276331418564006], [0.1596024296368275, -0.20904741887920794, -0.017228954605050917], [0.16129862198163883, -0.28916701725700866, -0.02807794402074593], [0.15926937814179087, -0.33721405347031336, -0.03923674197537863], [0.15496671401142226, -0.3780243158748404, -0.047894599421409195], [0.19175680199032652, -0.19688924174362174, -0.025051703820983352], [0.19776418645659313, -0.27163089664433204, -0.03784302942716489], [0.19837652965971814, -0.31940656298440584, -0.04667097378856031], [0.19660914531088428, -0.3624140372100859, -0.05333361836407618], [0.22030738744378486, -0.16988506534054568, -0.03494363264384701], [0.2386967879097238, -0.22114972513201314, -0.04559088699588279], [0.25013871830372464, -0.25462915500254196, -0.04835368960824143], [0.25865563136275455, -0.28544559424462546, -0.05037657403316755]], "right_hand": [[-0.15910709548787694, 0.017312511669918883, 1.137471538476672e-07], [-0.11481156017708714, -0.029582158845860976, -0.019109752874561865], [-0.0828505934645806, -0.09311598506867498, -0.029671826599940932], [-0.05870670109158484, -0.14485735538149935, -0.03974692956468696], [-0.03322790638831951, -0.18227732329029753, -0.049773584447717276], [-0.1366846450019295, -0.17603491742261307, -0.012514051983979388], [-0.11949196414794165, -0.24606824336204783, -0.027674842290101247], [-0.10769917380692902, -0.2902291283821996, -0.04162306147633001], [-0.09836875728443573, -0.3279986812197343, -0.05131770473578585], [-0.16738292558319695, -0.17926934615968196, -0.01535176583912031], [-0.16255911340928947, -0.26066693088802434, -0.025949024059587794], [-0.1582169028104503, -0.3119740425174747, -0.036540966655709134], [-0.15595228223622254, -0.35450451359465274, -0.04464105063569685], [-0.19695336889228324, -0.1652597588807315, -0.02148596236892322], [-0.20375597807641208, -0.24188513832240405, -0.03335743936543879], [-0.20483698455440286, -0.28973960497227375, -0.04325637295058902], [-0.20485557682908814, -0.3313785665498721, -0.05038527446525046], [-0.2254355109466894, -0.1357303147248719, -0.029690149762162377], [-0.2469779793523814, -0.18627047150887358, -0.042272531748493464], [-0.2608635972314911, -0.22113346342351944, -0.047813520800269044], [-0.27254679870665227, -0.25503467351987635, -0.05115696882535333]]}