{"label": "Z", "timestamp": 1746066768577, "left_hand": [[0.1680819842387058, -0.00723082549391787, -1.6444896192967222e-07], [0.1250045580490537, -0.055378497143856974, -0.01502277382493185], [0.09441943235665613, -0.1348821558938178, -0.02229614545545175], [0.08185614585547986, -0.19749518711049813, -0.03223000790998871], [0.09271724218492032, -0.24922817496320163, -0.036651008389162784], [0.14018405678451845, -0.1990401430458179, 0.0059132933404912515], [0.12699948822490606, -0.2567281814760095, -0.02200662965655349], [0.11963700817984335, -0.19420434633659453, -0.03459792068305454], [0.126749444424086, -0.16501849599276783, -0.03869817366116955], [0.17285492529006946, -0.189525878955554, 0.0020855332492071173], [0.157406934951024, -0.245292921058586, -0.02493001207057159], [0.14388227068742493, -0.17617432925342782, -0.025863893454298476], [0.1531314189318298, -0.15481500677668392, -0.019138052788011287], [0.2061035713707422, -0.17198929305035088, -0.00794808678339844], [0.192749549282679, -0.2312717351346021, -0.03474035626326117], [0.17347444815081964, -0.166270474194554, -0.020217975810039198], [0.17861306459144116, -0.13992648884764977, -0.002339873024678296], [0.24169851170562065, -0.147092461756605, -0.020076997808320663], [0.2307988556647398, -0.2009981300702656, -0.03308383391253461], [0.20798382087582487, -0.1648239857837633, -0.021120242152920334], [0.20409618417343806, -0.13936863299767419, -0.007585001901881668]], "right_hand": [[-0.1680819842387058, 0.00723082549391787, 1.6444896192967222e-07], [-0.12586901352815802, -0.049921513467964286, -0.01359821000962566], [-0.09796984988100221, -0.128236097219882, -0.02398193675483985], [-0.09126036499860589, -0.18717901415074745, -0.036196859025743794], [-0.11017568643074947, -0.21119039845786625, -0.04502661691911549], [-0.17760245306675385, -0.21307100455707442, -0.0030752169144954685], [-0.1287394298280644, -0.2356190929836193, -0.030254717155599766], [-0.1090035853130815, -0.1907124340217767, -0.04342402645825729], [-0.1079327569270634, -0.16961204642604935, -0.04822409540772049], [-0.2112724151067376, -0.20159378489754715, -0.008807939226665763], [-0.14526160053790793, -0.20331137993550574, -0.034306684317500606], [-0.13542064868277723, -0.13339425501858246, -0.03764365648477663], [-0.15188771371375587, -0.1214649928725945, -0.033728633353549295], [-0.23606359944756047, -0.17500978793122104, -0.018684460602913434], [-0.16928598864413763, -0.169743796068961, -0.04656407249132834], [-0.1619281680956485, -0.1064756776707445, -0.039904296830030585], [-0.1785506130735904, -0.09608980244592402, -0.02848434321544534], [-0.25514984833054033, -0.13985517002254422, -0.0299972472821156], [-0.1984777584504481, -0.14044535707323433, -0.04489872740761268], [-0.1877615582006804, -0.09846809507966042, -0.03649740546959171], [-0.20016524505774133, -0.08557992755718667, -0.025382206109535607]]}