{"label": "Z", "timestamp": 1746066771029, "left_hand": [[0.0, 0.0, 0.0], [0.05070814649437454, -0.043949823418691754, -0.027883174506391356], [0.09495103388499648, -0.10213357643595226, -0.0462861614485343], [0.1372314749108951, -0.1414175642538617, -0.06347086485061913], [0.17695652668538922, -0.16176012571253476, -0.08077447078888397], [0.03497152200382968, -0.20698794378585797, -0.03088356559407646], [0.057938907980382814, -0.2868641312756079, -0.052651730582895566], [0.0707846894460224, -0.33718588337042843, -0.06950835235088319], [0.07923680441095379, -0.379111711632632, -0.08104421286922711], [-0.004310237027748462, -0.21056754607905318, -0.03379026461212483], [-0.007005975526112421, -0.30713464292999365, -0.05086279737712892], [-0.009910898480053025, -0.36498223496270593, -0.06384429907196294], [-0.015893153869044174, -0.41044849031220426, -0.07304220559003245], [-0.039510220345856883, -0.19190643246225528, -0.04003812864719322], [-0.05636982097249886, -0.2734099554334326, -0.057375605708502725], [-0.06520388347964057, -0.3257243925229138, -0.0699481733304754], [-0.07284886704838761, -0.37109928906346606, -0.078128515662132], [-0.06981429945106918, -0.1545817621359502, -0.0489037531261565], [-0.1037159075779973, -0.20395861597948192, -0.06451064725077234], [-0.1255297251829922, -0.23678733137085411, -0.07051627810794504], [-0.144252698335803, -0.26972266418528684, -0.07377234741991631]], "right_hand": [[0.0, 0.0, 0.0], [0.05070814649437454, -0.043949823418691754, -0.027883174506391356], [0.09495103388499648, -0.10213357643595226, -0.0462861614485343], [0.1372314749108951, -0.1414175642538617, -0.06347086485061913], [0.17695652668538922, -0.16176012571253476, -0.08077447078888397], [0.03497152200382968, -0.20698794378585797, -0.03088356559407646], [0.057938907980382814, -0.2868641312756079, -0.052651730582895566], [0.0707846894460224, -0.33718588337042843, -0.06950835235088319], [0.07923680441095379, -0.379111711632632, -0.08104421286922711], [-0.004310237027748462, -0.21056754607905318, -0.03379026461212483], [-0.007005975526112421, -0.30713464292999365, -0.05086279737712892], [-0.009910898480053025, -0.36498223496270593, -0.06384429907196294], [-0.015893153869044174, -0.41044849031220426, -0.07304220559003245], [-0.039510220345856883, -0.19190643246225528, -0.04003812864719322], [-0.05636982097249886, -0.2734099554334326, -0.057375605708502725], [-0.06520388347964057, -0.3257243925229138, -0.0699481733304754], [-0.07284886704838761, -0.37109928906346606, -0.078128515662132], [-0.06981429945106918, -0.1545817621359502, -0.0489037531261565], [-0.1037159075779973, -0.20395861597948192, -0.06451064725077234], [-0.1255297251829922, -0.23678733137085411, -0.07051627810794504], [-0.144252698335803, -0.26972266418528684, -0.07377234741991631]]}