{"label": "Z", "timestamp": 1746066767546, "left_hand": [[0.14719604924810029, 0.0015021192647885287, -6.862629847254513e-08], [0.1037377786542596, -0.04618569991411078, -0.016679503578061736], [0.06675644041917739, -0.10715582582571515, -0.028251489363573686], [0.038810339289505724, -0.15264258345540999, -0.039347202974097654], [0.011766145437938743, -0.1809791286070316, -0.05080722440584685], [0.11929844109151966, -0.1878644911903893, -0.01493367902004915], [0.10805690938225454, -0.2566029510582962, -0.03079731230580102], [0.09950927668013101, -0.298322296973589, -0.04508294097756154], [0.09179807992793411, -0.33731233354527435, -0.05638751645909758], [0.1529184914164161, -0.18987741473408035, -0.02116729977603759], [0.15758133692650392, -0.2693114048944069, -0.0334147021157896], [0.1581642604511585, -0.3182181575547882, -0.045124655206712286], [0.1563404052338076, -0.3628503767418038, -0.05468045526886359], [0.18283745414917962, -0.17338393123291215, -0.03034580871146832], [0.19283514691316503, -0.24838600864669197, -0.04437244236412661], [0.195196146117824, -0.2956348326854986, -0.05365940877989138], [0.19417601056799458, -0.34050755918789655, -0.06107596032818216], [0.20853462097044026, -0.1429864734882896, -0.04125725338512525], [0.22893306799657295, -0.19284531260636498, -0.05357584464980266], [0.24040966076804748, -0.22873207024379896, -0.05794728654261483], [0.24843108075257653, -0.26441944849906374, -0.061567673648453704]], "right_hand": [[-0.14719604924810029, -0.0015021192647885287, 6.862629847254513e-08], [-0.10685119420918508, -0.04873904294968716, -0.02092099975988285], [-0.07683009000232495, -0.11293823492398447, -0.03358844195288377], [-0.050282067258324056, -0.16044766508436667, -0.045753896110441325], [-0.02119265997770647, -0.18963820599151862, -0.05860936486427332], [-0.13136107783875497, -0.19024171286446362, -0.02184676104543429], [-0.13112747040283723, -0.261965959898885, -0.03926042875261477], [-0.13121621913336634, -0.30635635381601384, -0.05391223800080632], [-0.1319346981551427, -0.3464041264042738, -0.06489633733923278], [-0.16367705094484378, -0.1853666185341041, -0.025599592888130702], [-0.17563618950011023, -0.265769285873534, -0.040607882179966685], [-0.1812433106492847, -0.3169724967312229, -0.053683635884753], [-0.18633117710538097, -0.3596847856938483, -0.06360614225151083], [-0.19084865998629902, -0.16456805602576072, -0.03203926395961202], [-0.20849537306056443, -0.23715926516223437, -0.0468266335503463], [-0.21604362799630397, -0.28470926118699685, -0.05768423832886925], [-0.2218194860854187, -0.32697695370288565, -0.06536182239578113], [-0.21425134554200875, -0.13072410848857507, -0.04070765182049735], [-0.23635792944183126, -0.18294782314808725, -0.054666195194942035], [-0.24953701901698386, -0.21875220862899172, -0.0611188326129453], [-0.2605687149256215, -0.254490618857937, -0.06535574139246086]]}