{"label": "Z", "timestamp": 1746080044884, "left_hand": [[0.2802717101212851, -0.0857741003593738, -5.032296084347715e-07], [0.21056734405578892, -0.12639215481383612, 0.025387866596096462], [0.14586429884700794, -0.1349437071391606, 0.023580153007668334], [0.09429663596757262, -0.12216083545631136, 0.015096545626294876], [0.05462346926370554, -0.09771534780307634, 0.0049476695304465435], [0.10158942814560842, -0.17722013860009436, -0.018585366203636194], [0.010325882110978287, -0.13606987014309657, -0.04062082947061011], [-0.008283353686518193, -0.07859960612988177, -0.04602018895091077], [-0.0034845033435343597, -0.03472087890169191, -0.045058812124386664], [0.12222042811127323, -0.15958324804960822, -0.04041670783088243], [0.02662057519127443, -0.07480953355685242, -0.05745648973962578], [0.014542471269595222, -0.003521633078991354, -0.05405438423851903], [0.022227274352128137, 0.037714962963688294, -0.051233535301931116], [0.14730512019628822, -0.12599522539197563, -0.05988235194194581], [0.058072211943626315, -0.04030438488322713, -0.07316212064440696], [0.044117059818263936, 0.025815953921673275, -0.06427346606911999], [0.048233250375030616, 0.06563728462281634, -0.05847610599500727], [0.17455041047566647, -0.08506550426767867, -0.07675041357792224], [0.10613403677663408, -0.008469712252907156, -0.0887404215294552], [0.08638715298362634, 0.04164181595514748, -0.08527201111837651], [0.07855454084836945, 0.07543968690255648, -0.08085338245012708]], "right_hand": [[-0.2802717101212851, 0.0857741003593738, 5.032296084347715e-07], [-0.22034330296640536, 0.068937761892732, -0.029385861471571392], [-0.17388319077746114, 0.003719996377192461, -0.03614257645592095], [-0.15938038456155146, -0.06146463252910004, -0.04108471981603418], [-0.14882603224840812, -0.11121662725916517, -0.04442139826110563], [-0.15692779376680702, -0.1210979539953598, -0.005659870986127279], [-0.12960259025686513, -0.20255600466201099, -0.02014734407276291], [-0.11765946667767348, -0.2544201983614565, -0.03575641896738397], [-0.11006350114586866, -0.3039923249397978, -0.0472005031830606], [-0.1889065992384196, -0.1435564620465221, -0.0033886025857968885], [-0.15702583452270472, -0.22822523971779854, -0.013183308986282973], [-0.14235001819087936, -0.28299123189572156, -0.025325015327159885], [-0.13221074817811287, -0.33014668046202567, -0.034623388420196445], [-0.22623672624819754, -0.14766671995863398, -0.0065624244683144825], [-0.1996184962262845, -0.22417037850898028, -0.01826697460220035], [-0.18574602082835487, -0.27003868404042713, -0.027826510825958998], [-0.17620087728926487, -0.3092456310752477, -0.03415883889203296], [-0.2713415840780748, -0.13738407770004346, -0.013537032624094386], [-0.25889798868056896, -0.19944547343377766, -0.025310842898262336], [-0.2501373993673012, -0.23629688165564236, -0.030079122057131633], [-0.24270143776889969, -0.2697690022404572, -0.03258203574956484]]}