{"label": "Z", "timestamp": 1746080057370, "left_hand": [[0.09991440081741534, 0.011057788592964454, -7.61144096840384e-08], [0.09391392023449677, -0.0601895563057394, 0.018358892143379497], [0.08466326390120764, -0.12889858684870767, 0.017344202133742874], [0.07648020068251336, -0.17894282492807395, 0.012632413330776814], [0.06325811547293882, -0.21559135015560313, 0.0051876226419208735], [0.09281035201364353, -0.16663512026772392, -0.01903321022598143], [0.07179913895799836, -0.2611749536272301, -0.036739986405832016], [0.057483911941110064, -0.3150778601143163, -0.04659820517732367], [0.044611748312652785, -0.36068536076659385, -0.05356239777085564], [0.09188717666521204, -0.15299613769845596, -0.039629955932913144], [0.06323395962172329, -0.26246470496161195, -0.056082704675726264], [0.041515620832554584, -0.32168368951233384, -0.06321488887786608], [0.023437572801113703, -0.36920306410533993, -0.06962856584162629], [0.0801113384817905, -0.12793231300461486, -0.057911246899081906], [0.04859400155719292, -0.2305665054767866, -0.07192011842730468], [0.02690940932787721, -0.28812711324039275, -0.08078493776642547], [0.011142324123350936, -0.3324072359399618, -0.08892736483425902], [0.05974910997577119, -0.09684504574078542, -0.07375495828402912], [0.03292688257713686, -0.16587009212313183, -0.09088580942553937], [0.014796025954982615, -0.2095687830859883, -0.10069030928490653], [-0.0015963853913480474, -0.2496128768191038, -0.1084015573932032]], "right_hand": [[-0.09991440081741534, -0.011057788592964454, 7.61144096840384e-08], [-0.057429272758706566, -0.05194417337863734, -0.007751189696080992], [-0.032957385806060585, -0.12016785835088958, -0.008360415460632398], [-0.01935525384342455, -0.17102495873162069, -0.010508128558093018], [-0.008085753341948347, -0.20382713224986682, -0.012536130659164722], [-0.061653721242946415, -0.19269713477382067, 0.0038413897191647683], [-0.0540769022374604, -0.25750899479036876, -0.006269302094352117], [-0.04716212069626037, -0.29535564227909405, -0.016340815266152872], [-0.040462095417143726, -0.32704660684595416, -0.02351005651393316], [-0.08507359500809948, -0.197490379932564, -0.0013832675757063917], [-0.08046512022364566, -0.26954278722021385, -0.009469994041294368], [-0.07239006191466958, -0.31312471826961663, -0.017766812615342187], [-0.06524456612730473, -0.34877895364109956, -0.023748389105678006], [-0.10754864468831159, -0.18950199616056887, -0.009441009880135246], [-0.11010078797040203, -0.2592245974655371, -0.017652544893292765], [-0.10634678165279218, -0.30236537581535217, -0.024073445978743193], [-0.10179893526920633, -0.3380355094777093, -0.02861892950620726], [-0.1295195454375122, -0.17068582172328664, -0.01912191433201013], [-0.13589706821539216, -0.22637134645958898, -0.027336878595565446], [-0.13700141244794015, -0.2648252927415179, -0.030920873684387562], [-0.13667695996859874, -0.2997115153080444, -0.03316675101762341]]}