{"label": "Z", "timestamp": 1746066794535, "left_hand": [[0.23344788250492196, -0.008609228446125322, -2.016099770446812e-07], [0.18622240659412692, 0.006969906826363664, -0.029915630774721334], [0.13779487794527542, 0.009981540450260734, -0.0564641007586417], [0.09656709885388363, 0.014394307396062065, -0.0817379036890621], [0.05534577302051081, 0.01100353273336734, -0.10740857592255591], [0.1791931103856941, -0.0721874542598918, -0.061975177041734296], [0.17445113023945227, -0.030195133915833686, -0.09501607037699107], [0.16886644193326192, 0.013470521084612287, -0.11714625114873205], [0.16723182682498777, 0.05705534053724192, -0.12741116483316708], [0.22590484873329622, -0.07915022853791873, -0.0641209581141412], [0.23780742220225118, -0.01443147428059227, -0.09625193600363367], [0.24429115124402917, 0.03572315000122602, -0.1142123477454843], [0.25127294565095404, 0.08201072006610877, -0.12401878898615187], [0.26903551408775, -0.07150481601125547, -0.06642301841528336], [0.29281140302125824, -0.02223380287066371, -0.10507278764411732], [0.30919379909452727, 0.02814891739571918, -0.1171913147832065], [0.3210290743012846, 0.07136847274032874, -0.11812744962221886], [0.30516686904922746, -0.055240082725174104, -0.06972709865117087], [0.3276189181948479, -0.04197048601241504, -0.09980543102289838], [0.34917740944815995, -0.020054299886052514, -0.1036345238282356], [0.3695932858662217, 0.005102343659826452, -0.10091502749663067]], "right_hand": [[-0.23344788250492196, 0.008609228446125322, 2.016099770446812e-07], [-0.1839462503014424, 0.020386036164816216, -0.02904970544212569], [-0.13208236175749916, 0.02027817456649945, -0.05476626313007662], [-0.08543258439102637, 0.030759721211386478, -0.0795625795529237], [-0.03880728573636233, 0.03547976998451127, -0.10796880848196434], [-0.1574462858917763, -0.08123419419140725, -0.0661863888461016], [-0.15027123338944176, -0.057835020259847436, -0.10054846545889627], [-0.1379203283107491, -0.027711017744433176, -0.1277401718204754], [-0.129634927263259, 0.006680820275409424, -0.1450719003732166], [-0.20585783908797564, -0.10057189131293422, -0.06756778029314525], [-0.20755439091701064, -0.032868189837052225, -0.10279119702889053], [-0.20505934544960433, 0.015786755506046087, -0.12264674384606988], [-0.21002522453666161, 0.0714095698045547, -0.13733932034256052], [-0.2530243259127816, -0.0969649567669731, -0.07000671152822886], [-0.26331212925488917, -0.04367846447500991, -0.10295443291829097], [-0.26458021871598164, -0.018036128351915107, -0.12179687887741614], [-0.2714893775796406, 0.018831286189618712, -0.13452766493614549], [-0.2943570796186396, -0.0814324984434633, -0.07432394720799963], [-0.3205420837943544, -0.04623909784863513, -0.10434019729675535], [-0.34377620230887684, -0.01591276385999509, -0.11832603286851258], [-0.36750985394084, 0.016971874506894913, -0.12768871557890324]]}