{"label": "Z", "timestamp": 1746080048188, "left_hand": [[0.22538369038859596, -0.0009226145206678079, 1.564569820519724e-09], [0.15414448479207668, -0.02318208109604944, -0.014541241274341693], [0.09998763453031455, -0.07571046446384813, -0.012087312954633398], [0.06642712401270041, -0.12768306156037806, -0.010163796203187048], [0.035771107774361224, -0.16398519850795792, -0.007388228611741224], [0.14526041073674753, -0.15347617010420062, 0.020783008815182184], [0.12252374580647162, -0.210963611810567, 0.01917624537934376], [0.10843128615930592, -0.24384442360718458, 0.012015363212899952], [0.09495572261175834, -0.27177256735891925, 0.004706579537390458], [0.18157285256189185, -0.17342732294523222, 0.019045786581573878], [0.16699210676549148, -0.23861860224714865, 0.017196156278362684], [0.15501851615281023, -0.277805787514082, 0.005878402617440908], [0.1432370152291025, -0.31015914616275486, -0.003478239078101839], [0.21626579929612677, -0.17836143374653401, 0.012593664953949875], [0.20293221876389228, -0.24816254818512137, 0.003432797747831594], [0.19183189775508153, -0.2884787206028788, -0.007340290167902027], [0.179402014781415, -0.3233689835245645, -0.014709705920603259], [0.2524539901129375, -0.17377481103427417, 0.004543251459976472], [0.2557789318608072, -0.23599976679152893, -0.005101397148302061], [0.253216847291487, -0.2738490530879384, -0.010221344553702591], [0.24818083034983532, -0.31018722536712456, -0.01390791053490152]], "right_hand": [[-0.22538369038859596, 0.0009226145206678079, -1.564569820519724e-09], [-0.1660517390779313, -0.05948758246977458, 0.015387146395376356], [-0.15384325227255402, -0.12451351821257678, 0.019092216720374287], [-0.14573401190645505, -0.17216295467190842, 0.015435827419907603], [-0.13320048767958384, -0.21335834262905096, 0.012107882286905845], [-0.20078908988931, -0.19801105782926284, 0.02027543408287801], [-0.197830479132887, -0.28160233081989366, 0.014794485008459542], [-0.1862366666362772, -0.33175313347858415, 0.008980769193126532], [-0.17306424000040999, -0.3698500119154077, 0.003556412636284734], [-0.21671845215209956, -0.19737071654619215, 0.001447618365312332], [-0.22140116202867188, -0.29933841108260756, -0.010693203336835261], [-0.20432778907692525, -0.3557103656625567, -0.020567825151832732], [-0.1830856170523185, -0.39117014763895946, -0.02687709091773804], [-0.22011847985076488, -0.1836197990525538, -0.01829422822201868], [-0.19001862018216956, -0.2718040533092599, -0.03534206909390657], [-0.15028825995203396, -0.3131966410743324, -0.04876909180134562], [-0.11717860369779924, -0.3379868967079093, -0.05659437671677488], [-0.2084253744630438, -0.15804503964956812, -0.036715910821418], [-0.1585528987182014, -0.20938688090355442, -0.05023374393989923], [-0.12182506664363665, -0.23218808356806356, -0.057380451609713695], [-0.09181978120558408, -0.24684434909347325, -0.062120536590015]]}